倉庫毎の実在庫,商品ID,商品名,在庫しきい値,カテゴリー名,販売可能数,引当済 (全倉庫),安全在庫数,未引当,安全在庫設定値,実在庫数,倉庫ID,倉庫,実在庫 (倉庫毎),引当済 (倉庫毎),SKUコード,セット区分,セット構成品商品ID,セット構成品名,構成品数
7,71032-00000002,flm-001-1-15,3,老眼鏡,6,1,0,0,0,7,999,RFC倉庫,7,1,flm-001-1-15,0,,,
0,71032-00000002,flm-001-1-15,3,老眼鏡,6,1,0,0,0,7,61144,自社倉庫,0,0,flm-001-1-15,0,,,
0,71032-00000006,3053-1,3,サングラス,0,0,0,0,0,0,999,RFC倉庫,0,0,3053-1,0,,,
0,71032-00000006,3053-1,3,サングラス,0,0,0,0,0,0,61144,自社倉庫,0,0,3053-1,0,,,
0,71032-00000007,3053-2,3,サングラス,0,0,0,0,0,0,999,RFC倉庫,0,0,3053-2,0,,,
0,71032-00000007,3053-2,3,サングラス,0,0,0,0,0,0,61144,自社倉庫,0,0,3053-2,0,,,
0,71032-00000008,3053-8,3,サングラス,0,0,0,0,0,0,999,RFC倉庫,0,0,3053-8,0,,,
0,71032-00000008,3053-8,3,サングラス,0,0,0,0,0,0,61144,自社倉庫,0,0,3053-8,0,,,
0,71032-00000010,3063-2,3,サングラス,3,0,0,0,0,3,999,RFC倉庫,0,0,3063-2,0,,,
3,71032-00000010,3063-2,3,サングラス,3,0,0,0,0,3,61144,自社倉庫,3,0,3063-2,0,,,
0,71032-00000011,3063-9,3,サングラス,3,0,0,0,0,3,999,RFC倉庫,0,0,3063-9,0,,,
3,71032-00000011,3063-9,3,サングラス,3,0,0,0,0,3,61144,自社倉庫,3,0,3063-9,0,,,
0,71032-00000016,5003-1,3,サングラス,10,1,0,0,0,11,999,RFC倉庫,0,0,5003-1,0,,,
11,71032-00000016,5003-1,3,サングラス,10,1,0,0,0,11,61144,自社倉庫,11,1,5003-1,0,,,
0,71032-00000017,5003-2,3,サングラス,10,1,0,0,0,11,999,RFC倉庫,0,0,5003-2,0,,,
11,71032-00000017,5003-2,3,サングラス,10,1,0,0,0,11,61144,自社倉庫,11,1,5003-2,0,,,
0,71032-00000018,5003-11,3,サングラス,0,0,0,0,0,0,999,RFC倉庫,0,0,5003-11,0,,,
0,71032-00000018,5003-11,3,サングラス,0,0,0,0,0,0,61144,自社倉庫,0,0,5003-11,0,,,
0,71032-00000020,5010p-1,3,PCメガネ,0,0,0,0,0,0,999,RFC倉庫,0,0,5010p-1,0,,,
0,71032-00000020,5010p-1,3,PCメガネ,0,0,0,0,0,0,61144,自社倉庫,0,0,5010p-1,0,,,
0,71032-00000021,5010p-11,3,PCメガネ,0,0,0,0,0,0,999,RFC倉庫,0,0,5010p-11,0,,,
0,71032-00000021,5010p-11,3,PCメガネ,0,0,0,0,0,0,61144,自社倉庫,0,0,5010p-11,0,,,
0,71032-00000022,5010p-9,3,PCメガネ,0,0,0,0,0,0,999,RFC倉庫,0,0,5010p-9,0,,,
0,71032-00000022,5010p-9,3,PCメガネ,0,0,0,0,0,0,61144,自社倉庫,0,0,5010p-9,0,,,
0,71032-00000028,5013-1,1,サングラス,3,0,0,0,0,3,999,RFC倉庫,0,0,5013-1,0,,,
3,71032-00000028,5013-1,1,サングラス,3,0,0,0,0,3,61144,自社倉庫,3,0,5013-1,0,,,
0,71032-00000029,5013-2,1,サングラス,3,0,0,0,0,3,999,RFC倉庫,0,0,5013-2,0,,,
3,71032-00000029,5013-2,1,サングラス,3,0,0,0,0,3,61144,自社倉庫,3,0,5013-2,0,,,
0,71032-00000030,5013-11,1,サングラス,3,0,0,0,0,3,999,RFC倉庫,0,0,5013-11,0,,,
3,71032-00000030,5013-11,1,サングラス,3,0,0,0,0,3,61144,自社倉庫,3,0,5013-11,0,,,
0,71032-00000040,5043-1,1,サングラス,3,0,0,0,0,3,999,RFC倉庫,0,0,5043-1,0,,,
3,71032-00000040,5043-1,1,サングラス,3,0,0,0,0,3,61144,自社倉庫,3,0,5043-1,0,,,
0,71032-00000041,5043-2,1,サングラス,3,0,0,0,0,3,999,RFC倉庫,0,0,5043-2,0,,,
3,71032-00000041,5043-2,1,サングラス,3,0,0,0,0,3,61144,自社倉庫,3,0,5043-2,0,,,
0,71032-00000042,5043-11,1,サングラス,3,0,0,0,0,3,999,RFC倉庫,0,0,5043-11,0,,,
3,71032-00000042,5043-11,1,サングラス,3,0,0,0,0,3,61144,自社倉庫,3,0,5043-11,0,,,
0,71032-00000043,5043-12,1,サングラス,0,0,0,0,0,0,999,RFC倉庫,0,0,5043-12,0,,,
0,71032-00000043,5043-12,1,サングラス,0,0,0,0,0,0,61144,自社倉庫,0,0,5043-12,0,,,
0,71032-00000048,5135(5336p)-1,3,PCメガネ,196,3,0,0,0,199,999,RFC倉庫,0,0,5135-1,0,,,
199,71032-00000048,5135(5336p)-1,3,PCメガネ,196,3,0,0,0,199,61144,自社倉庫,199,3,5135-1,0,,,
0,71032-00000049,5135(5336p)-2,3,PCメガネ,109,1,0,0,0,110,999,RFC倉庫,0,0,5135-2,0,,,
110,71032-00000049,5135(5336p)-2,3,PCメガネ,109,1,0,0,0,110,61144,自社倉庫,110,1,5135-2,0,,,
0,71032-00000052,7003-1,1,花粉対策メガネ,0,0,0,0,0,0,999,RFC倉庫,0,0,7003-1,0,,,
0,71032-00000052,7003-1,1,花粉対策メガネ,0,0,0,0,0,0,61144,自社倉庫,0,0,7003-1,0,,,
0,71032-00000053,7003-2,1,花粉対策メガネ,0,0,0,0,0,0,999,RFC倉庫,0,0,7003-2,0,,,
0,71032-00000053,7003-2,1,花粉対策メガネ,0,0,0,0,0,0,61144,自社倉庫,0,0,7003-2,0,,,
0,71032-00000054,7003-9,1,花粉対策メガネ,0,0,0,0,0,0,999,RFC倉庫,0,0,7003-9,0,,,
0,71032-00000054,7003-9,1,花粉対策メガネ,0,0,0,0,0,0,61144,自社倉庫,0,0,7003-9,0,,,
0,71032-00000055,7006-1,1,サングラス,3,0,0,0,0,3,999,RFC倉庫,0,0,7006-1,0,,,
3,71032-00000055,7006-1,1,サングラス,3,0,0,0,0,3,61144,自社倉庫,3,0,7006-1,0,,,
0,71032-00000056,7006-2,1,サングラス,6,0,0,0,0,6,999,RFC倉庫,0,0,7006-2,0,,,
6,71032-00000056,7006-2,1,サングラス,6,0,0,0,0,6,61144,自社倉庫,6,0,7006-2,0,,,
0,71032-00000057,7007-1,1,花粉対策メガネ,2,0,0,0,0,2,999,RFC倉庫,0,0,7007-1,0,,,
2,71032-00000057,7007-1,1,花粉対策メガネ,2,0,0,0,0,2,61144,自社倉庫,2,0,7007-1,0,,,
0,71032-00000058,7007-2,1,花粉対策メガネ,170,0,0,0,0,170,999,RFC倉庫,0,0,7007-2,0,,,
170,71032-00000058,7007-2,1,花粉対策メガネ,170,0,0,0,0,170,61144,自社倉庫,170,0,7007-2,0,,,
0,71032-00000064,a-141-mulga-1blk,1,メガネケース,3,0,0,0,0,3,999,RFC倉庫,0,0,a-141-mulga-1blk,0,,,
3,71032-00000064,a-141-mulga-1blk,1,メガネケース,3,0,0,0,0,3,61144,自社倉庫,3,0,a-141-mulga-1blk,0,,,
0,71032-00000065,a-141-mulga-2blue,1,メガネケース,3,0,0,0,0,3,999,RFC倉庫,0,0,a-141-mulga-2blue,0,,,
3,71032-00000065,a-141-mulga-2blue,1,メガネケース,3,0,0,0,0,3,61144,自社倉庫,3,0,a-141-mulga-2blue,0,,,
0,71032-00000066,a-141-mulga-3pink,1,メガネケース,3,0,0,0,0,3,999,RFC倉庫,0,0,a-141-mulga-3pink,0,,,
3,71032-00000066,a-141-mulga-3pink,1,メガネケース,3,0,0,0,0,3,61144,自社倉庫,3,0,a-141-mulga-3pink,0,,,
0,71032-00000067,a-701-navy,1,メガネケース,0,0,0,0,0,0,999,RFC倉庫,0,0,a-701-navy,0,,,
0,71032-00000067,a-701-navy,1,メガネケース,0,0,0,0,0,0,61144,自社倉庫,0,0,a-701-navy,0,,,
0,71032-00000068,a-701-lightolive,1,メガネケース,0,0,0,0,0,0,999,RFC倉庫,0,0,a-701-lightolive,0,,,
0,71032-00000068,a-701-lightolive,1,メガネケース,0,0,0,0,0,0,61144,自社倉庫,0,0,a-701-lightolive,0,,,
0,71032-00000069,a-701-ecru,1,メガネケース,0,0,0,0,0,0,999,RFC倉庫,0,0,a-701-ecru,0,,,
0,71032-00000069,a-701-ecru,1,メガネケース,0,0,0,0,0,0,61144,自社倉庫,0,0,a-701-ecru,0,,,
0,71032-00000070,a-701-orange,1,メガネケース,0,0,0,0,0,0,999,RFC倉庫,0,0,a-701-orange,0,,,
0,71032-00000070,a-701-orange,1,メガネケース,0,0,0,0,0,0,61144,自社倉庫,0,0,a-701-orange,0,,,
0,71032-00000071,a-701-camel,1,メガネケース,1,0,0,0,0,1,999,RFC倉庫,0,0,a-701-camel,0,,,
1,71032-00000071,a-701-camel,1,メガネケース,1,0,0,0,0,1,61144,自社倉庫,1,0,a-701-camel,0,,,
0,71032-00000072,af5002-1,1,防曇グラス,0,0,0,0,0,0,999,RFC倉庫,0,0,af5002-1,0,,,
0,71032-00000072,af5002-1,1,防曇グラス,0,0,0,0,0,0,61144,自社倉庫,0,0,af5002-1,0,,,
0,71032-00000073,af5002-2,1,防曇グラス,0,0,0,0,0,0,999,RFC倉庫,0,0,af5002-2,0,,,
0,71032-00000073,af5002-2,1,防曇グラス,0,0,0,0,0,0,61144,自社倉庫,0,0,af5002-2,0,,,
0,71032-00000074,af5010-2,1,防曇グラス,3,0,0,0,0,3,999,RFC倉庫,0,0,af5010-2,0,,,
3,71032-00000074,af5010-2,1,防曇グラス,3,0,0,0,0,3,61144,自社倉庫,3,0,af5010-2,0,,,
0,71032-00000075,af5010-31,1,防曇グラス,3,0,0,0,0,3,999,RFC倉庫,0,0,af5010-31,0,,,
3,71032-00000075,af5010-31,1,防曇グラス,3,0,0,0,0,3,61144,自社倉庫,3,0,af5010-31,0,,,
0,71032-00000076,af5099-1,1,防曇グラス,0,0,0,0,0,0,999,RFC倉庫,0,0,af5099-1,0,,,
0,71032-00000076,af5099-1,1,防曇グラス,0,0,0,0,0,0,61144,自社倉庫,0,0,af5099-1,0,,,
0,71032-00000077,af5099-2,1,防曇グラス,0,0,0,0,0,0,999,RFC倉庫,0,0,af5099-2,0,,,
0,71032-00000077,af5099-2,1,防曇グラス,0,0,0,0,0,0,61144,自社倉庫,0,0,af5099-2,0,,,
0,71032-00000078,af5465a-72,1,防曇グラス,0,0,0,0,0,0,999,RFC倉庫,0,0,af5465a-72,0,,,
0,71032-00000078,af5465a-72,1,防曇グラス,0,0,0,0,0,0,61144,自社倉庫,0,0,af5465a-72,0,,,
0,71032-00000079,af5465a-82,1,防曇グラス,0,0,0,0,0,0,999,RFC倉庫,0,0,af5465a-82,0,,,
0,71032-00000079,af5465a-82,1,防曇グラス,0,0,0,0,0,0,61144,自社倉庫,0,0,af5465a-82,0,,,
0,71032-00000080,af5606-1,1,防曇グラス,0,0,0,0,0,0,999,RFC倉庫,0,0,af5606-1,0,,,
0,71032-00000080,af5606-1,1,防曇グラス,0,0,0,0,0,0,61144,自社倉庫,0,0,af5606-1,0,,,
0,71032-00000081,af5606-2,1,防曇グラス,0,0,0,0,0,0,999,RFC倉庫,0,0,af5606-2,0,,,
0,71032-00000081,af5606-2,1,防曇グラス,0,0,0,0,0,0,61144,自社倉庫,0,0,af5606-2,0,,,
0,71032-00000085,as-ds01-1RED,1,アクリルスタンド,10,0,0,0,0,10,999,RFC倉庫,0,0,as-ds01-1,0,,,
10,71032-00000085,as-ds01-1RED,1,アクリルスタンド,10,0,0,0,0,10,61144,自社倉庫,10,0,as-ds01-1,0,,,
0,71032-00000087,as-ds01-3BLU,1,アクリルスタンド,3,0,0,0,0,3,999,RFC倉庫,0,0,as-ds01-3,0,,,
3,71032-00000087,as-ds01-3BLU,1,アクリルスタンド,3,0,0,0,0,3,61144,自社倉庫,3,0,as-ds01-3,0,,,
0,71032-00000088,b-120-blk,1,メガネケース,2,0,0,0,0,2,999,RFC倉庫,0,0,b-120-blk,0,,,
2,71032-00000088,b-120-blk,1,メガネケース,2,0,0,0,0,2,61144,自社倉庫,2,0,b-120-blk,0,,,
0,71032-00000089,b-120-brn,1,メガネケース,11,0,0,0,0,11,999,RFC倉庫,0,0,b-120-brn,0,,,
11,71032-00000089,b-120-brn,1,メガネケース,11,0,0,0,0,11,61144,自社倉庫,11,0,b-120-brn,0,,,
0,71032-00000090,b-120-kha,1,メガネケース,12,0,0,0,0,12,999,RFC倉庫,0,0,b-120-kha,0,,,
12,71032-00000090,b-120-kha,1,メガネケース,12,0,0,0,0,12,61144,自社倉庫,12,0,b-120-kha,0,,,
0,71032-00000091,b-120-beg,1,メガネケース,11,0,0,0,0,11,999,RFC倉庫,0,0,b-120-beg,0,,,
11,71032-00000091,b-120-beg,1,メガネケース,11,0,0,0,0,11,61144,自社倉庫,11,0,b-120-beg,0,,,
0,71032-00000092,b-120-grn,1,メガネケース,15,0,0,0,0,15,999,RFC倉庫,0,0,b-120-grn,0,,,
15,71032-00000092,b-120-grn,1,メガネケース,15,0,0,0,0,15,61144,自社倉庫,15,0,b-120-grn,0,,,
0,71032-00000093,bdr-1001-1-10,1,老眼鏡,5,0,0,0,0,5,999,RFC倉庫,0,0,bdr-1001-1-10,0,,,
5,71032-00000093,bdr-1001-1-10,1,老眼鏡,5,0,0,0,0,5,61144,自社倉庫,5,0,bdr-1001-1-10,0,,,
0,71032-00000094,bdr-1001-2-10,1,老眼鏡,9,0,0,0,0,9,999,RFC倉庫,0,0,bdr-1001-2-10,0,,,
9,71032-00000094,bdr-1001-2-10,1,老眼鏡,9,0,0,0,0,9,61144,自社倉庫,9,0,bdr-1001-2-10,0,,,
0,71032-00000095,bdr-1001-1-15,1,老眼鏡,3,0,0,0,0,3,999,RFC倉庫,0,0,bdr-1001-1-15,0,,,
3,71032-00000095,bdr-1001-1-15,1,老眼鏡,3,0,0,0,0,3,61144,自社倉庫,3,0,bdr-1001-1-15,0,,,
0,71032-00000096,bdr-1001-2-15,1,老眼鏡,13,0,0,0,0,13,999,RFC倉庫,0,0,bdr-1001-2-15,0,,,
13,71032-00000096,bdr-1001-2-15,1,老眼鏡,13,0,0,0,0,13,61144,自社倉庫,13,0,bdr-1001-2-15,0,,,
0,71032-00000097,bdr-1001-1-20,1,老眼鏡,0,0,0,0,0,0,999,RFC倉庫,0,0,bdr-1001-1-20,0,,,
0,71032-00000097,bdr-1001-1-20,1,老眼鏡,0,0,0,0,0,0,61144,自社倉庫,0,0,bdr-1001-1-20,0,,,
0,71032-00000098,bdr-1001-2-20,1,老眼鏡,10,0,0,0,0,10,999,RFC倉庫,0,0,bdr-1001-2-20,0,,,
10,71032-00000098,bdr-1001-2-20,1,老眼鏡,10,0,0,0,0,10,61144,自社倉庫,10,0,bdr-1001-2-20,0,,,
0,71032-00000099,bdr-1001-1-25,1,老眼鏡,0,0,0,0,0,0,999,RFC倉庫,0,0,bdr-1001-1-25,0,,,
0,71032-00000099,bdr-1001-1-25,1,老眼鏡,0,0,0,0,0,0,61144,自社倉庫,0,0,bdr-1001-1-25,0,,,
0,71032-00000100,bdr-1001-2-25,1,老眼鏡,2,0,0,0,0,2,999,RFC倉庫,0,0,bdr-1001-2-25,0,,,
2,71032-00000100,bdr-1001-2-25,1,老眼鏡,2,0,0,0,0,2,61144,自社倉庫,2,0,bdr-1001-2-25,0,,,
0,71032-00000101,bdr-1002-1-10,1,老眼鏡,9,0,0,0,0,9,999,RFC倉庫,0,0,bdr-1002-1-10,0,,,
9,71032-00000101,bdr-1002-1-10,1,老眼鏡,9,0,0,0,0,9,61144,自社倉庫,9,0,bdr-1002-1-10,0,,,
0,71032-00000102,bdr-1002-2-10,1,老眼鏡,12,0,0,0,0,12,999,RFC倉庫,0,0,bdr-1002-2-10,0,,,
12,71032-00000102,bdr-1002-2-10,1,老眼鏡,12,0,0,0,0,12,61144,自社倉庫,12,0,bdr-1002-2-10,0,,,
0,71032-00000103,bdr-1002-1-15,1,老眼鏡,9,0,0,0,0,9,999,RFC倉庫,0,0,bdr-1002-1-15,0,,,
9,71032-00000103,bdr-1002-1-15,1,老眼鏡,9,0,0,0,0,9,61144,自社倉庫,9,0,bdr-1002-1-15,0,,,
0,71032-00000104,bdr-1002-2-15,1,老眼鏡,10,0,0,0,0,10,999,RFC倉庫,0,0,bdr-1002-2-15,0,,,
10,71032-00000104,bdr-1002-2-15,1,老眼鏡,10,0,0,0,0,10,61144,自社倉庫,10,0,bdr-1002-2-15,0,,,
0,71032-00000105,bdr-1002-1-20,1,老眼鏡,10,1,0,0,0,11,999,RFC倉庫,0,0,bdr-1002-1-20,0,,,
11,71032-00000105,bdr-1002-1-20,1,老眼鏡,10,1,0,0,0,11,61144,自社倉庫,11,1,bdr-1002-1-20,0,,,
0,71032-00000106,bdr-1002-2-20,1,老眼鏡,13,0,0,0,0,13,999,RFC倉庫,0,0,bdr-1002-2-20,0,,,
13,71032-00000106,bdr-1002-2-20,1,老眼鏡,13,0,0,0,0,13,61144,自社倉庫,13,0,bdr-1002-2-20,0,,,
0,71032-00000107,bdr-1002-1-25,1,老眼鏡,15,0,0,0,0,15,999,RFC倉庫,0,0,bdr-1002-1-25,0,,,
15,71032-00000107,bdr-1002-1-25,1,老眼鏡,15,0,0,0,0,15,61144,自社倉庫,15,0,bdr-1002-1-25,0,,,
0,71032-00000108,bdr-1002-2-25,1,老眼鏡,15,0,0,0,0,15,999,RFC倉庫,0,0,bdr-1002-2-25,0,,,
15,71032-00000108,bdr-1002-2-25,1,老眼鏡,15,0,0,0,0,15,61144,自社倉庫,15,0,bdr-1002-2-25,0,,,
0,71032-00000109,bdr-1003-1-10,1,老眼鏡,11,0,0,0,0,11,999,RFC倉庫,0,0,bdr-1003-1-10,0,,,
11,71032-00000109,bdr-1003-1-10,1,老眼鏡,11,0,0,0,0,11,61144,自社倉庫,11,0,bdr-1003-1-10,0,,,
0,71032-00000110,bdr-1003-2-10,1,老眼鏡,14,0,0,0,0,14,999,RFC倉庫,0,0,bdr-1003-2-10,0,,,
14,71032-00000110,bdr-1003-2-10,1,老眼鏡,14,0,0,0,0,14,61144,自社倉庫,14,0,bdr-1003-2-10,0,,,
0,71032-00000111,bdr-1003-1-15,1,老眼鏡,10,0,0,0,0,10,999,RFC倉庫,0,0,bdr-1003-1-15,0,,,
10,71032-00000111,bdr-1003-1-15,1,老眼鏡,10,0,0,0,0,10,61144,自社倉庫,10,0,bdr-1003-1-15,0,,,
0,71032-00000112,bdr-1003-2-15,1,老眼鏡,12,0,0,0,0,12,999,RFC倉庫,0,0,bdr-1003-2-15,0,,,
12,71032-00000112,bdr-1003-2-15,1,老眼鏡,12,0,0,0,0,12,61144,自社倉庫,12,0,bdr-1003-2-15,0,,,
0,71032-00000113,bdr-1003-1-20,1,老眼鏡,12,0,0,0,0,12,999,RFC倉庫,0,0,bdr-1003-1-20,0,,,
12,71032-00000113,bdr-1003-1-20,1,老眼鏡,12,0,0,0,0,12,61144,自社倉庫,12,0,bdr-1003-1-20,0,,,
0,71032-00000114,bdr-1003-2-20,1,老眼鏡,17,0,0,0,0,17,999,RFC倉庫,0,0,bdr-1003-2-20,0,,,
17,71032-00000114,bdr-1003-2-20,1,老眼鏡,17,0,0,0,0,17,61144,自社倉庫,17,0,bdr-1003-2-20,0,,,
0,71032-00000115,bdr-1003-1-25,1,老眼鏡,20,0,0,0,0,20,999,RFC倉庫,0,0,bdr-1003-1-25,0,,,
20,71032-00000115,bdr-1003-1-25,1,老眼鏡,20,0,0,0,0,20,61144,自社倉庫,20,0,bdr-1003-1-25,0,,,
0,71032-00000116,bdr-1003-2-25,1,老眼鏡,18,0,0,0,0,18,999,RFC倉庫,0,0,bdr-1003-2-25,0,,,
18,71032-00000116,bdr-1003-2-25,1,老眼鏡,18,0,0,0,0,18,61144,自社倉庫,18,0,bdr-1003-2-25,0,,,
0,71032-00000117,bdr-3001-1-05,1,老眼鏡,0,0,0,0,0,0,999,RFC倉庫,0,0,bdr-3001-1-05,0,,,
0,71032-00000117,bdr-3001-1-05,1,老眼鏡,0,0,0,0,0,0,61144,自社倉庫,0,0,bdr-3001-1-05,0,,,
0,71032-00000118,bdr-3001-2-05,1,老眼鏡,0,0,0,0,0,0,999,RFC倉庫,0,0,bdr-3001-2-05,0,,,
0,71032-00000118,bdr-3001-2-05,1,老眼鏡,0,0,0,0,0,0,61144,自社倉庫,0,0,bdr-3001-2-05,0,,,
0,71032-00000119,bdr-3001-1-075,1,老眼鏡,0,0,0,0,0,0,999,RFC倉庫,0,0,bdr-3001-1-075,0,,,
0,71032-00000119,bdr-3001-1-075,1,老眼鏡,0,0,0,0,0,0,61144,自社倉庫,0,0,bdr-3001-1-075,0,,,
0,71032-00000120,bdr-3001-2-075,1,老眼鏡,0,0,0,0,0,0,999,RFC倉庫,0,0,bdr-3001-2-075,0,,,
0,71032-00000120,bdr-3001-2-075,1,老眼鏡,0,0,0,0,0,0,61144,自社倉庫,0,0,bdr-3001-2-075,0,,,
0,71032-00000121,bdr-3001-1-10,1,老眼鏡,10,0,0,0,0,10,999,RFC倉庫,0,0,bdr-3001-1-10,0,,,
10,71032-00000121,bdr-3001-1-10,1,老眼鏡,10,0,0,0,0,10,61144,自社倉庫,10,0,bdr-3001-1-10,0,,,
0,71032-00000122,bdr-3001-2-10,1,老眼鏡,10,0,0,0,0,10,999,RFC倉庫,0,0,bdr-3001-2-10,0,,,
10,71032-00000122,bdr-3001-2-10,1,老眼鏡,10,0,0,0,0,10,61144,自社倉庫,10,0,bdr-3001-2-10,0,,,
0,71032-00000123,bdr-3001-1-125,1,老眼鏡,0,0,0,0,0,0,999,RFC倉庫,0,0,bdr-3001-1-125,0,,,
0,71032-00000123,bdr-3001-1-125,1,老眼鏡,0,0,0,0,0,0,61144,自社倉庫,0,0,bdr-3001-1-125,0,,,
0,71032-00000124,bdr-3001-2-125,1,老眼鏡,0,0,0,0,0,0,999,RFC倉庫,0,0,bdr-3001-2-125,0,,,
0,71032-00000124,bdr-3001-2-125,1,老眼鏡,0,0,0,0,0,0,61144,自社倉庫,0,0,bdr-3001-2-125,0,,,
0,71032-00000125,bdr-3001-1-15,1,老眼鏡,10,0,0,0,0,10,999,RFC倉庫,0,0,bdr-3001-1-15,0,,,
10,71032-00000125,bdr-3001-1-15,1,老眼鏡,10,0,0,0,0,10,61144,自社倉庫,10,0,bdr-3001-1-15,0,,,
0,71032-00000126,bdr-3001-2-15,1,老眼鏡,17,0,0,0,0,17,999,RFC倉庫,0,0,bdr-3001-2-15,0,,,
17,71032-00000126,bdr-3001-2-15,1,老眼鏡,17,0,0,0,0,17,61144,自社倉庫,17,0,bdr-3001-2-15,0,,,
0,71032-00000127,bdr-3001-1-20,1,老眼鏡,11,0,0,0,0,11,999,RFC倉庫,0,0,bdr-3001-1-20,0,,,
11,71032-00000127,bdr-3001-1-20,1,老眼鏡,11,0,0,0,0,11,61144,自社倉庫,11,0,bdr-3001-1-20,0,,,
0,71032-00000128,bdr-3001-2-20,1,老眼鏡,18,0,0,0,0,18,999,RFC倉庫,0,0,bdr-3001-2-20,0,,,
18,71032-00000128,bdr-3001-2-20,1,老眼鏡,18,0,0,0,0,18,61144,自社倉庫,18,0,bdr-3001-2-20,0,,,
0,71032-00000129,bdr-3002-1-05,1,老眼鏡,0,0,0,0,0,0,999,RFC倉庫,0,0,bdr-3002-1-05,0,,,
0,71032-00000129,bdr-3002-1-05,1,老眼鏡,0,0,0,0,0,0,61144,自社倉庫,0,0,bdr-3002-1-05,0,,,
0,71032-00000130,bdr-3002-2-05,1,老眼鏡,0,0,0,0,0,0,999,RFC倉庫,0,0,bdr-3002-2-05,0,,,
0,71032-00000130,bdr-3002-2-05,1,老眼鏡,0,0,0,0,0,0,61144,自社倉庫,0,0,bdr-3002-2-05,0,,,
0,71032-00000131,bdr-3002-1-075,1,老眼鏡,0,0,0,0,0,0,999,RFC倉庫,0,0,bdr-3002-1-075,0,,,
0,71032-00000131,bdr-3002-1-075,1,老眼鏡,0,0,0,0,0,0,61144,自社倉庫,0,0,bdr-3002-1-075,0,,,
0,71032-00000132,bdr-3002-2-075,1,老眼鏡,0,0,0,0,0,0,999,RFC倉庫,0,0,bdr-3002-2-075,0,,,
0,71032-00000132,bdr-3002-2-075,1,老眼鏡,0,0,0,0,0,0,61144,自社倉庫,0,0,bdr-3002-2-075,0,,,
0,71032-00000133,bdr-3002-1-10,1,老眼鏡,15,0,0,0,0,15,999,RFC倉庫,0,0,bdr-3002-1-10,0,,,
15,71032-00000133,bdr-3002-1-10,1,老眼鏡,15,0,0,0,0,15,61144,自社倉庫,15,0,bdr-3002-1-10,0,,,
0,71032-00000134,bdr-3002-2-10,1,老眼鏡,15,0,0,0,0,15,999,RFC倉庫,0,0,bdr-3002-2-10,0,,,
15,71032-00000134,bdr-3002-2-10,1,老眼鏡,15,0,0,0,0,15,61144,自社倉庫,15,0,bdr-3002-2-10,0,,,
0,71032-00000135,bdr-3002-1-125,1,老眼鏡,0,0,0,0,0,0,999,RFC倉庫,0,0,bdr-3002-1-125,0,,,
0,71032-00000135,bdr-3002-1-125,1,老眼鏡,0,0,0,0,0,0,61144,自社倉庫,0,0,bdr-3002-1-125,0,,,
0,71032-00000136,bdr-3002-2-125,1,老眼鏡,0,0,0,0,0,0,999,RFC倉庫,0,0,bdr-3002-2-125,0,,,
0,71032-00000136,bdr-3002-2-125,1,老眼鏡,0,0,0,0,0,0,61144,自社倉庫,0,0,bdr-3002-2-125,0,,,
0,71032-00000137,bdr-3002-1-15,1,老眼鏡,14,0,0,0,0,14,999,RFC倉庫,0,0,bdr-3002-1-15,0,,,
14,71032-00000137,bdr-3002-1-15,1,老眼鏡,14,0,0,0,0,14,61144,自社倉庫,14,0,bdr-3002-1-15,0,,,
0,71032-00000138,bdr-3002-2-15,1,老眼鏡,14,0,0,0,0,14,999,RFC倉庫,0,0,bdr-3002-2-15,0,,,
14,71032-00000138,bdr-3002-2-15,1,老眼鏡,14,0,0,0,0,14,61144,自社倉庫,14,0,bdr-3002-2-15,0,,,
0,71032-00000139,bdr-3002-1-20,1,老眼鏡,18,0,0,0,0,18,999,RFC倉庫,0,0,bdr-3002-1-20,0,,,
18,71032-00000139,bdr-3002-1-20,1,老眼鏡,18,0,0,0,0,18,61144,自社倉庫,18,0,bdr-3002-1-20,0,,,
0,71032-00000140,bdr-3002-2-20,1,老眼鏡,18,0,0,0,0,18,999,RFC倉庫,0,0,bdr-3002-2-20,0,,,
18,71032-00000140,bdr-3002-2-20,1,老眼鏡,18,0,0,0,0,18,61144,自社倉庫,18,0,bdr-3002-2-20,0,,,
0,71032-00000141,bdr-3003-1-05,1,老眼鏡,0,0,0,0,0,0,999,RFC倉庫,0,0,bdr-3003-1-05,0,,,
0,71032-00000141,bdr-3003-1-05,1,老眼鏡,0,0,0,0,0,0,61144,自社倉庫,0,0,bdr-3003-1-05,0,,,
0,71032-00000142,bdr-3003-2-05,1,老眼鏡,0,0,0,0,0,0,999,RFC倉庫,0,0,bdr-3003-2-05,0,,,
0,71032-00000142,bdr-3003-2-05,1,老眼鏡,0,0,0,0,0,0,61144,自社倉庫,0,0,bdr-3003-2-05,0,,,
0,71032-00000143,bdr-3003-1-075,1,老眼鏡,0,0,0,0,0,0,999,RFC倉庫,0,0,bdr-3003-1-075,0,,,
0,71032-00000143,bdr-3003-1-075,1,老眼鏡,0,0,0,0,0,0,61144,自社倉庫,0,0,bdr-3003-1-075,0,,,
0,71032-00000144,bdr-3003-2-075,1,老眼鏡,0,0,0,0,0,0,999,RFC倉庫,0,0,bdr-3003-2-075,0,,,
0,71032-00000144,bdr-3003-2-075,1,老眼鏡,0,0,0,0,0,0,61144,自社倉庫,0,0,bdr-3003-2-075,0,,,
0,71032-00000145,bdr-3003-1-10,1,老眼鏡,0,0,0,0,0,0,999,RFC倉庫,0,0,bdr-3003-1-10,0,,,
0,71032-00000145,bdr-3003-1-10,1,老眼鏡,0,0,0,0,0,0,61144,自社倉庫,0,0,bdr-3003-1-10,0,,,
0,71032-00000146,bdr-3003-2-10,1,老眼鏡,0,0,0,0,0,0,999,RFC倉庫,0,0,bdr-3003-2-10,0,,,
0,71032-00000146,bdr-3003-2-10,1,老眼鏡,0,0,0,0,0,0,61144,自社倉庫,0,0,bdr-3003-2-10,0,,,
0,71032-00000147,bdr-3003-1-125,1,老眼鏡,0,0,0,0,0,0,999,RFC倉庫,0,0,bdr-3003-1-125,0,,,
0,71032-00000147,bdr-3003-1-125,1,老眼鏡,0,0,0,0,0,0,61144,自社倉庫,0,0,bdr-3003-1-125,0,,,
0,71032-00000148,bdr-3003-2-125,1,老眼鏡,0,0,0,0,0,0,999,RFC倉庫,0,0,bdr-3003-2-125,0,,,
0,71032-00000148,bdr-3003-2-125,1,老眼鏡,0,0,0,0,0,0,61144,自社倉庫,0,0,bdr-3003-2-125,0,,,
0,71032-00000149,bdr-3003-1-15,1,老眼鏡,0,0,0,0,0,0,999,RFC倉庫,0,0,bdr-3003-1-15,0,,,
0,71032-00000149,bdr-3003-1-15,1,老眼鏡,0,0,0,0,0,0,61144,自社倉庫,0,0,bdr-3003-1-15,0,,,
0,71032-00000150,bdr-3003-2-15,1,老眼鏡,14,0,0,0,0,14,999,RFC倉庫,0,0,bdr-3003-2-15,0,,,
14,71032-00000150,bdr-3003-2-15,1,老眼鏡,14,0,0,0,0,14,61144,自社倉庫,14,0,bdr-3003-2-15,0,,,
0,71032-00000151,bdr-3003-1-20,1,老眼鏡,0,0,0,0,0,0,999,RFC倉庫,0,0,bdr-3003-1-20,0,,,
0,71032-00000151,bdr-3003-1-20,1,老眼鏡,0,0,0,0,0,0,61144,自社倉庫,0,0,bdr-3003-1-20,0,,,
0,71032-00000152,bdr-3003-2-20,1,老眼鏡,0,0,0,0,0,0,999,RFC倉庫,0,0,bdr-3003-2-20,0,,,
0,71032-00000152,bdr-3003-2-20,1,老眼鏡,0,0,0,0,0,0,61144,自社倉庫,0,0,bdr-3003-2-20,0,,,
0,71032-00000153,bdr-3004-1-05,1,老眼鏡,0,0,0,0,0,0,999,RFC倉庫,0,0,bdr-3004-1-05,0,,,
0,71032-00000153,bdr-3004-1-05,1,老眼鏡,0,0,0,0,0,0,61144,自社倉庫,0,0,bdr-3004-1-05,0,,,
0,71032-00000154,bdr-3004-2-05,1,老眼鏡,0,0,0,0,0,0,999,RFC倉庫,0,0,bdr-3004-2-05,0,,,
0,71032-00000154,bdr-3004-2-05,1,老眼鏡,0,0,0,0,0,0,61144,自社倉庫,0,0,bdr-3004-2-05,0,,,
0,71032-00000155,bdr-3004-1-075,1,老眼鏡,0,0,0,0,0,0,999,RFC倉庫,0,0,bdr-3004-1-075,0,,,
0,71032-00000155,bdr-3004-1-075,1,老眼鏡,0,0,0,0,0,0,61144,自社倉庫,0,0,bdr-3004-1-075,0,,,
0,71032-00000156,bdr-3004-2-075,1,老眼鏡,0,1,0,0,0,1,999,RFC倉庫,0,0,bdr-3004-2-075,0,,,
1,71032-00000156,bdr-3004-2-075,1,老眼鏡,0,1,0,0,0,1,61144,自社倉庫,1,1,bdr-3004-2-075,0,,,
0,71032-00000157,bdr-3004-1-10,1,老眼鏡,9,0,0,0,0,9,999,RFC倉庫,0,0,bdr-3004-1-10,0,,,
9,71032-00000157,bdr-3004-1-10,1,老眼鏡,9,0,0,0,0,9,61144,自社倉庫,9,0,bdr-3004-1-10,0,,,
0,71032-00000158,bdr-3004-2-10,1,老眼鏡,11,0,0,0,0,11,999,RFC倉庫,0,0,bdr-3004-2-10,0,,,
11,71032-00000158,bdr-3004-2-10,1,老眼鏡,11,0,0,0,0,11,61144,自社倉庫,11,0,bdr-3004-2-10,0,,,
0,71032-00000159,bdr-3004-1-125,1,老眼鏡,0,0,0,0,0,0,999,RFC倉庫,0,0,bdr-3004-1-125,0,,,
0,71032-00000159,bdr-3004-1-125,1,老眼鏡,0,0,0,0,0,0,61144,自社倉庫,0,0,bdr-3004-1-125,0,,,
0,71032-00000160,bdr-3004-2-125,1,老眼鏡,2,0,0,0,0,2,999,RFC倉庫,0,0,bdr-3004-2-125,0,,,
2,71032-00000160,bdr-3004-2-125,1,老眼鏡,2,0,0,0,0,2,61144,自社倉庫,2,0,bdr-3004-2-125,0,,,
0,71032-00000161,bdr-3004-1-15,1,老眼鏡,10,1,0,0,0,11,999,RFC倉庫,0,0,bdr-3004-1-15,0,,,
11,71032-00000161,bdr-3004-1-15,1,老眼鏡,10,1,0,0,0,11,61144,自社倉庫,11,1,bdr-3004-1-15,0,,,
0,71032-00000162,bdr-3004-2-15,1,老眼鏡,13,0,0,0,0,13,999,RFC倉庫,0,0,bdr-3004-2-15,0,,,
13,71032-00000162,bdr-3004-2-15,1,老眼鏡,13,0,0,0,0,13,61144,自社倉庫,13,0,bdr-3004-2-15,0,,,
0,71032-00000163,bdr-3004-1-20,1,老眼鏡,8,0,0,0,0,8,999,RFC倉庫,0,0,bdr-3004-1-20,0,,,
8,71032-00000163,bdr-3004-1-20,1,老眼鏡,8,0,0,0,0,8,61144,自社倉庫,8,0,bdr-3004-1-20,0,,,
0,71032-00000164,bdr-3004-2-20,1,老眼鏡,11,0,0,0,0,11,999,RFC倉庫,0,0,bdr-3004-2-20,0,,,
11,71032-00000164,bdr-3004-2-20,1,老眼鏡,11,0,0,0,0,11,61144,自社倉庫,11,0,bdr-3004-2-20,0,,,
0,71032-00000165,bds-114-2,1,サングラス,0,0,0,0,0,0,999,RFC倉庫,0,0,bds-114-2,0,,,
0,71032-00000165,bds-114-2,1,サングラス,0,0,0,0,0,0,61144,自社倉庫,0,0,bds-114-2,0,,,
0,71032-00000166,bds-115-1,1,サングラス,1,0,0,0,0,1,999,RFC倉庫,0,0,bds-115-1,0,,,
1,71032-00000166,bds-115-1,1,サングラス,1,0,0,0,0,1,61144,自社倉庫,1,0,bds-115-1,0,,,
0,71032-00000167,bds-115-2,1,サングラス,0,0,0,0,0,0,999,RFC倉庫,0,0,bds-115-2,0,,,
0,71032-00000167,bds-115-2,1,サングラス,0,0,0,0,0,0,61144,自社倉庫,0,0,bds-115-2,0,,,
0,71032-00000168,bds-115-3,1,サングラス,0,0,0,0,0,0,999,RFC倉庫,0,0,bds-115-3,0,,,
0,71032-00000168,bds-115-3,1,サングラス,0,0,0,0,0,0,61144,自社倉庫,0,0,bds-115-3,0,,,
0,71032-00000169,bds-117-1,1,サングラス,0,0,0,0,0,0,999,RFC倉庫,0,0,bds-117-1,0,,,
0,71032-00000169,bds-117-1,1,サングラス,0,0,0,0,0,0,61144,自社倉庫,0,0,bds-117-1,0,,,
0,71032-00000170,bds-117-2,1,サングラス,0,0,0,0,0,0,999,RFC倉庫,0,0,bds-117-2,0,,,
0,71032-00000170,bds-117-2,1,サングラス,0,0,0,0,0,0,61144,自社倉庫,0,0,bds-117-2,0,,,
0,71032-00000171,bds-117-3,1,サングラス,0,0,0,0,0,0,999,RFC倉庫,0,0,bds-117-3,0,,,
0,71032-00000171,bds-117-3,1,サングラス,0,0,0,0,0,0,61144,自社倉庫,0,0,bds-117-3,0,,,
0,71032-00000172,bds-120-1,1,サングラス,0,0,0,0,0,0,999,RFC倉庫,0,0,bds-120-1,0,,,
0,71032-00000172,bds-120-1,1,サングラス,0,0,0,0,0,0,61144,自社倉庫,0,0,bds-120-1,0,,,
0,71032-00000173,bds-120-2,1,サングラス,0,0,0,0,0,0,999,RFC倉庫,0,0,bds-120-2,0,,,
0,71032-00000173,bds-120-2,1,サングラス,0,0,0,0,0,0,61144,自社倉庫,0,0,bds-120-2,0,,,
0,71032-00000174,bds-120-3,1,サングラス,0,0,0,0,0,0,999,RFC倉庫,0,0,bds-120-3,0,,,
0,71032-00000174,bds-120-3,1,サングラス,0,0,0,0,0,0,61144,自社倉庫,0,0,bds-120-3,0,,,
0,71032-00000175,bds-121-2,1,サングラス,0,0,0,0,0,0,999,RFC倉庫,0,0,bds-121-2,0,,,
0,71032-00000175,bds-121-2,1,サングラス,0,0,0,0,0,0,61144,自社倉庫,0,0,bds-121-2,0,,,
0,71032-00000176,bds-121-3,1,サングラス,0,0,0,0,0,0,999,RFC倉庫,0,0,bds-121-3,0,,,
0,71032-00000176,bds-121-3,1,サングラス,0,0,0,0,0,0,61144,自社倉庫,0,0,bds-121-3,0,,,
0,71032-00000177,bds-125-1,1,サングラス,0,0,0,0,0,0,999,RFC倉庫,0,0,bds-125-1,0,,,
0,71032-00000177,bds-125-1,1,サングラス,0,0,0,0,0,0,61144,自社倉庫,0,0,bds-125-1,0,,,
0,71032-00000178,bds-125-2,1,サングラス,0,0,0,0,0,0,999,RFC倉庫,0,0,bds-125-2,0,,,
0,71032-00000178,bds-125-2,1,サングラス,0,0,0,0,0,0,61144,自社倉庫,0,0,bds-125-2,0,,,
0,71032-00000179,bds-125-3,1,サングラス,0,0,0,0,0,0,999,RFC倉庫,0,0,bds-125-3,0,,,
0,71032-00000179,bds-125-3,1,サングラス,0,0,0,0,0,0,61144,自社倉庫,0,0,bds-125-3,0,,,
0,71032-00000180,bds-135-1,1,サングラス,0,0,0,0,0,0,999,RFC倉庫,0,0,bds-135-1,0,,,
0,71032-00000180,bds-135-1,1,サングラス,0,0,0,0,0,0,61144,自社倉庫,0,0,bds-135-1,0,,,
0,71032-00000181,bds-135-2,1,サングラス,0,0,0,0,0,0,999,RFC倉庫,0,0,bds-135-2,0,,,
0,71032-00000181,bds-135-2,1,サングラス,0,0,0,0,0,0,61144,自社倉庫,0,0,bds-135-2,0,,,
0,71032-00000182,bds-135-3,1,サングラス,0,0,0,0,0,0,999,RFC倉庫,0,0,bds-135-3,0,,,
0,71032-00000182,bds-135-3,1,サングラス,0,0,0,0,0,0,61144,自社倉庫,0,0,bds-135-3,0,,,
0,71032-00000183,bds-138-1-xs,1,サングラス,0,0,0,0,0,0,999,RFC倉庫,0,0,bds-138-1-xs,0,,,
0,71032-00000183,bds-138-1-xs,1,サングラス,0,0,0,0,0,0,61144,自社倉庫,0,0,bds-138-1-xs,0,,,
0,71032-00000184,bds-138-2-xs,1,サングラス,0,0,0,0,0,0,999,RFC倉庫,0,0,bds-138-2-xs,0,,,
0,71032-00000184,bds-138-2-xs,1,サングラス,0,0,0,0,0,0,61144,自社倉庫,0,0,bds-138-2-xs,0,,,
0,71032-00000185,bds-138-3-xs,1,サングラス,1,0,0,0,0,1,999,RFC倉庫,0,0,bds-138-3-xs,0,,,
1,71032-00000185,bds-138-3-xs,1,サングラス,1,0,0,0,0,1,61144,自社倉庫,1,0,bds-138-3-xs,0,,,
0,71032-00000186,bds-138-1-s,1,サングラス,0,0,0,0,0,0,999,RFC倉庫,0,0,bds-138-1-s,0,,,
0,71032-00000186,bds-138-1-s,1,サングラス,0,0,0,0,0,0,61144,自社倉庫,0,0,bds-138-1-s,0,,,
0,71032-00000187,bds-138-2-s,1,サングラス,0,0,0,0,0,0,999,RFC倉庫,0,0,bds-138-2-s,0,,,
0,71032-00000187,bds-138-2-s,1,サングラス,0,0,0,0,0,0,61144,自社倉庫,0,0,bds-138-2-s,0,,,
0,71032-00000188,bds-138-3-s,1,サングラス,0,0,0,0,0,0,999,RFC倉庫,0,0,bds-138-3-s,0,,,
0,71032-00000188,bds-138-3-s,1,サングラス,0,0,0,0,0,0,61144,自社倉庫,0,0,bds-138-3-s,0,,,
0,71032-00000189,bds-138-1-xl,1,サングラス,0,0,0,0,0,0,999,RFC倉庫,0,0,bds-138-1-xl,0,,,
0,71032-00000189,bds-138-1-xl,1,サングラス,0,0,0,0,0,0,61144,自社倉庫,0,0,bds-138-1-xl,0,,,
0,71032-00000190,bds-138-2-xl,1,サングラス,0,0,0,0,0,0,999,RFC倉庫,0,0,bds-138-2-xl,0,,,
0,71032-00000190,bds-138-2-xl,1,サングラス,0,0,0,0,0,0,61144,自社倉庫,0,0,bds-138-2-xl,0,,,
0,71032-00000191,bds-138-3-xl,1,サングラス,0,0,0,0,0,0,999,RFC倉庫,0,0,bds-138-3-xl,0,,,
0,71032-00000191,bds-138-3-xl,1,サングラス,0,0,0,0,0,0,61144,自社倉庫,0,0,bds-138-3-xl,0,,,
0,71032-00000192,bds-138-1-m,1,サングラス,0,0,0,0,0,0,999,RFC倉庫,0,0,bds-138-1-m,0,,,
0,71032-00000192,bds-138-1-m,1,サングラス,0,0,0,0,0,0,61144,自社倉庫,0,0,bds-138-1-m,0,,,
0,71032-00000193,bds-138-2-m,1,サングラス,0,0,0,0,0,0,999,RFC倉庫,0,0,bds-138-2-m,0,,,
0,71032-00000193,bds-138-2-m,1,サングラス,0,0,0,0,0,0,61144,自社倉庫,0,0,bds-138-2-m,0,,,
0,71032-00000194,bds-138-3-m,1,サングラス,2,0,0,0,0,2,999,RFC倉庫,0,0,bds-138-3-m,0,,,
2,71032-00000194,bds-138-3-m,1,サングラス,2,0,0,0,0,2,61144,自社倉庫,2,0,bds-138-3-m,0,,,
0,71032-00000195,bds-138-1-l,1,サングラス,0,0,0,0,0,0,999,RFC倉庫,0,0,bds-138-1-l,0,,,
0,71032-00000195,bds-138-1-l,1,サングラス,0,0,0,0,0,0,61144,自社倉庫,0,0,bds-138-1-l,0,,,
0,71032-00000196,bds-138-2-l,1,サングラス,0,0,0,0,0,0,999,RFC倉庫,0,0,bds-138-2-l,0,,,
0,71032-00000196,bds-138-2-l,1,サングラス,0,0,0,0,0,0,61144,自社倉庫,0,0,bds-138-2-l,0,,,
0,71032-00000197,bds-138-3-l,1,サングラス,0,0,0,0,0,0,999,RFC倉庫,0,0,bds-138-3-l,0,,,
0,71032-00000197,bds-138-3-l,1,サングラス,0,0,0,0,0,0,61144,自社倉庫,0,0,bds-138-3-l,0,,,
0,71032-00000198,bds-301-1,1,サングラス,0,0,0,0,0,0,999,RFC倉庫,0,0,bds-301-1,0,,,
0,71032-00000198,bds-301-1,1,サングラス,0,0,0,0,0,0,61144,自社倉庫,0,0,bds-301-1,0,,,
0,71032-00000199,bds-301-2,1,サングラス,0,0,0,0,0,0,999,RFC倉庫,0,0,bds-301-2,0,,,
0,71032-00000199,bds-301-2,1,サングラス,0,0,0,0,0,0,61144,自社倉庫,0,0,bds-301-2,0,,,
0,71032-00000200,bds-302-1,1,サングラス,0,0,0,0,0,0,999,RFC倉庫,0,0,bds-302-1,0,,,
0,71032-00000200,bds-302-1,1,サングラス,0,0,0,0,0,0,61144,自社倉庫,0,0,bds-302-1,0,,,
0,71032-00000201,bds-302-2,1,サングラス,0,0,0,0,0,0,999,RFC倉庫,0,0,bds-302-2,0,,,
0,71032-00000201,bds-302-2,1,サングラス,0,0,0,0,0,0,61144,自社倉庫,0,0,bds-302-2,0,,,
0,71032-00000202,c-32-navy,1,メガネケース,2,0,0,0,0,2,999,RFC倉庫,0,0,c-32-navy,0,,,
2,71032-00000202,c-32-navy,1,メガネケース,2,0,0,0,0,2,61144,自社倉庫,2,0,c-32-navy,0,,,
0,71032-00000203,c-32-red,1,メガネケース,1,0,0,0,0,1,999,RFC倉庫,0,0,c-32-red,0,,,
1,71032-00000203,c-32-red,1,メガネケース,1,0,0,0,0,1,61144,自社倉庫,1,0,c-32-red,0,,,
0,71032-00000204,c-32-brown,1,メガネケース,0,0,0,0,0,0,999,RFC倉庫,0,0,c-32-brown,0,,,
0,71032-00000204,c-32-brown,1,メガネケース,0,0,0,0,0,0,61144,自社倉庫,0,0,c-32-brown,0,,,
0,71032-00000205,c-52-brown,1,メガネケース,0,0,0,0,0,0,999,RFC倉庫,0,0,c-52-brown,0,,,
0,71032-00000205,c-52-brown,1,メガネケース,0,0,0,0,0,0,61144,自社倉庫,0,0,c-52-brown,0,,,
0,71032-00000206,c-52-darkbrown,1,メガネケース,0,0,0,0,0,0,999,RFC倉庫,0,0,c-52-darkbrown,0,,,
0,71032-00000206,c-52-darkbrown,1,メガネケース,0,0,0,0,0,0,61144,自社倉庫,0,0,c-52-darkbrown,0,,,
0,71032-00000207,cloth-mulga-1blk,1,メガネクロス,0,0,0,0,0,0,999,RFC倉庫,0,0,cloth-mulga-1blk,0,,,
0,71032-00000207,cloth-mulga-1blk,1,メガネクロス,0,0,0,0,0,0,61144,自社倉庫,0,0,cloth-mulga-1blk,0,,,
0,71032-00000208,cloth-mulga-2blue,1,メガネクロス,0,0,0,0,0,0,999,RFC倉庫,0,0,cloth-mulga-2blue,0,,,
0,71032-00000208,cloth-mulga-2blue,1,メガネクロス,0,0,0,0,0,0,61144,自社倉庫,0,0,cloth-mulga-2blue,0,,,
0,71032-00000209,cloth-mulga-3pink,1,メガネクロス,3,0,0,0,0,3,999,RFC倉庫,0,0,cloth-mulga-3pink,0,,,
3,71032-00000209,cloth-mulga-3pink,1,メガネクロス,3,0,0,0,0,3,61144,自社倉庫,3,0,cloth-mulga-3pink,0,,,
0,71032-00000210,cloth-mulga-4wht,1,メガネクロス,3,0,0,0,0,3,999,RFC倉庫,0,0,cloth-mulga-4wht,0,,,
3,71032-00000210,cloth-mulga-4wht,1,メガネクロス,3,0,0,0,0,3,61144,自社倉庫,3,0,cloth-mulga-4wht,0,,,
0,71032-00000233,d-120-black,1,メガネケース,0,0,0,0,0,0,999,RFC倉庫,0,0,d-120-black,0,,,
0,71032-00000233,d-120-black,1,メガネケース,0,0,0,0,0,0,61144,自社倉庫,0,0,d-120-black,0,,,
0,71032-00000234,d-120-gray,1,メガネケース,0,0,0,0,0,0,999,RFC倉庫,0,0,d-120-gray,0,,,
0,71032-00000234,d-120-gray,1,メガネケース,0,0,0,0,0,0,61144,自社倉庫,0,0,d-120-gray,0,,,
0,71032-00000235,d-120-white,1,メガネケース,3,0,0,0,0,3,999,RFC倉庫,0,0,d-120-white,0,,,
3,71032-00000235,d-120-white,1,メガネケース,3,0,0,0,0,3,61144,自社倉庫,3,0,d-120-white,0,,,
0,71032-00000236,d-120-mulga_multi_1,1,メガネケース,3,0,0,0,0,3,999,RFC倉庫,0,0,d-120-mulga_multi_1,0,,,
3,71032-00000236,d-120-mulga_multi_1,1,メガネケース,3,0,0,0,0,3,61144,自社倉庫,3,0,d-120-mulga_multi_1,0,,,
0,71032-00000237,d-120-mulga_multi_2,1,メガネケース,0,0,0,0,0,0,999,RFC倉庫,0,0,d-120-mulga_multi_2,0,,,
0,71032-00000237,d-120-mulga_multi_2,1,メガネケース,0,0,0,0,0,0,61144,自社倉庫,0,0,d-120-mulga_multi_2,0,,,
0,71032-00000238,d-120-mulga_multi_3,1,メガネケース,3,0,0,0,0,3,999,RFC倉庫,0,0,d-120-mulga_multi_3,0,,,
3,71032-00000238,d-120-mulga_multi_3,1,メガネケース,3,0,0,0,0,3,61144,自社倉庫,3,0,d-120-mulga_multi_3,0,,,
0,71032-00000239,el-20-black,1,メガネケース,0,0,0,0,0,0,999,RFC倉庫,0,0,el-20-black,0,,,
0,71032-00000239,el-20-black,1,メガネケース,0,0,0,0,0,0,61144,自社倉庫,0,0,el-20-black,0,,,
0,71032-00000240,el-20-brown,1,メガネケース,0,0,0,0,0,0,999,RFC倉庫,0,0,el-20-brown,0,,,
0,71032-00000240,el-20-brown,1,メガネケース,0,0,0,0,0,0,61144,自社倉庫,0,0,el-20-brown,0,,,
0,71032-00000244,fi2002-1,2,サングラス,11,0,0,0,0,11,999,RFC倉庫,0,0,fi2002-1,0,,,
11,71032-00000244,fi2002-1,2,サングラス,11,0,0,0,0,11,61144,自社倉庫,11,0,fi2002-1,0,,,
0,71032-00000245,fi2002-2,2,サングラス,0,0,0,0,0,0,999,RFC倉庫,0,0,fi2002-2,0,,,
0,71032-00000245,fi2002-2,2,サングラス,0,0,0,0,0,0,61144,自社倉庫,0,0,fi2002-2,0,,,
0,71032-00000246,fi2002-9,3,サングラス,0,0,0,0,0,0,999,RFC倉庫,0,0,fi2002-9,0,,,
0,71032-00000246,fi2002-9,3,サングラス,0,0,0,0,0,0,61144,自社倉庫,0,0,fi2002-9,0,,,
0,71032-00000247,fi2002-3,1,サングラス,0,0,0,0,0,0,999,RFC倉庫,0,0,fi2002-3,0,,,
0,71032-00000247,fi2002-3,1,サングラス,0,0,0,0,0,0,61144,自社倉庫,0,0,fi2002-3,0,,,
0,71032-00000248,fi2002-4,1,サングラス,0,0,0,0,0,0,999,RFC倉庫,0,0,fi2002-4,0,,,
0,71032-00000248,fi2002-4,1,サングラス,0,0,0,0,0,0,61144,自社倉庫,0,0,fi2002-4,0,,,
0,71032-00000249,fi2002-8,1,サングラス,0,0,0,0,0,0,999,RFC倉庫,0,0,fi2002-8,0,,,
0,71032-00000249,fi2002-8,1,サングラス,0,0,0,0,0,0,61144,自社倉庫,0,0,fi2002-8,0,,,
0,71032-00000250,fi2002-11,2,サングラス,0,0,0,0,0,0,999,RFC倉庫,0,0,fi2002-11,0,,,
0,71032-00000250,fi2002-11,2,サングラス,0,0,0,0,0,0,61144,自社倉庫,0,0,fi2002-11,0,,,
0,71032-00000258,fi3010-21,1,サングラス,0,0,0,0,0,0,999,RFC倉庫,0,0,fi3010-21,0,,,
0,71032-00000258,fi3010-21,1,サングラス,0,0,0,0,0,0,61144,自社倉庫,0,0,fi3010-21,0,,,
0,71032-00000268,fi5010-1,1,サングラス,3,0,0,0,0,3,999,RFC倉庫,0,0,fi5010-1,0,,,
3,71032-00000268,fi5010-1,1,サングラス,3,0,0,0,0,3,61144,自社倉庫,3,0,fi5010-1,0,,,
0,71032-00000270,fi5010-11,1,サングラス,3,0,0,0,0,3,999,RFC倉庫,0,0,fi5010-11,0,,,
3,71032-00000270,fi5010-11,1,サングラス,3,0,0,0,0,3,61144,自社倉庫,3,0,fi5010-11,0,,,
0,71032-00000271,fi5010-41,1,サングラス,0,0,0,0,0,0,999,RFC倉庫,0,0,fi5010-41,0,,,
0,71032-00000271,fi5010-41,1,サングラス,0,0,0,0,0,0,61144,自社倉庫,0,0,fi5010-41,0,,,
0,71032-00000273,fi5020-1,1,サングラス,1,0,0,0,0,1,999,RFC倉庫,0,0,fi5020-1,0,,,
1,71032-00000273,fi5020-1,1,サングラス,1,0,0,0,0,1,61144,自社倉庫,1,0,fi5020-1,0,,,
0,71032-00000274,fi5020-12,1,サングラス,0,0,0,0,0,0,999,RFC倉庫,0,0,fi5020-12,0,,,
0,71032-00000274,fi5020-12,1,サングラス,0,0,0,0,0,0,61144,自社倉庫,0,0,fi5020-12,0,,,
0,71032-00000291,fi5099-1,1,サングラス,10,0,0,0,0,10,999,RFC倉庫,0,0,fi5099-1,0,,,
10,71032-00000291,fi5099-1,1,サングラス,10,0,0,0,0,10,61144,自社倉庫,10,0,fi5099-1,0,,,
0,71032-00000292,fi5099-2,1,サングラス,10,0,0,0,0,10,999,RFC倉庫,0,0,fi5099-2,0,,,
10,71032-00000292,fi5099-2,1,サングラス,10,0,0,0,0,10,61144,自社倉庫,10,0,fi5099-2,0,,,
0,71032-00000293,fi5099-11,1,サングラス,10,0,0,0,0,10,999,RFC倉庫,0,0,fi5099-11,0,,,
10,71032-00000293,fi5099-11,1,サングラス,10,0,0,0,0,10,61144,自社倉庫,10,0,fi5099-11,0,,,
0,71032-00000294,fi5099-12,1,サングラス,10,0,0,0,0,10,999,RFC倉庫,0,0,fi5099-12,0,,,
10,71032-00000294,fi5099-12,1,サングラス,10,0,0,0,0,10,61144,自社倉庫,10,0,fi5099-12,0,,,
0,71032-00000296,fi5099-31,1,サングラス,10,0,0,0,0,10,999,RFC倉庫,0,0,fi5099-31,0,,,
10,71032-00000296,fi5099-31,1,サングラス,10,0,0,0,0,10,61144,自社倉庫,10,0,fi5099-31,0,,,
0,71032-00000303,fi5465a-1,1,サングラス,0,0,0,0,0,0,999,RFC倉庫,0,0,fi5465a-1,0,,,
0,71032-00000303,fi5465a-1,1,サングラス,0,0,0,0,0,0,61144,自社倉庫,0,0,fi5465a-1,0,,,
0,71032-00000305,fi5465a-31,1,サングラス,10,0,0,0,0,10,999,RFC倉庫,0,0,fi5465a-31,0,,,
10,71032-00000305,fi5465a-31,1,サングラス,10,0,0,0,0,10,61144,自社倉庫,10,0,fi5465a-31,0,,,
0,71032-00000308,fi5465a-13,1,サングラス,10,0,0,0,0,10,999,RFC倉庫,0,0,fi5465a-13,0,,,
10,71032-00000308,fi5465a-13,1,サングラス,10,0,0,0,0,10,61144,自社倉庫,10,0,fi5465a-13,0,,,
0,71032-00000309,fi5465a-72,1,サングラス,0,0,0,0,0,0,999,RFC倉庫,0,0,fi5465a-72,0,,,
0,71032-00000309,fi5465a-72,1,サングラス,0,0,0,0,0,0,61144,自社倉庫,0,0,fi5465a-72,0,,,
0,71032-00000312,fi7020-1,1,サングラス,0,0,0,0,0,0,999,RFC倉庫,0,0,fi7020-1,0,,,
0,71032-00000312,fi7020-1,1,サングラス,0,0,0,0,0,0,61144,自社倉庫,0,0,fi7020-1,0,,,
0,71032-00000313,fi7020-2,1,サングラス,0,0,0,0,0,0,999,RFC倉庫,0,0,fi7020-2,0,,,
0,71032-00000313,fi7020-2,1,サングラス,0,0,0,0,0,0,61144,自社倉庫,0,0,fi7020-2,0,,,
0,71032-00000314,fi7058-2,1,花粉対策メガネ,0,0,0,0,0,0,999,RFC倉庫,0,0,fi7058-2,0,,,
0,71032-00000314,fi7058-2,1,花粉対策メガネ,0,0,0,0,0,0,61144,自社倉庫,0,0,fi7058-2,0,,,
0,71032-00000315,fi7058-3,1,花粉対策メガネ,0,0,0,0,0,0,999,RFC倉庫,0,0,fi7058-3,0,,,
0,71032-00000315,fi7058-3,1,花粉対策メガネ,0,0,0,0,0,0,61144,自社倉庫,0,0,fi7058-3,0,,,
0,71032-00000316,fi7058-9,1,花粉対策メガネ,0,0,0,0,0,0,999,RFC倉庫,0,0,fi7058-9,0,,,
0,71032-00000316,fi7058-9,1,花粉対策メガネ,0,0,0,0,0,0,61144,自社倉庫,0,0,fi7058-9,0,,,
0,71032-00000317,fi8000-3,1,パーティーグッズ,15,0,0,0,0,15,999,RFC倉庫,0,0,fi8000-3,0,,,
15,71032-00000317,fi8000-3,1,パーティーグッズ,15,0,0,0,0,15,61144,自社倉庫,15,0,fi8000-3,0,,,
0,71032-00000318,fi8000-4,1,パーティーグッズ,0,0,0,0,0,0,999,RFC倉庫,0,0,fi8000-4,0,,,
0,71032-00000318,fi8000-4,1,パーティーグッズ,0,0,0,0,0,0,61144,自社倉庫,0,0,fi8000-4,0,,,
0,71032-00000319,fi8000-5,1,パーティーグッズ,10,0,0,0,0,10,999,RFC倉庫,0,0,fi8000-5,0,,,
10,71032-00000319,fi8000-5,1,パーティーグッズ,10,0,0,0,0,10,61144,自社倉庫,10,0,fi8000-5,0,,,
0,71032-00000320,fi8000-6,1,パーティーグッズ,0,0,0,0,0,0,999,RFC倉庫,0,0,fi8000-6,0,,,
0,71032-00000320,fi8000-6,1,パーティーグッズ,0,0,0,0,0,0,61144,自社倉庫,0,0,fi8000-6,0,,,
0,71032-00000321,fi8020-1,1,パーティーグッズ,8,0,0,0,0,8,999,RFC倉庫,0,0,fi8020-1,0,,,
8,71032-00000321,fi8020-1,1,パーティーグッズ,8,0,0,0,0,8,61144,自社倉庫,8,0,fi8020-1,0,,,
0,71032-00000322,fi8020-2,1,パーティーグッズ,8,0,0,0,0,8,999,RFC倉庫,0,0,fi8020-2,0,,,
8,71032-00000322,fi8020-2,1,パーティーグッズ,8,0,0,0,0,8,61144,自社倉庫,8,0,fi8020-2,0,,,
0,71032-00000355,fiels-133-1,1,サングラス,0,0,0,0,0,0,999,RFC倉庫,0,0,fiels-133-1,0,,,
0,71032-00000355,fiels-133-1,1,サングラス,0,0,0,0,0,0,61144,自社倉庫,0,0,fiels-133-1,0,,,
0,71032-00000356,fiels-133-2,1,サングラス,0,0,0,0,0,0,999,RFC倉庫,0,0,fiels-133-2,0,,,
0,71032-00000356,fiels-133-2,1,サングラス,0,0,0,0,0,0,61144,自社倉庫,0,0,fiels-133-2,0,,,
0,71032-00000357,fiels-133-3,1,サングラス,0,0,0,0,0,0,999,RFC倉庫,0,0,fiels-133-3,0,,,
0,71032-00000357,fiels-133-3,1,サングラス,0,0,0,0,0,0,61144,自社倉庫,0,0,fiels-133-3,0,,,
0,71032-00000361,fiels-135-1,1,サングラス,0,0,0,0,0,0,999,RFC倉庫,0,0,fiels-135-1,0,,,
0,71032-00000361,fiels-135-1,1,サングラス,0,0,0,0,0,0,61144,自社倉庫,0,0,fiels-135-1,0,,,
0,71032-00000362,fiels-135-2,1,サングラス,0,0,0,0,0,0,999,RFC倉庫,0,0,fiels-135-2,0,,,
0,71032-00000362,fiels-135-2,1,サングラス,0,0,0,0,0,0,61144,自社倉庫,0,0,fiels-135-2,0,,,
0,71032-00000363,fiels-135-3,1,サングラス,0,0,0,0,0,0,999,RFC倉庫,0,0,fiels-135-3,0,,,
0,71032-00000363,fiels-135-3,1,サングラス,0,0,0,0,0,0,61144,自社倉庫,0,0,fiels-135-3,0,,,
0,71032-00000364,fiels-136-1,1,サングラス,0,0,0,0,0,0,999,RFC倉庫,0,0,fiels-136-1,0,,,
0,71032-00000364,fiels-136-1,1,サングラス,0,0,0,0,0,0,61144,自社倉庫,0,0,fiels-136-1,0,,,
0,71032-00000365,fiels-136-2,1,サングラス,0,0,0,0,0,0,999,RFC倉庫,0,0,fiels-136-2,0,,,
0,71032-00000365,fiels-136-2,1,サングラス,0,0,0,0,0,0,61144,自社倉庫,0,0,fiels-136-2,0,,,
0,71032-00000366,fiels-136-3,1,サングラス,0,0,0,0,0,0,999,RFC倉庫,0,0,fiels-136-3,0,,,
0,71032-00000366,fiels-136-3,1,サングラス,0,0,0,0,0,0,61144,自社倉庫,0,0,fiels-136-3,0,,,
0,71032-00000367,fisi-04-1,2,サングラス,9,0,0,0,0,9,999,RFC倉庫,0,0,fisi-04-1,0,,,
9,71032-00000367,fisi-04-1,2,サングラス,9,0,0,0,0,9,61144,自社倉庫,9,0,fisi-04-1,0,,,
0,71032-00000368,fisi-04-2,2,サングラス,10,0,0,0,0,10,999,RFC倉庫,0,0,fisi-04-2,0,,,
10,71032-00000368,fisi-04-2,2,サングラス,10,0,0,0,0,10,61144,自社倉庫,10,0,fisi-04-2,0,,,
0,71032-00000369,fisi-04-3,1,サングラス,0,0,0,0,0,0,999,RFC倉庫,0,0,fisi-04-3,0,,,
0,71032-00000369,fisi-04-3,1,サングラス,0,0,0,0,0,0,61144,自社倉庫,0,0,fisi-04-3,0,,,
0,71032-00000370,fisi-04-4,1,サングラス,9,0,0,0,0,9,999,RFC倉庫,0,0,fisi-04-4,0,,,
9,71032-00000370,fisi-04-4,1,サングラス,9,0,0,0,0,9,61144,自社倉庫,9,0,fisi-04-4,0,,,
0,71032-00000371,fisi-05-1-10,1,老眼鏡,13,0,0,0,0,13,999,RFC倉庫,0,0,fisi-05-1-10,0,,,
13,71032-00000371,fisi-05-1-10,1,老眼鏡,13,0,0,0,0,13,61144,自社倉庫,13,0,fisi-05-1-10,0,,,
0,71032-00000372,fisi-05-2-10,1,老眼鏡,14,0,0,0,0,14,999,RFC倉庫,0,0,fisi-05-2-10,0,,,
14,71032-00000372,fisi-05-2-10,1,老眼鏡,14,0,0,0,0,14,61144,自社倉庫,14,0,fisi-05-2-10,0,,,
0,71032-00000373,fisi-05-3-10,3,老眼鏡,14,0,0,0,0,14,999,RFC倉庫,0,0,fisi-05-3-10,0,,,
14,71032-00000373,fisi-05-3-10,3,老眼鏡,14,0,0,0,0,14,61144,自社倉庫,14,0,fisi-05-3-10,0,,,
0,71032-00000374,fisi-05-4-10,3,老眼鏡,14,0,0,0,0,14,999,RFC倉庫,0,0,fisi-05-4-10,0,,,
14,71032-00000374,fisi-05-4-10,3,老眼鏡,14,0,0,0,0,14,61144,自社倉庫,14,0,fisi-05-4-10,0,,,
0,71032-00000375,fisi-05-1-15,3,老眼鏡,13,0,0,0,0,13,999,RFC倉庫,0,0,fisi-05-1-15,0,,,
13,71032-00000375,fisi-05-1-15,3,老眼鏡,13,0,0,0,0,13,61144,自社倉庫,13,0,fisi-05-1-15,0,,,
0,71032-00000376,fisi-05-2-15,1,老眼鏡,14,0,0,0,0,14,999,RFC倉庫,0,0,fisi-05-2-15,0,,,
14,71032-00000376,fisi-05-2-15,1,老眼鏡,14,0,0,0,0,14,61144,自社倉庫,14,0,fisi-05-2-15,0,,,
0,71032-00000377,fisi-05-3-15,1,老眼鏡,10,0,0,0,0,10,999,RFC倉庫,0,0,fisi-05-3-15,0,,,
10,71032-00000377,fisi-05-3-15,1,老眼鏡,10,0,0,0,0,10,61144,自社倉庫,10,0,fisi-05-3-15,0,,,
0,71032-00000378,fisi-05-4-15,3,老眼鏡,14,0,0,0,0,14,999,RFC倉庫,0,0,fisi-05-4-15,0,,,
14,71032-00000378,fisi-05-4-15,3,老眼鏡,14,0,0,0,0,14,61144,自社倉庫,14,0,fisi-05-4-15,0,,,
0,71032-00000379,fisi-05-1-20,3,老眼鏡,14,0,0,0,0,14,999,RFC倉庫,0,0,fisi-05-1-20,0,,,
14,71032-00000379,fisi-05-1-20,3,老眼鏡,14,0,0,0,0,14,61144,自社倉庫,14,0,fisi-05-1-20,0,,,
0,71032-00000380,fisi-05-2-20,3,老眼鏡,14,0,0,0,0,14,999,RFC倉庫,0,0,fisi-05-2-20,0,,,
14,71032-00000380,fisi-05-2-20,3,老眼鏡,14,0,0,0,0,14,61144,自社倉庫,14,0,fisi-05-2-20,0,,,
0,71032-00000381,fisi-05-3-20,1,老眼鏡,13,0,0,0,0,13,999,RFC倉庫,0,0,fisi-05-3-20,0,,,
13,71032-00000381,fisi-05-3-20,1,老眼鏡,13,0,0,0,0,13,61144,自社倉庫,13,0,fisi-05-3-20,0,,,
0,71032-00000382,fisi-05-4-20,1,老眼鏡,14,0,0,0,0,14,999,RFC倉庫,0,0,fisi-05-4-20,0,,,
14,71032-00000382,fisi-05-4-20,1,老眼鏡,14,0,0,0,0,14,61144,自社倉庫,14,0,fisi-05-4-20,0,,,
0,71032-00000383,fisi-05-1-25,1,老眼鏡,13,0,0,0,0,13,999,RFC倉庫,0,0,fisi-05-1-25,0,,,
13,71032-00000383,fisi-05-1-25,1,老眼鏡,13,0,0,0,0,13,61144,自社倉庫,13,0,fisi-05-1-25,0,,,
0,71032-00000384,fisi-05-2-25,1,老眼鏡,16,0,0,0,0,16,999,RFC倉庫,0,0,fisi-05-2-25,0,,,
16,71032-00000384,fisi-05-2-25,1,老眼鏡,16,0,0,0,0,16,61144,自社倉庫,16,0,fisi-05-2-25,0,,,
0,71032-00000385,fisi-05-3-25,1,老眼鏡,13,0,0,0,0,13,999,RFC倉庫,0,0,fisi-05-3-25,0,,,
13,71032-00000385,fisi-05-3-25,1,老眼鏡,13,0,0,0,0,13,61144,自社倉庫,13,0,fisi-05-3-25,0,,,
0,71032-00000386,fisi-05-4-25,1,老眼鏡,12,0,0,0,0,12,999,RFC倉庫,0,0,fisi-05-4-25,0,,,
12,71032-00000386,fisi-05-4-25,1,老眼鏡,12,0,0,0,0,12,61144,自社倉庫,12,0,fisi-05-4-25,0,,,
0,71032-00000387,fisi-05-1-30,1,老眼鏡,14,0,0,0,0,14,999,RFC倉庫,0,0,fisi-05-1-30,0,,,
14,71032-00000387,fisi-05-1-30,1,老眼鏡,14,0,0,0,0,14,61144,自社倉庫,14,0,fisi-05-1-30,0,,,
0,71032-00000388,fisi-05-2-30,1,老眼鏡,4,0,0,0,0,4,999,RFC倉庫,0,0,fisi-05-2-30,0,,,
4,71032-00000388,fisi-05-2-30,1,老眼鏡,4,0,0,0,0,4,61144,自社倉庫,4,0,fisi-05-2-30,0,,,
0,71032-00000389,fisi-05-3-30,1,老眼鏡,4,0,0,0,0,4,999,RFC倉庫,0,0,fisi-05-3-30,0,,,
4,71032-00000389,fisi-05-3-30,1,老眼鏡,4,0,0,0,0,4,61144,自社倉庫,4,0,fisi-05-3-30,0,,,
0,71032-00000390,fisi-05-4-30,1,老眼鏡,15,0,0,0,0,15,999,RFC倉庫,0,0,fisi-05-4-30,0,,,
15,71032-00000390,fisi-05-4-30,1,老眼鏡,15,0,0,0,0,15,61144,自社倉庫,15,0,fisi-05-4-30,0,,,
3,71032-00000391,fl-1000-1-15,1,老眼鏡,3,0,0,0,0,3,999,RFC倉庫,3,0,fl-1000-1-15,0,,,
0,71032-00000391,fl-1000-1-15,1,老眼鏡,3,0,0,0,0,3,61144,自社倉庫,0,0,fl-1000-1-15,0,,,
5,71032-00000392,fl-1000-2-15,1,老眼鏡,5,0,0,0,0,5,999,RFC倉庫,5,0,fl-1000-2-15,0,,,
0,71032-00000392,fl-1000-2-15,1,老眼鏡,5,0,0,0,0,5,61144,自社倉庫,0,0,fl-1000-2-15,0,,,
3,71032-00000393,fl-1000-1-20,1,老眼鏡,3,0,0,0,0,3,999,RFC倉庫,3,0,fl-1000-1-20,0,,,
0,71032-00000393,fl-1000-1-20,1,老眼鏡,3,0,0,0,0,3,61144,自社倉庫,0,0,fl-1000-1-20,0,,,
10,71032-00000394,fl-1000-2-20,1,老眼鏡,10,0,0,0,0,10,999,RFC倉庫,10,0,fl-1000-2-20,0,,,
0,71032-00000394,fl-1000-2-20,1,老眼鏡,10,0,0,0,0,10,61144,自社倉庫,0,0,fl-1000-2-20,0,,,
6,71032-00000395,fl-1000-1-25,1,老眼鏡,5,1,0,0,0,6,999,RFC倉庫,6,1,fl-1000-1-25,0,,,
0,71032-00000395,fl-1000-1-25,1,老眼鏡,5,1,0,0,0,6,61144,自社倉庫,0,0,fl-1000-1-25,0,,,
4,71032-00000396,fl-1000-2-25,1,老眼鏡,3,1,0,0,0,4,999,RFC倉庫,4,1,fl-1000-2-25,0,,,
0,71032-00000396,fl-1000-2-25,1,老眼鏡,3,1,0,0,0,4,61144,自社倉庫,0,0,fl-1000-2-25,0,,,
2,71032-00000397,fl-1000-1-30,1,老眼鏡,2,0,0,0,0,2,999,RFC倉庫,2,0,fl-1000-1-30,0,,,
0,71032-00000397,fl-1000-1-30,1,老眼鏡,2,0,0,0,0,2,61144,自社倉庫,0,0,fl-1000-1-30,0,,,
7,71032-00000398,fl-1000-2-30,1,老眼鏡,7,0,0,0,0,7,999,RFC倉庫,7,0,fl-1000-2-30,0,,,
0,71032-00000398,fl-1000-2-30,1,老眼鏡,7,0,0,0,0,7,61144,自社倉庫,0,0,fl-1000-2-30,0,,,
4,71032-00000410,fl-1002-2-20,1,老眼鏡,4,0,0,0,0,4,999,RFC倉庫,4,0,fl-1002-2-20,0,,,
0,71032-00000410,fl-1002-2-20,1,老眼鏡,4,0,0,0,0,4,61144,自社倉庫,0,0,fl-1002-2-20,0,,,
3,71032-00000411,fl-1002-1-25,1,老眼鏡,3,0,0,0,0,3,999,RFC倉庫,3,0,fl-1002-1-25,0,,,
0,71032-00000411,fl-1002-1-25,1,老眼鏡,3,0,0,0,0,3,61144,自社倉庫,0,0,fl-1002-1-25,0,,,
4,71032-00000412,fl-1002-2-25,1,老眼鏡,4,0,0,0,0,4,999,RFC倉庫,4,0,fl-1002-2-25,0,,,
0,71032-00000412,fl-1002-2-25,1,老眼鏡,4,0,0,0,0,4,61144,自社倉庫,0,0,fl-1002-2-25,0,,,
2,71032-00000413,fl-1002-1-30,1,老眼鏡,2,0,0,0,0,2,999,RFC倉庫,2,0,fl-1002-1-30,0,,,
0,71032-00000413,fl-1002-1-30,1,老眼鏡,2,0,0,0,0,2,61144,自社倉庫,0,0,fl-1002-1-30,0,,,
5,71032-00000414,fl-1002-2-30,1,老眼鏡,5,0,0,0,0,5,999,RFC倉庫,5,0,fl-1002-2-30,0,,,
0,71032-00000414,fl-1002-2-30,1,老眼鏡,5,0,0,0,0,5,61144,自社倉庫,0,0,fl-1002-2-30,0,,,
0,71032-00000423,fl-2001-1-15,1,老眼鏡,0,0,0,0,0,0,999,RFC倉庫,0,0,fl-2001-1-15,0,,,
0,71032-00000423,fl-2001-1-15,1,老眼鏡,0,0,0,0,0,0,61144,自社倉庫,0,0,fl-2001-1-15,0,,,
0,71032-00000424,fl-2001-2-15,1,老眼鏡,0,0,0,0,0,0,999,RFC倉庫,0,0,fl-2001-2-15,0,,,
0,71032-00000424,fl-2001-2-15,1,老眼鏡,0,0,0,0,0,0,61144,自社倉庫,0,0,fl-2001-2-15,0,,,
0,71032-00000425,fl-2001-1-20,1,老眼鏡,0,0,0,0,0,0,999,RFC倉庫,0,0,fl-2001-1-20,0,,,
0,71032-00000425,fl-2001-1-20,1,老眼鏡,0,0,0,0,0,0,61144,自社倉庫,0,0,fl-2001-1-20,0,,,
0,71032-00000426,fl-2001-2-20,1,老眼鏡,0,0,0,0,0,0,999,RFC倉庫,0,0,fl-2001-2-20,0,,,
0,71032-00000426,fl-2001-2-20,1,老眼鏡,0,0,0,0,0,0,61144,自社倉庫,0,0,fl-2001-2-20,0,,,
0,71032-00000427,fl-2001-1-25,1,老眼鏡,0,0,0,0,0,0,999,RFC倉庫,0,0,fl-2001-1-25,0,,,
0,71032-00000427,fl-2001-1-25,1,老眼鏡,0,0,0,0,0,0,61144,自社倉庫,0,0,fl-2001-1-25,0,,,
0,71032-00000428,fl-2001-2-25,1,老眼鏡,0,0,0,0,0,0,999,RFC倉庫,0,0,fl-2001-2-25,0,,,
0,71032-00000428,fl-2001-2-25,1,老眼鏡,0,0,0,0,0,0,61144,自社倉庫,0,0,fl-2001-2-25,0,,,
0,71032-00000429,fl-2001-1-30,1,老眼鏡,0,0,0,0,0,0,999,RFC倉庫,0,0,fl-2001-1-30,0,,,
0,71032-00000429,fl-2001-1-30,1,老眼鏡,0,0,0,0,0,0,61144,自社倉庫,0,0,fl-2001-1-30,0,,,
0,71032-00000430,fl-2001-2-30,1,老眼鏡,0,0,0,0,0,0,999,RFC倉庫,0,0,fl-2001-2-30,0,,,
0,71032-00000430,fl-2001-2-30,1,老眼鏡,0,0,0,0,0,0,61144,自社倉庫,0,0,fl-2001-2-30,0,,,
0,71032-00000431,fl-2002-1-15,1,老眼鏡,0,0,0,0,0,0,999,RFC倉庫,0,0,fl-2002-1-15,0,,,
0,71032-00000431,fl-2002-1-15,1,老眼鏡,0,0,0,0,0,0,61144,自社倉庫,0,0,fl-2002-1-15,0,,,
0,71032-00000432,fl-2002-2-15,1,老眼鏡,0,0,0,0,0,0,999,RFC倉庫,0,0,fl-2002-2-15,0,,,
0,71032-00000432,fl-2002-2-15,1,老眼鏡,0,0,0,0,0,0,61144,自社倉庫,0,0,fl-2002-2-15,0,,,
0,71032-00000433,fl-2002-1-20,1,老眼鏡,0,0,0,0,0,0,999,RFC倉庫,0,0,fl-2002-1-20,0,,,
0,71032-00000433,fl-2002-1-20,1,老眼鏡,0,0,0,0,0,0,61144,自社倉庫,0,0,fl-2002-1-20,0,,,
0,71032-00000434,fl-2002-2-20,1,老眼鏡,0,0,0,0,0,0,999,RFC倉庫,0,0,fl-2002-2-20,0,,,
0,71032-00000434,fl-2002-2-20,1,老眼鏡,0,0,0,0,0,0,61144,自社倉庫,0,0,fl-2002-2-20,0,,,
0,71032-00000435,fl-2002-1-25,1,老眼鏡,0,0,0,0,0,0,999,RFC倉庫,0,0,fl-2002-1-25,0,,,
0,71032-00000435,fl-2002-1-25,1,老眼鏡,0,0,0,0,0,0,61144,自社倉庫,0,0,fl-2002-1-25,0,,,
0,71032-00000436,fl-2002-2-25,1,老眼鏡,0,0,0,0,0,0,999,RFC倉庫,0,0,fl-2002-2-25,0,,,
0,71032-00000436,fl-2002-2-25,1,老眼鏡,0,0,0,0,0,0,61144,自社倉庫,0,0,fl-2002-2-25,0,,,
0,71032-00000437,fl-2002-1-30,1,老眼鏡,0,0,0,0,0,0,999,RFC倉庫,0,0,fl-2002-1-30,0,,,
0,71032-00000437,fl-2002-1-30,1,老眼鏡,0,0,0,0,0,0,61144,自社倉庫,0,0,fl-2002-1-30,0,,,
0,71032-00000438,fl-2002-2-30,1,老眼鏡,0,0,0,0,0,0,999,RFC倉庫,0,0,fl-2002-2-30,0,,,
0,71032-00000438,fl-2002-2-30,1,老眼鏡,0,0,0,0,0,0,61144,自社倉庫,0,0,fl-2002-2-30,0,,,
0,71032-00000439,fl5010-1-10,1,インスタントグラス,0,0,0,0,0,0,999,RFC倉庫,0,0,fl5010-1-10,0,,,
0,71032-00000439,fl5010-1-10,1,インスタントグラス,0,0,0,0,0,0,61144,自社倉庫,0,0,fl5010-1-10,0,,,
0,71032-00000440,fl5010-9-10,1,インスタントグラス,11,0,0,0,0,11,999,RFC倉庫,0,0,fl5010-9-10,0,,,
11,71032-00000440,fl5010-9-10,1,インスタントグラス,11,0,0,0,0,11,61144,自社倉庫,11,0,fl5010-9-10,0,,,
0,71032-00000441,fl5010-1-20,1,インスタントグラス,1,0,0,0,0,1,999,RFC倉庫,0,0,fl5010-1-20,0,,,
1,71032-00000441,fl5010-1-20,1,インスタントグラス,1,0,0,0,0,1,61144,自社倉庫,1,0,fl5010-1-20,0,,,
0,71032-00000442,fl5010-9-20,1,インスタントグラス,3,0,0,0,0,3,999,RFC倉庫,0,0,fl5010-9-20,0,,,
3,71032-00000442,fl5010-9-20,1,インスタントグラス,3,0,0,0,0,3,61144,自社倉庫,3,0,fl5010-9-20,0,,,
0,71032-00000443,fl5010-1-30,1,インスタントグラス,0,0,0,0,0,0,999,RFC倉庫,0,0,fl5010-1-30,0,,,
0,71032-00000443,fl5010-1-30,1,インスタントグラス,0,0,0,0,0,0,61144,自社倉庫,0,0,fl5010-1-30,0,,,
0,71032-00000444,fl5010-9-30,1,インスタントグラス,0,0,0,0,0,0,999,RFC倉庫,0,0,fl5010-9-30,0,,,
0,71032-00000444,fl5010-9-30,1,インスタントグラス,0,0,0,0,0,0,61144,自社倉庫,0,0,fl5010-9-30,0,,,
0,71032-00000445,fl5010-1-40,1,インスタントグラス,0,0,0,0,0,0,999,RFC倉庫,0,0,fl5010-1-40,0,,,
0,71032-00000445,fl5010-1-40,1,インスタントグラス,0,0,0,0,0,0,61144,自社倉庫,0,0,fl5010-1-40,0,,,
0,71032-00000446,fl5010-9-40,1,インスタントグラス,2,0,0,0,0,2,999,RFC倉庫,0,0,fl5010-9-40,0,,,
2,71032-00000446,fl5010-9-40,1,インスタントグラス,2,0,0,0,0,2,61144,自社倉庫,2,0,fl5010-9-40,0,,,
0,71032-00000447,fl5021-2-10,1,インスタントグラス,0,0,0,0,0,0,999,RFC倉庫,0,0,fl5021-2-10,0,,,
0,71032-00000447,fl5021-2-10,1,インスタントグラス,0,0,0,0,0,0,61144,自社倉庫,0,0,fl5021-2-10,0,,,
0,71032-00000448,fl5021-3-10,1,インスタントグラス,0,0,0,0,0,0,999,RFC倉庫,0,0,fl5021-3-10,0,,,
0,71032-00000448,fl5021-3-10,1,インスタントグラス,0,0,0,0,0,0,61144,自社倉庫,0,0,fl5021-3-10,0,,,
0,71032-00000449,fl5021-2-20,1,インスタントグラス,0,0,0,0,0,0,999,RFC倉庫,0,0,fl5021-2-20,0,,,
0,71032-00000449,fl5021-2-20,1,インスタントグラス,0,0,0,0,0,0,61144,自社倉庫,0,0,fl5021-2-20,0,,,
0,71032-00000450,fl5021-3-20,1,インスタントグラス,0,0,0,0,0,0,999,RFC倉庫,0,0,fl5021-3-20,0,,,
0,71032-00000450,fl5021-3-20,1,インスタントグラス,0,0,0,0,0,0,61144,自社倉庫,0,0,fl5021-3-20,0,,,
0,71032-00000451,fl5021-2-30,1,インスタントグラス,0,0,0,0,0,0,999,RFC倉庫,0,0,fl5021-2-30,0,,,
0,71032-00000451,fl5021-2-30,1,インスタントグラス,0,0,0,0,0,0,61144,自社倉庫,0,0,fl5021-2-30,0,,,
0,71032-00000452,fl5021-3-30,1,インスタントグラス,0,0,0,0,0,0,999,RFC倉庫,0,0,fl5021-3-30,0,,,
0,71032-00000452,fl5021-3-30,1,インスタントグラス,0,0,0,0,0,0,61144,自社倉庫,0,0,fl5021-3-30,0,,,
0,71032-00000453,fl5021-2-40,1,インスタントグラス,0,0,0,0,0,0,999,RFC倉庫,0,0,fl5021-2-40,0,,,
0,71032-00000453,fl5021-2-40,1,インスタントグラス,0,0,0,0,0,0,61144,自社倉庫,0,0,fl5021-2-40,0,,,
0,71032-00000454,fl5021-3-40,1,インスタントグラス,0,0,0,0,0,0,999,RFC倉庫,0,0,fl5021-3-40,0,,,
0,71032-00000454,fl5021-3-40,1,インスタントグラス,0,0,0,0,0,0,61144,自社倉庫,0,0,fl5021-3-40,0,,,
0,71032-00000463,fl9001-1-15,0,老眼鏡,0,0,0,0,0,0,999,RFC倉庫,0,0,fl9001-1-15,0,,,
0,71032-00000463,fl9001-1-15,0,老眼鏡,0,0,0,0,0,0,61144,自社倉庫,0,0,fl9001-1-15,0,,,
0,71032-00000464,fl9001-2-15,0,老眼鏡,0,0,0,0,0,0,999,RFC倉庫,0,0,fl9001-2-15,0,,,
0,71032-00000464,fl9001-2-15,0,老眼鏡,0,0,0,0,0,0,61144,自社倉庫,0,0,fl9001-2-15,0,,,
0,71032-00000465,fl9001-1-20,0,老眼鏡,0,0,0,0,0,0,999,RFC倉庫,0,0,fl9001-1-20,0,,,
0,71032-00000465,fl9001-1-20,0,老眼鏡,0,0,0,0,0,0,61144,自社倉庫,0,0,fl9001-1-20,0,,,
0,71032-00000466,fl9001-2-20,0,老眼鏡,0,0,0,0,0,0,999,RFC倉庫,0,0,fl9001-2-20,0,,,
0,71032-00000466,fl9001-2-20,0,老眼鏡,0,0,0,0,0,0,61144,自社倉庫,0,0,fl9001-2-20,0,,,
0,71032-00000467,fl9001-1-25,0,老眼鏡,0,0,0,0,0,0,999,RFC倉庫,0,0,fl9001-1-25,0,,,
0,71032-00000467,fl9001-1-25,0,老眼鏡,0,0,0,0,0,0,61144,自社倉庫,0,0,fl9001-1-25,0,,,
0,71032-00000468,fl9001-2-25,0,老眼鏡,0,0,0,0,0,0,999,RFC倉庫,0,0,fl9001-2-25,0,,,
0,71032-00000468,fl9001-2-25,0,老眼鏡,0,0,0,0,0,0,61144,自社倉庫,0,0,fl9001-2-25,0,,,
0,71032-00000475,flc-001-1-10,1,老眼鏡,0,0,0,0,0,0,999,RFC倉庫,0,0,flc-001-1-10,0,,,
0,71032-00000475,flc-001-1-10,1,老眼鏡,0,0,0,0,0,0,61144,自社倉庫,0,0,flc-001-1-10,0,,,
0,71032-00000476,flc-001-2-10,1,老眼鏡,0,0,0,0,0,0,999,RFC倉庫,0,0,flc-001-2-10,0,,,
0,71032-00000476,flc-001-2-10,1,老眼鏡,0,0,0,0,0,0,61144,自社倉庫,0,0,flc-001-2-10,0,,,
0,71032-00000477,flc-001-1-15,1,老眼鏡,0,0,0,0,0,0,999,RFC倉庫,0,0,flc-001-1-15,0,,,
0,71032-00000477,flc-001-1-15,1,老眼鏡,0,0,0,0,0,0,61144,自社倉庫,0,0,flc-001-1-15,0,,,
0,71032-00000478,flc-001-2-15,1,老眼鏡,0,0,0,0,0,0,999,RFC倉庫,0,0,flc-001-2-15,0,,,
0,71032-00000478,flc-001-2-15,1,老眼鏡,0,0,0,0,0,0,61144,自社倉庫,0,0,flc-001-2-15,0,,,
0,71032-00000479,flc-001-1-20,1,老眼鏡,0,0,0,0,0,0,999,RFC倉庫,0,0,flc-001-1-20,0,,,
0,71032-00000479,flc-001-1-20,1,老眼鏡,0,0,0,0,0,0,61144,自社倉庫,0,0,flc-001-1-20,0,,,
0,71032-00000480,flc-001-2-20,1,老眼鏡,0,0,0,0,0,0,999,RFC倉庫,0,0,flc-001-2-20,0,,,
0,71032-00000480,flc-001-2-20,1,老眼鏡,0,0,0,0,0,0,61144,自社倉庫,0,0,flc-001-2-20,0,,,
0,71032-00000481,flc-001-1-25,1,老眼鏡,0,0,0,0,0,0,999,RFC倉庫,0,0,flc-001-1-25,0,,,
0,71032-00000481,flc-001-1-25,1,老眼鏡,0,0,0,0,0,0,61144,自社倉庫,0,0,flc-001-1-25,0,,,
0,71032-00000482,flc-001-2-25,1,老眼鏡,0,0,0,0,0,0,999,RFC倉庫,0,0,flc-001-2-25,0,,,
0,71032-00000482,flc-001-2-25,1,老眼鏡,0,0,0,0,0,0,61144,自社倉庫,0,0,flc-001-2-25,0,,,
0,71032-00000483,flc-001-1-30,1,老眼鏡,0,0,0,0,0,0,999,RFC倉庫,0,0,flc-001-1-30,0,,,
0,71032-00000483,flc-001-1-30,1,老眼鏡,0,0,0,0,0,0,61144,自社倉庫,0,0,flc-001-1-30,0,,,
0,71032-00000484,flc-001-2-30,1,老眼鏡,0,0,0,0,0,0,999,RFC倉庫,0,0,flc-001-2-30,0,,,
0,71032-00000484,flc-001-2-30,1,老眼鏡,0,0,0,0,0,0,61144,自社倉庫,0,0,flc-001-2-30,0,,,
1,71032-00000487,flc-002-1-10,1,老眼鏡,0,1,0,0,0,1,999,RFC倉庫,1,1,flc-002-1-10,0,,,
0,71032-00000487,flc-002-1-10,1,老眼鏡,0,1,0,0,0,1,61144,自社倉庫,0,0,flc-002-1-10,0,,,
6,71032-00000488,flc-002-2-10,3,老眼鏡,2,4,0,0,0,6,999,RFC倉庫,6,4,flc-002-2-10,0,,,
0,71032-00000488,flc-002-2-10,3,老眼鏡,2,4,0,0,0,6,61144,自社倉庫,0,0,flc-002-2-10,0,,,
5,71032-00000489,flc-002-1-15,1,老眼鏡,4,1,0,0,0,5,999,RFC倉庫,5,1,flc-002-1-15,0,,,
0,71032-00000489,flc-002-1-15,1,老眼鏡,4,1,0,0,0,5,61144,自社倉庫,0,0,flc-002-1-15,0,,,
5,71032-00000490,flc-002-2-15,3,老眼鏡,3,2,0,0,0,5,999,RFC倉庫,5,2,flc-002-2-15,0,,,
0,71032-00000490,flc-002-2-15,3,老眼鏡,3,2,0,0,0,5,61144,自社倉庫,0,0,flc-002-2-15,0,,,
7,71032-00000491,flc-002-1-20,1,老眼鏡,5,2,0,0,0,7,999,RFC倉庫,7,2,flc-002-1-20,0,,,
0,71032-00000491,flc-002-1-20,1,老眼鏡,5,2,0,0,0,7,61144,自社倉庫,0,0,flc-002-1-20,0,,,
9,71032-00000492,flc-002-2-20,3,老眼鏡,9,0,0,0,0,9,999,RFC倉庫,9,0,flc-002-2-20,0,,,
0,71032-00000492,flc-002-2-20,3,老眼鏡,9,0,0,0,0,9,61144,自社倉庫,0,0,flc-002-2-20,0,,,
18,71032-00000493,flc-002-1-25,1,老眼鏡,18,0,0,0,0,18,999,RFC倉庫,18,0,flc-002-1-25,0,,,
0,71032-00000493,flc-002-1-25,1,老眼鏡,18,0,0,0,0,18,61144,自社倉庫,0,0,flc-002-1-25,0,,,
17,71032-00000494,flc-002-2-25,1,老眼鏡,16,1,0,0,0,17,999,RFC倉庫,17,1,flc-002-2-25,0,,,
0,71032-00000494,flc-002-2-25,1,老眼鏡,16,1,0,0,0,17,61144,自社倉庫,0,0,flc-002-2-25,0,,,
10,71032-00000495,flc-002-1-30,1,老眼鏡,9,1,0,0,0,10,999,RFC倉庫,10,1,flc-002-1-30,0,,,
0,71032-00000495,flc-002-1-30,1,老眼鏡,9,1,0,0,0,10,61144,自社倉庫,0,0,flc-002-1-30,0,,,
9,71032-00000496,flc-002-2-30,1,老眼鏡,8,1,0,0,0,9,999,RFC倉庫,9,1,flc-002-2-30,0,,,
0,71032-00000496,flc-002-2-30,1,老眼鏡,8,1,0,0,0,9,61144,自社倉庫,0,0,flc-002-2-30,0,,,
0,71032-00000497,flc-002pc-1p,1,PCメガネ,0,0,0,0,0,0,999,RFC倉庫,0,0,flc-002pc-1p,0,,,
0,71032-00000497,flc-002pc-1p,1,PCメガネ,0,0,0,0,0,0,61144,自社倉庫,0,0,flc-002pc-1p,0,,,
0,71032-00000498,flc-002pc-2p,1,PCメガネ,0,0,0,0,0,0,999,RFC倉庫,0,0,flc-002pc-2p,0,,,
0,71032-00000498,flc-002pc-2p,1,PCメガネ,0,0,0,0,0,0,61144,自社倉庫,0,0,flc-002pc-2p,0,,,
0,71032-00000499,flc-003-1-10,1,老眼鏡,0,0,0,0,0,0,999,RFC倉庫,0,0,flc-003-1-10,0,,,
0,71032-00000499,flc-003-1-10,1,老眼鏡,0,0,0,0,0,0,61144,自社倉庫,0,0,flc-003-1-10,0,,,
0,71032-00000500,flc-003-2-10,1,老眼鏡,0,0,0,0,0,0,999,RFC倉庫,0,0,flc-003-2-10,0,,,
0,71032-00000500,flc-003-2-10,1,老眼鏡,0,0,0,0,0,0,61144,自社倉庫,0,0,flc-003-2-10,0,,,
0,71032-00000501,flc-003-1-15,1,老眼鏡,0,0,0,0,0,0,999,RFC倉庫,0,0,flc-003-1-15,0,,,
0,71032-00000501,flc-003-1-15,1,老眼鏡,0,0,0,0,0,0,61144,自社倉庫,0,0,flc-003-1-15,0,,,
0,71032-00000502,flc-003-2-15,1,老眼鏡,0,0,0,0,0,0,999,RFC倉庫,0,0,flc-003-2-15,0,,,
0,71032-00000502,flc-003-2-15,1,老眼鏡,0,0,0,0,0,0,61144,自社倉庫,0,0,flc-003-2-15,0,,,
0,71032-00000503,flc-003-1-20,1,老眼鏡,0,0,0,0,0,0,999,RFC倉庫,0,0,flc-003-1-20,0,,,
0,71032-00000503,flc-003-1-20,1,老眼鏡,0,0,0,0,0,0,61144,自社倉庫,0,0,flc-003-1-20,0,,,
0,71032-00000504,flc-003-2-20,1,老眼鏡,0,0,0,0,0,0,999,RFC倉庫,0,0,flc-003-2-20,0,,,
0,71032-00000504,flc-003-2-20,1,老眼鏡,0,0,0,0,0,0,61144,自社倉庫,0,0,flc-003-2-20,0,,,
0,71032-00000505,flc-003-1-25,1,老眼鏡,0,0,0,0,0,0,999,RFC倉庫,0,0,flc-003-1-25,0,,,
0,71032-00000505,flc-003-1-25,1,老眼鏡,0,0,0,0,0,0,61144,自社倉庫,0,0,flc-003-1-25,0,,,
0,71032-00000506,flc-003-2-25,1,老眼鏡,0,0,0,0,0,0,999,RFC倉庫,0,0,flc-003-2-25,0,,,
0,71032-00000506,flc-003-2-25,1,老眼鏡,0,0,0,0,0,0,61144,自社倉庫,0,0,flc-003-2-25,0,,,
0,71032-00000507,flc-003-1-30,1,老眼鏡,0,0,0,0,0,0,999,RFC倉庫,0,0,flc-003-1-30,0,,,
0,71032-00000507,flc-003-1-30,1,老眼鏡,0,0,0,0,0,0,61144,自社倉庫,0,0,flc-003-1-30,0,,,
1,71032-00000508,flc-003-2-30,1,老眼鏡,0,1,0,0,0,1,999,RFC倉庫,1,1,flc-003-2-30,0,,,
0,71032-00000508,flc-003-2-30,1,老眼鏡,0,1,0,0,0,1,61144,自社倉庫,0,0,flc-003-2-30,0,,,
0,71032-00000511,flc-004-1-10,1,老眼鏡,0,0,0,0,0,0,999,RFC倉庫,0,0,flc-004-1-10,0,,,
0,71032-00000511,flc-004-1-10,1,老眼鏡,0,0,0,0,0,0,61144,自社倉庫,0,0,flc-004-1-10,0,,,
0,71032-00000512,flc-004-2-10,1,老眼鏡,0,0,0,0,0,0,999,RFC倉庫,0,0,flc-004-2-10,0,,,
0,71032-00000512,flc-004-2-10,1,老眼鏡,0,0,0,0,0,0,61144,自社倉庫,0,0,flc-004-2-10,0,,,
0,71032-00000513,flc-004-1-15,1,老眼鏡,0,0,0,0,0,0,999,RFC倉庫,0,0,flc-004-1-15,0,,,
0,71032-00000513,flc-004-1-15,1,老眼鏡,0,0,0,0,0,0,61144,自社倉庫,0,0,flc-004-1-15,0,,,
0,71032-00000514,flc-004-2-15,1,老眼鏡,0,0,0,0,0,0,999,RFC倉庫,0,0,flc-004-2-15,0,,,
0,71032-00000514,flc-004-2-15,1,老眼鏡,0,0,0,0,0,0,61144,自社倉庫,0,0,flc-004-2-15,0,,,
0,71032-00000515,flc-004-1-20,1,老眼鏡,0,0,0,0,0,0,999,RFC倉庫,0,0,flc-004-1-20,0,,,
0,71032-00000515,flc-004-1-20,1,老眼鏡,0,0,0,0,0,0,61144,自社倉庫,0,0,flc-004-1-20,0,,,
0,71032-00000516,flc-004-2-20,1,老眼鏡,0,0,0,0,0,0,999,RFC倉庫,0,0,flc-004-2-20,0,,,
0,71032-00000516,flc-004-2-20,1,老眼鏡,0,0,0,0,0,0,61144,自社倉庫,0,0,flc-004-2-20,0,,,
0,71032-00000517,flc-004-1-25,1,老眼鏡,0,0,0,0,0,0,999,RFC倉庫,0,0,flc-004-1-25,0,,,
0,71032-00000517,flc-004-1-25,1,老眼鏡,0,0,0,0,0,0,61144,自社倉庫,0,0,flc-004-1-25,0,,,
0,71032-00000518,flc-004-2-25,1,老眼鏡,0,0,0,0,0,0,999,RFC倉庫,0,0,flc-004-2-25,0,,,
0,71032-00000518,flc-004-2-25,1,老眼鏡,0,0,0,0,0,0,61144,自社倉庫,0,0,flc-004-2-25,0,,,
0,71032-00000519,flc-004-1-30,1,老眼鏡,0,0,0,0,0,0,999,RFC倉庫,0,0,flc-004-1-30,0,,,
0,71032-00000519,flc-004-1-30,1,老眼鏡,0,0,0,0,0,0,61144,自社倉庫,0,0,flc-004-1-30,0,,,
0,71032-00000520,flc-004-2-30,1,老眼鏡,0,0,0,0,0,0,999,RFC倉庫,0,0,flc-004-2-30,0,,,
0,71032-00000520,flc-004-2-30,1,老眼鏡,0,0,0,0,0,0,61144,自社倉庫,0,0,flc-004-2-30,0,,,
0,71032-00000521,flc-004pc-1p,0,PCメガネ,0,0,0,0,0,0,999,RFC倉庫,0,0,flc-004pc-1p,0,,,
0,71032-00000521,flc-004pc-1p,0,PCメガネ,0,0,0,0,0,0,61144,自社倉庫,0,0,flc-004pc-1p,0,,,
0,71032-00000522,flc-004pc-2p,0,PCメガネ,0,0,0,0,0,0,999,RFC倉庫,0,0,flc-004pc-2p,0,,,
0,71032-00000522,flc-004pc-2p,0,PCメガネ,0,0,0,0,0,0,61144,自社倉庫,0,0,flc-004pc-2p,0,,,
0,71032-00000523,fll-001-1-10,0,老眼鏡,0,0,0,0,0,0,999,RFC倉庫,0,0,fll-001-1-10,0,,,
0,71032-00000523,fll-001-1-10,0,老眼鏡,0,0,0,0,0,0,61144,自社倉庫,0,0,fll-001-1-10,0,,,
0,71032-00000524,fll-001-2-10,0,老眼鏡,0,0,0,0,0,0,999,RFC倉庫,0,0,fll-001-2-10,0,,,
0,71032-00000524,fll-001-2-10,0,老眼鏡,0,0,0,0,0,0,61144,自社倉庫,0,0,fll-001-2-10,0,,,
0,71032-00000525,fll-001-1-15,0,老眼鏡,0,0,0,0,0,0,999,RFC倉庫,0,0,fll-001-1-15,0,,,
0,71032-00000525,fll-001-1-15,0,老眼鏡,0,0,0,0,0,0,61144,自社倉庫,0,0,fll-001-1-15,0,,,
0,71032-00000526,fll-001-2-15,0,老眼鏡,0,0,0,0,0,0,999,RFC倉庫,0,0,fll-001-2-15,0,,,
0,71032-00000526,fll-001-2-15,0,老眼鏡,0,0,0,0,0,0,61144,自社倉庫,0,0,fll-001-2-15,0,,,
0,71032-00000527,fll-001-1-20,0,老眼鏡,0,0,0,0,0,0,999,RFC倉庫,0,0,fll-001-1-20,0,,,
0,71032-00000527,fll-001-1-20,0,老眼鏡,0,0,0,0,0,0,61144,自社倉庫,0,0,fll-001-1-20,0,,,
0,71032-00000528,fll-001-2-20,0,老眼鏡,0,0,0,0,0,0,999,RFC倉庫,0,0,fll-001-2-20,0,,,
0,71032-00000528,fll-001-2-20,0,老眼鏡,0,0,0,0,0,0,61144,自社倉庫,0,0,fll-001-2-20,0,,,
0,71032-00000529,fll-001-1-25,0,老眼鏡,0,0,0,0,0,0,999,RFC倉庫,0,0,fll-001-1-25,0,,,
0,71032-00000529,fll-001-1-25,0,老眼鏡,0,0,0,0,0,0,61144,自社倉庫,0,0,fll-001-1-25,0,,,
0,71032-00000530,fll-001-2-25,0,老眼鏡,0,0,0,0,0,0,999,RFC倉庫,0,0,fll-001-2-25,0,,,
0,71032-00000530,fll-001-2-25,0,老眼鏡,0,0,0,0,0,0,61144,自社倉庫,0,0,fll-001-2-25,0,,,
0,71032-00000531,fll-001-1-30,0,老眼鏡,0,0,0,0,0,0,999,RFC倉庫,0,0,fll-001-1-30,0,,,
0,71032-00000531,fll-001-1-30,0,老眼鏡,0,0,0,0,0,0,61144,自社倉庫,0,0,fll-001-1-30,0,,,
0,71032-00000532,fll-001-2-30,0,老眼鏡,0,0,0,0,0,0,999,RFC倉庫,0,0,fll-001-2-30,0,,,
0,71032-00000532,fll-001-2-30,0,老眼鏡,0,0,0,0,0,0,61144,自社倉庫,0,0,fll-001-2-30,0,,,
0,71032-00000533,fll-001pc-1p,0,PCメガネ,0,0,0,0,0,0,999,RFC倉庫,0,0,fll-001pc-1p,0,,,
0,71032-00000533,fll-001pc-1p,0,PCメガネ,0,0,0,0,0,0,61144,自社倉庫,0,0,fll-001pc-1p,0,,,
0,71032-00000534,fll-001pc-2p,0,PCメガネ,0,0,0,0,0,0,999,RFC倉庫,0,0,fll-001pc-2p,0,,,
0,71032-00000534,fll-001pc-2p,0,PCメガネ,0,0,0,0,0,0,61144,自社倉庫,0,0,fll-001pc-2p,0,,,
0,71032-00000535,fll-002-1-10,0,老眼鏡,0,0,0,0,0,0,999,RFC倉庫,0,0,fll-002-1-10,0,,,
0,71032-00000535,fll-002-1-10,0,老眼鏡,0,0,0,0,0,0,61144,自社倉庫,0,0,fll-002-1-10,0,,,
0,71032-00000536,fll-002-2-10,0,老眼鏡,0,0,0,0,0,0,999,RFC倉庫,0,0,fll-002-2-10,0,,,
0,71032-00000536,fll-002-2-10,0,老眼鏡,0,0,0,0,0,0,61144,自社倉庫,0,0,fll-002-2-10,0,,,
0,71032-00000537,fll-002-1-15,0,老眼鏡,0,0,0,0,0,0,999,RFC倉庫,0,0,fll-002-1-15,0,,,
0,71032-00000537,fll-002-1-15,0,老眼鏡,0,0,0,0,0,0,61144,自社倉庫,0,0,fll-002-1-15,0,,,
0,71032-00000538,fll-002-2-15,0,老眼鏡,0,0,0,0,0,0,999,RFC倉庫,0,0,fll-002-2-15,0,,,
0,71032-00000538,fll-002-2-15,0,老眼鏡,0,0,0,0,0,0,61144,自社倉庫,0,0,fll-002-2-15,0,,,
0,71032-00000539,fll-002-1-20,0,老眼鏡,0,0,0,0,0,0,999,RFC倉庫,0,0,fll-002-1-20,0,,,
0,71032-00000539,fll-002-1-20,0,老眼鏡,0,0,0,0,0,0,61144,自社倉庫,0,0,fll-002-1-20,0,,,
0,71032-00000540,fll-002-2-20,0,老眼鏡,0,0,0,0,0,0,999,RFC倉庫,0,0,fll-002-2-20,0,,,
0,71032-00000540,fll-002-2-20,0,老眼鏡,0,0,0,0,0,0,61144,自社倉庫,0,0,fll-002-2-20,0,,,
0,71032-00000541,fll-002-1-25,0,老眼鏡,0,0,0,0,0,0,999,RFC倉庫,0,0,fll-002-1-25,0,,,
0,71032-00000541,fll-002-1-25,0,老眼鏡,0,0,0,0,0,0,61144,自社倉庫,0,0,fll-002-1-25,0,,,
0,71032-00000542,fll-002-2-25,0,老眼鏡,0,0,0,0,0,0,999,RFC倉庫,0,0,fll-002-2-25,0,,,
0,71032-00000542,fll-002-2-25,0,老眼鏡,0,0,0,0,0,0,61144,自社倉庫,0,0,fll-002-2-25,0,,,
0,71032-00000543,fll-002-1-30,0,老眼鏡,0,0,0,0,0,0,999,RFC倉庫,0,0,fll-002-1-30,0,,,
0,71032-00000543,fll-002-1-30,0,老眼鏡,0,0,0,0,0,0,61144,自社倉庫,0,0,fll-002-1-30,0,,,
0,71032-00000544,fll-002-2-30,0,老眼鏡,0,0,0,0,0,0,999,RFC倉庫,0,0,fll-002-2-30,0,,,
0,71032-00000544,fll-002-2-30,0,老眼鏡,0,0,0,0,0,0,61144,自社倉庫,0,0,fll-002-2-30,0,,,
0,71032-00000545,fll-003-1-10,0,老眼鏡,0,0,0,0,0,0,999,RFC倉庫,0,0,fll-003-1-10,0,,,
0,71032-00000545,fll-003-1-10,0,老眼鏡,0,0,0,0,0,0,61144,自社倉庫,0,0,fll-003-1-10,0,,,
0,71032-00000546,fll-003-2-10,0,老眼鏡,0,0,0,0,0,0,999,RFC倉庫,0,0,fll-003-2-10,0,,,
0,71032-00000546,fll-003-2-10,0,老眼鏡,0,0,0,0,0,0,61144,自社倉庫,0,0,fll-003-2-10,0,,,
0,71032-00000547,fll-003-1-15,0,老眼鏡,0,0,0,0,0,0,999,RFC倉庫,0,0,fll-003-1-15,0,,,
0,71032-00000547,fll-003-1-15,0,老眼鏡,0,0,0,0,0,0,61144,自社倉庫,0,0,fll-003-1-15,0,,,
0,71032-00000548,fll-003-2-15,0,老眼鏡,0,0,0,0,0,0,999,RFC倉庫,0,0,fll-003-2-15,0,,,
0,71032-00000548,fll-003-2-15,0,老眼鏡,0,0,0,0,0,0,61144,自社倉庫,0,0,fll-003-2-15,0,,,
0,71032-00000549,fll-003-1-20,0,老眼鏡,0,0,0,0,0,0,999,RFC倉庫,0,0,fll-003-1-20,0,,,
0,71032-00000549,fll-003-1-20,0,老眼鏡,0,0,0,0,0,0,61144,自社倉庫,0,0,fll-003-1-20,0,,,
0,71032-00000550,fll-003-2-20,0,老眼鏡,0,0,0,0,0,0,999,RFC倉庫,0,0,fll-003-2-20,0,,,
0,71032-00000550,fll-003-2-20,0,老眼鏡,0,0,0,0,0,0,61144,自社倉庫,0,0,fll-003-2-20,0,,,
0,71032-00000551,fll-003-1-25,0,老眼鏡,0,0,0,0,0,0,999,RFC倉庫,0,0,fll-003-1-25,0,,,
0,71032-00000551,fll-003-1-25,0,老眼鏡,0,0,0,0,0,0,61144,自社倉庫,0,0,fll-003-1-25,0,,,
0,71032-00000552,fll-003-2-25,0,老眼鏡,0,0,0,0,0,0,999,RFC倉庫,0,0,fll-003-2-25,0,,,
0,71032-00000552,fll-003-2-25,0,老眼鏡,0,0,0,0,0,0,61144,自社倉庫,0,0,fll-003-2-25,0,,,
0,71032-00000553,fll-003-1-30,0,老眼鏡,0,0,0,0,0,0,999,RFC倉庫,0,0,fll-003-1-30,0,,,
0,71032-00000553,fll-003-1-30,0,老眼鏡,0,0,0,0,0,0,61144,自社倉庫,0,0,fll-003-1-30,0,,,
0,71032-00000554,fll-003-2-30,0,老眼鏡,0,0,0,0,0,0,999,RFC倉庫,0,0,fll-003-2-30,0,,,
0,71032-00000554,fll-003-2-30,0,老眼鏡,0,0,0,0,0,0,61144,自社倉庫,0,0,fll-003-2-30,0,,,
0,71032-00000555,fll-004-1-10,0,老眼鏡,0,0,0,0,0,0,999,RFC倉庫,0,0,fll-004-1-10,0,,,
0,71032-00000555,fll-004-1-10,0,老眼鏡,0,0,0,0,0,0,61144,自社倉庫,0,0,fll-004-1-10,0,,,
0,71032-00000556,fll-004-2-10,0,老眼鏡,0,0,0,0,0,0,999,RFC倉庫,0,0,fll-004-2-10,0,,,
0,71032-00000556,fll-004-2-10,0,老眼鏡,0,0,0,0,0,0,61144,自社倉庫,0,0,fll-004-2-10,0,,,
0,71032-00000557,fll-004-1-15,0,老眼鏡,0,0,0,0,0,0,999,RFC倉庫,0,0,fll-004-1-15,0,,,
0,71032-00000557,fll-004-1-15,0,老眼鏡,0,0,0,0,0,0,61144,自社倉庫,0,0,fll-004-1-15,0,,,
0,71032-00000558,fll-004-2-15,0,老眼鏡,0,0,0,0,0,0,999,RFC倉庫,0,0,fll-004-2-15,0,,,
0,71032-00000558,fll-004-2-15,0,老眼鏡,0,0,0,0,0,0,61144,自社倉庫,0,0,fll-004-2-15,0,,,
0,71032-00000559,fll-004-1-20,0,老眼鏡,0,0,0,0,0,0,999,RFC倉庫,0,0,fll-004-1-20,0,,,
0,71032-00000559,fll-004-1-20,0,老眼鏡,0,0,0,0,0,0,61144,自社倉庫,0,0,fll-004-1-20,0,,,
0,71032-00000560,fll-004-2-20,0,老眼鏡,0,0,0,0,0,0,999,RFC倉庫,0,0,fll-004-2-20,0,,,
0,71032-00000560,fll-004-2-20,0,老眼鏡,0,0,0,0,0,0,61144,自社倉庫,0,0,fll-004-2-20,0,,,
0,71032-00000561,fll-004-1-25,0,老眼鏡,0,0,0,0,0,0,999,RFC倉庫,0,0,fll-004-1-25,0,,,
0,71032-00000561,fll-004-1-25,0,老眼鏡,0,0,0,0,0,0,61144,自社倉庫,0,0,fll-004-1-25,0,,,
0,71032-00000562,fll-004-2-25,0,老眼鏡,0,0,0,0,0,0,999,RFC倉庫,0,0,fll-004-2-25,0,,,
0,71032-00000562,fll-004-2-25,0,老眼鏡,0,0,0,0,0,0,61144,自社倉庫,0,0,fll-004-2-25,0,,,
0,71032-00000563,fll-004-1-30,0,老眼鏡,0,0,0,0,0,0,999,RFC倉庫,0,0,fll-004-1-30,0,,,
0,71032-00000563,fll-004-1-30,0,老眼鏡,0,0,0,0,0,0,61144,自社倉庫,0,0,fll-004-1-30,0,,,
0,71032-00000564,fll-004-2-30,0,老眼鏡,0,0,0,0,0,0,999,RFC倉庫,0,0,fll-004-2-30,0,,,
0,71032-00000564,fll-004-2-30,0,老眼鏡,0,0,0,0,0,0,61144,自社倉庫,0,0,fll-004-2-30,0,,,
0,71032-00000565,fll-005-1-10,0,老眼鏡,0,0,0,0,0,0,999,RFC倉庫,0,0,fll-005-1-10,0,,,
0,71032-00000565,fll-005-1-10,0,老眼鏡,0,0,0,0,0,0,61144,自社倉庫,0,0,fll-005-1-10,0,,,
0,71032-00000566,fll-005-2-10,0,老眼鏡,0,0,0,0,0,0,999,RFC倉庫,0,0,fll-005-2-10,0,,,
0,71032-00000566,fll-005-2-10,0,老眼鏡,0,0,0,0,0,0,61144,自社倉庫,0,0,fll-005-2-10,0,,,
0,71032-00000567,fll-005-1-15,0,老眼鏡,0,0,0,0,0,0,999,RFC倉庫,0,0,fll-005-1-15,0,,,
0,71032-00000567,fll-005-1-15,0,老眼鏡,0,0,0,0,0,0,61144,自社倉庫,0,0,fll-005-1-15,0,,,
0,71032-00000568,fll-005-2-15,0,老眼鏡,0,0,0,0,0,0,999,RFC倉庫,0,0,fll-005-2-15,0,,,
0,71032-00000568,fll-005-2-15,0,老眼鏡,0,0,0,0,0,0,61144,自社倉庫,0,0,fll-005-2-15,0,,,
0,71032-00000569,fll-005-1-20,0,老眼鏡,0,0,0,0,0,0,999,RFC倉庫,0,0,fll-005-1-20,0,,,
0,71032-00000569,fll-005-1-20,0,老眼鏡,0,0,0,0,0,0,61144,自社倉庫,0,0,fll-005-1-20,0,,,
0,71032-00000570,fll-005-2-20,0,老眼鏡,0,0,0,0,0,0,999,RFC倉庫,0,0,fll-005-2-20,0,,,
0,71032-00000570,fll-005-2-20,0,老眼鏡,0,0,0,0,0,0,61144,自社倉庫,0,0,fll-005-2-20,0,,,
0,71032-00000571,fll-005-1-25,0,老眼鏡,0,0,0,0,0,0,999,RFC倉庫,0,0,fll-005-1-25,0,,,
0,71032-00000571,fll-005-1-25,0,老眼鏡,0,0,0,0,0,0,61144,自社倉庫,0,0,fll-005-1-25,0,,,
0,71032-00000572,fll-005-2-25,0,老眼鏡,0,0,0,0,0,0,999,RFC倉庫,0,0,fll-005-2-25,0,,,
0,71032-00000572,fll-005-2-25,0,老眼鏡,0,0,0,0,0,0,61144,自社倉庫,0,0,fll-005-2-25,0,,,
0,71032-00000573,fll-005-1-30,0,老眼鏡,0,0,0,0,0,0,999,RFC倉庫,0,0,fll-005-1-30,0,,,
0,71032-00000573,fll-005-1-30,0,老眼鏡,0,0,0,0,0,0,61144,自社倉庫,0,0,fll-005-1-30,0,,,
0,71032-00000574,fll-005-2-30,0,老眼鏡,0,0,0,0,0,0,999,RFC倉庫,0,0,fll-005-2-30,0,,,
0,71032-00000574,fll-005-2-30,0,老眼鏡,0,0,0,0,0,0,61144,自社倉庫,0,0,fll-005-2-30,0,,,
5,71032-00000575,fll-006-1-10,1,老眼鏡,5,0,0,0,0,5,999,RFC倉庫,5,0,fll-006-1-10,0,,,
0,71032-00000575,fll-006-1-10,1,老眼鏡,5,0,0,0,0,5,61144,自社倉庫,0,0,fll-006-1-10,0,,,
5,71032-00000576,fll-006-2-10,1,老眼鏡,0,5,0,0,0,5,999,RFC倉庫,5,5,fll-006-2-10,0,,,
0,71032-00000576,fll-006-2-10,1,老眼鏡,0,5,0,0,0,5,61144,自社倉庫,0,0,fll-006-2-10,0,,,
7,71032-00000577,fll-006-1-15,1,老眼鏡,4,3,0,0,0,7,999,RFC倉庫,7,3,fll-006-1-15,0,,,
0,71032-00000577,fll-006-1-15,1,老眼鏡,4,3,0,0,0,7,61144,自社倉庫,0,0,fll-006-1-15,0,,,
3,71032-00000578,fll-006-2-15,1,老眼鏡,2,1,0,0,0,3,999,RFC倉庫,3,1,fll-006-2-15,0,,,
0,71032-00000578,fll-006-2-15,1,老眼鏡,2,1,0,0,0,3,61144,自社倉庫,0,0,fll-006-2-15,0,,,
3,71032-00000579,fll-006-1-20,1,老眼鏡,0,3,0,0,0,3,999,RFC倉庫,3,3,fll-006-1-20,0,,,
0,71032-00000579,fll-006-1-20,1,老眼鏡,0,3,0,0,0,3,61144,自社倉庫,0,0,fll-006-1-20,0,,,
1,71032-00000580,fll-006-2-20,1,老眼鏡,0,1,0,0,0,1,999,RFC倉庫,1,1,fll-006-2-20,0,,,
0,71032-00000580,fll-006-2-20,1,老眼鏡,0,1,0,0,0,1,61144,自社倉庫,0,0,fll-006-2-20,0,,,
6,71032-00000581,fll-006-1-25,1,老眼鏡,5,1,0,0,0,6,999,RFC倉庫,6,1,fll-006-1-25,0,,,
0,71032-00000581,fll-006-1-25,1,老眼鏡,5,1,0,0,0,6,61144,自社倉庫,0,0,fll-006-1-25,0,,,
1,71032-00000582,fll-006-2-25,1,老眼鏡,0,1,0,0,0,1,999,RFC倉庫,1,1,fll-006-2-25,0,,,
0,71032-00000582,fll-006-2-25,1,老眼鏡,0,1,0,0,0,1,61144,自社倉庫,0,0,fll-006-2-25,0,,,
2,71032-00000583,fll-006-1-30,1,老眼鏡,0,2,0,0,0,2,999,RFC倉庫,2,2,fll-006-1-30,0,,,
0,71032-00000583,fll-006-1-30,1,老眼鏡,0,2,0,0,0,2,61144,自社倉庫,0,0,fll-006-1-30,0,,,
10,71032-00000584,fll-006-2-30,1,老眼鏡,8,2,0,0,0,10,999,RFC倉庫,10,2,fll-006-2-30,0,,,
0,71032-00000584,fll-006-2-30,1,老眼鏡,8,2,0,0,0,10,61144,自社倉庫,0,0,fll-006-2-30,0,,,
0,71032-00000585,fll-100-1-10,1,老眼鏡,0,0,0,0,0,0,999,RFC倉庫,0,0,fll-100-1-10,0,,,
0,71032-00000585,fll-100-1-10,1,老眼鏡,0,0,0,0,0,0,61144,自社倉庫,0,0,fll-100-1-10,0,,,
0,71032-00000586,fll-100-2-10,1,老眼鏡,0,0,0,0,0,0,999,RFC倉庫,0,0,fll-100-2-10,0,,,
0,71032-00000586,fll-100-2-10,1,老眼鏡,0,0,0,0,0,0,61144,自社倉庫,0,0,fll-100-2-10,0,,,
0,71032-00000587,fll-100-1-15,1,老眼鏡,0,0,0,0,0,0,999,RFC倉庫,0,0,fll-100-1-15,0,,,
0,71032-00000587,fll-100-1-15,1,老眼鏡,0,0,0,0,0,0,61144,自社倉庫,0,0,fll-100-1-15,0,,,
0,71032-00000588,fll-100-2-15,1,老眼鏡,0,0,0,0,0,0,999,RFC倉庫,0,0,fll-100-2-15,0,,,
0,71032-00000588,fll-100-2-15,1,老眼鏡,0,0,0,0,0,0,61144,自社倉庫,0,0,fll-100-2-15,0,,,
0,71032-00000589,fll-100-1-20,1,老眼鏡,0,0,0,0,0,0,999,RFC倉庫,0,0,fll-100-1-20,0,,,
0,71032-00000589,fll-100-1-20,1,老眼鏡,0,0,0,0,0,0,61144,自社倉庫,0,0,fll-100-1-20,0,,,
0,71032-00000590,fll-100-2-20,1,老眼鏡,0,0,0,0,0,0,999,RFC倉庫,0,0,fll-100-2-20,0,,,
0,71032-00000590,fll-100-2-20,1,老眼鏡,0,0,0,0,0,0,61144,自社倉庫,0,0,fll-100-2-20,0,,,
0,71032-00000591,fll-100-1-25,1,老眼鏡,0,0,0,0,0,0,999,RFC倉庫,0,0,fll-100-1-25,0,,,
0,71032-00000591,fll-100-1-25,1,老眼鏡,0,0,0,0,0,0,61144,自社倉庫,0,0,fll-100-1-25,0,,,
0,71032-00000592,fll-100-2-25,1,老眼鏡,0,0,0,0,0,0,999,RFC倉庫,0,0,fll-100-2-25,0,,,
0,71032-00000592,fll-100-2-25,1,老眼鏡,0,0,0,0,0,0,61144,自社倉庫,0,0,fll-100-2-25,0,,,
10,71032-00000593,fll-3000-1-10,1,老眼鏡,9,1,0,0,0,10,999,RFC倉庫,10,1,fll-3000-1-10,0,,,
0,71032-00000593,fll-3000-1-10,1,老眼鏡,9,1,0,0,0,10,61144,自社倉庫,0,0,fll-3000-1-10,0,,,
12,71032-00000594,fll-3000-2-10,1,老眼鏡,12,0,0,0,0,12,999,RFC倉庫,12,0,fll-3000-2-10,0,,,
0,71032-00000594,fll-3000-2-10,1,老眼鏡,12,0,0,0,0,12,61144,自社倉庫,0,0,fll-3000-2-10,0,,,
11,71032-00000595,fll-3000-1-15,1,老眼鏡,11,0,0,0,0,11,999,RFC倉庫,11,0,fll-3000-1-15,0,,,
0,71032-00000595,fll-3000-1-15,1,老眼鏡,11,0,0,0,0,11,61144,自社倉庫,0,0,fll-3000-1-15,0,,,
11,71032-00000596,fll-3000-2-15,1,老眼鏡,10,1,0,0,0,11,999,RFC倉庫,11,1,fll-3000-2-15,0,,,
0,71032-00000596,fll-3000-2-15,1,老眼鏡,10,1,0,0,0,11,61144,自社倉庫,0,0,fll-3000-2-15,0,,,
0,71032-00000597,fll-3000-1-20,1,老眼鏡,0,0,0,0,0,0,999,RFC倉庫,0,0,fll-3000-1-20,0,,,
0,71032-00000597,fll-3000-1-20,1,老眼鏡,0,0,0,0,0,0,61144,自社倉庫,0,0,fll-3000-1-20,0,,,
7,71032-00000598,fll-3000-2-20,1,老眼鏡,7,0,0,0,0,7,999,RFC倉庫,7,0,fll-3000-2-20,0,,,
0,71032-00000598,fll-3000-2-20,1,老眼鏡,7,0,0,0,0,7,61144,自社倉庫,0,0,fll-3000-2-20,0,,,
0,71032-00000599,fll-3000-1-25,1,老眼鏡,0,0,0,0,0,0,999,RFC倉庫,0,0,fll-3000-1-25,0,,,
0,71032-00000599,fll-3000-1-25,1,老眼鏡,0,0,0,0,0,0,61144,自社倉庫,0,0,fll-3000-1-25,0,,,
0,71032-00000600,fll-3000-2-25,1,老眼鏡,0,0,0,0,0,0,999,RFC倉庫,0,0,fll-3000-2-25,0,,,
0,71032-00000600,fll-3000-2-25,1,老眼鏡,0,0,0,0,0,0,61144,自社倉庫,0,0,fll-3000-2-25,0,,,
0,71032-00000605,fll-3001-1-10,1,老眼鏡,0,0,0,0,0,0,999,RFC倉庫,0,0,fll-3001-1-10,0,,,
0,71032-00000605,fll-3001-1-10,1,老眼鏡,0,0,0,0,0,0,61144,自社倉庫,0,0,fll-3001-1-10,0,,,
0,71032-00000606,fll-3001-2-10,1,老眼鏡,0,0,0,0,0,0,999,RFC倉庫,0,0,fll-3001-2-10,0,,,
0,71032-00000606,fll-3001-2-10,1,老眼鏡,0,0,0,0,0,0,61144,自社倉庫,0,0,fll-3001-2-10,0,,,
0,71032-00000607,fll-3001-1-15,1,老眼鏡,0,0,0,0,0,0,999,RFC倉庫,0,0,fll-3001-1-15,0,,,
0,71032-00000607,fll-3001-1-15,1,老眼鏡,0,0,0,0,0,0,61144,自社倉庫,0,0,fll-3001-1-15,0,,,
0,71032-00000608,fll-3001-2-15,1,老眼鏡,0,0,0,0,0,0,999,RFC倉庫,0,0,fll-3001-2-15,0,,,
0,71032-00000608,fll-3001-2-15,1,老眼鏡,0,0,0,0,0,0,61144,自社倉庫,0,0,fll-3001-2-15,0,,,
0,71032-00000609,fll-3001-1-20,1,老眼鏡,0,0,0,0,0,0,999,RFC倉庫,0,0,fll-3001-1-20,0,,,
0,71032-00000609,fll-3001-1-20,1,老眼鏡,0,0,0,0,0,0,61144,自社倉庫,0,0,fll-3001-1-20,0,,,
0,71032-00000610,fll-3001-2-20,1,老眼鏡,0,0,0,0,0,0,999,RFC倉庫,0,0,fll-3001-2-20,0,,,
0,71032-00000610,fll-3001-2-20,1,老眼鏡,0,0,0,0,0,0,61144,自社倉庫,0,0,fll-3001-2-20,0,,,
0,71032-00000611,fll-3001-1-25,1,老眼鏡,0,0,0,0,0,0,999,RFC倉庫,0,0,fll-3001-1-25,0,,,
0,71032-00000611,fll-3001-1-25,1,老眼鏡,0,0,0,0,0,0,61144,自社倉庫,0,0,fll-3001-1-25,0,,,
0,71032-00000612,fll-3001-2-25,1,老眼鏡,0,0,0,0,0,0,999,RFC倉庫,0,0,fll-3001-2-25,0,,,
0,71032-00000612,fll-3001-2-25,1,老眼鏡,0,0,0,0,0,0,61144,自社倉庫,0,0,fll-3001-2-25,0,,,
0,71032-00000621,fll-3003-1-10,1,老眼鏡,0,0,0,0,0,0,999,RFC倉庫,0,0,fll-3003-1-10,0,,,
0,71032-00000621,fll-3003-1-10,1,老眼鏡,0,0,0,0,0,0,61144,自社倉庫,0,0,fll-3003-1-10,0,,,
0,71032-00000622,fll-3003-2-10,1,老眼鏡,0,0,0,0,0,0,999,RFC倉庫,0,0,fll-3003-2-10,0,,,
0,71032-00000622,fll-3003-2-10,1,老眼鏡,0,0,0,0,0,0,61144,自社倉庫,0,0,fll-3003-2-10,0,,,
0,71032-00000623,fll-3003-1-15,1,老眼鏡,0,0,0,0,0,0,999,RFC倉庫,0,0,fll-3003-1-15,0,,,
0,71032-00000623,fll-3003-1-15,1,老眼鏡,0,0,0,0,0,0,61144,自社倉庫,0,0,fll-3003-1-15,0,,,
0,71032-00000624,fll-3003-2-15,1,老眼鏡,0,0,0,0,0,0,999,RFC倉庫,0,0,fll-3003-2-15,0,,,
0,71032-00000624,fll-3003-2-15,1,老眼鏡,0,0,0,0,0,0,61144,自社倉庫,0,0,fll-3003-2-15,0,,,
0,71032-00000625,fll-3003-1-20,1,老眼鏡,0,0,0,0,0,0,999,RFC倉庫,0,0,fll-3003-1-20,0,,,
0,71032-00000625,fll-3003-1-20,1,老眼鏡,0,0,0,0,0,0,61144,自社倉庫,0,0,fll-3003-1-20,0,,,
0,71032-00000626,fll-3003-2-20,1,老眼鏡,0,0,0,0,0,0,999,RFC倉庫,0,0,fll-3003-2-20,0,,,
0,71032-00000626,fll-3003-2-20,1,老眼鏡,0,0,0,0,0,0,61144,自社倉庫,0,0,fll-3003-2-20,0,,,
0,71032-00000627,fll-3003-1-25,1,老眼鏡,0,0,0,0,0,0,999,RFC倉庫,0,0,fll-3003-1-25,0,,,
0,71032-00000627,fll-3003-1-25,1,老眼鏡,0,0,0,0,0,0,61144,自社倉庫,0,0,fll-3003-1-25,0,,,
0,71032-00000628,fll-3003-2-25,1,老眼鏡,0,0,0,0,0,0,999,RFC倉庫,0,0,fll-3003-2-25,0,,,
0,71032-00000628,fll-3003-2-25,1,老眼鏡,0,0,0,0,0,0,61144,自社倉庫,0,0,fll-3003-2-25,0,,,
11,71032-00000629,flm-001-1-10,3,老眼鏡,9,2,0,0,0,11,999,RFC倉庫,11,2,flm-001-1-10,0,,,
0,71032-00000629,flm-001-1-10,3,老眼鏡,9,2,0,0,0,11,61144,自社倉庫,0,0,flm-001-1-10,0,,,
10,71032-00000630,flm-001-2-10,1,老眼鏡,10,0,0,0,0,10,999,RFC倉庫,10,0,flm-001-2-10,0,,,
0,71032-00000630,flm-001-2-10,1,老眼鏡,10,0,0,0,0,10,61144,自社倉庫,0,0,flm-001-2-10,0,,,
8,71032-00000631,flm-001-2-15,1,老眼鏡,8,0,0,0,0,8,999,RFC倉庫,8,0,flm-001-2-15,0,,,
0,71032-00000631,flm-001-2-15,1,老眼鏡,8,0,0,0,0,8,61144,自社倉庫,0,0,flm-001-2-15,0,,,
7,71032-00000632,flm-001-1-20,3,老眼鏡,6,1,0,0,0,7,999,RFC倉庫,7,1,flm-001-1-20,0,,,
0,71032-00000632,flm-001-1-20,3,老眼鏡,6,1,0,0,0,7,61144,自社倉庫,0,0,flm-001-1-20,0,,,
8,71032-00000633,flm-001-2-20,3,老眼鏡,8,0,0,0,0,8,999,RFC倉庫,8,0,flm-001-2-20,0,,,
0,71032-00000633,flm-001-2-20,3,老眼鏡,8,0,0,0,0,8,61144,自社倉庫,0,0,flm-001-2-20,0,,,
8,71032-00000634,flm-001-1-25,3,老眼鏡,7,1,0,0,0,8,999,RFC倉庫,8,1,flm-001-1-25,0,,,
0,71032-00000634,flm-001-1-25,3,老眼鏡,7,1,0,0,0,8,61144,自社倉庫,0,0,flm-001-1-25,0,,,
11,71032-00000635,flm-001-2-25,1,老眼鏡,11,0,0,0,0,11,999,RFC倉庫,11,0,flm-001-2-25,0,,,
0,71032-00000635,flm-001-2-25,1,老眼鏡,11,0,0,0,0,11,61144,自社倉庫,0,0,flm-001-2-25,0,,,
4,71032-00000636,flm-001-1-30,1,老眼鏡,3,1,0,0,0,4,999,RFC倉庫,4,1,flm-001-1-30,0,,,
0,71032-00000636,flm-001-1-30,1,老眼鏡,3,1,0,0,0,4,61144,自社倉庫,0,0,flm-001-1-30,0,,,
7,71032-00000637,flm-001-2-30,1,老眼鏡,7,0,0,0,0,7,999,RFC倉庫,7,0,flm-001-2-30,0,,,
0,71032-00000637,flm-001-2-30,1,老眼鏡,7,0,0,0,0,7,61144,自社倉庫,0,0,flm-001-2-30,0,,,
11,71032-00000638,flm-002-1-10,1,老眼鏡,11,0,0,0,0,11,999,RFC倉庫,11,0,flm-002-1-10,0,,,
0,71032-00000638,flm-002-1-10,1,老眼鏡,11,0,0,0,0,11,61144,自社倉庫,0,0,flm-002-1-10,0,,,
10,71032-00000639,flm-002-2-10,1,老眼鏡,10,0,0,0,0,10,999,RFC倉庫,10,0,flm-002-2-10,0,,,
0,71032-00000639,flm-002-2-10,1,老眼鏡,10,0,0,0,0,10,61144,自社倉庫,0,0,flm-002-2-10,0,,,
13,71032-00000640,flm-002-1-15,3,老眼鏡,13,0,0,0,0,13,999,RFC倉庫,13,0,flm-002-1-15,0,,,
0,71032-00000640,flm-002-1-15,3,老眼鏡,13,0,0,0,0,13,61144,自社倉庫,0,0,flm-002-1-15,0,,,
13,71032-00000641,flm-002-2-15,1,老眼鏡,13,0,0,0,0,13,999,RFC倉庫,13,0,flm-002-2-15,0,,,
0,71032-00000641,flm-002-2-15,1,老眼鏡,13,0,0,0,0,13,61144,自社倉庫,0,0,flm-002-2-15,0,,,
13,71032-00000642,flm-002-1-20,3,老眼鏡,13,0,0,0,0,13,999,RFC倉庫,13,0,flm-002-1-20,0,,,
0,71032-00000642,flm-002-1-20,3,老眼鏡,13,0,0,0,0,13,61144,自社倉庫,0,0,flm-002-1-20,0,,,
10,71032-00000643,flm-002-2-20,1,老眼鏡,10,0,0,0,0,10,999,RFC倉庫,10,0,flm-002-2-20,0,,,
0,71032-00000643,flm-002-2-20,1,老眼鏡,10,0,0,0,0,10,61144,自社倉庫,0,0,flm-002-2-20,0,,,
9,71032-00000644,flm-002-1-25,1,老眼鏡,9,0,0,0,0,9,999,RFC倉庫,9,0,flm-002-1-25,0,,,
0,71032-00000644,flm-002-1-25,1,老眼鏡,9,0,0,0,0,9,61144,自社倉庫,0,0,flm-002-1-25,0,,,
3,71032-00000645,flm-002-2-25,1,老眼鏡,3,0,0,0,0,3,999,RFC倉庫,3,0,flm-002-2-25,0,,,
0,71032-00000645,flm-002-2-25,1,老眼鏡,3,0,0,0,0,3,61144,自社倉庫,0,0,flm-002-2-25,0,,,
5,71032-00000646,flm-002-1-30,1,老眼鏡,5,0,0,0,0,5,999,RFC倉庫,5,0,flm-002-1-30,0,,,
0,71032-00000646,flm-002-1-30,1,老眼鏡,5,0,0,0,0,5,61144,自社倉庫,0,0,flm-002-1-30,0,,,
7,71032-00000647,flm-002-2-30,1,老眼鏡,6,1,0,0,0,7,999,RFC倉庫,7,1,flm-002-2-30,0,,,
0,71032-00000647,flm-002-2-30,1,老眼鏡,6,1,0,0,0,7,61144,自社倉庫,0,0,flm-002-2-30,0,,,
0,71032-00000648,flm-003-1-10,0,老眼鏡,0,0,0,0,0,0,999,RFC倉庫,0,0,flm-003-1-10,0,,,
0,71032-00000648,flm-003-1-10,0,老眼鏡,0,0,0,0,0,0,61144,自社倉庫,0,0,flm-003-1-10,0,,,
0,71032-00000649,flm-003-2-10,0,老眼鏡,0,0,0,0,0,0,999,RFC倉庫,0,0,flm-003-2-10,0,,,
0,71032-00000649,flm-003-2-10,0,老眼鏡,0,0,0,0,0,0,61144,自社倉庫,0,0,flm-003-2-10,0,,,
0,71032-00000650,flm-003-1-15,0,老眼鏡,0,0,0,0,0,0,999,RFC倉庫,0,0,flm-003-1-15,0,,,
0,71032-00000650,flm-003-1-15,0,老眼鏡,0,0,0,0,0,0,61144,自社倉庫,0,0,flm-003-1-15,0,,,
0,71032-00000651,flm-003-2-15,0,老眼鏡,0,0,0,0,0,0,999,RFC倉庫,0,0,flm-003-2-15,0,,,
0,71032-00000651,flm-003-2-15,0,老眼鏡,0,0,0,0,0,0,61144,自社倉庫,0,0,flm-003-2-15,0,,,
0,71032-00000652,flm-003-1-20,0,老眼鏡,0,0,0,0,0,0,999,RFC倉庫,0,0,flm-003-1-20,0,,,
0,71032-00000652,flm-003-1-20,0,老眼鏡,0,0,0,0,0,0,61144,自社倉庫,0,0,flm-003-1-20,0,,,
0,71032-00000653,flm-003-2-20,0,老眼鏡,0,0,0,0,0,0,999,RFC倉庫,0,0,flm-003-2-20,0,,,
0,71032-00000653,flm-003-2-20,0,老眼鏡,0,0,0,0,0,0,61144,自社倉庫,0,0,flm-003-2-20,0,,,
0,71032-00000654,flm-003-1-25,0,老眼鏡,0,0,0,0,0,0,999,RFC倉庫,0,0,flm-003-1-25,0,,,
0,71032-00000654,flm-003-1-25,0,老眼鏡,0,0,0,0,0,0,61144,自社倉庫,0,0,flm-003-1-25,0,,,
0,71032-00000655,flm-003-2-25,0,老眼鏡,0,0,0,0,0,0,999,RFC倉庫,0,0,flm-003-2-25,0,,,
0,71032-00000655,flm-003-2-25,0,老眼鏡,0,0,0,0,0,0,61144,自社倉庫,0,0,flm-003-2-25,0,,,
0,71032-00000656,flm-003-1-30,0,老眼鏡,0,0,0,0,0,0,999,RFC倉庫,0,0,flm-003-1-30,0,,,
0,71032-00000656,flm-003-1-30,0,老眼鏡,0,0,0,0,0,0,61144,自社倉庫,0,0,flm-003-1-30,0,,,
0,71032-00000657,flm-003-2-30,0,老眼鏡,0,0,0,0,0,0,999,RFC倉庫,0,0,flm-003-2-30,0,,,
0,71032-00000657,flm-003-2-30,0,老眼鏡,0,0,0,0,0,0,61144,自社倉庫,0,0,flm-003-2-30,0,,,
0,71032-00000658,flm-004-1-10,1,老眼鏡,0,0,0,0,0,0,999,RFC倉庫,0,0,flm-004-1-10,0,,,
0,71032-00000658,flm-004-1-10,1,老眼鏡,0,0,0,0,0,0,61144,自社倉庫,0,0,flm-004-1-10,0,,,
0,71032-00000659,flm-004-2-10,1,老眼鏡,0,0,0,0,0,0,999,RFC倉庫,0,0,flm-004-2-10,0,,,
0,71032-00000659,flm-004-2-10,1,老眼鏡,0,0,0,0,0,0,61144,自社倉庫,0,0,flm-004-2-10,0,,,
0,71032-00000660,flm-004-1-15,1,老眼鏡,0,0,0,0,0,0,999,RFC倉庫,0,0,flm-004-1-15,0,,,
0,71032-00000660,flm-004-1-15,1,老眼鏡,0,0,0,0,0,0,61144,自社倉庫,0,0,flm-004-1-15,0,,,
0,71032-00000661,flm-004-2-15,1,老眼鏡,0,0,0,0,0,0,999,RFC倉庫,0,0,flm-004-2-15,0,,,
0,71032-00000661,flm-004-2-15,1,老眼鏡,0,0,0,0,0,0,61144,自社倉庫,0,0,flm-004-2-15,0,,,
0,71032-00000662,flm-004-1-20,1,老眼鏡,0,0,0,0,0,0,999,RFC倉庫,0,0,flm-004-1-20,0,,,
0,71032-00000662,flm-004-1-20,1,老眼鏡,0,0,0,0,0,0,61144,自社倉庫,0,0,flm-004-1-20,0,,,
0,71032-00000663,flm-004-2-20,1,老眼鏡,0,0,0,0,0,0,999,RFC倉庫,0,0,flm-004-2-20,0,,,
0,71032-00000663,flm-004-2-20,1,老眼鏡,0,0,0,0,0,0,61144,自社倉庫,0,0,flm-004-2-20,0,,,
0,71032-00000664,flm-004-1-25,1,老眼鏡,0,0,0,0,0,0,999,RFC倉庫,0,0,flm-004-1-25,0,,,
0,71032-00000664,flm-004-1-25,1,老眼鏡,0,0,0,0,0,0,61144,自社倉庫,0,0,flm-004-1-25,0,,,
0,71032-00000665,flm-004-2-25,1,老眼鏡,0,0,0,0,0,0,999,RFC倉庫,0,0,flm-004-2-25,0,,,
0,71032-00000665,flm-004-2-25,1,老眼鏡,0,0,0,0,0,0,61144,自社倉庫,0,0,flm-004-2-25,0,,,
9,71032-00000666,flm-004-1-30,1,老眼鏡,9,0,0,0,0,9,999,RFC倉庫,9,0,flm-004-1-30,0,,,
0,71032-00000666,flm-004-1-30,1,老眼鏡,9,0,0,0,0,9,61144,自社倉庫,0,0,flm-004-1-30,0,,,
7,71032-00000667,flm-004-2-30,1,老眼鏡,7,0,0,0,0,7,999,RFC倉庫,7,0,flm-004-2-30,0,,,
0,71032-00000667,flm-004-2-30,1,老眼鏡,7,0,0,0,0,7,61144,自社倉庫,0,0,flm-004-2-30,0,,,
8,71032-00000678,flm-006-1-10,3,老眼鏡,8,0,0,0,0,8,999,RFC倉庫,8,0,flm-006-1-10,0,,,
0,71032-00000678,flm-006-1-10,3,老眼鏡,8,0,0,0,0,8,61144,自社倉庫,0,0,flm-006-1-10,0,,,
7,71032-00000679,flm-006-2-10,3,老眼鏡,7,0,0,0,0,7,999,RFC倉庫,7,0,flm-006-2-10,0,,,
0,71032-00000679,flm-006-2-10,3,老眼鏡,7,0,0,0,0,7,61144,自社倉庫,0,0,flm-006-2-10,0,,,
5,71032-00000680,flm-006-1-15,1,老眼鏡,3,2,0,0,0,5,999,RFC倉庫,5,2,flm-006-1-15,0,,,
0,71032-00000680,flm-006-1-15,1,老眼鏡,3,2,0,0,0,5,61144,自社倉庫,0,0,flm-006-1-15,0,,,
11,71032-00000681,flm-006-2-15,3,老眼鏡,10,1,0,0,0,11,999,RFC倉庫,11,1,flm-006-2-15,0,,,
0,71032-00000681,flm-006-2-15,3,老眼鏡,10,1,0,0,0,11,61144,自社倉庫,0,0,flm-006-2-15,0,,,
6,71032-00000682,flm-006-1-20,1,老眼鏡,6,0,0,0,0,6,999,RFC倉庫,6,0,flm-006-1-20,0,,,
0,71032-00000682,flm-006-1-20,1,老眼鏡,6,0,0,0,0,6,61144,自社倉庫,0,0,flm-006-1-20,0,,,
8,71032-00000683,flm-006-2-20,3,老眼鏡,5,3,0,0,0,8,999,RFC倉庫,8,3,flm-006-2-20,0,,,
0,71032-00000683,flm-006-2-20,3,老眼鏡,5,3,0,0,0,8,61144,自社倉庫,0,0,flm-006-2-20,0,,,
5,71032-00000684,flm-006-1-25,1,老眼鏡,5,0,0,0,0,5,999,RFC倉庫,5,0,flm-006-1-25,0,,,
0,71032-00000684,flm-006-1-25,1,老眼鏡,5,0,0,0,0,5,61144,自社倉庫,0,0,flm-006-1-25,0,,,
3,71032-00000685,flm-006-2-25,1,老眼鏡,3,0,0,0,0,3,999,RFC倉庫,3,0,flm-006-2-25,0,,,
0,71032-00000685,flm-006-2-25,1,老眼鏡,3,0,0,0,0,3,61144,自社倉庫,0,0,flm-006-2-25,0,,,
0,71032-00000686,flm-006-1-30,1,老眼鏡,0,0,0,0,0,0,999,RFC倉庫,0,0,flm-006-1-30,0,,,
0,71032-00000686,flm-006-1-30,1,老眼鏡,0,0,0,0,0,0,61144,自社倉庫,0,0,flm-006-1-30,0,,,
0,71032-00000687,flm-006-2-30,1,老眼鏡,0,0,0,0,0,0,999,RFC倉庫,0,0,flm-006-2-30,0,,,
0,71032-00000687,flm-006-2-30,1,老眼鏡,0,0,0,0,0,0,61144,自社倉庫,0,0,flm-006-2-30,0,,,
0,71032-00000688,flm-100-1-10,1,老眼鏡,0,0,0,0,0,0,999,RFC倉庫,0,0,flm-100-1-10,0,,,
0,71032-00000688,flm-100-1-10,1,老眼鏡,0,0,0,0,0,0,61144,自社倉庫,0,0,flm-100-1-10,0,,,
0,71032-00000689,flm-100-2-10,1,老眼鏡,0,0,0,0,0,0,999,RFC倉庫,0,0,flm-100-2-10,0,,,
0,71032-00000689,flm-100-2-10,1,老眼鏡,0,0,0,0,0,0,61144,自社倉庫,0,0,flm-100-2-10,0,,,
0,71032-00000690,flm-100-1-15,1,老眼鏡,0,0,0,0,0,0,999,RFC倉庫,0,0,flm-100-1-15,0,,,
0,71032-00000690,flm-100-1-15,1,老眼鏡,0,0,0,0,0,0,61144,自社倉庫,0,0,flm-100-1-15,0,,,
0,71032-00000691,flm-100-2-15,1,老眼鏡,0,0,0,0,0,0,999,RFC倉庫,0,0,flm-100-2-15,0,,,
0,71032-00000691,flm-100-2-15,1,老眼鏡,0,0,0,0,0,0,61144,自社倉庫,0,0,flm-100-2-15,0,,,
0,71032-00000692,flm-100-1-20,1,老眼鏡,0,0,0,0,0,0,999,RFC倉庫,0,0,flm-100-1-20,0,,,
0,71032-00000692,flm-100-1-20,1,老眼鏡,0,0,0,0,0,0,61144,自社倉庫,0,0,flm-100-1-20,0,,,
0,71032-00000693,flm-100-2-20,1,老眼鏡,0,0,0,0,0,0,999,RFC倉庫,0,0,flm-100-2-20,0,,,
0,71032-00000693,flm-100-2-20,1,老眼鏡,0,0,0,0,0,0,61144,自社倉庫,0,0,flm-100-2-20,0,,,
0,71032-00000694,flm-100-1-25,1,老眼鏡,0,0,0,0,0,0,999,RFC倉庫,0,0,flm-100-1-25,0,,,
0,71032-00000694,flm-100-1-25,1,老眼鏡,0,0,0,0,0,0,61144,自社倉庫,0,0,flm-100-1-25,0,,,
0,71032-00000695,flm-100-2-25,1,老眼鏡,0,0,0,0,0,0,999,RFC倉庫,0,0,flm-100-2-25,0,,,
0,71032-00000695,flm-100-2-25,1,老眼鏡,0,0,0,0,0,0,61144,自社倉庫,0,0,flm-100-2-25,0,,,
0,71032-00000696,flm-200-1-10,1,老眼鏡,0,0,0,0,0,0,999,RFC倉庫,0,0,flm-200-1-10,0,,,
0,71032-00000696,flm-200-1-10,1,老眼鏡,0,0,0,0,0,0,61144,自社倉庫,0,0,flm-200-1-10,0,,,
0,71032-00000697,flm-200-2-10,1,老眼鏡,0,0,0,0,0,0,999,RFC倉庫,0,0,flm-200-2-10,0,,,
0,71032-00000697,flm-200-2-10,1,老眼鏡,0,0,0,0,0,0,61144,自社倉庫,0,0,flm-200-2-10,0,,,
0,71032-00000698,flm-200-1-15,1,老眼鏡,0,0,0,0,0,0,999,RFC倉庫,0,0,flm-200-1-15,0,,,
0,71032-00000698,flm-200-1-15,1,老眼鏡,0,0,0,0,0,0,61144,自社倉庫,0,0,flm-200-1-15,0,,,
0,71032-00000699,flm-200-2-15,1,老眼鏡,0,0,0,0,0,0,999,RFC倉庫,0,0,flm-200-2-15,0,,,
0,71032-00000699,flm-200-2-15,1,老眼鏡,0,0,0,0,0,0,61144,自社倉庫,0,0,flm-200-2-15,0,,,
0,71032-00000700,flm-200-1-20,1,老眼鏡,0,0,0,0,0,0,999,RFC倉庫,0,0,flm-200-1-20,0,,,
0,71032-00000700,flm-200-1-20,1,老眼鏡,0,0,0,0,0,0,61144,自社倉庫,0,0,flm-200-1-20,0,,,
0,71032-00000701,flm-200-2-20,1,老眼鏡,0,0,0,0,0,0,999,RFC倉庫,0,0,flm-200-2-20,0,,,
0,71032-00000701,flm-200-2-20,1,老眼鏡,0,0,0,0,0,0,61144,自社倉庫,0,0,flm-200-2-20,0,,,
0,71032-00000702,flm-200-1-25,1,老眼鏡,0,0,0,0,0,0,999,RFC倉庫,0,0,flm-200-1-25,0,,,
0,71032-00000702,flm-200-1-25,1,老眼鏡,0,0,0,0,0,0,61144,自社倉庫,0,0,flm-200-1-25,0,,,
0,71032-00000703,flm-200-2-25,1,老眼鏡,0,0,0,0,0,0,999,RFC倉庫,0,0,flm-200-2-25,0,,,
0,71032-00000703,flm-200-2-25,1,老眼鏡,0,0,0,0,0,0,61144,自社倉庫,0,0,flm-200-2-25,0,,,
0,71032-00000704,flm-300-1-10,0,老眼鏡,0,0,0,0,0,0,999,RFC倉庫,0,0,flm-300-1-10,0,,,
0,71032-00000704,flm-300-1-10,0,老眼鏡,0,0,0,0,0,0,61144,自社倉庫,0,0,flm-300-1-10,0,,,
0,71032-00000705,flm-300-2-10,0,老眼鏡,0,0,0,0,0,0,999,RFC倉庫,0,0,flm-300-2-10,0,,,
0,71032-00000705,flm-300-2-10,0,老眼鏡,0,0,0,0,0,0,61144,自社倉庫,0,0,flm-300-2-10,0,,,
0,71032-00000706,flm-300-1-15,0,老眼鏡,0,0,0,0,0,0,999,RFC倉庫,0,0,flm-300-1-15,0,,,
0,71032-00000706,flm-300-1-15,0,老眼鏡,0,0,0,0,0,0,61144,自社倉庫,0,0,flm-300-1-15,0,,,
0,71032-00000707,flm-300-2-15,0,老眼鏡,0,0,0,0,0,0,999,RFC倉庫,0,0,flm-300-2-15,0,,,
0,71032-00000707,flm-300-2-15,0,老眼鏡,0,0,0,0,0,0,61144,自社倉庫,0,0,flm-300-2-15,0,,,
0,71032-00000708,flm-300-1-20,0,老眼鏡,0,0,0,0,0,0,999,RFC倉庫,0,0,flm-300-1-20,0,,,
0,71032-00000708,flm-300-1-20,0,老眼鏡,0,0,0,0,0,0,61144,自社倉庫,0,0,flm-300-1-20,0,,,
0,71032-00000709,flm-300-2-20,0,老眼鏡,0,0,0,0,0,0,999,RFC倉庫,0,0,flm-300-2-20,0,,,
0,71032-00000709,flm-300-2-20,0,老眼鏡,0,0,0,0,0,0,61144,自社倉庫,0,0,flm-300-2-20,0,,,
0,71032-00000710,flm-300-1-25,0,老眼鏡,0,0,0,0,0,0,999,RFC倉庫,0,0,flm-300-1-25,0,,,
0,71032-00000710,flm-300-1-25,0,老眼鏡,0,0,0,0,0,0,61144,自社倉庫,0,0,flm-300-1-25,0,,,
0,71032-00000711,flm-300-2-25,0,老眼鏡,0,0,0,0,0,0,999,RFC倉庫,0,0,flm-300-2-25,0,,,
0,71032-00000711,flm-300-2-25,0,老眼鏡,0,0,0,0,0,0,61144,自社倉庫,0,0,flm-300-2-25,0,,,
0,71032-00000712,flow-a-1blk,1,メガネスタンド,0,0,0,0,0,0,999,RFC倉庫,0,0,flow-a-1blk,0,,,
0,71032-00000712,flow-a-1blk,1,メガネスタンド,0,0,0,0,0,0,61144,自社倉庫,0,0,flow-a-1blk,0,,,
0,71032-00000713,flow-a-2blk2,1,メガネスタンド,3,0,0,0,0,3,999,RFC倉庫,0,0,flow-a-2blk2,0,,,
3,71032-00000713,flow-a-2blk2,1,メガネスタンド,3,0,0,0,0,3,61144,自社倉庫,3,0,flow-a-2blk2,0,,,
0,71032-00000714,flow-a-3slv,1,メガネスタンド,1,0,0,0,0,1,999,RFC倉庫,0,0,flow-a-3slv,0,,,
1,71032-00000714,flow-a-3slv,1,メガネスタンド,1,0,0,0,0,1,61144,自社倉庫,1,0,flow-a-3slv,0,,,
0,71032-00000715,flow-a-4slv2,1,メガネスタンド,0,0,0,0,0,0,999,RFC倉庫,0,0,flow-a-4slv2,0,,,
0,71032-00000715,flow-a-4slv2,1,メガネスタンド,0,0,0,0,0,0,61144,自社倉庫,0,0,flow-a-4slv2,0,,,
0,71032-00000716,flow-a-5slv3,1,メガネスタンド,0,0,0,0,0,0,999,RFC倉庫,0,0,flow-a-5slv3,0,,,
0,71032-00000716,flow-a-5slv3,1,メガネスタンド,0,0,0,0,0,0,61144,自社倉庫,0,0,flow-a-5slv3,0,,,
4,71032-00000717,flow-b-1blk,1,メガネスタンド,4,0,0,0,0,4,999,RFC倉庫,4,0,flow-b-1blk,0,,,
0,71032-00000717,flow-b-1blk,1,メガネスタンド,4,0,0,0,0,4,61144,自社倉庫,0,0,flow-b-1blk,0,,,
3,71032-00000718,flow-b-2red,1,メガネスタンド,3,0,0,0,0,3,999,RFC倉庫,3,0,flow-b-2red,0,,,
0,71032-00000718,flow-b-2red,1,メガネスタンド,3,0,0,0,0,3,61144,自社倉庫,0,0,flow-b-2red,0,,,
4,71032-00000719,flow-b-3yel,1,メガネスタンド,4,0,0,0,0,4,999,RFC倉庫,4,0,flow-b-3yel,0,,,
0,71032-00000719,flow-b-3yel,1,メガネスタンド,4,0,0,0,0,4,61144,自社倉庫,0,0,flow-b-3yel,0,,,
1,71032-00000720,flow-b-4blu,1,メガネスタンド,1,0,0,0,0,1,999,RFC倉庫,1,0,flow-b-4blu,0,,,
0,71032-00000720,flow-b-4blu,1,メガネスタンド,1,0,0,0,0,1,61144,自社倉庫,0,0,flow-b-4blu,0,,,
2,71032-00000721,flow-b-5wht,1,メガネスタンド,1,1,0,0,0,2,999,RFC倉庫,2,1,flow-b-5wht,0,,,
0,71032-00000721,flow-b-5wht,1,メガネスタンド,1,1,0,0,0,2,61144,自社倉庫,0,0,flow-b-5wht,0,,,
0,71032-00000722,flow-b-6brn,1,メガネスタンド,0,0,0,0,0,0,999,RFC倉庫,0,0,flow-b-6brn,0,,,
0,71032-00000722,flow-b-6brn,1,メガネスタンド,0,0,0,0,0,0,61144,自社倉庫,0,0,flow-b-6brn,0,,,
0,71032-00000723,flow-b-7beg,1,メガネスタンド,0,0,0,0,0,0,999,RFC倉庫,0,0,flow-b-7beg,0,,,
0,71032-00000723,flow-b-7beg,1,メガネスタンド,0,0,0,0,0,0,61144,自社倉庫,0,0,flow-b-7beg,0,,,
3,71032-00000724,flow-c-1blk,1,メガネスタンド,3,0,0,0,0,3,999,RFC倉庫,3,0,flow-c-1blk,0,,,
0,71032-00000724,flow-c-1blk,1,メガネスタンド,3,0,0,0,0,3,61144,自社倉庫,0,0,flow-c-1blk,0,,,
4,71032-00000725,flow-c-2camo,1,メガネスタンド,4,0,0,0,0,4,999,RFC倉庫,4,0,flow-c-2camo,0,,,
0,71032-00000725,flow-c-2camo,1,メガネスタンド,4,0,0,0,0,4,61144,自社倉庫,0,0,flow-c-2camo,0,,,
2,71032-00000726,flow-c-3beg,1,メガネスタンド,2,0,0,0,0,2,999,RFC倉庫,2,0,flow-c-3beg,0,,,
0,71032-00000726,flow-c-3beg,1,メガネスタンド,2,0,0,0,0,2,61144,自社倉庫,0,0,flow-c-3beg,0,,,
0,71032-00000727,flow-d-1blk,1,関連グッズ,0,0,0,0,0,0,999,RFC倉庫,0,0,flow-d-1blk,0,,,
0,71032-00000727,flow-d-1blk,1,関連グッズ,0,0,0,0,0,0,61144,自社倉庫,0,0,flow-d-1blk,0,,,
0,71032-00000728,flow-d-2brn,1,関連グッズ,0,0,0,0,0,0,999,RFC倉庫,0,0,flow-d-2brn,0,,,
0,71032-00000728,flow-d-2brn,1,関連グッズ,0,0,0,0,0,0,61144,自社倉庫,0,0,flow-d-2brn,0,,,
0,71032-00000729,flow-e-1blk,1,関連グッズ,0,0,0,0,0,0,999,RFC倉庫,0,0,flow-e-1blk,0,,,
0,71032-00000729,flow-e-1blk,1,関連グッズ,0,0,0,0,0,0,61144,自社倉庫,0,0,flow-e-1blk,0,,,
0,71032-00000730,flow-e-2slv,1,関連グッズ,0,0,0,0,0,0,999,RFC倉庫,0,0,flow-e-2slv,0,,,
0,71032-00000730,flow-e-2slv,1,関連グッズ,0,0,0,0,0,0,61144,自社倉庫,0,0,flow-e-2slv,0,,,
0,71032-00000731,flr-001-1-16,1,拡大鏡（ルーペ）,0,0,0,0,0,0,999,RFC倉庫,0,0,flr-001-1-16,0,,,
0,71032-00000731,flr-001-1-16,1,拡大鏡（ルーペ）,0,0,0,0,0,0,61144,自社倉庫,0,0,flr-001-1-16,0,,,
0,71032-00000732,flr-001-2-16,1,拡大鏡（ルーペ）,0,0,0,0,0,0,999,RFC倉庫,0,0,flr-001-2-16,0,,,
0,71032-00000732,flr-001-2-16,1,拡大鏡（ルーペ）,0,0,0,0,0,0,61144,自社倉庫,0,0,flr-001-2-16,0,,,
0,71032-00000733,gg3008-1-10,1,インスタントグラス,0,0,0,0,0,0,999,RFC倉庫,0,0,gg3008-1-10,0,,,
0,71032-00000733,gg3008-1-10,1,インスタントグラス,0,0,0,0,0,0,61144,自社倉庫,0,0,gg3008-1-10,0,,,
0,71032-00000734,gg3008-2-10,1,インスタントグラス,0,0,0,0,0,0,999,RFC倉庫,0,0,gg3008-2-10,0,,,
0,71032-00000734,gg3008-2-10,1,インスタントグラス,0,0,0,0,0,0,61144,自社倉庫,0,0,gg3008-2-10,0,,,
0,71032-00000735,gg3008-1-20,1,インスタントグラス,0,0,0,0,0,0,999,RFC倉庫,0,0,gg3008-1-20,0,,,
0,71032-00000735,gg3008-1-20,1,インスタントグラス,0,0,0,0,0,0,61144,自社倉庫,0,0,gg3008-1-20,0,,,
0,71032-00000736,gg3008-2-20,1,インスタントグラス,0,0,0,0,0,0,999,RFC倉庫,0,0,gg3008-2-20,0,,,
0,71032-00000736,gg3008-2-20,1,インスタントグラス,0,0,0,0,0,0,61144,自社倉庫,0,0,gg3008-2-20,0,,,
0,71032-00000737,gg3008-1-30,1,インスタントグラス,0,0,0,0,0,0,999,RFC倉庫,0,0,gg3008-1-30,0,,,
0,71032-00000737,gg3008-1-30,1,インスタントグラス,0,0,0,0,0,0,61144,自社倉庫,0,0,gg3008-1-30,0,,,
0,71032-00000738,gg3008-2-30,1,インスタントグラス,0,0,0,0,0,0,999,RFC倉庫,0,0,gg3008-2-30,0,,,
0,71032-00000738,gg3008-2-30,1,インスタントグラス,0,0,0,0,0,0,61144,自社倉庫,0,0,gg3008-2-30,0,,,
0,71032-00000739,gg3008-1-40,1,インスタントグラス,0,0,0,0,0,0,999,RFC倉庫,0,0,gg3008-1-40,0,,,
0,71032-00000739,gg3008-1-40,1,インスタントグラス,0,0,0,0,0,0,61144,自社倉庫,0,0,gg3008-1-40,0,,,
0,71032-00000740,gg3008-2-40,1,インスタントグラス,0,0,0,0,0,0,999,RFC倉庫,0,0,gg3008-2-40,0,,,
0,71032-00000740,gg3008-2-40,1,インスタントグラス,0,0,0,0,0,0,61144,自社倉庫,0,0,gg3008-2-40,0,,,
0,71032-00000749,gg3087-11-10,2,インスタントグラス,0,0,0,0,0,0,999,RFC倉庫,0,0,gg3087-11-10,0,,,
0,71032-00000749,gg3087-11-10,2,インスタントグラス,0,0,0,0,0,0,61144,自社倉庫,0,0,gg3087-11-10,0,,,
0,71032-00000750,gg3087-2-10,2,インスタントグラス,0,0,0,0,0,0,999,RFC倉庫,0,0,gg3087-2-10,0,,,
0,71032-00000750,gg3087-2-10,2,インスタントグラス,0,0,0,0,0,0,61144,自社倉庫,0,0,gg3087-2-10,0,,,
0,71032-00000751,gg3087-11-20,2,インスタントグラス,0,0,0,0,0,0,999,RFC倉庫,0,0,gg3087-11-20,0,,,
0,71032-00000751,gg3087-11-20,2,インスタントグラス,0,0,0,0,0,0,61144,自社倉庫,0,0,gg3087-11-20,0,,,
0,71032-00000752,gg3087-2-20,3,インスタントグラス,0,0,0,0,0,0,999,RFC倉庫,0,0,gg3087-2-20,0,,,
0,71032-00000752,gg3087-2-20,3,インスタントグラス,0,0,0,0,0,0,61144,自社倉庫,0,0,gg3087-2-20,0,,,
0,71032-00000753,gg3087-11-30,2,インスタントグラス,0,0,0,0,0,0,999,RFC倉庫,0,0,gg3087-11-30,0,,,
0,71032-00000753,gg3087-11-30,2,インスタントグラス,0,0,0,0,0,0,61144,自社倉庫,0,0,gg3087-11-30,0,,,
0,71032-00000754,gg3087-2-30,3,インスタントグラス,0,0,0,0,0,0,999,RFC倉庫,0,0,gg3087-2-30,0,,,
0,71032-00000754,gg3087-2-30,3,インスタントグラス,0,0,0,0,0,0,61144,自社倉庫,0,0,gg3087-2-30,0,,,
0,71032-00000755,gg3087-11-40,2,インスタントグラス,0,0,0,0,0,0,999,RFC倉庫,0,0,gg3087-11-40,0,,,
0,71032-00000755,gg3087-11-40,2,インスタントグラス,0,0,0,0,0,0,61144,自社倉庫,0,0,gg3087-11-40,0,,,
0,71032-00000756,gg3087-2-40,3,インスタントグラス,0,0,0,0,0,0,999,RFC倉庫,0,0,gg3087-2-40,0,,,
0,71032-00000756,gg3087-2-40,3,インスタントグラス,0,0,0,0,0,0,61144,自社倉庫,0,0,gg3087-2-40,0,,,
0,71032-00000757,gg5048-11-10,1,インスタントグラス,0,0,0,0,0,0,999,RFC倉庫,0,0,gg5048-11-10,0,,,
0,71032-00000757,gg5048-11-10,1,インスタントグラス,0,0,0,0,0,0,61144,自社倉庫,0,0,gg5048-11-10,0,,,
0,71032-00000758,gg5048-12-10,1,インスタントグラス,0,0,0,0,0,0,999,RFC倉庫,0,0,gg5048-12-10,0,,,
0,71032-00000758,gg5048-12-10,1,インスタントグラス,0,0,0,0,0,0,61144,自社倉庫,0,0,gg5048-12-10,0,,,
0,71032-00000759,gg5048-11-20,1,インスタントグラス,2,0,0,0,0,2,999,RFC倉庫,0,0,gg5048-11-20,0,,,
2,71032-00000759,gg5048-11-20,1,インスタントグラス,2,0,0,0,0,2,61144,自社倉庫,2,0,gg5048-11-20,0,,,
0,71032-00000760,gg5048-12-20,1,インスタントグラス,0,0,0,0,0,0,999,RFC倉庫,0,0,gg5048-12-20,0,,,
0,71032-00000760,gg5048-12-20,1,インスタントグラス,0,0,0,0,0,0,61144,自社倉庫,0,0,gg5048-12-20,0,,,
0,71032-00000761,gg5048-11-30,1,インスタントグラス,3,0,0,0,0,3,999,RFC倉庫,0,0,gg5048-11-30,0,,,
3,71032-00000761,gg5048-11-30,1,インスタントグラス,3,0,0,0,0,3,61144,自社倉庫,3,0,gg5048-11-30,0,,,
0,71032-00000762,gg5048-12-30,1,インスタントグラス,0,0,0,0,0,0,999,RFC倉庫,0,0,gg5048-12-30,0,,,
0,71032-00000762,gg5048-12-30,1,インスタントグラス,0,0,0,0,0,0,61144,自社倉庫,0,0,gg5048-12-30,0,,,
0,71032-00000763,gg5048-11-40,1,インスタントグラス,1,0,0,0,0,1,999,RFC倉庫,0,0,gg5048-11-40,0,,,
1,71032-00000763,gg5048-11-40,1,インスタントグラス,1,0,0,0,0,1,61144,自社倉庫,1,0,gg5048-11-40,0,,,
0,71032-00000764,gg5048-12-40,1,インスタントグラス,0,0,0,0,0,0,999,RFC倉庫,0,0,gg5048-12-40,0,,,
0,71032-00000764,gg5048-12-40,1,インスタントグラス,0,0,0,0,0,0,61144,自社倉庫,0,0,gg5048-12-40,0,,,
0,71032-00000765,gg5099-1-10,3,インスタントグラス,48,0,0,0,0,48,999,RFC倉庫,0,0,gg5099-1-10,0,,,
48,71032-00000765,gg5099-1-10,3,インスタントグラス,48,0,0,0,0,48,61144,自社倉庫,48,0,gg5099-1-10,0,,,
0,71032-00000766,gg5099-2-10,3,インスタントグラス,56,0,0,0,0,56,999,RFC倉庫,0,0,gg5099-2-10,0,,,
56,71032-00000766,gg5099-2-10,3,インスタントグラス,56,0,0,0,0,56,61144,自社倉庫,56,0,gg5099-2-10,0,,,
0,71032-00000767,gg5099-1-20,3,インスタントグラス,40,0,0,0,0,40,999,RFC倉庫,0,0,gg5099-1-20,0,,,
40,71032-00000767,gg5099-1-20,3,インスタントグラス,40,0,0,0,0,40,61144,自社倉庫,40,0,gg5099-1-20,0,,,
0,71032-00000768,gg5099-2-20,3,インスタントグラス,31,0,0,0,0,31,999,RFC倉庫,0,0,gg5099-2-20,0,,,
31,71032-00000768,gg5099-2-20,3,インスタントグラス,31,0,0,0,0,31,61144,自社倉庫,31,0,gg5099-2-20,0,,,
0,71032-00000769,gg5099-1-30,3,インスタントグラス,69,0,0,0,0,69,999,RFC倉庫,0,0,gg5099-1-30,0,,,
69,71032-00000769,gg5099-1-30,3,インスタントグラス,69,0,0,0,0,69,61144,自社倉庫,69,0,gg5099-1-30,0,,,
0,71032-00000770,gg5099-2-30,3,インスタントグラス,66,0,0,0,0,66,999,RFC倉庫,0,0,gg5099-2-30,0,,,
66,71032-00000770,gg5099-2-30,3,インスタントグラス,66,0,0,0,0,66,61144,自社倉庫,66,0,gg5099-2-30,0,,,
0,71032-00000771,gg5099-1-40,3,インスタントグラス,62,1,0,0,0,63,999,RFC倉庫,0,0,gg5099-1-40,0,,,
63,71032-00000771,gg5099-1-40,3,インスタントグラス,62,1,0,0,0,63,61144,自社倉庫,63,1,gg5099-1-40,0,,,
0,71032-00000772,gg5099-2-40,3,インスタントグラス,5,0,0,0,0,5,999,RFC倉庫,0,0,gg5099-2-40,0,,,
5,71032-00000772,gg5099-2-40,3,インスタントグラス,5,0,0,0,0,5,61144,自社倉庫,5,0,gg5099-2-40,0,,,
0,71032-00000773,hkms-1milkypink,1,関連グッズ,0,0,0,0,0,0,999,RFC倉庫,0,0,hkms-1milkypink,0,,,
0,71032-00000773,hkms-1milkypink,1,関連グッズ,0,0,0,0,0,0,61144,自社倉庫,0,0,hkms-1milkypink,0,,,
0,71032-00000774,hkms-2magentapink,1,関連グッズ,0,0,0,0,0,0,999,RFC倉庫,0,0,hkms-2magentapink,0,,,
0,71032-00000774,hkms-2magentapink,1,関連グッズ,0,0,0,0,0,0,61144,自社倉庫,0,0,hkms-2magentapink,0,,,
0,71032-00000775,hkms-3lightblue,1,関連グッズ,0,0,0,0,0,0,999,RFC倉庫,0,0,hkms-3lightblue,0,,,
0,71032-00000775,hkms-3lightblue,1,関連グッズ,0,0,0,0,0,0,61144,自社倉庫,0,0,hkms-3lightblue,0,,,
0,71032-00000788,hm-r2-1-10,1,老眼鏡,6,0,0,0,0,6,999,RFC倉庫,0,0,hm-r2-1-10,0,,,
6,71032-00000788,hm-r2-1-10,1,老眼鏡,6,0,0,0,0,6,61144,自社倉庫,6,0,hm-r2-1-10,0,,,
0,71032-00000789,hm-r2-2-10,1,老眼鏡,0,0,0,0,0,0,999,RFC倉庫,0,0,hm-r2-2-10,0,,,
0,71032-00000789,hm-r2-2-10,1,老眼鏡,0,0,0,0,0,0,61144,自社倉庫,0,0,hm-r2-2-10,0,,,
0,71032-00000790,hm-r2-3-10,1,老眼鏡,19,0,0,0,0,19,999,RFC倉庫,0,0,hm-r2-3-10,0,,,
19,71032-00000790,hm-r2-3-10,1,老眼鏡,19,0,0,0,0,19,61144,自社倉庫,19,0,hm-r2-3-10,0,,,
0,71032-00000791,hm-r2-1-15,1,老眼鏡,0,0,0,0,0,0,999,RFC倉庫,0,0,hm-r2-1-15,0,,,
0,71032-00000791,hm-r2-1-15,1,老眼鏡,0,0,0,0,0,0,61144,自社倉庫,0,0,hm-r2-1-15,0,,,
0,71032-00000792,hm-r2-2-15,1,老眼鏡,0,0,0,0,0,0,999,RFC倉庫,0,0,hm-r2-2-15,0,,,
0,71032-00000792,hm-r2-2-15,1,老眼鏡,0,0,0,0,0,0,61144,自社倉庫,0,0,hm-r2-2-15,0,,,
0,71032-00000793,hm-r2-3-15,1,老眼鏡,0,0,0,0,0,0,999,RFC倉庫,0,0,hm-r2-3-15,0,,,
0,71032-00000793,hm-r2-3-15,1,老眼鏡,0,0,0,0,0,0,61144,自社倉庫,0,0,hm-r2-3-15,0,,,
0,71032-00000794,hm-r2-1-20,1,老眼鏡,0,0,0,0,0,0,999,RFC倉庫,0,0,hm-r2-1-20,0,,,
0,71032-00000794,hm-r2-1-20,1,老眼鏡,0,0,0,0,0,0,61144,自社倉庫,0,0,hm-r2-1-20,0,,,
0,71032-00000795,hm-r2-2-20,1,老眼鏡,0,0,0,0,0,0,999,RFC倉庫,0,0,hm-r2-2-20,0,,,
0,71032-00000795,hm-r2-2-20,1,老眼鏡,0,0,0,0,0,0,61144,自社倉庫,0,0,hm-r2-2-20,0,,,
0,71032-00000796,hm-r2-3-20,1,老眼鏡,0,0,0,0,0,0,999,RFC倉庫,0,0,hm-r2-3-20,0,,,
0,71032-00000796,hm-r2-3-20,1,老眼鏡,0,0,0,0,0,0,61144,自社倉庫,0,0,hm-r2-3-20,0,,,
0,71032-00000797,hm-r2-1-25,1,老眼鏡,0,0,0,0,0,0,999,RFC倉庫,0,0,hm-r2-1-25,0,,,
0,71032-00000797,hm-r2-1-25,1,老眼鏡,0,0,0,0,0,0,61144,自社倉庫,0,0,hm-r2-1-25,0,,,
0,71032-00000798,hm-r2-2-25,1,老眼鏡,0,0,0,0,0,0,999,RFC倉庫,0,0,hm-r2-2-25,0,,,
0,71032-00000798,hm-r2-2-25,1,老眼鏡,0,0,0,0,0,0,61144,自社倉庫,0,0,hm-r2-2-25,0,,,
0,71032-00000799,hm-r2-3-25,1,老眼鏡,0,0,0,0,0,0,999,RFC倉庫,0,0,hm-r2-3-25,0,,,
0,71032-00000799,hm-r2-3-25,1,老眼鏡,0,0,0,0,0,0,61144,自社倉庫,0,0,hm-r2-3-25,0,,,
0,71032-00000800,hm-r3-1-15,1,老眼鏡,0,0,0,0,0,0,999,RFC倉庫,0,0,hm-r3-1-15,0,,,
0,71032-00000800,hm-r3-1-15,1,老眼鏡,0,0,0,0,0,0,61144,自社倉庫,0,0,hm-r3-1-15,0,,,
0,71032-00000801,hm-r3-2-15,1,老眼鏡,0,0,0,0,0,0,999,RFC倉庫,0,0,hm-r3-2-15,0,,,
0,71032-00000801,hm-r3-2-15,1,老眼鏡,0,0,0,0,0,0,61144,自社倉庫,0,0,hm-r3-2-15,0,,,
0,71032-00000802,hm-r3-3-15,1,老眼鏡,0,0,0,0,0,0,999,RFC倉庫,0,0,hm-r3-3-15,0,,,
0,71032-00000802,hm-r3-3-15,1,老眼鏡,0,0,0,0,0,0,61144,自社倉庫,0,0,hm-r3-3-15,0,,,
0,71032-00000803,hm-r3-1-20,1,老眼鏡,0,0,0,0,0,0,999,RFC倉庫,0,0,hm-r3-1-20,0,,,
0,71032-00000803,hm-r3-1-20,1,老眼鏡,0,0,0,0,0,0,61144,自社倉庫,0,0,hm-r3-1-20,0,,,
0,71032-00000804,hm-r3-2-20,1,老眼鏡,0,0,0,0,0,0,999,RFC倉庫,0,0,hm-r3-2-20,0,,,
0,71032-00000804,hm-r3-2-20,1,老眼鏡,0,0,0,0,0,0,61144,自社倉庫,0,0,hm-r3-2-20,0,,,
0,71032-00000805,hm-r3-3-20,1,老眼鏡,0,0,0,0,0,0,999,RFC倉庫,0,0,hm-r3-3-20,0,,,
0,71032-00000805,hm-r3-3-20,1,老眼鏡,0,0,0,0,0,0,61144,自社倉庫,0,0,hm-r3-3-20,0,,,
0,71032-00000806,hm-r3-1-25,1,老眼鏡,0,0,0,0,0,0,999,RFC倉庫,0,0,hm-r3-1-25,0,,,
0,71032-00000806,hm-r3-1-25,1,老眼鏡,0,0,0,0,0,0,61144,自社倉庫,0,0,hm-r3-1-25,0,,,
0,71032-00000807,hm-r3-2-25,1,老眼鏡,0,0,0,0,0,0,999,RFC倉庫,0,0,hm-r3-2-25,0,,,
0,71032-00000807,hm-r3-2-25,1,老眼鏡,0,0,0,0,0,0,61144,自社倉庫,0,0,hm-r3-2-25,0,,,
0,71032-00000808,hm-r3-3-25,1,老眼鏡,0,0,0,0,0,0,999,RFC倉庫,0,0,hm-r3-3-25,0,,,
0,71032-00000808,hm-r3-3-25,1,老眼鏡,0,0,0,0,0,0,61144,自社倉庫,0,0,hm-r3-3-25,0,,,
0,71032-00000809,hm-r4-1-15,1,老眼鏡,0,0,0,0,0,0,999,RFC倉庫,0,0,hm-r4-1-15,0,,,
0,71032-00000809,hm-r4-1-15,1,老眼鏡,0,0,0,0,0,0,61144,自社倉庫,0,0,hm-r4-1-15,0,,,
0,71032-00000810,hm-r4-2-15,1,老眼鏡,0,0,0,0,0,0,999,RFC倉庫,0,0,hm-r4-2-15,0,,,
0,71032-00000810,hm-r4-2-15,1,老眼鏡,0,0,0,0,0,0,61144,自社倉庫,0,0,hm-r4-2-15,0,,,
0,71032-00000811,hm-r4-3-15,1,老眼鏡,0,0,0,0,0,0,999,RFC倉庫,0,0,hm-r4-3-15,0,,,
0,71032-00000811,hm-r4-3-15,1,老眼鏡,0,0,0,0,0,0,61144,自社倉庫,0,0,hm-r4-3-15,0,,,
0,71032-00000812,hm-r4-1-20,1,老眼鏡,0,0,0,0,0,0,999,RFC倉庫,0,0,hm-r4-1-20,0,,,
0,71032-00000812,hm-r4-1-20,1,老眼鏡,0,0,0,0,0,0,61144,自社倉庫,0,0,hm-r4-1-20,0,,,
0,71032-00000813,hm-r4-2-20,1,老眼鏡,0,0,0,0,0,0,999,RFC倉庫,0,0,hm-r4-2-20,0,,,
0,71032-00000813,hm-r4-2-20,1,老眼鏡,0,0,0,0,0,0,61144,自社倉庫,0,0,hm-r4-2-20,0,,,
0,71032-00000814,hm-r4-3-20,1,老眼鏡,0,0,0,0,0,0,999,RFC倉庫,0,0,hm-r4-3-20,0,,,
0,71032-00000814,hm-r4-3-20,1,老眼鏡,0,0,0,0,0,0,61144,自社倉庫,0,0,hm-r4-3-20,0,,,
0,71032-00000815,hm-r4-1-25,1,老眼鏡,0,0,0,0,0,0,999,RFC倉庫,0,0,hm-r4-1-25,0,,,
0,71032-00000815,hm-r4-1-25,1,老眼鏡,0,0,0,0,0,0,61144,自社倉庫,0,0,hm-r4-1-25,0,,,
0,71032-00000816,hm-r4-2-25,1,老眼鏡,0,0,0,0,0,0,999,RFC倉庫,0,0,hm-r4-2-25,0,,,
0,71032-00000816,hm-r4-2-25,1,老眼鏡,0,0,0,0,0,0,61144,自社倉庫,0,0,hm-r4-2-25,0,,,
0,71032-00000817,hm-r4-3-25,1,老眼鏡,0,0,0,0,0,0,999,RFC倉庫,0,0,hm-r4-3-25,0,,,
0,71032-00000817,hm-r4-3-25,1,老眼鏡,0,0,0,0,0,0,61144,自社倉庫,0,0,hm-r4-3-25,0,,,
0,71032-00000818,hy-8061-black,1,メガネケース,9,0,0,0,0,9,999,RFC倉庫,0,0,hy-8061-black,0,,,
9,71032-00000818,hy-8061-black,1,メガネケース,9,0,0,0,0,9,61144,自社倉庫,9,0,hy-8061-black,0,,,
0,71032-00000819,hy-8061-gray,1,メガネケース,8,0,0,0,0,8,999,RFC倉庫,0,0,hy-8061-gray,0,,,
8,71032-00000819,hy-8061-gray,1,メガネケース,8,0,0,0,0,8,61144,自社倉庫,8,0,hy-8061-gray,0,,,
0,71032-00000820,hy-8061-blue,1,メガネケース,2,1,0,0,0,3,999,RFC倉庫,0,0,hy-8061-blue,0,,,
3,71032-00000820,hy-8061-blue,1,メガネケース,2,1,0,0,0,3,61144,自社倉庫,3,1,hy-8061-blue,0,,,
0,71032-00000821,hy-8061-brown,1,メガネケース,8,0,0,0,0,8,999,RFC倉庫,0,0,hy-8061-brown,0,,,
8,71032-00000821,hy-8061-brown,1,メガネケース,8,0,0,0,0,8,61144,自社倉庫,8,0,hy-8061-brown,0,,,
0,71032-00000822,hy-8061-red,1,メガネケース,2,1,0,0,0,3,999,RFC倉庫,0,0,hy-8061-red,0,,,
3,71032-00000822,hy-8061-red,1,メガネケース,2,1,0,0,0,3,61144,自社倉庫,3,1,hy-8061-red,0,,,
0,71032-00000823,hy-8061-orange,1,メガネケース,6,0,0,0,0,6,999,RFC倉庫,0,0,hy-8061-orange,0,,,
6,71032-00000823,hy-8061-orange,1,メガネケース,6,0,0,0,0,6,61144,自社倉庫,6,0,hy-8061-orange,0,,,
0,71032-00000824,hy-8113-brown,1,メガネケース,10,0,0,0,0,10,999,RFC倉庫,0,0,hy-8113-brown,0,,,
10,71032-00000824,hy-8113-brown,1,メガネケース,10,0,0,0,0,10,61144,自社倉庫,10,0,hy-8113-brown,0,,,
0,71032-00000825,hy-8113-orange,1,メガネケース,8,0,0,0,0,8,999,RFC倉庫,0,0,hy-8113-orange,0,,,
8,71032-00000825,hy-8113-orange,1,メガネケース,8,0,0,0,0,8,61144,自社倉庫,8,0,hy-8113-orange,0,,,
0,71032-00000826,hy-8113-red,1,メガネケース,9,1,0,0,0,10,999,RFC倉庫,0,0,hy-8113-red,0,,,
10,71032-00000826,hy-8113-red,1,メガネケース,9,1,0,0,0,10,61144,自社倉庫,10,1,hy-8113-red,0,,,
0,71032-00000827,hy-8113-black,1,メガネケース,10,0,0,0,0,10,999,RFC倉庫,0,0,hy-8113-black,0,,,
10,71032-00000827,hy-8113-black,1,メガネケース,10,0,0,0,0,10,61144,自社倉庫,10,0,hy-8113-black,0,,,
0,71032-00000828,hy-8113-navy,1,メガネケース,9,0,0,0,0,9,999,RFC倉庫,0,0,hy-8113-navy,0,,,
9,71032-00000828,hy-8113-navy,1,メガネケース,9,0,0,0,0,9,61144,自社倉庫,9,0,hy-8113-navy,0,,,
0,71032-00000829,hy-8130-silver,1,メガネケース,0,0,0,0,0,0,999,RFC倉庫,0,0,hy-8130-silver,0,,,
0,71032-00000829,hy-8130-silver,1,メガネケース,0,0,0,0,0,0,61144,自社倉庫,0,0,hy-8130-silver,0,,,
0,71032-00000830,hy-8130-green,1,メガネケース,0,0,0,0,0,0,999,RFC倉庫,0,0,hy-8130-green,0,,,
0,71032-00000830,hy-8130-green,1,メガネケース,0,0,0,0,0,0,61144,自社倉庫,0,0,hy-8130-green,0,,,
0,71032-00000831,isw-n1-51-ct,1,サングラス,2,0,0,0,0,2,999,RFC倉庫,0,0,isw-n1-51-ct,0,,,
2,71032-00000831,isw-n1-51-ct,1,サングラス,2,0,0,0,0,2,61144,自社倉庫,2,0,isw-n1-51-ct,0,,,
0,71032-00000832,isw-n1-51-od,1,サングラス,0,0,0,0,0,0,999,RFC倉庫,0,0,isw-n1-51-od,0,,,
0,71032-00000832,isw-n1-51-od,1,サングラス,0,0,0,0,0,0,61144,自社倉庫,0,0,isw-n1-51-od,0,,,
0,71032-00000833,isw-n1-51-bk,1,サングラス,1,0,0,0,0,1,999,RFC倉庫,0,0,isw-n1-51-bk,0,,,
1,71032-00000833,isw-n1-51-bk,1,サングラス,1,0,0,0,0,1,61144,自社倉庫,1,0,isw-n1-51-bk,0,,,
0,71032-00000834,isw-n1-54-ct,1,サングラス,1,0,0,0,0,1,999,RFC倉庫,0,0,isw-n1-54-ct,0,,,
1,71032-00000834,isw-n1-54-ct,1,サングラス,1,0,0,0,0,1,61144,自社倉庫,1,0,isw-n1-54-ct,0,,,
0,71032-00000835,isw-n1-54-od,1,サングラス,0,0,0,0,0,0,999,RFC倉庫,0,0,isw-n1-54-od,0,,,
0,71032-00000835,isw-n1-54-od,1,サングラス,0,0,0,0,0,0,61144,自社倉庫,0,0,isw-n1-54-od,0,,,
0,71032-00000836,isw-n1-54-bk,1,サングラス,0,0,0,0,0,0,999,RFC倉庫,0,0,isw-n1-54-bk,0,,,
0,71032-00000836,isw-n1-54-bk,1,サングラス,0,0,0,0,0,0,61144,自社倉庫,0,0,isw-n1-54-bk,0,,,
0,71032-00000837,isw-n1-a-51-ct,1,サングラス,3,0,0,0,0,3,999,RFC倉庫,0,0,isw-n1-a-51-ct,0,,,
3,71032-00000837,isw-n1-a-51-ct,1,サングラス,3,0,0,0,0,3,61144,自社倉庫,3,0,isw-n1-a-51-ct,0,,,
0,71032-00000838,isw-n1-a-51-od,1,サングラス,3,0,0,0,0,3,999,RFC倉庫,0,0,isw-n1-a-51-od,0,,,
3,71032-00000838,isw-n1-a-51-od,1,サングラス,3,0,0,0,0,3,61144,自社倉庫,3,0,isw-n1-a-51-od,0,,,
0,71032-00000839,isw-n1-a-51-bk,1,サングラス,0,0,0,0,0,0,999,RFC倉庫,0,0,isw-n1-a-51-bk,0,,,
0,71032-00000839,isw-n1-a-51-bk,1,サングラス,0,0,0,0,0,0,61144,自社倉庫,0,0,isw-n1-a-51-bk,0,,,
0,71032-00000840,isw-n1-a-54-ct,1,サングラス,3,0,0,0,0,3,999,RFC倉庫,0,0,isw-n1-a-54-ct,0,,,
3,71032-00000840,isw-n1-a-54-ct,1,サングラス,3,0,0,0,0,3,61144,自社倉庫,3,0,isw-n1-a-54-ct,0,,,
0,71032-00000841,isw-n1-a-54-od,1,サングラス,2,0,0,0,0,2,999,RFC倉庫,0,0,isw-n1-a-54-od,0,,,
2,71032-00000841,isw-n1-a-54-od,1,サングラス,2,0,0,0,0,2,61144,自社倉庫,2,0,isw-n1-a-54-od,0,,,
0,71032-00000842,isw-n1-a-54-bk,1,サングラス,1,0,0,0,0,1,999,RFC倉庫,0,0,isw-n1-a-54-bk,0,,,
1,71032-00000842,isw-n1-a-54-bk,1,サングラス,1,0,0,0,0,1,61144,自社倉庫,1,0,isw-n1-a-54-bk,0,,,
0,71032-00000843,isw-n2-48-ct,1,サングラス,0,0,0,0,0,0,999,RFC倉庫,0,0,isw-n2-48-ct,0,,,
0,71032-00000843,isw-n2-48-ct,1,サングラス,0,0,0,0,0,0,61144,自社倉庫,0,0,isw-n2-48-ct,0,,,
0,71032-00000844,isw-n2-48-od,1,サングラス,1,0,0,0,0,1,999,RFC倉庫,0,0,isw-n2-48-od,0,,,
1,71032-00000844,isw-n2-48-od,1,サングラス,1,0,0,0,0,1,61144,自社倉庫,1,0,isw-n2-48-od,0,,,
0,71032-00000845,isw-n2-48-bk,1,サングラス,0,0,0,0,0,0,999,RFC倉庫,0,0,isw-n2-48-bk,0,,,
0,71032-00000845,isw-n2-48-bk,1,サングラス,0,0,0,0,0,0,61144,自社倉庫,0,0,isw-n2-48-bk,0,,,
0,71032-00000846,isw-n2-51-ct,1,サングラス,2,0,0,0,0,2,999,RFC倉庫,0,0,isw-n2-51-ct,0,,,
2,71032-00000846,isw-n2-51-ct,1,サングラス,2,0,0,0,0,2,61144,自社倉庫,2,0,isw-n2-51-ct,0,,,
0,71032-00000847,isw-n2-51-od,1,サングラス,0,0,0,0,0,0,999,RFC倉庫,0,0,isw-n2-51-od,0,,,
0,71032-00000847,isw-n2-51-od,1,サングラス,0,0,0,0,0,0,61144,自社倉庫,0,0,isw-n2-51-od,0,,,
0,71032-00000848,isw-n2-51-bk,1,サングラス,0,0,0,0,0,0,999,RFC倉庫,0,0,isw-n2-51-bk,0,,,
0,71032-00000848,isw-n2-51-bk,1,サングラス,0,0,0,0,0,0,61144,自社倉庫,0,0,isw-n2-51-bk,0,,,
0,71032-00000849,isw-n2-a-48-ct,1,サングラス,0,0,0,0,0,0,999,RFC倉庫,0,0,isw-n2-a-48-ct,0,,,
0,71032-00000849,isw-n2-a-48-ct,1,サングラス,0,0,0,0,0,0,61144,自社倉庫,0,0,isw-n2-a-48-ct,0,,,
0,71032-00000850,isw-n2-a-48-od,1,サングラス,1,0,0,0,0,1,999,RFC倉庫,0,0,isw-n2-a-48-od,0,,,
1,71032-00000850,isw-n2-a-48-od,1,サングラス,1,0,0,0,0,1,61144,自社倉庫,1,0,isw-n2-a-48-od,0,,,
0,71032-00000851,isw-n2-a-48-bk,1,サングラス,0,0,0,0,0,0,999,RFC倉庫,0,0,isw-n2-a-48-bk,0,,,
0,71032-00000851,isw-n2-a-48-bk,1,サングラス,0,0,0,0,0,0,61144,自社倉庫,0,0,isw-n2-a-48-bk,0,,,
0,71032-00000852,isw-n2-a-51-ct,1,サングラス,3,0,0,0,0,3,999,RFC倉庫,0,0,isw-n2-a-51-ct,0,,,
3,71032-00000852,isw-n2-a-51-ct,1,サングラス,3,0,0,0,0,3,61144,自社倉庫,3,0,isw-n2-a-51-ct,0,,,
0,71032-00000853,isw-n2-a-51-od,1,サングラス,3,0,0,0,0,3,999,RFC倉庫,0,0,isw-n2-a-51-od,0,,,
3,71032-00000853,isw-n2-a-51-od,1,サングラス,3,0,0,0,0,3,61144,自社倉庫,3,0,isw-n2-a-51-od,0,,,
0,71032-00000854,isw-n2-a-51-bk,1,サングラス,2,0,0,0,0,2,999,RFC倉庫,0,0,isw-n2-a-51-bk,0,,,
2,71032-00000854,isw-n2-a-51-bk,1,サングラス,2,0,0,0,0,2,61144,自社倉庫,2,0,isw-n2-a-51-bk,0,,,
0,71032-00000855,ks3087-c-11,1,サングラス,0,0,0,0,0,0,999,RFC倉庫,0,0,ks3087-c-11,0,,,
0,71032-00000855,ks3087-c-11,1,サングラス,0,0,0,0,0,0,61144,自社倉庫,0,0,ks3087-c-11,0,,,
0,71032-00000856,ks3087-c-9,1,サングラス,0,0,0,0,0,0,999,RFC倉庫,0,0,ks3087-c-9,0,,,
0,71032-00000856,ks3087-c-9,1,サングラス,0,0,0,0,0,0,61144,自社倉庫,0,0,ks3087-c-9,0,,,
0,71032-00000857,ks3087-w-11,1,サングラス,0,0,0,0,0,0,999,RFC倉庫,0,0,ks3087-w-11,0,,,
0,71032-00000857,ks3087-w-11,1,サングラス,0,0,0,0,0,0,61144,自社倉庫,0,0,ks3087-w-11,0,,,
0,71032-00000858,ks3087-w-9,1,サングラス,0,0,0,0,0,0,999,RFC倉庫,0,0,ks3087-w-9,0,,,
0,71032-00000858,ks3087-w-9,1,サングラス,0,0,0,0,0,0,61144,自社倉庫,0,0,ks3087-w-9,0,,,
0,71032-00000859,ks5099-c-1,1,サングラス,0,0,0,0,0,0,999,RFC倉庫,0,0,ks5099-c-1,0,,,
0,71032-00000859,ks5099-c-1,1,サングラス,0,0,0,0,0,0,61144,自社倉庫,0,0,ks5099-c-1,0,,,
0,71032-00000860,ks5099-c-19,1,サングラス,0,0,0,0,0,0,999,RFC倉庫,0,0,ks5099-c-19,0,,,
0,71032-00000860,ks5099-c-19,1,サングラス,0,0,0,0,0,0,61144,自社倉庫,0,0,ks5099-c-19,0,,,
0,71032-00000861,ks5099-w-1,1,サングラス,0,0,0,0,0,0,999,RFC倉庫,0,0,ks5099-w-1,0,,,
0,71032-00000861,ks5099-w-1,1,サングラス,0,0,0,0,0,0,61144,自社倉庫,0,0,ks5099-w-1,0,,,
0,71032-00000862,ks5099-w-19,1,サングラス,0,0,0,0,0,0,999,RFC倉庫,0,0,ks5099-w-19,0,,,
0,71032-00000862,ks5099-w-19,1,サングラス,0,0,0,0,0,0,61144,自社倉庫,0,0,ks5099-w-19,0,,,
0,71032-00000869,mq-fi01-BK,1,マスクストラップ・シールド,0,0,0,0,0,0,999,RFC倉庫,0,0,mq-fi01-BK,0,,,
0,71032-00000869,mq-fi01-BK,1,マスクストラップ・シールド,0,0,0,0,0,0,61144,自社倉庫,0,0,mq-fi01-BK,0,,,
0,71032-00000870,mq-fi01-OR,1,マスクストラップ・シールド,0,0,0,0,0,0,999,RFC倉庫,0,0,mq-fi01-OR,0,,,
0,71032-00000870,mq-fi01-OR,1,マスクストラップ・シールド,0,0,0,0,0,0,61144,自社倉庫,0,0,mq-fi01-OR,0,,,
0,71032-00000871,mq-fi01-CYT,1,マスクストラップ・シールド,0,0,0,0,0,0,999,RFC倉庫,0,0,mq-fi01-CYT,0,,,
0,71032-00000871,mq-fi01-CYT,1,マスクストラップ・シールド,0,0,0,0,0,0,61144,自社倉庫,0,0,mq-fi01-CYT,0,,,
0,71032-00000872,mq-fi01-AMCF,1,マスクストラップ・シールド,0,0,0,0,0,0,999,RFC倉庫,0,0,mq-fi01-AMCF,0,,,
0,71032-00000872,mq-fi01-AMCF,1,マスクストラップ・シールド,0,0,0,0,0,0,61144,自社倉庫,0,0,mq-fi01-AMCF,0,,,
0,71032-00000873,mq-fi01-DSGR,1,マスクストラップ・シールド,0,0,0,0,0,0,999,RFC倉庫,0,0,mq-fi01-DSGR,0,,,
0,71032-00000873,mq-fi01-DSGR,1,マスクストラップ・シールド,0,0,0,0,0,0,61144,自社倉庫,0,0,mq-fi01-DSGR,0,,,
0,71032-00000874,mq-fi01-DSTQ,1,マスクストラップ・シールド,0,0,0,0,0,0,999,RFC倉庫,0,0,mq-fi01-DSTQ,0,,,
0,71032-00000874,mq-fi01-DSTQ,1,マスクストラップ・シールド,0,0,0,0,0,0,61144,自社倉庫,0,0,mq-fi01-DSTQ,0,,,
0,71032-00000875,mq-fi01-AMGRN,1,マスクストラップ・シールド,0,0,0,0,0,0,999,RFC倉庫,0,0,mq-fi01-AMGRN,0,,,
0,71032-00000875,mq-fi01-AMGRN,1,マスクストラップ・シールド,0,0,0,0,0,0,61144,自社倉庫,0,0,mq-fi01-AMGRN,0,,,
0,71032-00000876,mq-fi01-CE,1,マスクストラップ・シールド,0,0,0,0,0,0,999,RFC倉庫,0,0,mq-fi01-CE,0,,,
0,71032-00000876,mq-fi01-CE,1,マスクストラップ・シールド,0,0,0,0,0,0,61144,自社倉庫,0,0,mq-fi01-CE,0,,,
0,71032-00000877,mq-ne01-ng,1,マスクストラップ・シールド,0,0,0,0,0,0,999,RFC倉庫,0,0,mq-ne01-ng,0,,,
0,71032-00000877,mq-ne01-ng,1,マスクストラップ・シールド,0,0,0,0,0,0,61144,自社倉庫,0,0,mq-ne01-ng,0,,,
0,71032-00000878,mq-ne01-nw,1,マスクストラップ・シールド,0,0,0,0,0,0,999,RFC倉庫,0,0,mq-ne01-nw,0,,,
0,71032-00000878,mq-ne01-nw,1,マスクストラップ・シールド,0,0,0,0,0,0,61144,自社倉庫,0,0,mq-ne01-nw,0,,,
0,71032-00000879,mq-ne01-nb,1,マスクストラップ・シールド,0,0,0,0,0,0,999,RFC倉庫,0,0,mq-ne01-nb,0,,,
0,71032-00000879,mq-ne01-nb,1,マスクストラップ・シールド,0,0,0,0,0,0,61144,自社倉庫,0,0,mq-ne01-nb,0,,,
0,71032-00000880,mq-ne01-np,1,マスクストラップ・シールド,0,0,0,0,0,0,999,RFC倉庫,0,0,mq-ne01-np,0,,,
0,71032-00000880,mq-ne01-np,1,マスクストラップ・シールド,0,0,0,0,0,0,61144,自社倉庫,0,0,mq-ne01-np,0,,,
0,71032-00000881,mq-st01-BK,1,マスクストラップ・シールド,0,0,0,0,0,0,999,RFC倉庫,0,0,mq-st01-BK,0,,,
0,71032-00000881,mq-st01-BK,1,マスクストラップ・シールド,0,0,0,0,0,0,61144,自社倉庫,0,0,mq-st01-BK,0,,,
0,71032-00000882,mq-st01-OR,1,マスクストラップ・シールド,0,0,0,0,0,0,999,RFC倉庫,0,0,mq-st01-OR,0,,,
0,71032-00000882,mq-st01-OR,1,マスクストラップ・シールド,0,0,0,0,0,0,61144,自社倉庫,0,0,mq-st01-OR,0,,,
0,71032-00000883,mq-st01-CYT,1,マスクストラップ・シールド,0,0,0,0,0,0,999,RFC倉庫,0,0,mq-st01-CYT,0,,,
0,71032-00000883,mq-st01-CYT,1,マスクストラップ・シールド,0,0,0,0,0,0,61144,自社倉庫,0,0,mq-st01-CYT,0,,,
0,71032-00000884,mq-st01-CHB,1,マスクストラップ・シールド,0,0,0,0,0,0,999,RFC倉庫,0,0,mq-st01-CHB,0,,,
0,71032-00000884,mq-st01-CHB,1,マスクストラップ・シールド,0,0,0,0,0,0,61144,自社倉庫,0,0,mq-st01-CHB,0,,,
0,71032-00000885,mq-st01-NV,1,マスクストラップ・シールド,0,0,0,0,0,0,999,RFC倉庫,0,0,mq-st01-NV,0,,,
0,71032-00000885,mq-st01-NV,1,マスクストラップ・シールド,0,0,0,0,0,0,61144,自社倉庫,0,0,mq-st01-NV,0,,,
0,71032-00000886,mq-st02-SDBE,1,マスクストラップ・シールド,0,0,0,0,0,0,999,RFC倉庫,0,0,mq-st02-SDBE,0,,,
0,71032-00000886,mq-st02-SDBE,1,マスクストラップ・シールド,0,0,0,0,0,0,61144,自社倉庫,0,0,mq-st02-SDBE,0,,,
0,71032-00000887,mq-st02-SR,1,マスクストラップ・シールド,0,0,0,0,0,0,999,RFC倉庫,0,0,mq-st02-SR,0,,,
0,71032-00000887,mq-st02-SR,1,マスクストラップ・シールド,0,0,0,0,0,0,61144,自社倉庫,0,0,mq-st02-SR,0,,,
0,71032-00000888,mq-st02-PPH,1,マスクストラップ・シールド,0,0,0,0,0,0,999,RFC倉庫,0,0,mq-st02-PPH,0,,,
0,71032-00000888,mq-st02-PPH,1,マスクストラップ・シールド,0,0,0,0,0,0,61144,自社倉庫,0,0,mq-st02-PPH,0,,,
0,71032-00000889,mq-st02-OKBL,1,マスクストラップ・シールド,0,0,0,0,0,0,999,RFC倉庫,0,0,mq-st02-OKBL,0,,,
0,71032-00000889,mq-st02-OKBL,1,マスクストラップ・シールド,0,0,0,0,0,0,61144,自社倉庫,0,0,mq-st02-OKBL,0,,,
0,71032-00000890,mq-st02-LMBK,1,マスクストラップ・シールド,0,0,0,0,0,0,999,RFC倉庫,0,0,mq-st02-LMBK,0,,,
0,71032-00000890,mq-st02-LMBK,1,マスクストラップ・シールド,0,0,0,0,0,0,61144,自社倉庫,0,0,mq-st02-LMBK,0,,,
0,71032-00000891,mr3100u-00-10,1,老眼鏡,0,0,0,0,0,0,999,RFC倉庫,0,0,mr3100u-00-10,0,,,
0,71032-00000891,mr3100u-00-10,1,老眼鏡,0,0,0,0,0,0,61144,自社倉庫,0,0,mr3100u-00-10,0,,,
0,71032-00000892,mr3100u-31-10,1,老眼鏡,0,0,0,0,0,0,999,RFC倉庫,0,0,mr3100u-31-10,0,,,
0,71032-00000892,mr3100u-31-10,1,老眼鏡,0,0,0,0,0,0,61144,自社倉庫,0,0,mr3100u-31-10,0,,,
0,71032-00000893,mr3100u-80-10,1,老眼鏡,0,0,0,0,0,0,999,RFC倉庫,0,0,mr3100u-80-10,0,,,
0,71032-00000893,mr3100u-80-10,1,老眼鏡,0,0,0,0,0,0,61144,自社倉庫,0,0,mr3100u-80-10,0,,,
0,71032-00000894,mr3100u-00-15,1,老眼鏡,0,0,0,0,0,0,999,RFC倉庫,0,0,mr3100u-00-15,0,,,
0,71032-00000894,mr3100u-00-15,1,老眼鏡,0,0,0,0,0,0,61144,自社倉庫,0,0,mr3100u-00-15,0,,,
0,71032-00000895,mr3100u-31-15,1,老眼鏡,0,0,0,0,0,0,999,RFC倉庫,0,0,mr3100u-31-15,0,,,
0,71032-00000895,mr3100u-31-15,1,老眼鏡,0,0,0,0,0,0,61144,自社倉庫,0,0,mr3100u-31-15,0,,,
0,71032-00000896,mr3100u-80-15,1,老眼鏡,0,0,0,0,0,0,999,RFC倉庫,0,0,mr3100u-80-15,0,,,
0,71032-00000896,mr3100u-80-15,1,老眼鏡,0,0,0,0,0,0,61144,自社倉庫,0,0,mr3100u-80-15,0,,,
0,71032-00000897,mr3100u-00-20,1,老眼鏡,0,0,0,0,0,0,999,RFC倉庫,0,0,mr3100u-00-20,0,,,
0,71032-00000897,mr3100u-00-20,1,老眼鏡,0,0,0,0,0,0,61144,自社倉庫,0,0,mr3100u-00-20,0,,,
0,71032-00000898,mr3100u-31-20,1,老眼鏡,0,0,0,0,0,0,999,RFC倉庫,0,0,mr3100u-31-20,0,,,
0,71032-00000898,mr3100u-31-20,1,老眼鏡,0,0,0,0,0,0,61144,自社倉庫,0,0,mr3100u-31-20,0,,,
0,71032-00000899,mr3100u-80-20,1,老眼鏡,0,0,0,0,0,0,999,RFC倉庫,0,0,mr3100u-80-20,0,,,
0,71032-00000899,mr3100u-80-20,1,老眼鏡,0,0,0,0,0,0,61144,自社倉庫,0,0,mr3100u-80-20,0,,,
0,71032-00000900,mr3100u-00-25,1,老眼鏡,0,0,0,0,0,0,999,RFC倉庫,0,0,mr3100u-00-25,0,,,
0,71032-00000900,mr3100u-00-25,1,老眼鏡,0,0,0,0,0,0,61144,自社倉庫,0,0,mr3100u-00-25,0,,,
0,71032-00000901,mr3100u-31-25,1,老眼鏡,0,0,0,0,0,0,999,RFC倉庫,0,0,mr3100u-31-25,0,,,
0,71032-00000901,mr3100u-31-25,1,老眼鏡,0,0,0,0,0,0,61144,自社倉庫,0,0,mr3100u-31-25,0,,,
0,71032-00000902,mr3100u-80-25,1,老眼鏡,0,0,0,0,0,0,999,RFC倉庫,0,0,mr3100u-80-25,0,,,
0,71032-00000902,mr3100u-80-25,1,老眼鏡,0,0,0,0,0,0,61144,自社倉庫,0,0,mr3100u-80-25,0,,,
0,71032-00000903,mr3101u-00-10,1,老眼鏡,0,0,0,0,0,0,999,RFC倉庫,0,0,mr3101u-00-10,0,,,
0,71032-00000903,mr3101u-00-10,1,老眼鏡,0,0,0,0,0,0,61144,自社倉庫,0,0,mr3101u-00-10,0,,,
0,71032-00000904,mr3101u-31-10,1,老眼鏡,0,0,0,0,0,0,999,RFC倉庫,0,0,mr3101u-31-10,0,,,
0,71032-00000904,mr3101u-31-10,1,老眼鏡,0,0,0,0,0,0,61144,自社倉庫,0,0,mr3101u-31-10,0,,,
0,71032-00000905,mr3101u-40-10,1,老眼鏡,0,0,0,0,0,0,999,RFC倉庫,0,0,mr3101u-40-10,0,,,
0,71032-00000905,mr3101u-40-10,1,老眼鏡,0,0,0,0,0,0,61144,自社倉庫,0,0,mr3101u-40-10,0,,,
0,71032-00000906,mr3101u-00-15,1,老眼鏡,0,0,0,0,0,0,999,RFC倉庫,0,0,mr3101u-00-15,0,,,
0,71032-00000906,mr3101u-00-15,1,老眼鏡,0,0,0,0,0,0,61144,自社倉庫,0,0,mr3101u-00-15,0,,,
0,71032-00000907,mr3101u-31-15,1,老眼鏡,0,0,0,0,0,0,999,RFC倉庫,0,0,mr3101u-31-15,0,,,
0,71032-00000907,mr3101u-31-15,1,老眼鏡,0,0,0,0,0,0,61144,自社倉庫,0,0,mr3101u-31-15,0,,,
0,71032-00000908,mr3101u-40-15,1,老眼鏡,0,0,0,0,0,0,999,RFC倉庫,0,0,mr3101u-40-15,0,,,
0,71032-00000908,mr3101u-40-15,1,老眼鏡,0,0,0,0,0,0,61144,自社倉庫,0,0,mr3101u-40-15,0,,,
0,71032-00000909,mr3101u-00-20,1,老眼鏡,0,0,0,0,0,0,999,RFC倉庫,0,0,mr3101u-00-20,0,,,
0,71032-00000909,mr3101u-00-20,1,老眼鏡,0,0,0,0,0,0,61144,自社倉庫,0,0,mr3101u-00-20,0,,,
0,71032-00000910,mr3101u-31-20,1,老眼鏡,0,0,0,0,0,0,999,RFC倉庫,0,0,mr3101u-31-20,0,,,
0,71032-00000910,mr3101u-31-20,1,老眼鏡,0,0,0,0,0,0,61144,自社倉庫,0,0,mr3101u-31-20,0,,,
0,71032-00000911,mr3101u-40-20,1,老眼鏡,0,0,0,0,0,0,999,RFC倉庫,0,0,mr3101u-40-20,0,,,
0,71032-00000911,mr3101u-40-20,1,老眼鏡,0,0,0,0,0,0,61144,自社倉庫,0,0,mr3101u-40-20,0,,,
0,71032-00000912,mr3101u-00-25,1,老眼鏡,0,0,0,0,0,0,999,RFC倉庫,0,0,mr3101u-00-25,0,,,
0,71032-00000912,mr3101u-00-25,1,老眼鏡,0,0,0,0,0,0,61144,自社倉庫,0,0,mr3101u-00-25,0,,,
0,71032-00000913,mr3101u-31-25,1,老眼鏡,0,0,0,0,0,0,999,RFC倉庫,0,0,mr3101u-31-25,0,,,
0,71032-00000913,mr3101u-31-25,1,老眼鏡,0,0,0,0,0,0,61144,自社倉庫,0,0,mr3101u-31-25,0,,,
0,71032-00000914,mr3101u-40-25,1,老眼鏡,0,0,0,0,0,0,999,RFC倉庫,0,0,mr3101u-40-25,0,,,
0,71032-00000914,mr3101u-40-25,1,老眼鏡,0,0,0,0,0,0,61144,自社倉庫,0,0,mr3101u-40-25,0,,,
0,71032-00000915,ov-01-1,0,サングラス,0,0,0,0,0,0,999,RFC倉庫,0,0,ov-01-1,0,,,
0,71032-00000915,ov-01-1,0,サングラス,0,0,0,0,0,0,61144,自社倉庫,0,0,ov-01-1,0,,,
0,71032-00000916,ov-01-2,0,サングラス,0,0,0,0,0,0,999,RFC倉庫,0,0,ov-01-2,0,,,
0,71032-00000916,ov-01-2,0,サングラス,0,0,0,0,0,0,61144,自社倉庫,0,0,ov-01-2,0,,,
0,71032-00000917,ov-01-3,0,サングラス,0,0,0,0,0,0,999,RFC倉庫,0,0,ov-01-3,0,,,
0,71032-00000917,ov-01-3,0,サングラス,0,0,0,0,0,0,61144,自社倉庫,0,0,ov-01-3,0,,,
0,71032-00000918,ov-01-4,0,サングラス,0,0,0,0,0,0,999,RFC倉庫,0,0,ov-01-4,0,,,
0,71032-00000918,ov-01-4,0,サングラス,0,0,0,0,0,0,61144,自社倉庫,0,0,ov-01-4,0,,,
0,71032-00000919,p-3-black,1,メガネケース,1,0,0,0,0,1,999,RFC倉庫,0,0,p-3-black,0,,,
1,71032-00000919,p-3-black,1,メガネケース,1,0,0,0,0,1,61144,自社倉庫,1,0,p-3-black,0,,,
0,71032-00000920,p-3-brown,1,メガネケース,0,0,0,0,0,0,999,RFC倉庫,0,0,p-3-brown,0,,,
0,71032-00000920,p-3-brown,1,メガネケース,0,0,0,0,0,0,61144,自社倉庫,0,0,p-3-brown,0,,,
0,71032-00000921,p-3-enji,1,メガネケース,0,0,0,0,0,0,999,RFC倉庫,0,0,p-3-enji,0,,,
0,71032-00000921,p-3-enji,1,メガネケース,0,0,0,0,0,0,61144,自社倉庫,0,0,p-3-enji,0,,,
0,71032-00000922,p-3-ivory,1,メガネケース,0,0,0,0,0,0,999,RFC倉庫,0,0,p-3-ivory,0,,,
0,71032-00000922,p-3-ivory,1,メガネケース,0,0,0,0,0,0,61144,自社倉庫,0,0,p-3-ivory,0,,,
0,71032-00000923,ph5011-1,1,サングラス,0,0,0,0,0,0,999,RFC倉庫,0,0,ph5011-1,0,,,
0,71032-00000923,ph5011-1,1,サングラス,0,0,0,0,0,0,61144,自社倉庫,0,0,ph5011-1,0,,,
0,71032-00000924,ph5011-2,1,サングラス,0,0,0,0,0,0,999,RFC倉庫,0,0,ph5011-2,0,,,
0,71032-00000924,ph5011-2,1,サングラス,0,0,0,0,0,0,61144,自社倉庫,0,0,ph5011-2,0,,,
0,71032-00000925,ph5099-1,3,サングラス,15,0,0,0,0,15,999,RFC倉庫,0,0,ph5099-1,0,,,
15,71032-00000925,ph5099-1,3,サングラス,15,0,0,0,0,15,61144,自社倉庫,15,0,ph5099-1,0,,,
0,71032-00000926,ph5099-2,3,サングラス,17,0,0,0,0,17,999,RFC倉庫,0,0,ph5099-2,0,,,
17,71032-00000926,ph5099-2,3,サングラス,17,0,0,0,0,17,61144,自社倉庫,17,0,ph5099-2,0,,,
0,71032-00000927,ph5606-1,1,サングラス,9,0,0,0,0,9,999,RFC倉庫,0,0,ph5606-1,0,,,
9,71032-00000927,ph5606-1,1,サングラス,9,0,0,0,0,9,61144,自社倉庫,9,0,ph5606-1,0,,,
0,71032-00000978,rf-003-1,1,サングラス,7,0,0,0,0,7,999,RFC倉庫,0,0,rf-003-1,0,,,
7,71032-00000978,rf-003-1,1,サングラス,7,0,0,0,0,7,61144,自社倉庫,7,0,rf-003-1,0,,,
0,71032-00000979,rf-003-2,1,サングラス,0,0,0,0,0,0,999,RFC倉庫,0,0,rf-003-2,0,,,
0,71032-00000979,rf-003-2,1,サングラス,0,0,0,0,0,0,61144,自社倉庫,0,0,rf-003-2,0,,,
0,71032-00000980,si-01sap-1a-15,3,老眼鏡,14,0,0,0,0,14,999,RFC倉庫,0,0,si-01sa-1-15,0,,,
14,71032-00000980,si-01sap-1a-15,3,老眼鏡,14,0,0,0,0,14,61144,自社倉庫,14,0,si-01sa-1-15,0,,,
0,71032-00000981,si-01sap-2a-15,3,老眼鏡,11,0,0,0,0,11,999,RFC倉庫,0,0,si-01sa-2-15,0,,,
11,71032-00000981,si-01sap-2a-15,3,老眼鏡,11,0,0,0,0,11,61144,自社倉庫,11,0,si-01sa-2-15,0,,,
0,71032-00000982,si-01sap-3a-15,3,老眼鏡,10,0,0,0,0,10,999,RFC倉庫,0,0,si-01sa-3-15,0,,,
10,71032-00000982,si-01sap-3a-15,3,老眼鏡,10,0,0,0,0,10,61144,自社倉庫,10,0,si-01sa-3-15,0,,,
0,71032-00000984,si-01sap-1a-20,3,老眼鏡,12,0,0,0,0,12,999,RFC倉庫,0,0,si-01sa-1-20,0,,,
12,71032-00000984,si-01sap-1a-20,3,老眼鏡,12,0,0,0,0,12,61144,自社倉庫,12,0,si-01sa-1-20,0,,,
0,71032-00000985,si-01sap-2a-20,3,老眼鏡,15,0,0,0,0,15,999,RFC倉庫,0,0,si-01sa-2-20,0,,,
15,71032-00000985,si-01sap-2a-20,3,老眼鏡,15,0,0,0,0,15,61144,自社倉庫,15,0,si-01sa-2-20,0,,,
0,71032-00000986,si-01sap-3a-20,3,老眼鏡,10,0,0,0,0,10,999,RFC倉庫,0,0,si-01sa-3-20,0,,,
10,71032-00000986,si-01sap-3a-20,3,老眼鏡,10,0,0,0,0,10,61144,自社倉庫,10,0,si-01sa-3-20,0,,,
0,71032-00000988,si-01sap-1a-25,1,老眼鏡,7,0,0,0,0,7,999,RFC倉庫,0,0,si-01sa-1-25,0,,,
7,71032-00000988,si-01sap-1a-25,1,老眼鏡,7,0,0,0,0,7,61144,自社倉庫,7,0,si-01sa-1-25,0,,,
0,71032-00000989,si-01sap-2a-25,1,老眼鏡,0,0,0,0,0,0,999,RFC倉庫,0,0,si-01sa-2-25,0,,,
0,71032-00000989,si-01sap-2a-25,1,老眼鏡,0,0,0,0,0,0,61144,自社倉庫,0,0,si-01sa-2-25,0,,,
0,71032-00000990,si-01sap-3a-25,3,老眼鏡,4,0,0,0,0,4,999,RFC倉庫,0,0,si-01sa-3-25,0,,,
4,71032-00000990,si-01sap-3a-25,3,老眼鏡,4,0,0,0,0,4,61144,自社倉庫,4,0,si-01sa-3-25,0,,,
0,71032-00000992,si-01sap-1a-30,1,老眼鏡,8,0,0,0,0,8,999,RFC倉庫,0,0,si-01sa-1-30,0,,,
8,71032-00000992,si-01sap-1a-30,1,老眼鏡,8,0,0,0,0,8,61144,自社倉庫,8,0,si-01sa-1-30,0,,,
0,71032-00000993,si-01sap-2a-30,1,老眼鏡,1,0,0,0,0,1,999,RFC倉庫,0,0,si-01sa-2-30,0,,,
1,71032-00000993,si-01sap-2a-30,1,老眼鏡,1,0,0,0,0,1,61144,自社倉庫,1,0,si-01sa-2-30,0,,,
0,71032-00000994,si-01sap-3a-30,1,老眼鏡,3,0,0,0,0,3,999,RFC倉庫,0,0,si-01sa-3-30,0,,,
3,71032-00000994,si-01sap-3a-30,1,老眼鏡,3,0,0,0,0,3,61144,自社倉庫,3,0,si-01sa-3-30,0,,,
0,71032-00001005,si-01sap-2a-15,1,老眼鏡,0,1,0,0,0,1,999,RFC倉庫,0,0,si-01sap-2a-15,0,,,
1,71032-00001005,si-01sap-2a-15,1,老眼鏡,0,1,0,0,0,1,61144,自社倉庫,1,1,si-01sap-2a-15,0,,,
0,71032-00001016,si-02sa-1-15,1,老眼鏡,0,0,0,0,0,0,999,RFC倉庫,0,0,si-02sa-1-15,0,,,
0,71032-00001016,si-02sa-1-15,1,老眼鏡,0,0,0,0,0,0,61144,自社倉庫,0,0,si-02sa-1-15,0,,,
0,71032-00001017,si-02sa-2-15,1,老眼鏡,0,0,0,0,0,0,999,RFC倉庫,0,0,si-02sa-2-15,0,,,
0,71032-00001017,si-02sa-2-15,1,老眼鏡,0,0,0,0,0,0,61144,自社倉庫,0,0,si-02sa-2-15,0,,,
0,71032-00001018,si-02sa-3-15,1,老眼鏡,0,0,0,0,0,0,999,RFC倉庫,0,0,si-02sa-3-15,0,,,
0,71032-00001018,si-02sa-3-15,1,老眼鏡,0,0,0,0,0,0,61144,自社倉庫,0,0,si-02sa-3-15,0,,,
0,71032-00001019,si-02sa-4-15,1,老眼鏡,0,0,0,0,0,0,999,RFC倉庫,0,0,si-02sa-4-15,0,,,
0,71032-00001019,si-02sa-4-15,1,老眼鏡,0,0,0,0,0,0,61144,自社倉庫,0,0,si-02sa-4-15,0,,,
0,71032-00001020,si-02sa-1-20,1,老眼鏡,0,0,0,0,0,0,999,RFC倉庫,0,0,si-02sa-1-20,0,,,
0,71032-00001020,si-02sa-1-20,1,老眼鏡,0,0,0,0,0,0,61144,自社倉庫,0,0,si-02sa-1-20,0,,,
0,71032-00001021,si-02sa-2-20,1,老眼鏡,0,0,0,0,0,0,999,RFC倉庫,0,0,si-02sa-2-20,0,,,
0,71032-00001021,si-02sa-2-20,1,老眼鏡,0,0,0,0,0,0,61144,自社倉庫,0,0,si-02sa-2-20,0,,,
0,71032-00001022,si-02sa-3-20,1,老眼鏡,0,0,0,0,0,0,999,RFC倉庫,0,0,si-02sa-3-20,0,,,
0,71032-00001022,si-02sa-3-20,1,老眼鏡,0,0,0,0,0,0,61144,自社倉庫,0,0,si-02sa-3-20,0,,,
0,71032-00001023,si-02sa-4-20,1,老眼鏡,0,0,0,0,0,0,999,RFC倉庫,0,0,si-02sa-4-20,0,,,
0,71032-00001023,si-02sa-4-20,1,老眼鏡,0,0,0,0,0,0,61144,自社倉庫,0,0,si-02sa-4-20,0,,,
0,71032-00001024,si-02sa-1-25,3,老眼鏡,0,0,0,0,0,0,999,RFC倉庫,0,0,si-02sa-1-25,0,,,
0,71032-00001024,si-02sa-1-25,3,老眼鏡,0,0,0,0,0,0,61144,自社倉庫,0,0,si-02sa-1-25,0,,,
0,71032-00001025,si-02sa-2-25,1,老眼鏡,0,0,0,0,0,0,999,RFC倉庫,0,0,si-02sa-2-25,0,,,
0,71032-00001025,si-02sa-2-25,1,老眼鏡,0,0,0,0,0,0,61144,自社倉庫,0,0,si-02sa-2-25,0,,,
0,71032-00001026,si-02sa-3-25,3,老眼鏡,0,0,0,0,0,0,999,RFC倉庫,0,0,si-02sa-3-25,0,,,
0,71032-00001026,si-02sa-3-25,3,老眼鏡,0,0,0,0,0,0,61144,自社倉庫,0,0,si-02sa-3-25,0,,,
0,71032-00001027,si-02sa-4-25,1,老眼鏡,0,0,0,0,0,0,999,RFC倉庫,0,0,si-02sa-4-25,0,,,
0,71032-00001027,si-02sa-4-25,1,老眼鏡,0,0,0,0,0,0,61144,自社倉庫,0,0,si-02sa-4-25,0,,,
0,71032-00001028,si-02sa-1-30,1,老眼鏡,0,0,0,0,0,0,999,RFC倉庫,0,0,si-02sa-1-30,0,,,
0,71032-00001028,si-02sa-1-30,1,老眼鏡,0,0,0,0,0,0,61144,自社倉庫,0,0,si-02sa-1-30,0,,,
0,71032-00001029,si-02sa-2-30,3,老眼鏡,0,0,0,0,0,0,999,RFC倉庫,0,0,si-02sa-2-30,0,,,
0,71032-00001029,si-02sa-2-30,3,老眼鏡,0,0,0,0,0,0,61144,自社倉庫,0,0,si-02sa-2-30,0,,,
0,71032-00001030,si-02sa-3-30,1,老眼鏡,6,0,0,0,0,6,999,RFC倉庫,0,0,si-02sa-3-30,0,,,
6,71032-00001030,si-02sa-3-30,1,老眼鏡,6,0,0,0,0,6,61144,自社倉庫,6,0,si-02sa-3-30,0,,,
0,71032-00001031,si-02sa-4-30,3,老眼鏡,0,0,0,0,0,0,999,RFC倉庫,0,0,si-02sa-4-30,0,,,
0,71032-00001031,si-02sa-4-30,3,老眼鏡,0,0,0,0,0,0,61144,自社倉庫,0,0,si-02sa-4-30,0,,,
0,71032-00001032,si-03-1-10,1,老眼鏡,7,0,0,0,0,7,999,RFC倉庫,0,0,si-03-1-10,0,,,
7,71032-00001032,si-03-1-10,1,老眼鏡,7,0,0,0,0,7,61144,自社倉庫,7,0,si-03-1-10,0,,,
0,71032-00001033,si-03-2-10,1,老眼鏡,0,0,0,0,0,0,999,RFC倉庫,0,0,si-03-2-10,0,,,
0,71032-00001033,si-03-2-10,1,老眼鏡,0,0,0,0,0,0,61144,自社倉庫,0,0,si-03-2-10,0,,,
0,71032-00001034,si-03-3-10,1,老眼鏡,2,0,0,0,0,2,999,RFC倉庫,0,0,si-03-3-10,0,,,
2,71032-00001034,si-03-3-10,1,老眼鏡,2,0,0,0,0,2,61144,自社倉庫,2,0,si-03-3-10,0,,,
0,71032-00001035,si-03-1-15,1,老眼鏡,0,0,0,0,0,0,999,RFC倉庫,0,0,si-03-1-15,0,,,
0,71032-00001035,si-03-1-15,1,老眼鏡,0,0,0,0,0,0,61144,自社倉庫,0,0,si-03-1-15,0,,,
0,71032-00001036,si-03-2-15,1,老眼鏡,0,0,0,0,0,0,999,RFC倉庫,0,0,si-03-2-15,0,,,
0,71032-00001036,si-03-2-15,1,老眼鏡,0,0,0,0,0,0,61144,自社倉庫,0,0,si-03-2-15,0,,,
0,71032-00001037,si-03-3-15,1,老眼鏡,0,1,0,0,0,1,999,RFC倉庫,0,0,si-03-3-15,0,,,
1,71032-00001037,si-03-3-15,1,老眼鏡,0,1,0,0,0,1,61144,自社倉庫,1,1,si-03-3-15,0,,,
0,71032-00001038,si-03-1-20,1,老眼鏡,0,0,0,0,0,0,999,RFC倉庫,0,0,si-03-1-20,0,,,
0,71032-00001038,si-03-1-20,1,老眼鏡,0,0,0,0,0,0,61144,自社倉庫,0,0,si-03-1-20,0,,,
0,71032-00001039,si-03-2-20,1,老眼鏡,0,0,0,0,0,0,999,RFC倉庫,0,0,si-03-2-20,0,,,
0,71032-00001039,si-03-2-20,1,老眼鏡,0,0,0,0,0,0,61144,自社倉庫,0,0,si-03-2-20,0,,,
0,71032-00001040,si-03-3-20,1,老眼鏡,0,0,0,0,0,0,999,RFC倉庫,0,0,si-03-3-20,0,,,
0,71032-00001040,si-03-3-20,1,老眼鏡,0,0,0,0,0,0,61144,自社倉庫,0,0,si-03-3-20,0,,,
0,71032-00001041,si-03-1-25,1,老眼鏡,0,0,0,0,0,0,999,RFC倉庫,0,0,si-03-1-25,0,,,
0,71032-00001041,si-03-1-25,1,老眼鏡,0,0,0,0,0,0,61144,自社倉庫,0,0,si-03-1-25,0,,,
0,71032-00001042,si-03-2-25,1,老眼鏡,0,0,0,0,0,0,999,RFC倉庫,0,0,si-03-2-25,0,,,
0,71032-00001042,si-03-2-25,1,老眼鏡,0,0,0,0,0,0,61144,自社倉庫,0,0,si-03-2-25,0,,,
0,71032-00001043,si-03-3-25,1,老眼鏡,1,0,0,0,0,1,999,RFC倉庫,0,0,si-03-3-25,0,,,
1,71032-00001043,si-03-3-25,1,老眼鏡,1,0,0,0,0,1,61144,自社倉庫,1,0,si-03-3-25,0,,,
0,71032-00001044,si-03-1-30,1,老眼鏡,10,0,0,0,0,10,999,RFC倉庫,0,0,si-03-1-30,0,,,
10,71032-00001044,si-03-1-30,1,老眼鏡,10,0,0,0,0,10,61144,自社倉庫,10,0,si-03-1-30,0,,,
0,71032-00001045,si-03-2-30,1,老眼鏡,0,0,0,0,0,0,999,RFC倉庫,0,0,si-03-2-30,0,,,
0,71032-00001045,si-03-2-30,1,老眼鏡,0,0,0,0,0,0,61144,自社倉庫,0,0,si-03-2-30,0,,,
0,71032-00001046,si-03-3-30,1,老眼鏡,0,0,0,0,0,0,999,RFC倉庫,0,0,si-03-3-30,0,,,
0,71032-00001046,si-03-3-30,1,老眼鏡,0,0,0,0,0,0,61144,自社倉庫,0,0,si-03-3-30,0,,,
0,71032-00001047,si-06pc-1,0,PCメガネ,0,0,0,0,0,0,999,RFC倉庫,0,0,si-06pc-1,0,,,
0,71032-00001047,si-06pc-1,0,PCメガネ,0,0,0,0,0,0,61144,自社倉庫,0,0,si-06pc-1,0,,,
0,71032-00001048,si-06pc-2,0,PCメガネ,0,0,0,0,0,0,999,RFC倉庫,0,0,si-06pc-2,0,,,
0,71032-00001048,si-06pc-2,0,PCメガネ,0,0,0,0,0,0,61144,自社倉庫,0,0,si-06pc-2,0,,,
0,71032-00001049,si-06pc-3,0,PCメガネ,0,0,0,0,0,0,999,RFC倉庫,0,0,si-06pc-3,0,,,
0,71032-00001049,si-06pc-3,0,PCメガネ,0,0,0,0,0,0,61144,自社倉庫,0,0,si-06pc-3,0,,,
0,71032-00001050,si-07-1-15,1,老眼鏡,10,0,0,0,0,10,999,RFC倉庫,0,0,si-07-1-15,0,,,
10,71032-00001050,si-07-1-15,1,老眼鏡,10,0,0,0,0,10,61144,自社倉庫,10,0,si-07-1-15,0,,,
0,71032-00001051,si-07-2-15,3,老眼鏡,10,0,0,0,0,10,999,RFC倉庫,0,0,si-07-2-15,0,,,
10,71032-00001051,si-07-2-15,3,老眼鏡,10,0,0,0,0,10,61144,自社倉庫,10,0,si-07-2-15,0,,,
0,71032-00001052,si-07-1-20,3,老眼鏡,9,1,0,0,0,10,999,RFC倉庫,0,0,si-07-1-20,0,,,
10,71032-00001052,si-07-1-20,3,老眼鏡,9,1,0,0,0,10,61144,自社倉庫,10,1,si-07-1-20,0,,,
0,71032-00001053,si-07-2-20,3,老眼鏡,10,0,0,0,0,10,999,RFC倉庫,0,0,si-07-2-20,0,,,
10,71032-00001053,si-07-2-20,3,老眼鏡,10,0,0,0,0,10,61144,自社倉庫,10,0,si-07-2-20,0,,,
0,71032-00001054,si-07-1-25,1,老眼鏡,10,0,0,0,0,10,999,RFC倉庫,0,0,si-07-1-25,0,,,
10,71032-00001054,si-07-1-25,1,老眼鏡,10,0,0,0,0,10,61144,自社倉庫,10,0,si-07-1-25,0,,,
0,71032-00001055,si-07-2-25,1,老眼鏡,10,0,0,0,0,10,999,RFC倉庫,0,0,si-07-2-25,0,,,
10,71032-00001055,si-07-2-25,1,老眼鏡,10,0,0,0,0,10,61144,自社倉庫,10,0,si-07-2-25,0,,,
0,71032-00001056,si-07-1-30,1,老眼鏡,10,0,0,0,0,10,999,RFC倉庫,0,0,si-07-1-30,0,,,
10,71032-00001056,si-07-1-30,1,老眼鏡,10,0,0,0,0,10,61144,自社倉庫,10,0,si-07-1-30,0,,,
0,71032-00001057,si-07-2-30,1,老眼鏡,10,0,0,0,0,10,999,RFC倉庫,0,0,si-07-2-30,0,,,
10,71032-00001057,si-07-2-30,1,老眼鏡,10,0,0,0,0,10,61144,自社倉庫,10,0,si-07-2-30,0,,,
0,71032-00001058,si-07sg-1,1,サングラス,0,0,0,0,0,0,999,RFC倉庫,0,0,si-07sg-1,0,,,
0,71032-00001058,si-07sg-1,1,サングラス,0,0,0,0,0,0,61144,自社倉庫,0,0,si-07sg-1,0,,,
0,71032-00001059,si-07sg-2,1,サングラス,0,0,0,0,0,0,999,RFC倉庫,0,0,si-07sg-2,0,,,
0,71032-00001059,si-07sg-2,1,サングラス,0,0,0,0,0,0,61144,自社倉庫,0,0,si-07sg-2,0,,,
0,71032-00001060,si-08-1-15,1,老眼鏡,10,0,0,0,0,10,999,RFC倉庫,0,0,si-08-1-15,0,,,
10,71032-00001060,si-08-1-15,1,老眼鏡,10,0,0,0,0,10,61144,自社倉庫,10,0,si-08-1-15,0,,,
0,71032-00001061,si-08-2-15,1,老眼鏡,9,0,0,0,0,9,999,RFC倉庫,0,0,si-08-2-15,0,,,
9,71032-00001061,si-08-2-15,1,老眼鏡,9,0,0,0,0,9,61144,自社倉庫,9,0,si-08-2-15,0,,,
0,71032-00001062,si-08-3-15,1,老眼鏡,9,0,0,0,0,9,999,RFC倉庫,0,0,si-08-3-15,0,,,
9,71032-00001062,si-08-3-15,1,老眼鏡,9,0,0,0,0,9,61144,自社倉庫,9,0,si-08-3-15,0,,,
0,71032-00001063,si-08-1-20,1,老眼鏡,10,0,0,0,0,10,999,RFC倉庫,0,0,si-08-1-20,0,,,
10,71032-00001063,si-08-1-20,1,老眼鏡,10,0,0,0,0,10,61144,自社倉庫,10,0,si-08-1-20,0,,,
0,71032-00001064,si-08-2-20,1,老眼鏡,9,0,0,0,0,9,999,RFC倉庫,0,0,si-08-2-20,0,,,
9,71032-00001064,si-08-2-20,1,老眼鏡,9,0,0,0,0,9,61144,自社倉庫,9,0,si-08-2-20,0,,,
0,71032-00001065,si-08-3-20,1,老眼鏡,10,0,0,0,0,10,999,RFC倉庫,0,0,si-08-3-20,0,,,
10,71032-00001065,si-08-3-20,1,老眼鏡,10,0,0,0,0,10,61144,自社倉庫,10,0,si-08-3-20,0,,,
0,71032-00001066,si-08-1-25,1,老眼鏡,10,0,0,0,0,10,999,RFC倉庫,0,0,si-08-1-25,0,,,
10,71032-00001066,si-08-1-25,1,老眼鏡,10,0,0,0,0,10,61144,自社倉庫,10,0,si-08-1-25,0,,,
0,71032-00001067,si-08-2-25,1,老眼鏡,10,0,0,0,0,10,999,RFC倉庫,0,0,si-08-2-25,0,,,
10,71032-00001067,si-08-2-25,1,老眼鏡,10,0,0,0,0,10,61144,自社倉庫,10,0,si-08-2-25,0,,,
0,71032-00001068,si-08-3-25,1,老眼鏡,6,0,0,0,0,6,999,RFC倉庫,0,0,si-08-3-25,0,,,
6,71032-00001068,si-08-3-25,1,老眼鏡,6,0,0,0,0,6,61144,自社倉庫,6,0,si-08-3-25,0,,,
0,71032-00001069,si-08-1-30,1,老眼鏡,10,0,0,0,0,10,999,RFC倉庫,0,0,si-08-1-30,0,,,
10,71032-00001069,si-08-1-30,1,老眼鏡,10,0,0,0,0,10,61144,自社倉庫,10,0,si-08-1-30,0,,,
0,71032-00001070,si-08-2-30,1,老眼鏡,7,0,0,0,0,7,999,RFC倉庫,0,0,si-08-2-30,0,,,
7,71032-00001070,si-08-2-30,1,老眼鏡,7,0,0,0,0,7,61144,自社倉庫,7,0,si-08-2-30,0,,,
0,71032-00001071,si-08-3-30,1,老眼鏡,11,0,0,0,0,11,999,RFC倉庫,0,0,si-08-3-30,0,,,
11,71032-00001071,si-08-3-30,1,老眼鏡,11,0,0,0,0,11,61144,自社倉庫,11,0,si-08-3-30,0,,,
0,71032-00001072,si-08-1-10,1,老眼鏡,0,0,0,0,0,0,999,RFC倉庫,0,0,si-08-1-10,0,,,
0,71032-00001072,si-08-1-10,1,老眼鏡,0,0,0,0,0,0,61144,自社倉庫,0,0,si-08-1-10,0,,,
0,71032-00001073,si-08-2-10,1,老眼鏡,0,0,0,0,0,0,999,RFC倉庫,0,0,si-08-2-10,0,,,
0,71032-00001073,si-08-2-10,1,老眼鏡,0,0,0,0,0,0,61144,自社倉庫,0,0,si-08-2-10,0,,,
0,71032-00001074,si-08-3-10,1,老眼鏡,0,0,0,0,0,0,999,RFC倉庫,0,0,si-08-3-10,0,,,
0,71032-00001074,si-08-3-10,1,老眼鏡,0,0,0,0,0,0,61144,自社倉庫,0,0,si-08-3-10,0,,,
0,71032-00001078,si-08r-1-15,1,老眼鏡,9,0,0,0,0,9,999,RFC倉庫,0,0,si-08r-1-15,0,,,
9,71032-00001078,si-08r-1-15,1,老眼鏡,9,0,0,0,0,9,61144,自社倉庫,9,0,si-08r-1-15,0,,,
0,71032-00001079,si-08r-2-15,1,老眼鏡,15,0,0,0,0,15,999,RFC倉庫,0,0,si-08r-2-15,0,,,
15,71032-00001079,si-08r-2-15,1,老眼鏡,15,0,0,0,0,15,61144,自社倉庫,15,0,si-08r-2-15,0,,,
0,71032-00001080,si-08r-3-15,1,老眼鏡,10,0,0,0,0,10,999,RFC倉庫,0,0,si-08r-3-15,0,,,
10,71032-00001080,si-08r-3-15,1,老眼鏡,10,0,0,0,0,10,61144,自社倉庫,10,0,si-08r-3-15,0,,,
0,71032-00001081,si-08r-1-20,1,老眼鏡,9,0,0,0,0,9,999,RFC倉庫,0,0,si-08r-1-20,0,,,
9,71032-00001081,si-08r-1-20,1,老眼鏡,9,0,0,0,0,9,61144,自社倉庫,9,0,si-08r-1-20,0,,,
0,71032-00001082,si-08r-2-20,1,老眼鏡,13,0,0,0,0,13,999,RFC倉庫,0,0,si-08r-2-20,0,,,
13,71032-00001082,si-08r-2-20,1,老眼鏡,13,0,0,0,0,13,61144,自社倉庫,13,0,si-08r-2-20,0,,,
0,71032-00001083,si-08r-3-20,1,老眼鏡,10,0,0,0,0,10,999,RFC倉庫,0,0,si-08r-3-20,0,,,
10,71032-00001083,si-08r-3-20,1,老眼鏡,10,0,0,0,0,10,61144,自社倉庫,10,0,si-08r-3-20,0,,,
0,71032-00001084,si-08r-1-25,1,老眼鏡,6,0,0,0,0,6,999,RFC倉庫,0,0,si-08r-1-25,0,,,
6,71032-00001084,si-08r-1-25,1,老眼鏡,6,0,0,0,0,6,61144,自社倉庫,6,0,si-08r-1-25,0,,,
0,71032-00001085,si-08r-2-25,1,老眼鏡,12,0,0,0,0,12,999,RFC倉庫,0,0,si-08r-2-25,0,,,
12,71032-00001085,si-08r-2-25,1,老眼鏡,12,0,0,0,0,12,61144,自社倉庫,12,0,si-08r-2-25,0,,,
0,71032-00001086,si-08r-3-25,1,老眼鏡,9,2,0,0,0,11,999,RFC倉庫,0,0,si-08r-3-25,0,,,
11,71032-00001086,si-08r-3-25,1,老眼鏡,9,2,0,0,0,11,61144,自社倉庫,11,2,si-08r-3-25,0,,,
0,71032-00001087,si-09-1-15,3,老眼鏡,10,0,0,0,0,10,999,RFC倉庫,0,0,si-09-1-15,0,,,
10,71032-00001087,si-09-1-15,3,老眼鏡,10,0,0,0,0,10,61144,自社倉庫,10,0,si-09-1-15,0,,,
0,71032-00001088,si-09-2-15,3,老眼鏡,12,0,0,0,0,12,999,RFC倉庫,0,0,si-09-2-15,0,,,
12,71032-00001088,si-09-2-15,3,老眼鏡,12,0,0,0,0,12,61144,自社倉庫,12,0,si-09-2-15,0,,,
0,71032-00001089,si-09-3-15,1,老眼鏡,12,0,0,0,0,12,999,RFC倉庫,0,0,si-09-3-15,0,,,
12,71032-00001089,si-09-3-15,1,老眼鏡,12,0,0,0,0,12,61144,自社倉庫,12,0,si-09-3-15,0,,,
0,71032-00001090,si-09-1-20,1,老眼鏡,11,0,0,0,0,11,999,RFC倉庫,0,0,si-09-1-20,0,,,
11,71032-00001090,si-09-1-20,1,老眼鏡,11,0,0,0,0,11,61144,自社倉庫,11,0,si-09-1-20,0,,,
0,71032-00001091,si-09-2-20,1,老眼鏡,3,0,0,0,0,3,999,RFC倉庫,0,0,si-09-2-20,0,,,
3,71032-00001091,si-09-2-20,1,老眼鏡,3,0,0,0,0,3,61144,自社倉庫,3,0,si-09-2-20,0,,,
0,71032-00001092,si-09-3-20,3,老眼鏡,11,0,0,0,0,11,999,RFC倉庫,0,0,si-09-3-20,0,,,
11,71032-00001092,si-09-3-20,3,老眼鏡,11,0,0,0,0,11,61144,自社倉庫,11,0,si-09-3-20,0,,,
0,71032-00001093,si-09-1-25,1,老眼鏡,10,0,0,0,0,10,999,RFC倉庫,0,0,si-09-1-25,0,,,
10,71032-00001093,si-09-1-25,1,老眼鏡,10,0,0,0,0,10,61144,自社倉庫,10,0,si-09-1-25,0,,,
0,71032-00001094,si-09-2-25,1,老眼鏡,0,0,0,0,0,0,999,RFC倉庫,0,0,si-09-2-25,0,,,
0,71032-00001094,si-09-2-25,1,老眼鏡,0,0,0,0,0,0,61144,自社倉庫,0,0,si-09-2-25,0,,,
0,71032-00001095,si-09-3-25,1,老眼鏡,9,0,0,0,0,9,999,RFC倉庫,0,0,si-09-3-25,0,,,
9,71032-00001095,si-09-3-25,1,老眼鏡,9,0,0,0,0,9,61144,自社倉庫,9,0,si-09-3-25,0,,,
0,71032-00001096,si-09-1-30,1,老眼鏡,12,0,0,0,0,12,999,RFC倉庫,0,0,si-09-1-30,0,,,
12,71032-00001096,si-09-1-30,1,老眼鏡,12,0,0,0,0,12,61144,自社倉庫,12,0,si-09-1-30,0,,,
0,71032-00001097,si-09-2-30,1,老眼鏡,13,0,0,0,0,13,999,RFC倉庫,0,0,si-09-2-30,0,,,
13,71032-00001097,si-09-2-30,1,老眼鏡,13,0,0,0,0,13,61144,自社倉庫,13,0,si-09-2-30,0,,,
0,71032-00001098,si-09-3-30,1,老眼鏡,10,0,0,0,0,10,999,RFC倉庫,0,0,si-09-3-30,0,,,
10,71032-00001098,si-09-3-30,1,老眼鏡,10,0,0,0,0,10,61144,自社倉庫,10,0,si-09-3-30,0,,,
0,71032-00001099,si-10-1-15,1,老眼鏡,10,0,0,0,0,10,999,RFC倉庫,0,0,si-10-1-15,0,,,
10,71032-00001099,si-10-1-15,1,老眼鏡,10,0,0,0,0,10,61144,自社倉庫,10,0,si-10-1-15,0,,,
0,71032-00001100,si-10-2-15,1,老眼鏡,15,0,0,0,0,15,999,RFC倉庫,0,0,si-10-2-15,0,,,
15,71032-00001100,si-10-2-15,1,老眼鏡,15,0,0,0,0,15,61144,自社倉庫,15,0,si-10-2-15,0,,,
0,71032-00001101,si-10-3-15,1,老眼鏡,9,0,0,0,0,9,999,RFC倉庫,0,0,si-10-3-15,0,,,
9,71032-00001101,si-10-3-15,1,老眼鏡,9,0,0,0,0,9,61144,自社倉庫,9,0,si-10-3-15,0,,,
0,71032-00001102,si-10-4-15,1,老眼鏡,9,0,0,0,0,9,999,RFC倉庫,0,0,si-10-4-15,0,,,
9,71032-00001102,si-10-4-15,1,老眼鏡,9,0,0,0,0,9,61144,自社倉庫,9,0,si-10-4-15,0,,,
0,71032-00001103,si-10-1-20,1,老眼鏡,10,0,0,0,0,10,999,RFC倉庫,0,0,si-10-1-20,0,,,
10,71032-00001103,si-10-1-20,1,老眼鏡,10,0,0,0,0,10,61144,自社倉庫,10,0,si-10-1-20,0,,,
0,71032-00001104,si-10-2-20,1,老眼鏡,14,0,0,0,0,14,999,RFC倉庫,0,0,si-10-2-20,0,,,
14,71032-00001104,si-10-2-20,1,老眼鏡,14,0,0,0,0,14,61144,自社倉庫,14,0,si-10-2-20,0,,,
0,71032-00001105,si-10-3-20,1,老眼鏡,10,0,0,0,0,10,999,RFC倉庫,0,0,si-10-3-20,0,,,
10,71032-00001105,si-10-3-20,1,老眼鏡,10,0,0,0,0,10,61144,自社倉庫,10,0,si-10-3-20,0,,,
0,71032-00001106,si-10-4-20,1,老眼鏡,12,0,0,0,0,12,999,RFC倉庫,0,0,si-10-4-20,0,,,
12,71032-00001106,si-10-4-20,1,老眼鏡,12,0,0,0,0,12,61144,自社倉庫,12,0,si-10-4-20,0,,,
0,71032-00001107,si-10-1-25,1,老眼鏡,14,0,0,0,0,14,999,RFC倉庫,0,0,si-10-1-25,0,,,
14,71032-00001107,si-10-1-25,1,老眼鏡,14,0,0,0,0,14,61144,自社倉庫,14,0,si-10-1-25,0,,,
0,71032-00001108,si-10-2-25,1,老眼鏡,9,0,0,0,0,9,999,RFC倉庫,0,0,si-10-2-25,0,,,
9,71032-00001108,si-10-2-25,1,老眼鏡,9,0,0,0,0,9,61144,自社倉庫,9,0,si-10-2-25,0,,,
0,71032-00001109,si-10-3-25,1,老眼鏡,9,0,0,0,0,9,999,RFC倉庫,0,0,si-10-3-25,0,,,
9,71032-00001109,si-10-3-25,1,老眼鏡,9,0,0,0,0,9,61144,自社倉庫,9,0,si-10-3-25,0,,,
0,71032-00001110,si-10-4-25,1,老眼鏡,11,0,0,0,0,11,999,RFC倉庫,0,0,si-10-4-25,0,,,
11,71032-00001110,si-10-4-25,1,老眼鏡,11,0,0,0,0,11,61144,自社倉庫,11,0,si-10-4-25,0,,,
0,71032-00001111,si-10-1-30,1,老眼鏡,9,0,0,0,0,9,999,RFC倉庫,0,0,si-10-1-30,0,,,
9,71032-00001111,si-10-1-30,1,老眼鏡,9,0,0,0,0,9,61144,自社倉庫,9,0,si-10-1-30,0,,,
0,71032-00001112,si-10-2-30,1,老眼鏡,3,0,0,0,0,3,999,RFC倉庫,0,0,si-10-2-30,0,,,
3,71032-00001112,si-10-2-30,1,老眼鏡,3,0,0,0,0,3,61144,自社倉庫,3,0,si-10-2-30,0,,,
0,71032-00001113,si-10-3-30,1,老眼鏡,7,0,0,0,0,7,999,RFC倉庫,0,0,si-10-3-30,0,,,
7,71032-00001113,si-10-3-30,1,老眼鏡,7,0,0,0,0,7,61144,自社倉庫,7,0,si-10-3-30,0,,,
0,71032-00001114,si-10-4-30,1,老眼鏡,8,0,0,0,0,8,999,RFC倉庫,0,0,si-10-4-30,0,,,
8,71032-00001114,si-10-4-30,1,老眼鏡,8,0,0,0,0,8,61144,自社倉庫,8,0,si-10-4-30,0,,,
0,71032-00001115,sif-01-1-15,1,老眼鏡,0,0,0,0,0,0,999,RFC倉庫,0,0,sif-01-1-15,0,,,
0,71032-00001115,sif-01-1-15,1,老眼鏡,0,0,0,0,0,0,61144,自社倉庫,0,0,sif-01-1-15,0,,,
0,71032-00001116,sif-01-2-15,1,老眼鏡,0,0,0,0,0,0,999,RFC倉庫,0,0,sif-01-2-15,0,,,
0,71032-00001116,sif-01-2-15,1,老眼鏡,0,0,0,0,0,0,61144,自社倉庫,0,0,sif-01-2-15,0,,,
0,71032-00001117,sif-01-1-20,1,老眼鏡,0,0,0,0,0,0,999,RFC倉庫,0,0,sif-01-1-20,0,,,
0,71032-00001117,sif-01-1-20,1,老眼鏡,0,0,0,0,0,0,61144,自社倉庫,0,0,sif-01-1-20,0,,,
0,71032-00001118,sif-01-2-20,1,老眼鏡,0,0,0,0,0,0,999,RFC倉庫,0,0,sif-01-2-20,0,,,
0,71032-00001118,sif-01-2-20,1,老眼鏡,0,0,0,0,0,0,61144,自社倉庫,0,0,sif-01-2-20,0,,,
0,71032-00001119,sif-01-1-25,1,老眼鏡,3,0,0,0,0,3,999,RFC倉庫,0,0,sif-01-1-25,0,,,
3,71032-00001119,sif-01-1-25,1,老眼鏡,3,0,0,0,0,3,61144,自社倉庫,3,0,sif-01-1-25,0,,,
0,71032-00001120,sif-01-2-25,1,老眼鏡,3,0,0,0,0,3,999,RFC倉庫,0,0,sif-01-2-25,0,,,
3,71032-00001120,sif-01-2-25,1,老眼鏡,3,0,0,0,0,3,61144,自社倉庫,3,0,sif-01-2-25,0,,,
0,71032-00001121,sif-01-1-30,1,老眼鏡,4,0,0,0,0,4,999,RFC倉庫,0,0,sif-01-1-30,0,,,
4,71032-00001121,sif-01-1-30,1,老眼鏡,4,0,0,0,0,4,61144,自社倉庫,4,0,sif-01-1-30,0,,,
0,71032-00001122,sif-01-2-30,1,老眼鏡,13,0,0,0,0,13,999,RFC倉庫,0,0,sif-01-2-30,0,,,
13,71032-00001122,sif-01-2-30,1,老眼鏡,13,0,0,0,0,13,61144,自社倉庫,13,0,sif-01-2-30,0,,,
0,71032-00001123,sif-02-1-15,1,老眼鏡,0,0,0,0,0,0,999,RFC倉庫,0,0,sif-02-1-15,0,,,
0,71032-00001123,sif-02-1-15,1,老眼鏡,0,0,0,0,0,0,61144,自社倉庫,0,0,sif-02-1-15,0,,,
0,71032-00001124,sif-02-2-15,1,老眼鏡,0,0,0,0,0,0,999,RFC倉庫,0,0,sif-02-2-15,0,,,
0,71032-00001124,sif-02-2-15,1,老眼鏡,0,0,0,0,0,0,61144,自社倉庫,0,0,sif-02-2-15,0,,,
0,71032-00001125,sif-02-1-20,1,老眼鏡,0,0,0,0,0,0,999,RFC倉庫,0,0,sif-02-1-20,0,,,
0,71032-00001125,sif-02-1-20,1,老眼鏡,0,0,0,0,0,0,61144,自社倉庫,0,0,sif-02-1-20,0,,,
0,71032-00001126,sif-02-2-20,1,老眼鏡,7,0,0,0,0,7,999,RFC倉庫,0,0,sif-02-2-20,0,,,
7,71032-00001126,sif-02-2-20,1,老眼鏡,7,0,0,0,0,7,61144,自社倉庫,7,0,sif-02-2-20,0,,,
0,71032-00001127,sif-02-1-25,1,老眼鏡,10,0,0,0,0,10,999,RFC倉庫,0,0,sif-02-1-25,0,,,
10,71032-00001127,sif-02-1-25,1,老眼鏡,10,0,0,0,0,10,61144,自社倉庫,10,0,sif-02-1-25,0,,,
0,71032-00001128,sif-02-2-25,1,老眼鏡,10,0,0,0,0,10,999,RFC倉庫,0,0,sif-02-2-25,0,,,
10,71032-00001128,sif-02-2-25,1,老眼鏡,10,0,0,0,0,10,61144,自社倉庫,10,0,sif-02-2-25,0,,,
0,71032-00001129,sif-02-1-30,1,老眼鏡,10,0,0,0,0,10,999,RFC倉庫,0,0,sif-02-1-30,0,,,
10,71032-00001129,sif-02-1-30,1,老眼鏡,10,0,0,0,0,10,61144,自社倉庫,10,0,sif-02-1-30,0,,,
0,71032-00001130,sif-02-2-30,1,老眼鏡,10,0,0,0,0,10,999,RFC倉庫,0,0,sif-02-2-30,0,,,
10,71032-00001130,sif-02-2-30,1,老眼鏡,10,0,0,0,0,10,61144,自社倉庫,10,0,sif-02-2-30,0,,,
43,71032-00001175,spc-006-1-10,1,老眼鏡,42,1,0,0,0,43,999,RFC倉庫,43,1,spc-006-1-10,0,,,
0,71032-00001175,spc-006-1-10,1,老眼鏡,42,1,0,0,0,43,61144,自社倉庫,0,0,spc-006-1-10,0,,,
11,71032-00001176,spc-006-2-10,1,老眼鏡,11,0,0,0,0,11,999,RFC倉庫,11,0,spc-006-2-10,0,,,
0,71032-00001176,spc-006-2-10,1,老眼鏡,11,0,0,0,0,11,61144,自社倉庫,0,0,spc-006-2-10,0,,,
15,71032-00001177,spc-006-1-15,1,老眼鏡,15,0,0,0,0,15,999,RFC倉庫,15,0,spc-006-1-15,0,,,
0,71032-00001177,spc-006-1-15,1,老眼鏡,15,0,0,0,0,15,61144,自社倉庫,0,0,spc-006-1-15,0,,,
22,71032-00001178,spc-006-2-15,1,老眼鏡,21,0,1,0,1,22,999,RFC倉庫,22,0,spc-006-2-15,0,,,
0,71032-00001178,spc-006-2-15,1,老眼鏡,21,0,1,0,1,22,61144,自社倉庫,0,0,spc-006-2-15,0,,,
15,71032-00001179,spc-006-1-20,1,老眼鏡,14,1,0,0,0,15,999,RFC倉庫,15,1,spc-006-1-20,0,,,
0,71032-00001179,spc-006-1-20,1,老眼鏡,14,1,0,0,0,15,61144,自社倉庫,0,0,spc-006-1-20,0,,,
12,71032-00001180,spc-006-2-20,1,老眼鏡,12,0,0,0,0,12,999,RFC倉庫,12,0,spc-006-2-20,0,,,
0,71032-00001180,spc-006-2-20,1,老眼鏡,12,0,0,0,0,12,61144,自社倉庫,0,0,spc-006-2-20,0,,,
9,71032-00001181,spc-006-1-25,1,老眼鏡,9,0,0,0,0,9,999,RFC倉庫,9,0,spc-006-1-25,0,,,
0,71032-00001181,spc-006-1-25,1,老眼鏡,9,0,0,0,0,9,61144,自社倉庫,0,0,spc-006-1-25,0,,,
1,71032-00001182,spc-006-2-25,1,老眼鏡,1,0,0,0,0,1,999,RFC倉庫,1,0,spc-006-2-25,0,,,
0,71032-00001182,spc-006-2-25,1,老眼鏡,1,0,0,0,0,1,61144,自社倉庫,0,0,spc-006-2-25,0,,,
15,71032-00001184,spc-007-2-10,1,老眼鏡,15,0,0,0,0,15,999,RFC倉庫,15,0,spc-007-2-10,0,,,
0,71032-00001184,spc-007-2-10,1,老眼鏡,15,0,0,0,0,15,61144,自社倉庫,0,0,spc-007-2-10,0,,,
15,71032-00001186,spc-007-2-15,1,老眼鏡,15,0,0,0,0,15,999,RFC倉庫,15,0,spc-007-2-15,0,,,
0,71032-00001186,spc-007-2-15,1,老眼鏡,15,0,0,0,0,15,61144,自社倉庫,0,0,spc-007-2-15,0,,,
5,71032-00001188,spc-007-2-20,1,老眼鏡,5,0,0,0,0,5,999,RFC倉庫,5,0,spc-007-2-20,0,,,
0,71032-00001188,spc-007-2-20,1,老眼鏡,5,0,0,0,0,5,61144,自社倉庫,0,0,spc-007-2-20,0,,,
1,71032-00001190,spc-007-2-25,1,老眼鏡,1,0,0,0,0,1,999,RFC倉庫,1,0,spc-007-2-25,0,,,
0,71032-00001190,spc-007-2-25,1,老眼鏡,1,0,0,0,0,1,61144,自社倉庫,0,0,spc-007-2-25,0,,,
0,71032-00001199,standenpitsu-blue,1,メガネスタンド,2,0,0,0,0,2,999,RFC倉庫,0,0,standenpitsu-blue,0,,,
2,71032-00001199,standenpitsu-blue,1,メガネスタンド,2,0,0,0,0,2,61144,自社倉庫,2,0,standenpitsu-blue,0,,,
0,71032-00001200,standenpitsu-pink,1,メガネスタンド,3,0,0,0,0,3,999,RFC倉庫,0,0,standenpitsu-pink,0,,,
3,71032-00001200,standenpitsu-pink,1,メガネスタンド,3,0,0,0,0,3,61144,自社倉庫,3,0,standenpitsu-pink,0,,,
0,71032-00001201,standenpitsu-green,1,メガネスタンド,3,0,0,0,0,3,999,RFC倉庫,0,0,standenpitsu-green,0,,,
3,71032-00001201,standenpitsu-green,1,メガネスタンド,3,0,0,0,0,3,61144,自社倉庫,3,0,standenpitsu-green,0,,,
0,71032-00001202,sy-9001-1,1,PCメガネ,0,0,0,0,0,0,999,RFC倉庫,0,0,sy-9001-1,0,,,
0,71032-00001202,sy-9001-1,1,PCメガネ,0,0,0,0,0,0,61144,自社倉庫,0,0,sy-9001-1,0,,,
0,71032-00001203,sy-9001-2,1,PCメガネ,0,0,0,0,0,0,999,RFC倉庫,0,0,sy-9001-2,0,,,
0,71032-00001203,sy-9001-2,1,PCメガネ,0,0,0,0,0,0,61144,自社倉庫,0,0,sy-9001-2,0,,,
0,71032-00001204,sy-9001-3,1,PCメガネ,0,0,0,0,0,0,999,RFC倉庫,0,0,sy-9001-3,0,,,
0,71032-00001204,sy-9001-3,1,PCメガネ,0,0,0,0,0,0,61144,自社倉庫,0,0,sy-9001-3,0,,,
0,71032-00001205,sy-9002-1,1,PCメガネ,0,0,0,0,0,0,999,RFC倉庫,0,0,sy-9002-1,0,,,
0,71032-00001205,sy-9002-1,1,PCメガネ,0,0,0,0,0,0,61144,自社倉庫,0,0,sy-9002-1,0,,,
0,71032-00001206,sy-9002-2,1,PCメガネ,0,0,0,0,0,0,999,RFC倉庫,0,0,sy-9002-2,0,,,
0,71032-00001206,sy-9002-2,1,PCメガネ,0,0,0,0,0,0,61144,自社倉庫,0,0,sy-9002-2,0,,,
0,71032-00001207,sy-9002-3,1,PCメガネ,1,0,0,0,0,1,999,RFC倉庫,0,0,sy-9002-3,0,,,
1,71032-00001207,sy-9002-3,1,PCメガネ,1,0,0,0,0,1,61144,自社倉庫,1,0,sy-9002-3,0,,,
0,71032-00001217,sypr-1,1,関連グッズ,0,0,0,0,0,0,999,RFC倉庫,0,0,sypr-1,0,,,
0,71032-00001217,sypr-1,1,関連グッズ,0,0,0,0,0,0,61144,自社倉庫,0,0,sypr-1,0,,,
0,71032-00001218,tks-501-1,1,サングラス,0,0,0,0,0,0,999,RFC倉庫,0,0,tks-501-1,0,,,
0,71032-00001218,tks-501-1,1,サングラス,0,0,0,0,0,0,61144,自社倉庫,0,0,tks-501-1,0,,,
0,71032-00001219,tks-501-2,1,サングラス,0,0,0,0,0,0,999,RFC倉庫,0,0,tks-501-2,0,,,
0,71032-00001219,tks-501-2,1,サングラス,0,0,0,0,0,0,61144,自社倉庫,0,0,tks-501-2,0,,,
0,71032-00001220,tks-501-3,1,サングラス,0,0,0,0,0,0,999,RFC倉庫,0,0,tks-501-3,0,,,
0,71032-00001220,tks-501-3,1,サングラス,0,0,0,0,0,0,61144,自社倉庫,0,0,tks-501-3,0,,,
0,71032-00001224,tks-503-1,1,サングラス,0,0,0,0,0,0,999,RFC倉庫,0,0,tks-503-1,0,,,
0,71032-00001224,tks-503-1,1,サングラス,0,0,0,0,0,0,61144,自社倉庫,0,0,tks-503-1,0,,,
0,71032-00001225,tks-503-2,1,サングラス,0,0,0,0,0,0,999,RFC倉庫,0,0,tks-503-2,0,,,
0,71032-00001225,tks-503-2,1,サングラス,0,0,0,0,0,0,61144,自社倉庫,0,0,tks-503-2,0,,,
0,71032-00001226,tks-503-3,1,サングラス,0,0,0,0,0,0,999,RFC倉庫,0,0,tks-503-3,0,,,
0,71032-00001226,tks-503-3,1,サングラス,0,0,0,0,0,0,61144,自社倉庫,0,0,tks-503-3,0,,,
0,71032-00001227,tks-504-1,1,サングラス,0,0,0,0,0,0,999,RFC倉庫,0,0,tks-504-1,0,,,
0,71032-00001227,tks-504-1,1,サングラス,0,0,0,0,0,0,61144,自社倉庫,0,0,tks-504-1,0,,,
0,71032-00001228,tks-504-2,1,サングラス,0,0,0,0,0,0,999,RFC倉庫,0,0,tks-504-2,0,,,
0,71032-00001228,tks-504-2,1,サングラス,0,0,0,0,0,0,61144,自社倉庫,0,0,tks-504-2,0,,,
0,71032-00001229,tks-504-3,1,サングラス,0,0,0,0,0,0,999,RFC倉庫,0,0,tks-504-3,0,,,
0,71032-00001229,tks-504-3,1,サングラス,0,0,0,0,0,0,61144,自社倉庫,0,0,tks-504-3,0,,,
0,71032-00001230,tks-505-1,1,サングラス,0,0,0,0,0,0,999,RFC倉庫,0,0,tks-505-1,0,,,
0,71032-00001230,tks-505-1,1,サングラス,0,0,0,0,0,0,61144,自社倉庫,0,0,tks-505-1,0,,,
0,71032-00001231,tks-505-2,1,サングラス,0,0,0,0,0,0,999,RFC倉庫,0,0,tks-505-2,0,,,
0,71032-00001231,tks-505-2,1,サングラス,0,0,0,0,0,0,61144,自社倉庫,0,0,tks-505-2,0,,,
0,71032-00001232,tks-505-3,1,サングラス,0,0,0,0,0,0,999,RFC倉庫,0,0,tks-505-3,0,,,
0,71032-00001232,tks-505-3,1,サングラス,0,0,0,0,0,0,61144,自社倉庫,0,0,tks-505-3,0,,,
0,71032-00001257,tree-1blk,1,メガネスタンド,0,0,0,0,0,0,999,RFC倉庫,0,0,tree-1blk,0,,,
0,71032-00001257,tree-1blk,1,メガネスタンド,0,0,0,0,0,0,61144,自社倉庫,0,0,tree-1blk,0,,,
0,71032-00001258,tree-2gry,1,メガネスタンド,0,0,0,0,0,0,999,RFC倉庫,0,0,tree-2gry,0,,,
0,71032-00001258,tree-2gry,1,メガネスタンド,0,0,0,0,0,0,61144,自社倉庫,0,0,tree-2gry,0,,,
0,71032-00001259,tree-3red,1,メガネスタンド,0,0,0,0,0,0,999,RFC倉庫,0,0,tree-3red,0,,,
0,71032-00001259,tree-3red,1,メガネスタンド,0,0,0,0,0,0,61144,自社倉庫,0,0,tree-3red,0,,,
0,71032-00001260,w7058-2,1,花粉対策メガネ,0,0,0,0,0,0,999,RFC倉庫,0,0,w7058-2,0,,,
0,71032-00001260,w7058-2,1,花粉対策メガネ,0,0,0,0,0,0,61144,自社倉庫,0,0,w7058-2,0,,,
0,71032-00001261,w7058-3,1,花粉対策メガネ,0,0,0,0,0,0,999,RFC倉庫,0,0,w7058-3,0,,,
0,71032-00001261,w7058-3,1,花粉対策メガネ,0,0,0,0,0,0,61144,自社倉庫,0,0,w7058-3,0,,,
0,71032-00001262,w7058-9,1,花粉対策メガネ,0,0,0,0,0,0,999,RFC倉庫,0,0,w7058-9,0,,,
0,71032-00001262,w7058-9,1,花粉対策メガネ,0,0,0,0,0,0,61144,自社倉庫,0,0,w7058-9,0,,,
0,71032-00001263,gift-a,1,メガネスタンド,0,0,0,0,0,0,999,RFC倉庫,0,0,gift-a,0,,,
0,71032-00001263,gift-a,1,メガネスタンド,0,0,0,0,0,0,61144,自社倉庫,0,0,gift-a,0,,,
0,71032-00001264,gift-b,1,メガネスタンド,0,0,0,0,0,0,999,RFC倉庫,0,0,gift-b,0,,,
0,71032-00001264,gift-b,1,メガネスタンド,0,0,0,0,0,0,61144,自社倉庫,0,0,gift-b,0,,,
0,71032-00001265,7000,0,度数テストレンズキット,0,0,0,0,0,0,999,RFC倉庫,0,0,7000,0,,,
0,71032-00001265,7000,0,度数テストレンズキット,0,0,0,0,0,0,61144,自社倉庫,0,0,7000,0,,,
0,71032-00001267,afc20,1,メガネクロス,14,1,0,0,0,15,999,RFC倉庫,0,0,afc20,0,,,
15,71032-00001267,afc20,1,メガネクロス,14,1,0,0,0,15,61144,自社倉庫,15,1,afc20,0,,,
0,71032-00001268,sifgc,1,関連グッズ,0,0,0,0,0,0,999,RFC倉庫,0,0,sifgc,0,,,
0,71032-00001268,sifgc,1,関連グッズ,0,0,0,0,0,0,61144,自社倉庫,0,0,sifgc,0,,,
0,71032-00001269,hmgc,1,関連グッズ,0,0,0,0,0,0,999,RFC倉庫,0,0,hmgc,0,,,
0,71032-00001269,hmgc,1,関連グッズ,0,0,0,0,0,0,61144,自社倉庫,0,0,hmgc,0,,,
0,71032-00001270,p-200,1,関連グッズ,0,0,0,0,0,0,999,RFC倉庫,0,0,p-200,0,,,
0,71032-00001270,p-200,1,関連グッズ,0,0,0,0,0,0,61144,自社倉庫,0,0,p-200,0,,,
0,71032-00001271,p367,1,メガネケース,0,1,0,0,0,1,999,RFC倉庫,0,0,p367,0,,,
1,71032-00001271,p367,1,メガネケース,0,1,0,0,0,1,61144,自社倉庫,1,1,p367,0,,,
0,71032-00001272,p368,1,メガネケース,0,0,0,0,0,0,999,RFC倉庫,0,0,p368,0,,,
0,71032-00001272,p368,1,メガネケース,0,0,0,0,0,0,61144,自社倉庫,0,0,p368,0,,,
0,71032-00001273,cloth-o01,1,メガネクロス,0,0,0,0,0,0,999,RFC倉庫,0,0,cloth-o01,0,,,
0,71032-00001273,cloth-o01,1,メガネクロス,0,0,0,0,0,0,61144,自社倉庫,0,0,cloth-o01,0,,,
0,71032-00001274,af20,1,花粉対策メガネ,0,0,0,0,0,0,999,RFC倉庫,0,0,af20,0,,,
0,71032-00001274,af20,1,花粉対策メガネ,0,0,0,0,0,0,61144,自社倉庫,0,0,af20,0,,,
0,71032-00001275,fl9001-3-15,0,老眼鏡,0,0,0,0,0,0,999,RFC倉庫,0,0,fl9001-3-15,0,,,
0,71032-00001275,fl9001-3-15,0,老眼鏡,0,0,0,0,0,0,61144,自社倉庫,0,0,fl9001-3-15,0,,,
0,71032-00001276,fl9001-3-20,0,老眼鏡,0,0,0,0,0,0,999,RFC倉庫,0,0,fl9001-3-20,0,,,
0,71032-00001276,fl9001-3-20,0,老眼鏡,0,0,0,0,0,0,61144,自社倉庫,0,0,fl9001-3-20,0,,,
0,71032-00001277,fl9001-3-25,0,老眼鏡,0,0,0,0,0,0,999,RFC倉庫,0,0,fl9001-3-25,0,,,
0,71032-00001277,fl9001-3-25,0,老眼鏡,0,0,0,0,0,0,61144,自社倉庫,0,0,fl9001-3-25,0,,,
0,71032-00001278,fi7030,0,花粉対策メガネ,0,0,0,0,0,0,999,RFC倉庫,0,0,fi7030,0,,,
0,71032-00001278,fi7030,0,花粉対策メガネ,0,0,0,0,0,0,61144,自社倉庫,0,0,fi7030,0,,,
0,71032-00001279,mor-001-1-15,1,老眼鏡,0,1,0,0,0,1,999,RFC倉庫,0,0,mor-001-1-15,0,,,
1,71032-00001279,mor-001-1-15,1,老眼鏡,0,1,0,0,0,1,61144,自社倉庫,1,1,mor-001-1-15,0,,,
0,71032-00001280,mor-001-2-15,1,老眼鏡,0,0,0,0,0,0,999,RFC倉庫,0,0,mor-001-2-15,0,,,
0,71032-00001280,mor-001-2-15,1,老眼鏡,0,0,0,0,0,0,61144,自社倉庫,0,0,mor-001-2-15,0,,,
0,71032-00001281,mor-001-3-15,1,老眼鏡,0,0,0,0,0,0,999,RFC倉庫,0,0,mor-001-3-15,0,,,
0,71032-00001281,mor-001-3-15,1,老眼鏡,0,0,0,0,0,0,61144,自社倉庫,0,0,mor-001-3-15,0,,,
0,71032-00001282,mor-001-1-20,1,老眼鏡,0,0,0,0,0,0,999,RFC倉庫,0,0,mor-001-1-20,0,,,
0,71032-00001282,mor-001-1-20,1,老眼鏡,0,0,0,0,0,0,61144,自社倉庫,0,0,mor-001-1-20,0,,,
0,71032-00001283,mor-001-2-20,1,老眼鏡,0,0,0,0,0,0,999,RFC倉庫,0,0,mor-001-2-20,0,,,
0,71032-00001283,mor-001-2-20,1,老眼鏡,0,0,0,0,0,0,61144,自社倉庫,0,0,mor-001-2-20,0,,,
0,71032-00001284,mor-001-3-20,1,老眼鏡,0,0,0,0,0,0,999,RFC倉庫,0,0,mor-001-3-20,0,,,
0,71032-00001284,mor-001-3-20,1,老眼鏡,0,0,0,0,0,0,61144,自社倉庫,0,0,mor-001-3-20,0,,,
0,71032-00001285,mor-001-1-25,1,老眼鏡,0,0,0,0,0,0,999,RFC倉庫,0,0,mor-001-1-25,0,,,
0,71032-00001285,mor-001-1-25,1,老眼鏡,0,0,0,0,0,0,61144,自社倉庫,0,0,mor-001-1-25,0,,,
0,71032-00001286,mor-001-2-25,1,老眼鏡,0,0,0,0,0,0,999,RFC倉庫,0,0,mor-001-2-25,0,,,
0,71032-00001286,mor-001-2-25,1,老眼鏡,0,0,0,0,0,0,61144,自社倉庫,0,0,mor-001-2-25,0,,,
0,71032-00001287,mor-001-3-25,1,老眼鏡,0,0,0,0,0,0,999,RFC倉庫,0,0,mor-001-3-25,0,,,
0,71032-00001287,mor-001-3-25,1,老眼鏡,0,0,0,0,0,0,61144,自社倉庫,0,0,mor-001-3-25,0,,,
0,71032-00001288,mor-001-1-30,1,老眼鏡,0,0,0,0,0,0,999,RFC倉庫,0,0,mor-001-1-30,0,,,
0,71032-00001288,mor-001-1-30,1,老眼鏡,0,0,0,0,0,0,61144,自社倉庫,0,0,mor-001-1-30,0,,,
0,71032-00001289,mor-001-2-30,1,老眼鏡,0,0,0,0,0,0,999,RFC倉庫,0,0,mor-001-2-30,0,,,
0,71032-00001289,mor-001-2-30,1,老眼鏡,0,0,0,0,0,0,61144,自社倉庫,0,0,mor-001-2-30,0,,,
0,71032-00001290,mor-001-3-30,1,老眼鏡,0,0,0,0,0,0,999,RFC倉庫,0,0,mor-001-3-30,0,,,
0,71032-00001290,mor-001-3-30,1,老眼鏡,0,0,0,0,0,0,61144,自社倉庫,0,0,mor-001-3-30,0,,,
0,71032-00001291,mor-001-1-35,1,老眼鏡,4,0,0,0,0,4,999,RFC倉庫,0,0,mor-001-1-35,0,,,
4,71032-00001291,mor-001-1-35,1,老眼鏡,4,0,0,0,0,4,61144,自社倉庫,4,0,mor-001-1-35,0,,,
0,71032-00001292,mor-001-2-35,1,老眼鏡,2,0,0,0,0,2,999,RFC倉庫,0,0,mor-001-2-35,0,,,
2,71032-00001292,mor-001-2-35,1,老眼鏡,2,0,0,0,0,2,61144,自社倉庫,2,0,mor-001-2-35,0,,,
0,71032-00001293,mor-001-3-35,1,老眼鏡,0,0,0,0,0,0,999,RFC倉庫,0,0,mor-001-3-35,0,,,
0,71032-00001293,mor-001-3-35,1,老眼鏡,0,0,0,0,0,0,61144,自社倉庫,0,0,mor-001-3-35,0,,,
0,71032-00001294,SLK-101-1A,1,サングラス,0,0,0,0,0,0,999,RFC倉庫,0,0,slk-101-102-1A,0,,,
0,71032-00001294,SLK-101-1A,1,サングラス,0,0,0,0,0,0,61144,自社倉庫,0,0,slk-101-102-1A,0,,,
0,71032-00001295,SLK-101-2A,1,サングラス,0,0,0,0,0,0,999,RFC倉庫,0,0,slk-101-102-2A,0,,,
0,71032-00001295,SLK-101-2A,1,サングラス,0,0,0,0,0,0,61144,自社倉庫,0,0,slk-101-102-2A,0,,,
0,71032-00001296,SLK-101-3A,1,サングラス,0,0,0,0,0,0,999,RFC倉庫,0,0,slk-101-102-3A,0,,,
0,71032-00001296,SLK-101-3A,1,サングラス,0,0,0,0,0,0,61144,自社倉庫,0,0,slk-101-102-3A,0,,,
0,71032-00001297,SLK-101-4A,1,サングラス,0,0,0,0,0,0,999,RFC倉庫,0,0,slk-101-102-4A,0,,,
0,71032-00001297,SLK-101-4A,1,サングラス,0,0,0,0,0,0,61144,自社倉庫,0,0,slk-101-102-4A,0,,,
0,71032-00001298,SLK-102-1B,1,サングラス,0,0,0,0,0,0,999,RFC倉庫,0,0,slk-101-102-1B,0,,,
0,71032-00001298,SLK-102-1B,1,サングラス,0,0,0,0,0,0,61144,自社倉庫,0,0,slk-101-102-1B,0,,,
0,71032-00001299,SLK-102-2B,1,サングラス,0,0,0,0,0,0,999,RFC倉庫,0,0,slk-101-102-2B,0,,,
0,71032-00001299,SLK-102-2B,1,サングラス,0,0,0,0,0,0,61144,自社倉庫,0,0,slk-101-102-2B,0,,,
0,71032-00001300,SLK-102-3B,1,サングラス,0,0,0,0,0,0,999,RFC倉庫,0,0,slk-101-102-3B,0,,,
0,71032-00001300,SLK-102-3B,1,サングラス,0,0,0,0,0,0,61144,自社倉庫,0,0,slk-101-102-3B,0,,,
0,71032-00001301,SLK-102-4B,1,サングラス,0,0,0,0,0,0,999,RFC倉庫,0,0,slk-101-102-4B,0,,,
0,71032-00001301,SLK-102-4B,1,サングラス,0,0,0,0,0,0,61144,自社倉庫,0,0,slk-101-102-4B,0,,,
0,71032-00001302,UK-001-1A,1,サングラス,57,0,0,0,0,57,999,RFC倉庫,0,0,uk-001-002-1A,0,,,
57,71032-00001302,UK-001-1A,1,サングラス,57,0,0,0,0,57,61144,自社倉庫,57,0,uk-001-002-1A,0,,,
0,71032-00001303,UK-001-2A,1,サングラス,20,0,0,0,0,20,999,RFC倉庫,0,0,uk-001-002-2A,0,,,
20,71032-00001303,UK-001-2A,1,サングラス,20,0,0,0,0,20,61144,自社倉庫,20,0,uk-001-002-2A,0,,,
0,71032-00001304,UK-002-1B,1,サングラス,17,0,0,0,0,17,999,RFC倉庫,0,0,uk-001-002-1B,0,,,
17,71032-00001304,UK-002-1B,1,サングラス,17,0,0,0,0,17,61144,自社倉庫,17,0,uk-001-002-1B,0,,,
0,71032-00001305,UK-002-2B,1,サングラス,0,0,0,0,0,0,999,RFC倉庫,0,0,uk-001-002-2B,0,,,
0,71032-00001305,UK-002-2B,1,サングラス,0,0,0,0,0,0,61144,自社倉庫,0,0,uk-001-002-2B,0,,,
0,71032-00001306,rf-001-1,1,サングラス,0,0,0,0,0,0,999,RFC倉庫,0,0,rf-001-1,0,,,
0,71032-00001306,rf-001-1,1,サングラス,0,0,0,0,0,0,61144,自社倉庫,0,0,rf-001-1,0,,,
0,71032-00001307,rf-001-2,1,サングラス,20,0,0,0,0,20,999,RFC倉庫,0,0,rf-001-2,0,,,
20,71032-00001307,rf-001-2,1,サングラス,20,0,0,0,0,20,61144,自社倉庫,20,0,rf-001-2,0,,,
0,71032-00001308,rf-002-1,1,サングラス,0,0,0,0,0,0,999,RFC倉庫,0,0,rf-002-1,0,,,
0,71032-00001308,rf-002-1,1,サングラス,0,0,0,0,0,0,61144,自社倉庫,0,0,rf-002-1,0,,,
0,71032-00001309,rf-002-2,1,サングラス,19,0,0,0,0,19,999,RFC倉庫,0,0,rf-002-2,0,,,
19,71032-00001309,rf-002-2,1,サングラス,19,0,0,0,0,19,61144,自社倉庫,19,0,rf-002-2,0,,,
0,71032-00001310,D-2-beg,1,メガネケース,4,0,0,0,0,4,999,RFC倉庫,0,0,d-2-beg,0,,,
4,71032-00001310,D-2-beg,1,メガネケース,4,0,0,0,0,4,61144,自社倉庫,4,0,d-2-beg,0,,,
0,71032-00001311,D-2-grn,1,メガネケース,0,0,0,0,0,0,999,RFC倉庫,0,0,d-2-grn,0,,,
0,71032-00001311,D-2-grn,1,メガネケース,0,0,0,0,0,0,61144,自社倉庫,0,0,d-2-grn,0,,,
0,71032-00001312,D-2-gry,1,メガネケース,0,0,0,0,0,0,999,RFC倉庫,0,0,d-2-gry,0,,,
0,71032-00001312,D-2-gry,1,メガネケース,0,0,0,0,0,0,61144,自社倉庫,0,0,d-2-gry,0,,,
0,71032-00001313,D-2-nvy,1,メガネケース,4,0,0,0,0,4,999,RFC倉庫,0,0,d-2-nvy,0,,,
4,71032-00001313,D-2-nvy,1,メガネケース,4,0,0,0,0,4,61144,自社倉庫,4,0,d-2-nvy,0,,,
0,71032-00001314,D-17-nvy,1,メガネケース,5,0,0,0,0,5,999,RFC倉庫,0,0,d-17-nvy,0,,,
5,71032-00001314,D-17-nvy,1,メガネケース,5,0,0,0,0,5,61144,自社倉庫,5,0,d-17-nvy,0,,,
0,71032-00001315,D-17-org,1,メガネケース,0,0,0,0,0,0,999,RFC倉庫,0,0,d-17-org,0,,,
0,71032-00001315,D-17-org,1,メガネケース,0,0,0,0,0,0,61144,自社倉庫,0,0,d-17-org,0,,,
0,71032-00001316,D-17-pur,1,メガネケース,5,0,0,0,0,5,999,RFC倉庫,0,0,d-17-pur,0,,,
5,71032-00001316,D-17-pur,1,メガネケース,5,0,0,0,0,5,61144,自社倉庫,5,0,d-17-pur,0,,,
0,71032-00001317,D-17-tq,1,メガネケース,4,0,0,0,0,4,999,RFC倉庫,0,0,d-17-tq,0,,,
4,71032-00001317,D-17-tq,1,メガネケース,4,0,0,0,0,4,61144,自社倉庫,4,0,d-17-tq,0,,,
0,71032-00001318,HY-6219-blk,1,メガネケース,14,0,0,0,0,14,999,RFC倉庫,0,0,hy-6219-blk,0,,,
14,71032-00001318,HY-6219-blk,1,メガネケース,14,0,0,0,0,14,61144,自社倉庫,14,0,hy-6219-blk,0,,,
0,71032-00001319,HY-6219-brn,1,メガネケース,13,0,0,0,0,13,999,RFC倉庫,0,0,hy-6219-brn,0,,,
13,71032-00001319,HY-6219-brn,1,メガネケース,13,0,0,0,0,13,61144,自社倉庫,13,0,hy-6219-brn,0,,,
0,71032-00001320,HY-8100-blk,1,メガネケース,5,0,0,0,0,5,999,RFC倉庫,0,0,hy-8100-blk,0,,,
5,71032-00001320,HY-8100-blk,1,メガネケース,5,0,0,0,0,5,61144,自社倉庫,5,0,hy-8100-blk,0,,,
0,71032-00001321,HY-8100-brn,1,メガネケース,3,0,0,0,0,3,999,RFC倉庫,0,0,hy-8100-brn,0,,,
3,71032-00001321,HY-8100-brn,1,メガネケース,3,0,0,0,0,3,61144,自社倉庫,3,0,hy-8100-brn,0,,,
0,71032-00001322,HY-8100-grn,1,メガネケース,7,0,0,0,0,7,999,RFC倉庫,0,0,hy-8100-grn,0,,,
7,71032-00001322,HY-8100-grn,1,メガネケース,7,0,0,0,0,7,61144,自社倉庫,7,0,hy-8100-grn,0,,,
0,71032-00001323,HY-8100-gry,1,メガネケース,15,0,0,0,0,15,999,RFC倉庫,0,0,hy-8100-gry,0,,,
15,71032-00001323,HY-8100-gry,1,メガネケース,15,0,0,0,0,15,61144,自社倉庫,15,0,hy-8100-gry,0,,,
0,71032-00001324,HY-8101-blk,1,メガネケース,3,0,0,0,0,3,999,RFC倉庫,0,0,hy-8101-blk,0,,,
3,71032-00001324,HY-8101-blk,1,メガネケース,3,0,0,0,0,3,61144,自社倉庫,3,0,hy-8101-blk,0,,,
0,71032-00001325,HY-8101-brn,1,メガネケース,6,0,0,0,0,6,999,RFC倉庫,0,0,hy-8101-brn,0,,,
6,71032-00001325,HY-8101-brn,1,メガネケース,6,0,0,0,0,6,61144,自社倉庫,6,0,hy-8101-brn,0,,,
0,71032-00001326,HY-8101-gry,1,メガネケース,3,0,0,0,0,3,999,RFC倉庫,0,0,hy-8101-gry,0,,,
3,71032-00001326,HY-8101-gry,1,メガネケース,3,0,0,0,0,3,61144,自社倉庫,3,0,hy-8101-gry,0,,,
0,71032-00001327,HY-8101-org,1,メガネケース,5,0,0,0,0,5,999,RFC倉庫,0,0,hy-8101-org,0,,,
5,71032-00001327,HY-8101-org,1,メガネケース,5,0,0,0,0,5,61144,自社倉庫,5,0,hy-8101-org,0,,,
0,71032-00001328,F-501EC-blk,1,メガネケース,1,0,0,0,0,1,999,RFC倉庫,0,0,f-501ec-blk,0,,,
1,71032-00001328,F-501EC-blk,1,メガネケース,1,0,0,0,0,1,61144,自社倉庫,1,0,f-501ec-blk,0,,,
0,71032-00001329,F-501EC-brn,1,メガネケース,1,0,0,0,0,1,999,RFC倉庫,0,0,f-501ec-brn,0,,,
1,71032-00001329,F-501EC-brn,1,メガネケース,1,0,0,0,0,1,61144,自社倉庫,1,0,f-501ec-brn,0,,,
0,71032-00001330,F-501EC-grn,1,メガネケース,1,0,0,0,0,1,999,RFC倉庫,0,0,f-501ec-grn,0,,,
1,71032-00001330,F-501EC-grn,1,メガネケース,1,0,0,0,0,1,61144,自社倉庫,1,0,f-501ec-grn,0,,,
0,71032-00001331,HY-8042-blk,1,メガネケース,8,0,0,0,0,8,999,RFC倉庫,0,0,hy-8042-blk,0,,,
8,71032-00001331,HY-8042-blk,1,メガネケース,8,0,0,0,0,8,61144,自社倉庫,8,0,hy-8042-blk,0,,,
0,71032-00001332,HY-8042-blu,1,メガネケース,12,0,0,0,0,12,999,RFC倉庫,0,0,hy-8042-blu,0,,,
12,71032-00001332,HY-8042-blu,1,メガネケース,12,0,0,0,0,12,61144,自社倉庫,12,0,hy-8042-blu,0,,,
0,71032-00001333,HY-8042-pnk,1,メガネケース,7,1,0,0,0,8,999,RFC倉庫,0,0,hy-8042-pnk,0,,,
8,71032-00001333,HY-8042-pnk,1,メガネケース,7,1,0,0,0,8,61144,自社倉庫,8,1,hy-8042-pnk,0,,,
0,71032-00001334,HY-8042-red,1,メガネケース,13,0,0,0,0,13,999,RFC倉庫,0,0,hy-8042-red,0,,,
13,71032-00001334,HY-8042-red,1,メガネケース,13,0,0,0,0,13,61144,自社倉庫,13,0,hy-8042-red,0,,,
0,71032-00001335,HY-8042-yel,1,メガネケース,13,0,0,0,0,13,999,RFC倉庫,0,0,hy-8042-yel,0,,,
13,71032-00001335,HY-8042-yel,1,メガネケース,13,0,0,0,0,13,61144,自社倉庫,13,0,hy-8042-yel,0,,,
0,71032-00001336,HY-80136-b,1,メガネケース,3,0,0,0,0,3,999,RFC倉庫,0,0,hy-80136-b,0,,,
3,71032-00001336,HY-80136-b,1,メガネケース,3,0,0,0,0,3,61144,自社倉庫,3,0,hy-80136-b,0,,,
0,71032-00001337,HY-80136-e,1,メガネケース,4,0,0,0,0,4,999,RFC倉庫,0,0,hy-80136-e,0,,,
4,71032-00001337,HY-80136-e,1,メガネケース,4,0,0,0,0,4,61144,自社倉庫,4,0,hy-80136-e,0,,,
0,71032-00001338,HY-80136-f,1,メガネケース,5,0,0,0,0,5,999,RFC倉庫,0,0,hy-80136-f,0,,,
5,71032-00001338,HY-80136-f,1,メガネケース,5,0,0,0,0,5,61144,自社倉庫,5,0,hy-80136-f,0,,,
0,71032-00001339,HY-80136-g,1,メガネケース,8,0,0,0,0,8,999,RFC倉庫,0,0,hy-80136-g,0,,,
8,71032-00001339,HY-80136-g,1,メガネケース,8,0,0,0,0,8,61144,自社倉庫,8,0,hy-80136-g,0,,,
0,71032-00001340,twig1-01m,1,ライフスタイル雑貨,10,0,0,0,0,10,999,RFC倉庫,0,0,twig1-01m,0,,,
10,71032-00001340,twig1-01m,1,ライフスタイル雑貨,10,0,0,0,0,10,61144,自社倉庫,10,0,twig1-01m,0,,,
0,71032-00001341,twig1-02r,1,ライフスタイル雑貨,8,0,0,0,0,8,999,RFC倉庫,0,0,twig1-02r,0,,,
8,71032-00001341,twig1-02r,1,ライフスタイル雑貨,8,0,0,0,0,8,61144,自社倉庫,8,0,twig1-02r,0,,,
0,71032-00001342,twig1-03s,1,ライフスタイル雑貨,8,0,0,0,0,8,999,RFC倉庫,0,0,twig1-03s,0,,,
8,71032-00001342,twig1-03s,1,ライフスタイル雑貨,8,0,0,0,0,8,61144,自社倉庫,8,0,twig1-03s,0,,,
0,71032-00001343,twig2-01m,1,ライフスタイル雑貨,37,0,0,0,0,37,999,RFC倉庫,0,0,twig2-01m,0,,,
37,71032-00001343,twig2-01m,1,ライフスタイル雑貨,37,0,0,0,0,37,61144,自社倉庫,37,0,twig2-01m,0,,,
0,71032-00001344,twig2-02r,1,ライフスタイル雑貨,32,0,0,0,0,32,999,RFC倉庫,0,0,twig2-02r,0,,,
32,71032-00001344,twig2-02r,1,ライフスタイル雑貨,32,0,0,0,0,32,61144,自社倉庫,32,0,twig2-02r,0,,,
0,71032-00001345,twig2-03s,1,ライフスタイル雑貨,14,0,0,0,0,14,999,RFC倉庫,0,0,twig2-03s,0,,,
14,71032-00001345,twig2-03s,1,ライフスタイル雑貨,14,0,0,0,0,14,61144,自社倉庫,14,0,twig2-03s,0,,,
0,71032-00001346,si-11ph-1-10,1,老眼鏡,10,0,0,0,0,10,999,RFC倉庫,0,0,si-11ph-1-10,0,,,
10,71032-00001346,si-11ph-1-10,1,老眼鏡,10,0,0,0,0,10,61144,自社倉庫,10,0,si-11ph-1-10,0,,,
0,71032-00001347,si-11ph-2-10,1,老眼鏡,10,0,0,0,0,10,999,RFC倉庫,0,0,si-11ph-2-10,0,,,
10,71032-00001347,si-11ph-2-10,1,老眼鏡,10,0,0,0,0,10,61144,自社倉庫,10,0,si-11ph-2-10,0,,,
0,71032-00001348,si-11ph-3-10,1,老眼鏡,10,0,0,0,0,10,999,RFC倉庫,0,0,si-11ph-3-10,0,,,
10,71032-00001348,si-11ph-3-10,1,老眼鏡,10,0,0,0,0,10,61144,自社倉庫,10,0,si-11ph-3-10,0,,,
0,71032-00001349,si-11ph-1-15,1,老眼鏡,10,0,0,0,0,10,999,RFC倉庫,0,0,si-11ph-1-15,0,,,
10,71032-00001349,si-11ph-1-15,1,老眼鏡,10,0,0,0,0,10,61144,自社倉庫,10,0,si-11ph-1-15,0,,,
0,71032-00001350,si-11ph-2-15,1,老眼鏡,10,0,0,0,0,10,999,RFC倉庫,0,0,si-11ph-2-15,0,,,
10,71032-00001350,si-11ph-2-15,1,老眼鏡,10,0,0,0,0,10,61144,自社倉庫,10,0,si-11ph-2-15,0,,,
0,71032-00001351,si-11ph-3-15,1,老眼鏡,9,0,0,0,0,9,999,RFC倉庫,0,0,si-11ph-3-15,0,,,
9,71032-00001351,si-11ph-3-15,1,老眼鏡,9,0,0,0,0,9,61144,自社倉庫,9,0,si-11ph-3-15,0,,,
0,71032-00001352,si-11ph-1-20,1,老眼鏡,10,0,0,0,0,10,999,RFC倉庫,0,0,si-11ph-1-20,0,,,
10,71032-00001352,si-11ph-1-20,1,老眼鏡,10,0,0,0,0,10,61144,自社倉庫,10,0,si-11ph-1-20,0,,,
0,71032-00001353,si-11ph-2-20,1,老眼鏡,10,0,0,0,0,10,999,RFC倉庫,0,0,si-11ph-2-20,0,,,
10,71032-00001353,si-11ph-2-20,1,老眼鏡,10,0,0,0,0,10,61144,自社倉庫,10,0,si-11ph-2-20,0,,,
0,71032-00001354,si-11ph-3-20,1,老眼鏡,11,0,0,0,0,11,999,RFC倉庫,0,0,si-11ph-3-20,0,,,
11,71032-00001354,si-11ph-3-20,1,老眼鏡,11,0,0,0,0,11,61144,自社倉庫,11,0,si-11ph-3-20,0,,,
23,71032-00001355,flh-001-1-10,1,老眼鏡,23,0,0,0,0,23,999,RFC倉庫,23,0,flh-001ph-1-10,0,,,
0,71032-00001355,flh-001-1-10,1,老眼鏡,23,0,0,0,0,23,61144,自社倉庫,0,0,flh-001ph-1-10,0,,,
26,71032-00001356,flh-001-2-10,1,老眼鏡,26,0,0,0,0,26,999,RFC倉庫,26,0,flh-001ph-2-10,0,,,
0,71032-00001356,flh-001-2-10,1,老眼鏡,26,0,0,0,0,26,61144,自社倉庫,0,0,flh-001ph-2-10,0,,,
4,71032-00001357,flh-001-1-15,1,老眼鏡,3,1,0,0,0,4,999,RFC倉庫,4,1,flh-001ph-1-15,0,,,
0,71032-00001357,flh-001-1-15,1,老眼鏡,3,1,0,0,0,4,61144,自社倉庫,0,0,flh-001ph-1-15,0,,,
2,71032-00001358,flh-001-2-15,1,老眼鏡,1,1,0,0,0,2,999,RFC倉庫,2,1,flh-001ph-2-15,0,,,
0,71032-00001358,flh-001-2-15,1,老眼鏡,1,1,0,0,0,2,61144,自社倉庫,0,0,flh-001ph-2-15,0,,,
17,71032-00001359,flh-001-1-20,1,老眼鏡,16,1,0,0,0,17,999,RFC倉庫,17,1,flh-001ph-1-20,0,,,
0,71032-00001359,flh-001-1-20,1,老眼鏡,16,1,0,0,0,17,61144,自社倉庫,0,0,flh-001ph-1-20,0,,,
0,71032-00001360,flh-001-2-20,1,老眼鏡,0,0,0,0,0,0,999,RFC倉庫,0,0,flh-001ph-2-20,0,,,
0,71032-00001360,flh-001-2-20,1,老眼鏡,0,0,0,0,0,0,61144,自社倉庫,0,0,flh-001ph-2-20,0,,,
0,71032-00001361,nd3053-1,3,ライフスタイル雑貨,0,0,0,0,0,0,999,RFC倉庫,0,0,nd3053-1,0,,,
0,71032-00001361,nd3053-1,3,ライフスタイル雑貨,0,0,0,0,0,0,61144,自社倉庫,0,0,nd3053-1,0,,,
0,71032-00001362,nd5099-1,3,ライフスタイル雑貨,0,0,0,0,0,0,999,RFC倉庫,0,0,nd5099-1,0,,,
0,71032-00001362,nd5099-1,3,ライフスタイル雑貨,0,0,0,0,0,0,61144,自社倉庫,0,0,nd5099-1,0,,,
0,71032-00001363,si-11-1-10,1,老眼鏡,10,0,0,0,0,10,999,RFC倉庫,0,0,si-11-1-10,0,,,
10,71032-00001363,si-11-1-10,1,老眼鏡,10,0,0,0,0,10,61144,自社倉庫,10,0,si-11-1-10,0,,,
0,71032-00001364,si-11-2-10,1,老眼鏡,10,0,0,0,0,10,999,RFC倉庫,0,0,si-11-2-10,0,,,
10,71032-00001364,si-11-2-10,1,老眼鏡,10,0,0,0,0,10,61144,自社倉庫,10,0,si-11-2-10,0,,,
0,71032-00001365,si-11-3-10,1,老眼鏡,10,0,0,0,0,10,999,RFC倉庫,0,0,si-11-3-10,0,,,
10,71032-00001365,si-11-3-10,1,老眼鏡,10,0,0,0,0,10,61144,自社倉庫,10,0,si-11-3-10,0,,,
0,71032-00001366,si-11-1-15,1,老眼鏡,0,0,0,0,0,0,999,RFC倉庫,0,0,si-11-1-15,0,,,
0,71032-00001366,si-11-1-15,1,老眼鏡,0,0,0,0,0,0,61144,自社倉庫,0,0,si-11-1-15,0,,,
0,71032-00001367,si-11-2-15,1,老眼鏡,0,0,0,0,0,0,999,RFC倉庫,0,0,si-11-2-15,0,,,
0,71032-00001367,si-11-2-15,1,老眼鏡,0,0,0,0,0,0,61144,自社倉庫,0,0,si-11-2-15,0,,,
0,71032-00001368,si-11-3-15,1,老眼鏡,0,0,0,0,0,0,999,RFC倉庫,0,0,si-11-3-15,0,,,
0,71032-00001368,si-11-3-15,1,老眼鏡,0,0,0,0,0,0,61144,自社倉庫,0,0,si-11-3-15,0,,,
0,71032-00001369,si-11-1-20,1,老眼鏡,11,0,0,0,0,11,999,RFC倉庫,0,0,si-11-1-20,0,,,
11,71032-00001369,si-11-1-20,1,老眼鏡,11,0,0,0,0,11,61144,自社倉庫,11,0,si-11-1-20,0,,,
0,71032-00001370,si-11-2-20,1,老眼鏡,2,0,0,0,0,2,999,RFC倉庫,0,0,si-11-2-20,0,,,
2,71032-00001370,si-11-2-20,1,老眼鏡,2,0,0,0,0,2,61144,自社倉庫,2,0,si-11-2-20,0,,,
0,71032-00001371,si-11-3-20,1,老眼鏡,10,0,0,0,0,10,999,RFC倉庫,0,0,si-11-3-20,0,,,
10,71032-00001371,si-11-3-20,1,老眼鏡,10,0,0,0,0,10,61144,自社倉庫,10,0,si-11-3-20,0,,,
0,71032-00001372,si-11-1-25,1,老眼鏡,12,0,0,0,0,12,999,RFC倉庫,0,0,si-11-1-25,0,,,
12,71032-00001372,si-11-1-25,1,老眼鏡,12,0,0,0,0,12,61144,自社倉庫,12,0,si-11-1-25,0,,,
0,71032-00001373,si-11-2-25,1,老眼鏡,9,0,0,0,0,9,999,RFC倉庫,0,0,si-11-2-25,0,,,
9,71032-00001373,si-11-2-25,1,老眼鏡,9,0,0,0,0,9,61144,自社倉庫,9,0,si-11-2-25,0,,,
0,71032-00001374,si-11-3-25,1,老眼鏡,14,0,0,0,0,14,999,RFC倉庫,0,0,si-11-3-25,0,,,
14,71032-00001374,si-11-3-25,1,老眼鏡,14,0,0,0,0,14,61144,自社倉庫,14,0,si-11-3-25,0,,,
0,71032-00001375,twig3,1,ライフスタイル雑貨,7,0,0,0,0,7,999,RFC倉庫,0,0,twig3,0,,,
7,71032-00001375,twig3,1,ライフスタイル雑貨,7,0,0,0,0,7,61144,自社倉庫,7,0,twig3,0,,,
0,71032-00001376,5024-1,3,ライフスタイル雑貨,3,0,0,0,0,3,999,RFC倉庫,0,0,5024-1,0,,,
3,71032-00001376,5024-1,3,ライフスタイル雑貨,3,0,0,0,0,3,61144,自社倉庫,3,0,5024-1,0,,,
0,71032-00001377,5024-2,3,ライフスタイル雑貨,3,0,0,0,0,3,999,RFC倉庫,0,0,5024-2,0,,,
3,71032-00001377,5024-2,3,ライフスタイル雑貨,3,0,0,0,0,3,61144,自社倉庫,3,0,5024-2,0,,,
0,71032-00001378,5024-3,3,ライフスタイル雑貨,3,0,0,0,0,3,999,RFC倉庫,0,0,5024-3,0,,,
3,71032-00001378,5024-3,3,ライフスタイル雑貨,3,0,0,0,0,3,61144,自社倉庫,3,0,5024-3,0,,,
0,71032-00001379,5024-8,3,ライフスタイル雑貨,3,0,0,0,0,3,999,RFC倉庫,0,0,5024-8,0,,,
3,71032-00001379,5024-8,3,ライフスタイル雑貨,3,0,0,0,0,3,61144,自社倉庫,3,0,5024-8,0,,,
0,71032-00001380,5404-1,1,サングラス,0,0,0,0,0,0,999,RFC倉庫,0,0,5404-1,0,,,
0,71032-00001380,5404-1,1,サングラス,0,0,0,0,0,0,61144,自社倉庫,0,0,5404-1,0,,,
0,71032-00001381,5404-2,1,サングラス,0,0,0,0,0,0,999,RFC倉庫,0,0,5404-2,0,,,
0,71032-00001381,5404-2,1,サングラス,0,0,0,0,0,0,61144,自社倉庫,0,0,5404-2,0,,,
0,71032-00001382,5404-3,1,サングラス,0,0,0,0,0,0,999,RFC倉庫,0,0,5404-3,0,,,
0,71032-00001382,5404-3,1,サングラス,0,0,0,0,0,0,61144,自社倉庫,0,0,5404-3,0,,,
0,71032-00001383,5404-11,1,サングラス,0,0,0,0,0,0,999,RFC倉庫,0,0,5404-11,0,,,
0,71032-00001383,5404-11,1,サングラス,0,0,0,0,0,0,61144,自社倉庫,0,0,5404-11,0,,,
0,71032-00001389,5314-8,1,サングラス,0,0,0,0,0,0,999,RFC倉庫,0,0,5314-8,0,,,
0,71032-00001389,5314-8,1,サングラス,0,0,0,0,0,0,61144,自社倉庫,0,0,5314-8,0,,,
0,71032-00001390,5314-11,1,サングラス,3,0,0,0,0,3,999,RFC倉庫,0,0,5314-11,0,,,
3,71032-00001390,5314-11,1,サングラス,3,0,0,0,0,3,61144,自社倉庫,3,0,5314-11,0,,,
0,71032-00001391,p356,1,ライフスタイル雑貨,0,0,0,0,0,0,999,RFC倉庫,0,0,p356,0,,,
0,71032-00001391,p356,1,ライフスタイル雑貨,0,0,0,0,0,0,61144,自社倉庫,0,0,p356,0,,,
0,71032-00001392,p370pu,1,ライフスタイル雑貨,13,0,0,0,0,13,999,RFC倉庫,0,0,p370pu,0,,,
13,71032-00001392,p370pu,1,ライフスタイル雑貨,13,0,0,0,0,13,61144,自社倉庫,13,0,p370pu,0,,,
0,71032-00001396,si-13-1-15,1,老眼鏡,11,0,0,0,0,11,999,RFC倉庫,0,0,si-13-1-15,0,,,
11,71032-00001396,si-13-1-15,1,老眼鏡,11,0,0,0,0,11,61144,自社倉庫,11,0,si-13-1-15,0,,,
0,71032-00001397,si-13-2-15,1,老眼鏡,13,0,0,0,0,13,999,RFC倉庫,0,0,si-13-2-15,0,,,
13,71032-00001397,si-13-2-15,1,老眼鏡,13,0,0,0,0,13,61144,自社倉庫,13,0,si-13-2-15,0,,,
0,71032-00001398,si-13-3-15,1,老眼鏡,15,0,0,0,0,15,999,RFC倉庫,0,0,si-13-3-15,0,,,
15,71032-00001398,si-13-3-15,1,老眼鏡,15,0,0,0,0,15,61144,自社倉庫,15,0,si-13-3-15,0,,,
0,71032-00001399,si-13-1-20,1,老眼鏡,14,0,0,0,0,14,999,RFC倉庫,0,0,si-13-1-20,0,,,
14,71032-00001399,si-13-1-20,1,老眼鏡,14,0,0,0,0,14,61144,自社倉庫,14,0,si-13-1-20,0,,,
0,71032-00001400,si-13-2-20,1,老眼鏡,8,0,0,0,0,8,999,RFC倉庫,0,0,si-13-2-20,0,,,
8,71032-00001400,si-13-2-20,1,老眼鏡,8,0,0,0,0,8,61144,自社倉庫,8,0,si-13-2-20,0,,,
0,71032-00001401,si-13-3-20,1,老眼鏡,15,0,0,0,0,15,999,RFC倉庫,0,0,si-13-3-20,0,,,
15,71032-00001401,si-13-3-20,1,老眼鏡,15,0,0,0,0,15,61144,自社倉庫,15,0,si-13-3-20,0,,,
0,71032-00001402,si-13-1-25,1,老眼鏡,13,0,0,0,0,13,999,RFC倉庫,0,0,si-13-1-25,0,,,
13,71032-00001402,si-13-1-25,1,老眼鏡,13,0,0,0,0,13,61144,自社倉庫,13,0,si-13-1-25,0,,,
0,71032-00001403,si-13-2-25,1,老眼鏡,15,0,0,0,0,15,999,RFC倉庫,0,0,si-13-2-25,0,,,
15,71032-00001403,si-13-2-25,1,老眼鏡,15,0,0,0,0,15,61144,自社倉庫,15,0,si-13-2-25,0,,,
0,71032-00001404,si-13-3-25,1,老眼鏡,15,0,0,0,0,15,999,RFC倉庫,0,0,si-13-3-25,0,,,
15,71032-00001404,si-13-3-25,1,老眼鏡,15,0,0,0,0,15,61144,自社倉庫,15,0,si-13-3-25,0,,,
0,71032-00001405,si-13-1-30,1,老眼鏡,15,0,0,0,0,15,999,RFC倉庫,0,0,si-13-1-30,0,,,
15,71032-00001405,si-13-1-30,1,老眼鏡,15,0,0,0,0,15,61144,自社倉庫,15,0,si-13-1-30,0,,,
0,71032-00001406,si-13-2-30,1,老眼鏡,15,0,0,0,0,15,999,RFC倉庫,0,0,si-13-2-30,0,,,
15,71032-00001406,si-13-2-30,1,老眼鏡,15,0,0,0,0,15,61144,自社倉庫,15,0,si-13-2-30,0,,,
0,71032-00001407,si-13-3-30,1,老眼鏡,14,0,0,0,0,14,999,RFC倉庫,0,0,si-13-3-30,0,,,
14,71032-00001407,si-13-3-30,1,老眼鏡,14,0,0,0,0,14,61144,自社倉庫,14,0,si-13-3-30,0,,,
0,71032-00001408,si-12-1-15,1,老眼鏡,8,0,0,0,0,8,999,RFC倉庫,0,0,si-12-1-15,0,,,
8,71032-00001408,si-12-1-15,1,老眼鏡,8,0,0,0,0,8,61144,自社倉庫,8,0,si-12-1-15,0,,,
0,71032-00001409,si-12-2-15,1,老眼鏡,0,0,0,0,0,0,999,RFC倉庫,0,0,si-12-2-15,0,,,
0,71032-00001409,si-12-2-15,1,老眼鏡,0,0,0,0,0,0,61144,自社倉庫,0,0,si-12-2-15,0,,,
0,71032-00001410,si-12-3-15,1,老眼鏡,13,0,0,0,0,13,999,RFC倉庫,0,0,si-12-3-15,0,,,
13,71032-00001410,si-12-3-15,1,老眼鏡,13,0,0,0,0,13,61144,自社倉庫,13,0,si-12-3-15,0,,,
0,71032-00001411,si-12-1-20,1,老眼鏡,11,0,0,0,0,11,999,RFC倉庫,0,0,si-12-1-20,0,,,
11,71032-00001411,si-12-1-20,1,老眼鏡,11,0,0,0,0,11,61144,自社倉庫,11,0,si-12-1-20,0,,,
0,71032-00001412,si-12-2-20,1,老眼鏡,0,0,0,0,0,0,999,RFC倉庫,0,0,si-12-2-20,0,,,
0,71032-00001412,si-12-2-20,1,老眼鏡,0,0,0,0,0,0,61144,自社倉庫,0,0,si-12-2-20,0,,,
0,71032-00001413,si-12-3-20,1,老眼鏡,14,0,0,0,0,14,999,RFC倉庫,0,0,si-12-3-20,0,,,
14,71032-00001413,si-12-3-20,1,老眼鏡,14,0,0,0,0,14,61144,自社倉庫,14,0,si-12-3-20,0,,,
0,71032-00001414,si-12-1-25,1,老眼鏡,13,0,0,0,0,13,999,RFC倉庫,0,0,si-12-1-25,0,,,
13,71032-00001414,si-12-1-25,1,老眼鏡,13,0,0,0,0,13,61144,自社倉庫,13,0,si-12-1-25,0,,,
0,71032-00001415,si-12-2-25,1,老眼鏡,9,0,0,0,0,9,999,RFC倉庫,0,0,si-12-2-25,0,,,
9,71032-00001415,si-12-2-25,1,老眼鏡,9,0,0,0,0,9,61144,自社倉庫,9,0,si-12-2-25,0,,,
0,71032-00001416,si-12-3-25,1,老眼鏡,15,0,0,0,0,15,999,RFC倉庫,0,0,si-12-3-25,0,,,
15,71032-00001416,si-12-3-25,1,老眼鏡,15,0,0,0,0,15,61144,自社倉庫,15,0,si-12-3-25,0,,,
0,71032-00001417,si-12-1-30,1,老眼鏡,10,0,0,0,0,10,999,RFC倉庫,0,0,si-12-1-30,0,,,
10,71032-00001417,si-12-1-30,1,老眼鏡,10,0,0,0,0,10,61144,自社倉庫,10,0,si-12-1-30,0,,,
0,71032-00001418,si-12-2-30,1,老眼鏡,9,0,0,0,0,9,999,RFC倉庫,0,0,si-12-2-30,0,,,
9,71032-00001418,si-12-2-30,1,老眼鏡,9,0,0,0,0,9,61144,自社倉庫,9,0,si-12-2-30,0,,,
0,71032-00001419,si-12-3-30,1,老眼鏡,14,0,0,0,0,14,999,RFC倉庫,0,0,si-12-3-30,0,,,
14,71032-00001419,si-12-3-30,1,老眼鏡,14,0,0,0,0,14,61144,自社倉庫,14,0,si-12-3-30,0,,,
0,71032-00001420,3063-11,1,サングラス,3,0,0,0,0,3,999,RFC倉庫,0,0,3063-11,0,,,
3,71032-00001420,3063-11,1,サングラス,3,0,0,0,0,3,61144,自社倉庫,3,0,3063-11,0,,,
0,71032-00001421,5003-21,1,サングラス,0,0,0,0,0,0,999,RFC倉庫,0,0,5003-21,0,,,
0,71032-00001421,5003-21,1,サングラス,0,0,0,0,0,0,61144,自社倉庫,0,0,5003-21,0,,,
0,71032-00001422,5003-22,1,サングラス,10,0,0,0,0,10,999,RFC倉庫,0,0,5003-22,0,,,
10,71032-00001422,5003-22,1,サングラス,10,0,0,0,0,10,61144,自社倉庫,10,0,5003-22,0,,,
0,71032-00001423,5003-8,1,サングラス,0,0,0,0,0,0,999,RFC倉庫,0,0,5003-8,0,,,
0,71032-00001423,5003-8,1,サングラス,0,0,0,0,0,0,61144,自社倉庫,0,0,5003-8,0,,,
0,71032-00001424,5013-31,1,サングラス,3,0,0,0,0,3,999,RFC倉庫,0,0,5013-31,0,,,
3,71032-00001424,5013-31,1,サングラス,3,0,0,0,0,3,61144,自社倉庫,3,0,5013-31,0,,,
0,71032-00001425,5013-19,1,サングラス,3,0,0,0,0,3,999,RFC倉庫,0,0,5013-19,0,,,
3,71032-00001425,5013-19,1,サングラス,3,0,0,0,0,3,61144,自社倉庫,3,0,5013-19,0,,,
0,71032-00001426,5043-21,1,サングラス,3,0,0,0,0,3,999,RFC倉庫,0,0,5043-21,0,,,
3,71032-00001426,5043-21,1,サングラス,3,0,0,0,0,3,61144,自社倉庫,3,0,5043-21,0,,,
0,71032-00001429,fi3087-61,0,サングラス,0,0,0,0,0,0,999,RFC倉庫,0,0,fi3087-61,0,,,
0,71032-00001429,fi3087-61,0,サングラス,0,0,0,0,0,0,61144,自社倉庫,0,0,fi3087-61,0,,,
0,71032-00001433,fi5465a-81,1,サングラス,5,0,0,0,0,5,999,RFC倉庫,0,0,fi5465a-81,0,,,
5,71032-00001433,fi5465a-81,1,サングラス,5,0,0,0,0,5,61144,自社倉庫,5,0,fi5465a-81,0,,,
0,71032-00001434,b-2704-1cml,0,ライフスタイル雑貨,1,0,0,0,0,1,999,RFC倉庫,0,0,b-2704-cml,0,,,
1,71032-00001434,b-2704-1cml,0,ライフスタイル雑貨,1,0,0,0,0,1,61144,自社倉庫,1,0,b-2704-cml,0,,,
0,71032-00001435,b-2704-2grn,0,ライフスタイル雑貨,1,0,0,0,0,1,999,RFC倉庫,0,0,b-2704-grn,0,,,
1,71032-00001435,b-2704-2grn,0,ライフスタイル雑貨,1,0,0,0,0,1,61144,自社倉庫,1,0,b-2704-grn,0,,,
0,71032-00001436,b-2704-5gry,0,ライフスタイル雑貨,0,0,0,0,0,0,999,RFC倉庫,0,0,b-2704-gry,0,,,
0,71032-00001436,b-2704-5gry,0,ライフスタイル雑貨,0,0,0,0,0,0,61144,自社倉庫,0,0,b-2704-gry,0,,,
0,71032-00001437,b-2704-4kro,0,ライフスタイル雑貨,0,0,0,0,0,0,999,RFC倉庫,0,0,b-2704-kro,0,,,
0,71032-00001437,b-2704-4kro,0,ライフスタイル雑貨,0,0,0,0,0,0,61144,自社倉庫,0,0,b-2704-kro,0,,,
0,71032-00001438,b-2704-3win,0,ライフスタイル雑貨,2,0,0,0,0,2,999,RFC倉庫,0,0,b-2704-win,0,,,
2,71032-00001438,b-2704-3win,0,ライフスタイル雑貨,2,0,0,0,0,2,61144,自社倉庫,2,0,b-2704-win,0,,,
0,71032-00001439,gc001-1,0,関連グッズ,7,0,0,0,0,7,999,RFC倉庫,0,0,gc001-1,0,,,
7,71032-00001439,gc001-1,0,関連グッズ,7,0,0,0,0,7,61144,自社倉庫,7,0,gc001-1,0,,,
0,71032-00001440,gc001-10,0,関連グッズ,4,0,0,0,0,4,999,RFC倉庫,0,0,gc001-10,0,,,
4,71032-00001440,gc001-10,0,関連グッズ,4,0,0,0,0,4,61144,自社倉庫,4,0,gc001-10,0,,,
0,71032-00001441,gc001-11,0,関連グッズ,0,0,0,0,0,0,999,RFC倉庫,0,0,gc001-11,0,,,
0,71032-00001441,gc001-11,0,関連グッズ,0,0,0,0,0,0,61144,自社倉庫,0,0,gc001-11,0,,,
0,71032-00001442,gc001-2,0,関連グッズ,0,0,0,0,0,0,999,RFC倉庫,0,0,gc001-2,0,,,
0,71032-00001442,gc001-2,0,関連グッズ,0,0,0,0,0,0,61144,自社倉庫,0,0,gc001-2,0,,,
0,71032-00001443,gc001-3,0,関連グッズ,9,0,0,0,0,9,999,RFC倉庫,0,0,gc001-3,0,,,
9,71032-00001443,gc001-3,0,関連グッズ,9,0,0,0,0,9,61144,自社倉庫,9,0,gc001-3,0,,,
0,71032-00001444,gc001-4,0,関連グッズ,0,0,0,0,0,0,999,RFC倉庫,0,0,gc001-4,0,,,
0,71032-00001444,gc001-4,0,関連グッズ,0,0,0,0,0,0,61144,自社倉庫,0,0,gc001-4,0,,,
0,71032-00001445,gc001-5,0,関連グッズ,5,0,0,0,0,5,999,RFC倉庫,0,0,gc001-5,0,,,
5,71032-00001445,gc001-5,0,関連グッズ,5,0,0,0,0,5,61144,自社倉庫,5,0,gc001-5,0,,,
0,71032-00001446,gc001-6,0,関連グッズ,2,0,0,0,0,2,999,RFC倉庫,0,0,gc001-6,0,,,
2,71032-00001446,gc001-6,0,関連グッズ,2,0,0,0,0,2,61144,自社倉庫,2,0,gc001-6,0,,,
0,71032-00001447,gc001-7,0,関連グッズ,0,0,0,0,0,0,999,RFC倉庫,0,0,gc001-7,0,,,
0,71032-00001447,gc001-7,0,関連グッズ,0,0,0,0,0,0,61144,自社倉庫,0,0,gc001-7,0,,,
0,71032-00001448,gc001-8,0,関連グッズ,5,0,0,0,0,5,999,RFC倉庫,0,0,gc001-8,0,,,
5,71032-00001448,gc001-8,0,関連グッズ,5,0,0,0,0,5,61144,自社倉庫,5,0,gc001-8,0,,,
0,71032-00001449,gc001-9,0,関連グッズ,4,0,0,0,0,4,999,RFC倉庫,0,0,gc001-9,0,,,
4,71032-00001449,gc001-9,0,関連グッズ,4,0,0,0,0,4,61144,自社倉庫,4,0,gc001-9,0,,,
11,71032-00001450,fll-3004-1-05,3,老眼鏡,11,0,0,0,0,11,999,RFC倉庫,11,0,fll-3004-1-05,0,,,
0,71032-00001450,fll-3004-1-05,3,老眼鏡,11,0,0,0,0,11,61144,自社倉庫,0,0,fll-3004-1-05,0,,,
3,71032-00001451,fll-3004-2-05,3,老眼鏡,1,2,0,0,0,3,999,RFC倉庫,3,2,fll-3004-2-05,0,,,
0,71032-00001451,fll-3004-2-05,3,老眼鏡,1,2,0,0,0,3,61144,自社倉庫,0,0,fll-3004-2-05,0,,,
5,71032-00001452,fll-3004-3-05,3,老眼鏡,5,0,0,0,0,5,999,RFC倉庫,5,0,fll-3004-3-05,0,,,
0,71032-00001452,fll-3004-3-05,3,老眼鏡,5,0,0,0,0,5,61144,自社倉庫,0,0,fll-3004-3-05,0,,,
15,71032-00001453,fll-3004-1-10,3,老眼鏡,14,0,1,0,1,15,999,RFC倉庫,15,0,fll-3004-1-10,0,,,
0,71032-00001453,fll-3004-1-10,3,老眼鏡,14,0,1,0,1,15,61144,自社倉庫,0,0,fll-3004-1-10,0,,,
4,71032-00001454,fll-3004-2-10,3,老眼鏡,2,2,0,0,0,4,999,RFC倉庫,4,2,fll-3004-2-10,0,,,
0,71032-00001454,fll-3004-2-10,3,老眼鏡,2,2,0,0,0,4,61144,自社倉庫,0,0,fll-3004-2-10,0,,,
10,71032-00001455,fll-3004-3-10,3,老眼鏡,9,1,0,0,0,10,999,RFC倉庫,10,1,fll-3004-3-10,0,,,
0,71032-00001455,fll-3004-3-10,3,老眼鏡,9,1,0,0,0,10,61144,自社倉庫,0,0,fll-3004-3-10,0,,,
13,71032-00001456,fll-3004-1-15,3,老眼鏡,13,0,0,0,0,13,999,RFC倉庫,13,0,fll-3004-1-15,0,,,
0,71032-00001456,fll-3004-1-15,3,老眼鏡,13,0,0,0,0,13,61144,自社倉庫,0,0,fll-3004-1-15,0,,,
10,71032-00001457,fll-3004-2-15,3,老眼鏡,9,1,0,0,0,10,999,RFC倉庫,10,1,fll-3004-2-15,0,,,
0,71032-00001457,fll-3004-2-15,3,老眼鏡,9,1,0,0,0,10,61144,自社倉庫,0,0,fll-3004-2-15,0,,,
10,71032-00001458,fll-3004-3-15,3,老眼鏡,9,1,0,0,0,10,999,RFC倉庫,10,1,fll-3004-3-15,0,,,
0,71032-00001458,fll-3004-3-15,3,老眼鏡,9,1,0,0,0,10,61144,自社倉庫,0,0,fll-3004-3-15,0,,,
6,71032-00001459,fll-3004-1-20,3,老眼鏡,5,1,0,0,0,6,999,RFC倉庫,6,1,fll-3004-1-20,0,,,
0,71032-00001459,fll-3004-1-20,3,老眼鏡,5,1,0,0,0,6,61144,自社倉庫,0,0,fll-3004-1-20,0,,,
4,71032-00001460,fll-3004-2-20,3,老眼鏡,3,1,0,0,0,4,999,RFC倉庫,4,1,fll-3004-2-20,0,,,
0,71032-00001460,fll-3004-2-20,3,老眼鏡,3,1,0,0,0,4,61144,自社倉庫,0,0,fll-3004-2-20,0,,,
0,71032-00001461,fll-3004-3-20,3,老眼鏡,0,0,0,0,0,0,999,RFC倉庫,0,0,fll-3004-3-20,0,,,
0,71032-00001461,fll-3004-3-20,3,老眼鏡,0,0,0,0,0,0,61144,自社倉庫,0,0,fll-3004-3-20,0,,,
27,71032-00001462,fll-3004-1-25,3,老眼鏡,27,0,0,0,0,27,999,RFC倉庫,27,0,fll-3004-1-25,0,,,
0,71032-00001462,fll-3004-1-25,3,老眼鏡,27,0,0,0,0,27,61144,自社倉庫,0,0,fll-3004-1-25,0,,,
5,71032-00001463,fll-3004-2-25,3,老眼鏡,5,0,0,0,0,5,999,RFC倉庫,5,0,fll-3004-2-25,0,,,
0,71032-00001463,fll-3004-2-25,3,老眼鏡,5,0,0,0,0,5,61144,自社倉庫,0,0,fll-3004-2-25,0,,,
0,71032-00001464,fll-3004-3-25,3,老眼鏡,0,0,0,0,0,0,999,RFC倉庫,0,0,fll-3004-3-25,0,,,
0,71032-00001464,fll-3004-3-25,3,老眼鏡,0,0,0,0,0,0,61144,自社倉庫,0,0,fll-3004-3-25,0,,,
0,71032-00001465,mitsuro-l-1,0,ライフスタイル雑貨,0,0,0,0,0,0,999,RFC倉庫,0,0,mitsuro-l-1,0,,,
0,71032-00001465,mitsuro-l-1,0,ライフスタイル雑貨,0,0,0,0,0,0,61144,自社倉庫,0,0,mitsuro-l-1,0,,,
0,71032-00001466,mitsuro-l-2,0,ライフスタイル雑貨,0,0,0,0,0,0,999,RFC倉庫,0,0,mitsuro-l-2,0,,,
0,71032-00001466,mitsuro-l-2,0,ライフスタイル雑貨,0,0,0,0,0,0,61144,自社倉庫,0,0,mitsuro-l-2,0,,,
0,71032-00001467,mitsuro-m-1,0,ライフスタイル雑貨,0,0,0,0,0,0,999,RFC倉庫,0,0,mitsuro-m-1,0,,,
0,71032-00001467,mitsuro-m-1,0,ライフスタイル雑貨,0,0,0,0,0,0,61144,自社倉庫,0,0,mitsuro-m-1,0,,,
0,71032-00001468,mitsuro-m-2,0,ライフスタイル雑貨,0,0,0,0,0,0,999,RFC倉庫,0,0,mitsuro-m-2,0,,,
0,71032-00001468,mitsuro-m-2,0,ライフスタイル雑貨,0,0,0,0,0,0,61144,自社倉庫,0,0,mitsuro-m-2,0,,,
0,71032-00001469,mitsuro-s-1,0,ライフスタイル雑貨,0,0,0,0,0,0,999,RFC倉庫,0,0,mitsuro-s-1,0,,,
0,71032-00001469,mitsuro-s-1,0,ライフスタイル雑貨,0,0,0,0,0,0,61144,自社倉庫,0,0,mitsuro-s-1,0,,,
0,71032-00001470,mitsuro-s-2,0,ライフスタイル雑貨,0,0,0,0,0,0,999,RFC倉庫,0,0,mitsuro-s-2,0,,,
0,71032-00001470,mitsuro-s-2,0,ライフスタイル雑貨,0,0,0,0,0,0,61144,自社倉庫,0,0,mitsuro-s-2,0,,,
0,71032-00001471,mitsuro-set-1,0,ライフスタイル雑貨,0,0,0,0,0,0,999,RFC倉庫,0,0,mitsuro-set-1,0,,,
0,71032-00001471,mitsuro-set-1,0,ライフスタイル雑貨,0,0,0,0,0,0,61144,自社倉庫,0,0,mitsuro-set-1,0,,,
0,71032-00001472,mitsuro-set-2,0,ライフスタイル雑貨,0,0,0,0,0,0,999,RFC倉庫,0,0,mitsuro-set-2,0,,,
0,71032-00001472,mitsuro-set-2,0,ライフスタイル雑貨,0,0,0,0,0,0,61144,自社倉庫,0,0,mitsuro-set-2,0,,,
0,71032-00001473,a-62-blk,0,メガネケース,0,0,0,0,0,0,999,RFC倉庫,0,0,a-62-blk,0,,,
0,71032-00001473,a-62-blk,0,メガネケース,0,0,0,0,0,0,61144,自社倉庫,0,0,a-62-blk,0,,,
0,71032-00001474,a-62-brn,0,メガネケース,8,1,0,0,0,9,999,RFC倉庫,0,0,a-62-brn,0,,,
9,71032-00001474,a-62-brn,0,メガネケース,8,1,0,0,0,9,61144,自社倉庫,9,1,a-62-brn,0,,,
0,71032-00001475,a-62-beg,0,メガネケース,14,1,0,0,0,15,999,RFC倉庫,0,0,a-62-beg,0,,,
15,71032-00001475,a-62-beg,0,メガネケース,14,1,0,0,0,15,61144,自社倉庫,15,1,a-62-beg,0,,,
0,71032-00001476,cob-08,0,メガネケース,0,0,0,0,0,0,999,RFC倉庫,0,0,cob-08,0,,,
0,71032-00001476,cob-08,0,メガネケース,0,0,0,0,0,0,61144,自社倉庫,0,0,cob-08,0,,,
0,71032-00001477,991-001-001,0,インテリア小物,0,0,0,0,0,0,999,RFC倉庫,0,0,991-001-001,0,,,
0,71032-00001477,991-001-001,0,インテリア小物,0,0,0,0,0,0,61144,自社倉庫,0,0,991-001-001,0,,,
0,71032-00001478,991-001-002,0,インテリア小物,8,0,0,0,0,8,999,RFC倉庫,0,0,991-001-002,0,,,
8,71032-00001478,991-001-002,0,インテリア小物,8,0,0,0,0,8,61144,自社倉庫,8,0,991-001-002,0,,,
0,71032-00001479,k-cloth-1,0,メガネクロス,0,0,0,0,0,0,999,RFC倉庫,0,0,k-cloth-1,0,,,
0,71032-00001479,k-cloth-1,0,メガネクロス,0,0,0,0,0,0,61144,自社倉庫,0,0,k-cloth-1,0,,,
0,71032-00001480,k-cloth-2,0,メガネクロス,7,0,0,0,0,7,999,RFC倉庫,0,0,k-cloth-2,0,,,
7,71032-00001480,k-cloth-2,0,メガネクロス,7,0,0,0,0,7,61144,自社倉庫,7,0,k-cloth-2,0,,,
0,71032-00001481,k-cloth-3,0,メガネクロス,0,0,0,0,0,0,999,RFC倉庫,0,0,k-cloth-3,0,,,
0,71032-00001481,k-cloth-3,0,メガネクロス,0,0,0,0,0,0,61144,自社倉庫,0,0,k-cloth-3,0,,,
0,71032-00001482,k-cloth-4,0,メガネクロス,0,0,0,0,0,0,999,RFC倉庫,0,0,k-cloth-4,0,,,
0,71032-00001482,k-cloth-4,0,メガネクロス,0,0,0,0,0,0,61144,自社倉庫,0,0,k-cloth-4,0,,,
0,71032-00001483,k-cloth-5,0,メガネクロス,8,0,0,0,0,8,999,RFC倉庫,0,0,k-cloth-5,0,,,
8,71032-00001483,k-cloth-5,0,メガネクロス,8,0,0,0,0,8,61144,自社倉庫,8,0,k-cloth-5,0,,,
0,71032-00001484,gc2004-gld,0,関連グッズ,2,0,0,0,0,2,999,RFC倉庫,0,0,gc2004-gld,0,,,
2,71032-00001484,gc2004-gld,0,関連グッズ,2,0,0,0,0,2,61144,自社倉庫,2,0,gc2004-gld,0,,,
0,71032-00001485,gc2004-slv,0,関連グッズ,0,0,0,0,0,0,999,RFC倉庫,0,0,gc2004-slv,0,,,
0,71032-00001485,gc2004-slv,0,関連グッズ,0,0,0,0,0,0,61144,自社倉庫,0,0,gc2004-slv,0,,,
0,71032-00001486,gc2008-gld,0,関連グッズ,1,0,0,0,0,1,999,RFC倉庫,0,0,gc2008-gld,0,,,
1,71032-00001486,gc2008-gld,0,関連グッズ,1,0,0,0,0,1,61144,自社倉庫,1,0,gc2008-gld,0,,,
0,71032-00001487,gc2008-slv,0,関連グッズ,3,0,0,0,0,3,999,RFC倉庫,0,0,gc2008-slv,0,,,
3,71032-00001487,gc2008-slv,0,関連グッズ,3,0,0,0,0,3,61144,自社倉庫,3,0,gc2008-slv,0,,,
0,71032-00001488,b-2311-1cml,0,ライフスタイル雑貨,0,0,0,0,0,0,999,RFC倉庫,0,0,b-2311-cml,0,,,
0,71032-00001488,b-2311-1cml,0,ライフスタイル雑貨,0,0,0,0,0,0,61144,自社倉庫,0,0,b-2311-cml,0,,,
0,71032-00001489,b-2311-2grn,0,ライフスタイル雑貨,0,0,0,0,0,0,999,RFC倉庫,0,0,b-2311-grn,0,,,
0,71032-00001489,b-2311-2grn,0,ライフスタイル雑貨,0,0,0,0,0,0,61144,自社倉庫,0,0,b-2311-grn,0,,,
0,71032-00001490,b-2311-3win,0,ライフスタイル雑貨,0,0,0,0,0,0,999,RFC倉庫,0,0,b-2311-win,0,,,
0,71032-00001490,b-2311-3win,0,ライフスタイル雑貨,0,0,0,0,0,0,61144,自社倉庫,0,0,b-2311-win,0,,,
0,71032-00001491,b-2311-4kro,0,ライフスタイル雑貨,0,0,0,0,0,0,999,RFC倉庫,0,0,b-2311-kro,0,,,
0,71032-00001491,b-2311-4kro,0,ライフスタイル雑貨,0,0,0,0,0,0,61144,自社倉庫,0,0,b-2311-kro,0,,,
0,71032-00001492,b-2311-5gry,0,ライフスタイル雑貨,0,0,0,0,0,0,999,RFC倉庫,0,0,b-2311-gry,0,,,
0,71032-00001492,b-2311-5gry,0,ライフスタイル雑貨,0,0,0,0,0,0,61144,自社倉庫,0,0,b-2311-gry,0,,,
0,71032-00001493,si-14-1-10,3,老眼鏡,0,0,0,0,0,0,999,RFC倉庫,0,0,si-14-1-10,0,,,
0,71032-00001493,si-14-1-10,3,老眼鏡,0,0,0,0,0,0,61144,自社倉庫,0,0,si-14-1-10,0,,,
0,71032-00001494,si-14-2-10,3,老眼鏡,0,0,0,0,0,0,999,RFC倉庫,0,0,si-14-2-10,0,,,
0,71032-00001494,si-14-2-10,3,老眼鏡,0,0,0,0,0,0,61144,自社倉庫,0,0,si-14-2-10,0,,,
0,71032-00001495,si-14-3-10,3,老眼鏡,0,0,0,0,0,0,999,RFC倉庫,0,0,si-14-3-10,0,,,
0,71032-00001495,si-14-3-10,3,老眼鏡,0,0,0,0,0,0,61144,自社倉庫,0,0,si-14-3-10,0,,,
0,71032-00001496,si-14-1-15,3,老眼鏡,0,0,0,0,0,0,999,RFC倉庫,0,0,si-14-1-15,0,,,
0,71032-00001496,si-14-1-15,3,老眼鏡,0,0,0,0,0,0,61144,自社倉庫,0,0,si-14-1-15,0,,,
0,71032-00001497,si-14-2-15,3,老眼鏡,0,0,0,0,0,0,999,RFC倉庫,0,0,si-14-2-15,0,,,
0,71032-00001497,si-14-2-15,3,老眼鏡,0,0,0,0,0,0,61144,自社倉庫,0,0,si-14-2-15,0,,,
0,71032-00001498,si-14-3-15,3,老眼鏡,0,0,0,0,0,0,999,RFC倉庫,0,0,si-14-3-15,0,,,
0,71032-00001498,si-14-3-15,3,老眼鏡,0,0,0,0,0,0,61144,自社倉庫,0,0,si-14-3-15,0,,,
0,71032-00001499,si-14-1-20,3,老眼鏡,0,0,0,0,0,0,999,RFC倉庫,0,0,si-14-1-20,0,,,
0,71032-00001499,si-14-1-20,3,老眼鏡,0,0,0,0,0,0,61144,自社倉庫,0,0,si-14-1-20,0,,,
0,71032-00001500,si-14-2-20,3,老眼鏡,1,0,0,0,0,1,999,RFC倉庫,0,0,si-14-2-20,0,,,
1,71032-00001500,si-14-2-20,3,老眼鏡,1,0,0,0,0,1,61144,自社倉庫,1,0,si-14-2-20,0,,,
0,71032-00001501,si-14-3-20,3,老眼鏡,0,0,0,0,0,0,999,RFC倉庫,0,0,si-14-3-20,0,,,
0,71032-00001501,si-14-3-20,3,老眼鏡,0,0,0,0,0,0,61144,自社倉庫,0,0,si-14-3-20,0,,,
0,71032-00001502,si-14-1-25,3,老眼鏡,0,0,0,0,0,0,999,RFC倉庫,0,0,si-14-1-25,0,,,
0,71032-00001502,si-14-1-25,3,老眼鏡,0,0,0,0,0,0,61144,自社倉庫,0,0,si-14-1-25,0,,,
0,71032-00001503,si-14-2-25,3,老眼鏡,1,0,0,0,0,1,999,RFC倉庫,0,0,si-14-2-25,0,,,
1,71032-00001503,si-14-2-25,3,老眼鏡,1,0,0,0,0,1,61144,自社倉庫,1,0,si-14-2-25,0,,,
0,71032-00001504,si-14-3-25,3,老眼鏡,0,0,0,0,0,0,999,RFC倉庫,0,0,si-14-3-25,0,,,
0,71032-00001504,si-14-3-25,3,老眼鏡,0,0,0,0,0,0,61144,自社倉庫,0,0,si-14-3-25,0,,,
0,71032-00001505,si-14-1-30,3,老眼鏡,10,0,0,0,0,10,999,RFC倉庫,0,0,si-14-1-30,0,,,
10,71032-00001505,si-14-1-30,3,老眼鏡,10,0,0,0,0,10,61144,自社倉庫,10,0,si-14-1-30,0,,,
0,71032-00001506,si-14-2-30,3,老眼鏡,10,1,0,0,0,11,999,RFC倉庫,0,0,si-14-2-30,0,,,
11,71032-00001506,si-14-2-30,3,老眼鏡,10,1,0,0,0,11,61144,自社倉庫,11,1,si-14-2-30,0,,,
0,71032-00001507,si-14-3-30,3,老眼鏡,10,1,0,0,0,11,999,RFC倉庫,0,0,si-14-3-30,0,,,
11,71032-00001507,si-14-3-30,3,老眼鏡,10,1,0,0,0,11,61144,自社倉庫,11,1,si-14-3-30,0,,,
0,71032-00001508,k-case-1,0,メガネケース,4,0,0,0,0,4,999,RFC倉庫,0,0,k-case-1,0,,,
4,71032-00001508,k-case-1,0,メガネケース,4,0,0,0,0,4,61144,自社倉庫,4,0,k-case-1,0,,,
0,71032-00001509,k-case-2,0,メガネケース,7,0,0,0,0,7,999,RFC倉庫,0,0,k-case-2,0,,,
7,71032-00001509,k-case-2,0,メガネケース,7,0,0,0,0,7,61144,自社倉庫,7,0,k-case-2,0,,,
0,71032-00001510,k-case-3,0,メガネケース,8,0,0,0,0,8,999,RFC倉庫,0,0,k-case-3,0,,,
8,71032-00001510,k-case-3,0,メガネケース,8,0,0,0,0,8,61144,自社倉庫,8,0,k-case-3,0,,,
0,71032-00001511,k-case-4,0,メガネケース,2,0,0,0,0,2,999,RFC倉庫,0,0,k-case-4,0,,,
2,71032-00001511,k-case-4,0,メガネケース,2,0,0,0,0,2,61144,自社倉庫,2,0,k-case-4,0,,,
0,71032-00001512,k-case-5,0,メガネケース,5,0,0,0,0,5,999,RFC倉庫,0,0,k-case-5,0,,,
5,71032-00001512,k-case-5,0,メガネケース,5,0,0,0,0,5,61144,自社倉庫,5,0,k-case-5,0,,,
0,71032-00001513,cloth-mulga-10blue,0,メガネクロス,1,0,0,0,0,1,999,RFC倉庫,0,0,cloth-mulga-10blue,0,,,
1,71032-00001513,cloth-mulga-10blue,0,メガネクロス,1,0,0,0,0,1,61144,自社倉庫,1,0,cloth-mulga-10blue,0,,,
0,71032-00001514,cloth-mulga-5blue,0,メガネクロス,1,0,0,0,0,1,999,RFC倉庫,0,0,cloth-mulga-5blue,0,,,
1,71032-00001514,cloth-mulga-5blue,0,メガネクロス,1,0,0,0,0,1,61144,自社倉庫,1,0,cloth-mulga-5blue,0,,,
0,71032-00001515,cloth-mulga-6grn,0,メガネクロス,2,0,0,0,0,2,999,RFC倉庫,0,0,cloth-mulga-6grn,0,,,
2,71032-00001515,cloth-mulga-6grn,0,メガネクロス,2,0,0,0,0,2,61144,自社倉庫,2,0,cloth-mulga-6grn,0,,,
0,71032-00001516,cloth-mulga-7pink,0,メガネクロス,2,0,0,0,0,2,999,RFC倉庫,0,0,cloth-mulga-7pink,0,,,
2,71032-00001516,cloth-mulga-7pink,0,メガネクロス,2,0,0,0,0,2,61144,自社倉庫,2,0,cloth-mulga-7pink,0,,,
0,71032-00001517,cloth-mulga-8blue,0,メガネクロス,1,0,0,0,0,1,999,RFC倉庫,0,0,cloth-mulga-8blue,0,,,
1,71032-00001517,cloth-mulga-8blue,0,メガネクロス,1,0,0,0,0,1,61144,自社倉庫,1,0,cloth-mulga-8blue,0,,,
0,71032-00001518,cloth-mulga-9yell,0,メガネクロス,2,0,0,0,0,2,999,RFC倉庫,0,0,cloth-mulga-9yell,0,,,
2,71032-00001518,cloth-mulga-9yell,0,メガネクロス,2,0,0,0,0,2,61144,自社倉庫,2,0,cloth-mulga-9yell,0,,,
0,71032-00001519,ohari-1-1,0,ライフスタイル雑貨,8,0,0,0,0,8,999,RFC倉庫,0,0,ohari-1-1,0,,,
8,71032-00001519,ohari-1-1,0,ライフスタイル雑貨,8,0,0,0,0,8,61144,自社倉庫,8,0,ohari-1-1,0,,,
0,71032-00001520,ohari-1-2,0,ライフスタイル雑貨,12,0,0,0,0,12,999,RFC倉庫,0,0,ohari-1-2,0,,,
12,71032-00001520,ohari-1-2,0,ライフスタイル雑貨,12,0,0,0,0,12,61144,自社倉庫,12,0,ohari-1-2,0,,,
0,71032-00001521,ohari-2-1,0,ライフスタイル雑貨,0,0,0,0,0,0,999,RFC倉庫,0,0,ohari-2-1,0,,,
0,71032-00001521,ohari-2-1,0,ライフスタイル雑貨,0,0,0,0,0,0,61144,自社倉庫,0,0,ohari-2-1,0,,,
0,71032-00001522,ohari-2-2,0,ライフスタイル雑貨,8,0,0,0,0,8,999,RFC倉庫,0,0,ohari-2-2,0,,,
8,71032-00001522,ohari-2-2,0,ライフスタイル雑貨,8,0,0,0,0,8,61144,自社倉庫,8,0,ohari-2-2,0,,,
0,71032-00001523,5584-1,3,サングラス,10,0,0,0,0,10,999,RFC倉庫,0,0,5584-1,0,,,
10,71032-00001523,5584-1,3,サングラス,10,0,0,0,0,10,61144,自社倉庫,10,0,5584-1,0,,,
0,71032-00001524,5584-11,3,サングラス,10,0,0,0,0,10,999,RFC倉庫,0,0,5584-11,0,,,
10,71032-00001524,5584-11,3,サングラス,10,0,0,0,0,10,61144,自社倉庫,10,0,5584-11,0,,,
0,71032-00001525,5584-12,3,サングラス,10,0,0,0,0,10,999,RFC倉庫,0,0,5584-12,0,,,
10,71032-00001525,5584-12,3,サングラス,10,0,0,0,0,10,61144,自社倉庫,10,0,5584-12,0,,,
0,71032-00001526,5584-2,3,サングラス,0,0,0,0,0,0,999,RFC倉庫,0,0,5584-2,0,,,
0,71032-00001526,5584-2,3,サングラス,0,0,0,0,0,0,61144,自社倉庫,0,0,5584-2,0,,,
0,71032-00001527,5584-22,3,サングラス,10,0,0,0,0,10,999,RFC倉庫,0,0,5584-22,0,,,
10,71032-00001527,5584-22,3,サングラス,10,0,0,0,0,10,61144,自社倉庫,10,0,5584-22,0,,,
0,71032-00001528,5584-3,3,サングラス,10,0,0,0,0,10,999,RFC倉庫,0,0,5584-3,0,,,
10,71032-00001528,5584-3,3,サングラス,10,0,0,0,0,10,61144,自社倉庫,10,0,5584-3,0,,,
0,71032-00001529,b-2823-1cml,0,ライフスタイル雑貨,0,0,0,0,0,0,999,RFC倉庫,0,0,b-2823-cml,0,,,
0,71032-00001529,b-2823-1cml,0,ライフスタイル雑貨,0,0,0,0,0,0,61144,自社倉庫,0,0,b-2823-cml,0,,,
0,71032-00001530,b-2823-2grn,0,ライフスタイル雑貨,1,0,0,0,0,1,999,RFC倉庫,0,0,b-2823-grn,0,,,
1,71032-00001530,b-2823-2grn,0,ライフスタイル雑貨,1,0,0,0,0,1,61144,自社倉庫,1,0,b-2823-grn,0,,,
0,71032-00001531,b-2823-3win,0,ライフスタイル雑貨,1,0,0,0,0,1,999,RFC倉庫,0,0,b-2823-win,0,,,
1,71032-00001531,b-2823-3win,0,ライフスタイル雑貨,1,0,0,0,0,1,61144,自社倉庫,1,0,b-2823-win,0,,,
0,71032-00001532,b-2823-4kro,0,ライフスタイル雑貨,1,0,0,0,0,1,999,RFC倉庫,0,0,b-2823-kro,0,,,
1,71032-00001532,b-2823-4kro,0,ライフスタイル雑貨,1,0,0,0,0,1,61144,自社倉庫,1,0,b-2823-kro,0,,,
0,71032-00001533,b-2823-5gry,0,ライフスタイル雑貨,1,0,0,0,0,1,999,RFC倉庫,0,0,b-2823-gry,0,,,
1,71032-00001533,b-2823-5gry,0,ライフスタイル雑貨,1,0,0,0,0,1,61144,自社倉庫,1,0,b-2823-gry,0,,,
0,71032-00001534,ldw-50-a2,0,ライフスタイル雑貨,5,0,0,0,0,5,999,RFC倉庫,0,0,ldw-50-a2,0,,,
5,71032-00001534,ldw-50-a2,0,ライフスタイル雑貨,5,0,0,0,0,5,61144,自社倉庫,5,0,ldw-50-a2,0,,,
0,71032-00001535,ldw-50-b2,0,ライフスタイル雑貨,6,0,0,0,0,6,999,RFC倉庫,0,0,ldw-50-b2,0,,,
6,71032-00001535,ldw-50-b2,0,ライフスタイル雑貨,6,0,0,0,0,6,61144,自社倉庫,6,0,ldw-50-b2,0,,,
0,71032-00001536,ldw-50-c2,0,ライフスタイル雑貨,9,0,0,0,0,9,999,RFC倉庫,0,0,ldw-50-c2,0,,,
9,71032-00001536,ldw-50-c2,0,ライフスタイル雑貨,9,0,0,0,0,9,61144,自社倉庫,9,0,ldw-50-c2,0,,,
0,71032-00001537,ldw-50-d2,0,ライフスタイル雑貨,8,0,0,0,0,8,999,RFC倉庫,0,0,ldw-50-d2,0,,,
8,71032-00001537,ldw-50-d2,0,ライフスタイル雑貨,8,0,0,0,0,8,61144,自社倉庫,8,0,ldw-50-d2,0,,,
0,71032-00001538,ldw-50-a3,0,ライフスタイル雑貨,6,0,0,0,0,6,999,RFC倉庫,0,0,ldw-50-a3,0,,,
6,71032-00001538,ldw-50-a3,0,ライフスタイル雑貨,6,0,0,0,0,6,61144,自社倉庫,6,0,ldw-50-a3,0,,,
0,71032-00001539,ldw-50-b3,0,ライフスタイル雑貨,7,0,0,0,0,7,999,RFC倉庫,0,0,ldw-50-b3,0,,,
7,71032-00001539,ldw-50-b3,0,ライフスタイル雑貨,7,0,0,0,0,7,61144,自社倉庫,7,0,ldw-50-b3,0,,,
0,71032-00001540,ldw-50-c3,0,ライフスタイル雑貨,9,0,0,0,0,9,999,RFC倉庫,0,0,ldw-50-c3,0,,,
9,71032-00001540,ldw-50-c3,0,ライフスタイル雑貨,9,0,0,0,0,9,61144,自社倉庫,9,0,ldw-50-c3,0,,,
0,71032-00001541,ldw-50-d3,0,ライフスタイル雑貨,7,0,0,0,0,7,999,RFC倉庫,0,0,ldw-50-d3,0,,,
7,71032-00001541,ldw-50-d3,0,ライフスタイル雑貨,7,0,0,0,0,7,61144,自社倉庫,7,0,ldw-50-d3,0,,,
0,71032-00001542,si-13ph-1-10,0,老眼鏡,11,0,0,0,0,11,999,RFC倉庫,0,0,si-13ph-1-10,0,,,
11,71032-00001542,si-13ph-1-10,0,老眼鏡,11,0,0,0,0,11,61144,自社倉庫,11,0,si-13ph-1-10,0,,,
0,71032-00001543,si-13ph-2-10,0,老眼鏡,15,0,0,0,0,15,999,RFC倉庫,0,0,si-13ph-2-10,0,,,
15,71032-00001543,si-13ph-2-10,0,老眼鏡,15,0,0,0,0,15,61144,自社倉庫,15,0,si-13ph-2-10,0,,,
0,71032-00001544,si-13ph-3-10,0,老眼鏡,14,0,0,0,0,14,999,RFC倉庫,0,0,si-13ph-3-10,0,,,
14,71032-00001544,si-13ph-3-10,0,老眼鏡,14,0,0,0,0,14,61144,自社倉庫,14,0,si-13ph-3-10,0,,,
0,71032-00001545,si-13ph-1-15,0,老眼鏡,15,0,0,0,0,15,999,RFC倉庫,0,0,si-13ph-1-15,0,,,
15,71032-00001545,si-13ph-1-15,0,老眼鏡,15,0,0,0,0,15,61144,自社倉庫,15,0,si-13ph-1-15,0,,,
0,71032-00001546,si-13ph-2-15,0,老眼鏡,14,0,0,0,0,14,999,RFC倉庫,0,0,si-13ph-2-15,0,,,
14,71032-00001546,si-13ph-2-15,0,老眼鏡,14,0,0,0,0,14,61144,自社倉庫,14,0,si-13ph-2-15,0,,,
0,71032-00001547,si-13ph-3-15,0,老眼鏡,15,0,0,0,0,15,999,RFC倉庫,0,0,si-13ph-3-15,0,,,
15,71032-00001547,si-13ph-3-15,0,老眼鏡,15,0,0,0,0,15,61144,自社倉庫,15,0,si-13ph-3-15,0,,,
0,71032-00001548,si-13ph-1-20,0,老眼鏡,14,0,0,0,0,14,999,RFC倉庫,0,0,si-13ph-1-20,0,,,
14,71032-00001548,si-13ph-1-20,0,老眼鏡,14,0,0,0,0,14,61144,自社倉庫,14,0,si-13ph-1-20,0,,,
0,71032-00001549,si-13ph-2-20,0,老眼鏡,15,0,0,0,0,15,999,RFC倉庫,0,0,si-13ph-2-20,0,,,
15,71032-00001549,si-13ph-2-20,0,老眼鏡,15,0,0,0,0,15,61144,自社倉庫,15,0,si-13ph-2-20,0,,,
0,71032-00001550,si-13ph-3-20,0,老眼鏡,11,0,0,0,0,11,999,RFC倉庫,0,0,si-13ph-3-20,0,,,
11,71032-00001550,si-13ph-3-20,0,老眼鏡,11,0,0,0,0,11,61144,自社倉庫,11,0,si-13ph-3-20,0,,,
0,71032-00001551,flw-001-002-1,0,サングラス,19,1,0,0,0,20,999,RFC倉庫,0,0,flw-001-002-1,0,,,
20,71032-00001551,flw-001-002-1,0,サングラス,19,1,0,0,0,20,61144,自社倉庫,20,1,flw-001-002-1,0,,,
0,71032-00001552,flw-001-002-2,0,サングラス,20,1,0,0,0,21,999,RFC倉庫,0,0,flw-001-002-2,0,,,
21,71032-00001552,flw-001-002-2,0,サングラス,20,1,0,0,0,21,61144,自社倉庫,21,1,flw-001-002-2,0,,,
0,71032-00001553,flw-001-002-3,0,サングラス,20,0,0,0,0,20,999,RFC倉庫,0,0,flw-001-002-3,0,,,
20,71032-00001553,flw-001-002-3,0,サングラス,20,0,0,0,0,20,61144,自社倉庫,20,0,flw-001-002-3,0,,,
0,71032-00001554,flw-001-002-4,0,サングラス,20,0,0,0,0,20,999,RFC倉庫,0,0,flw-001-002-4,0,,,
20,71032-00001554,flw-001-002-4,0,サングラス,20,0,0,0,0,20,61144,自社倉庫,20,0,flw-001-002-4,0,,,
0,71032-00001555,flw-001-002-1a,0,サングラス,0,0,0,0,0,0,999,RFC倉庫,0,0,flw-001-002-1a,0,,,
0,71032-00001555,flw-001-002-1a,0,サングラス,0,0,0,0,0,0,61144,自社倉庫,0,0,flw-001-002-1a,0,,,
0,71032-00001556,flw-001-002-2a,0,サングラス,0,0,0,0,0,0,999,RFC倉庫,0,0,flw-001-002-2a,0,,,
0,71032-00001556,flw-001-002-2a,0,サングラス,0,0,0,0,0,0,61144,自社倉庫,0,0,flw-001-002-2a,0,,,
0,71032-00001557,flw-001-002-3a,0,サングラス,0,0,0,0,0,0,999,RFC倉庫,0,0,flw-001-002-3a,0,,,
0,71032-00001557,flw-001-002-3a,0,サングラス,0,0,0,0,0,0,61144,自社倉庫,0,0,flw-001-002-3a,0,,,
0,71032-00001558,flw-001-002-4a,0,サングラス,18,0,0,0,0,18,999,RFC倉庫,0,0,flw-001-002-4a,0,,,
18,71032-00001558,flw-001-002-4a,0,サングラス,18,0,0,0,0,18,61144,自社倉庫,18,0,flw-001-002-4a,0,,,
50,71032-00001559,spc-007-3-10,0,老眼鏡,49,1,0,0,0,50,999,RFC倉庫,50,1,spc-007-3-10,0,,,
0,71032-00001559,spc-007-3-10,0,老眼鏡,49,1,0,0,0,50,61144,自社倉庫,0,0,spc-007-3-10,0,,,
70,71032-00001560,spc-007-3-15,0,老眼鏡,70,0,0,0,0,70,999,RFC倉庫,70,0,spc-007-3-15,0,,,
0,71032-00001560,spc-007-3-15,0,老眼鏡,70,0,0,0,0,70,61144,自社倉庫,0,0,spc-007-3-15,0,,,
53,71032-00001561,spc-007-3-20,0,老眼鏡,53,0,0,0,0,53,999,RFC倉庫,53,0,spc-007-3-20,0,,,
0,71032-00001561,spc-007-3-20,0,老眼鏡,53,0,0,0,0,53,61144,自社倉庫,0,0,spc-007-3-20,0,,,
48,71032-00001562,spc-007-3-25,0,老眼鏡,47,1,0,0,0,48,999,RFC倉庫,48,1,spc-007-3-25,0,,,
0,71032-00001562,spc-007-3-25,0,老眼鏡,47,1,0,0,0,48,61144,自社倉庫,0,0,spc-007-3-25,0,,,
0,71032-00001563,spc-009-1-10,0,老眼鏡,0,0,0,0,0,0,999,RFC倉庫,0,0,spc-009-1-10,0,,,
0,71032-00001563,spc-009-1-10,0,老眼鏡,0,0,0,0,0,0,61144,自社倉庫,0,0,spc-009-1-10,0,,,
24,71032-00001564,spc-009-2-10,0,老眼鏡,24,0,0,0,0,24,999,RFC倉庫,24,0,spc-009-2-10,0,,,
0,71032-00001564,spc-009-2-10,0,老眼鏡,24,0,0,0,0,24,61144,自社倉庫,0,0,spc-009-2-10,0,,,
7,71032-00001565,spc-009-1-15,0,老眼鏡,7,0,0,0,0,7,999,RFC倉庫,7,0,spc-009-1-15,0,,,
0,71032-00001565,spc-009-1-15,0,老眼鏡,7,0,0,0,0,7,61144,自社倉庫,0,0,spc-009-1-15,0,,,
45,71032-00001566,spc-009-2-15,0,老眼鏡,45,0,0,0,0,45,999,RFC倉庫,45,0,spc-009-2-15,0,,,
0,71032-00001566,spc-009-2-15,0,老眼鏡,45,0,0,0,0,45,61144,自社倉庫,0,0,spc-009-2-15,0,,,
6,71032-00001567,spc-009-1-20,0,老眼鏡,5,1,0,0,0,6,999,RFC倉庫,6,1,spc-009-1-20,0,,,
0,71032-00001567,spc-009-1-20,0,老眼鏡,5,1,0,0,0,6,61144,自社倉庫,0,0,spc-009-1-20,0,,,
4,71032-00001568,spc-009-2-20,0,老眼鏡,4,0,0,0,0,4,999,RFC倉庫,4,0,spc-009-2-20,0,,,
0,71032-00001568,spc-009-2-20,0,老眼鏡,4,0,0,0,0,4,61144,自社倉庫,0,0,spc-009-2-20,0,,,
15,71032-00001569,spc-009-1-25,0,老眼鏡,15,0,0,0,0,15,999,RFC倉庫,15,0,spc-009-1-25,0,,,
0,71032-00001569,spc-009-1-25,0,老眼鏡,15,0,0,0,0,15,61144,自社倉庫,0,0,spc-009-1-25,0,,,
41,71032-00001570,spc-009-2-25,0,老眼鏡,41,0,0,0,0,41,999,RFC倉庫,41,0,spc-009-2-25,0,,,
0,71032-00001570,spc-009-2-25,0,老眼鏡,41,0,0,0,0,41,61144,自社倉庫,0,0,spc-009-2-25,0,,,
0,71032-00001571,spc-006-3-10,0,老眼鏡,0,0,0,0,0,0,999,RFC倉庫,0,0,spc-006-3-10,0,,,
0,71032-00001571,spc-006-3-10,0,老眼鏡,0,0,0,0,0,0,61144,自社倉庫,0,0,spc-006-3-10,0,,,
1,71032-00001572,spc-006-3-15,0,老眼鏡,1,0,0,0,0,1,999,RFC倉庫,1,0,spc-006-3-15,0,,,
0,71032-00001572,spc-006-3-15,0,老眼鏡,1,0,0,0,0,1,61144,自社倉庫,0,0,spc-006-3-15,0,,,
4,71032-00001573,spc-006-3-20,0,老眼鏡,3,1,0,0,0,4,999,RFC倉庫,4,1,spc-006-3-20,0,,,
0,71032-00001573,spc-006-3-20,0,老眼鏡,3,1,0,0,0,4,61144,自社倉庫,0,0,spc-006-3-20,0,,,
7,71032-00001574,spc-006-3-25,0,老眼鏡,7,0,0,0,0,7,999,RFC倉庫,7,0,spc-006-3-25,0,,,
0,71032-00001574,spc-006-3-25,0,老眼鏡,7,0,0,0,0,7,61144,自社倉庫,0,0,spc-006-3-25,0,,,
0,71032-00001575,k-case-6,0,メガネケース,6,0,0,0,0,6,999,RFC倉庫,0,0,k-case-6,0,,,
6,71032-00001575,k-case-6,0,メガネケース,6,0,0,0,0,6,61144,自社倉庫,6,0,k-case-6,0,,,
0,71032-00001576,k-cloth-6,0,メガネクロス,0,0,0,0,0,0,999,RFC倉庫,0,0,k-cloth-6,0,,,
0,71032-00001576,k-cloth-6,0,メガネクロス,0,0,0,0,0,0,61144,自社倉庫,0,0,k-cloth-6,0,,,
0,71032-00001577,ph5012-1,0,サングラス,12,0,0,0,0,12,999,RFC倉庫,0,0,ph5012-1,0,,,
12,71032-00001577,ph5012-1,0,サングラス,12,0,0,0,0,12,61144,自社倉庫,12,0,ph5012-1,0,,,
0,71032-00001578,ph5012-2,0,サングラス,14,0,0,0,0,14,999,RFC倉庫,0,0,ph5012-2,0,,,
14,71032-00001578,ph5012-2,0,サングラス,14,0,0,0,0,14,61144,自社倉庫,14,0,ph5012-2,0,,,
11,71032-00001579,fll-3000-1-05,0,老眼鏡,11,0,0,0,0,11,999,RFC倉庫,11,0,fll-3000-1-05,0,,,
0,71032-00001579,fll-3000-1-05,0,老眼鏡,11,0,0,0,0,11,61144,自社倉庫,0,0,fll-3000-1-05,0,,,
12,71032-00001580,fll-3000-2-05,0,老眼鏡,10,2,0,0,0,12,999,RFC倉庫,12,2,fll-3000-2-05,0,,,
0,71032-00001580,fll-3000-2-05,0,老眼鏡,10,2,0,0,0,12,61144,自社倉庫,0,0,fll-3000-2-05,0,,,
0,71032-00001581,kmb-pd-1-2-a,0,ペットグッズ,5,0,0,0,0,5,999,RFC倉庫,0,0,kmb-pd-1-2-a,0,,,
5,71032-00001581,kmb-pd-1-2-a,0,ペットグッズ,5,0,0,0,0,5,61144,自社倉庫,5,0,kmb-pd-1-2-a,0,,,
0,71032-00001582,kmb-pd-1-2-b,0,ペットグッズ,7,0,0,0,0,7,999,RFC倉庫,0,0,kmb-pd-1-2-b,0,,,
7,71032-00001582,kmb-pd-1-2-b,0,ペットグッズ,7,0,0,0,0,7,61144,自社倉庫,7,0,kmb-pd-1-2-b,0,,,
0,71032-00001583,kmb-pc1,0,ペットグッズ,10,0,0,0,0,10,999,RFC倉庫,0,0,kmb-pc1,0,,,
10,71032-00001583,kmb-pc1,0,ペットグッズ,10,0,0,0,0,10,61144,自社倉庫,10,0,kmb-pc1,0,,,
0,71032-00001584,kmb-pc2,0,ペットグッズ,7,0,0,0,0,7,999,RFC倉庫,0,0,kmb-pc2,0,,,
7,71032-00001584,kmb-pc2,0,ペットグッズ,7,0,0,0,0,7,61144,自社倉庫,7,0,kmb-pc2,0,,,
0,71032-00001585,mjs-901,0,老眼鏡,17,0,0,0,0,17,999,RFC倉庫,0,0,mjs-901,0,,,
17,71032-00001585,mjs-901,0,老眼鏡,17,0,0,0,0,17,61144,自社倉庫,17,0,mjs-901,0,,,
0,71032-00001586,bsc-001-1ivr,0,メガネケース,43,0,0,0,0,43,999,RFC倉庫,0,0,bsc-001-ivr,0,,,
43,71032-00001586,bsc-001-1ivr,0,メガネケース,43,0,0,0,0,43,61144,自社倉庫,43,0,bsc-001-ivr,0,,,
0,71032-00001587,bsc-001-2grg,0,メガネケース,0,0,0,0,0,0,999,RFC倉庫,0,0,bsc-001-grg,0,,,
0,71032-00001587,bsc-001-2grg,0,メガネケース,0,0,0,0,0,0,61144,自社倉庫,0,0,bsc-001-grg,0,,,
0,71032-00001588,bsc-001-3cyl,0,メガネケース,19,0,0,0,0,19,999,RFC倉庫,0,0,bsc-001-cyl,0,,,
19,71032-00001588,bsc-001-3cyl,0,メガネケース,19,0,0,0,0,19,61144,自社倉庫,19,0,bsc-001-cyl,0,,,
0,71032-00001589,bsc-001-4fbl,0,メガネケース,25,0,0,0,0,25,999,RFC倉庫,0,0,bsc-001-fbl,0,,,
25,71032-00001589,bsc-001-4fbl,0,メガネケース,25,0,0,0,0,25,61144,自社倉庫,25,0,bsc-001-fbl,0,,,
0,71032-00001590,flk-001-1-10,0,老眼鏡,3,1,0,0,0,4,999,RFC倉庫,0,0,flk-001-1-10,0,,,
4,71032-00001590,flk-001-1-10,0,老眼鏡,3,1,0,0,0,4,61144,自社倉庫,4,1,flk-001-1-10,0,,,
0,71032-00001591,flk-001-2-10,0,老眼鏡,0,0,0,0,0,0,999,RFC倉庫,0,0,flk-001-2-10,0,,,
0,71032-00001591,flk-001-2-10,0,老眼鏡,0,0,0,0,0,0,61144,自社倉庫,0,0,flk-001-2-10,0,,,
0,71032-00001592,flk-001-3-10,0,老眼鏡,18,0,0,0,0,18,999,RFC倉庫,0,0,flk-001-3-10,0,,,
18,71032-00001592,flk-001-3-10,0,老眼鏡,18,0,0,0,0,18,61144,自社倉庫,18,0,flk-001-3-10,0,,,
0,71032-00001593,flk-001-1-15,0,老眼鏡,0,0,0,0,0,0,999,RFC倉庫,0,0,flk-001-1-15,0,,,
0,71032-00001593,flk-001-1-15,0,老眼鏡,0,0,0,0,0,0,61144,自社倉庫,0,0,flk-001-1-15,0,,,
0,71032-00001594,flk-001-2-15,0,老眼鏡,0,0,0,0,0,0,999,RFC倉庫,0,0,flk-001-2-15,0,,,
0,71032-00001594,flk-001-2-15,0,老眼鏡,0,0,0,0,0,0,61144,自社倉庫,0,0,flk-001-2-15,0,,,
0,71032-00001595,flk-001-3-15,0,老眼鏡,2,0,0,0,0,2,999,RFC倉庫,0,0,flk-001-3-15,0,,,
2,71032-00001595,flk-001-3-15,0,老眼鏡,2,0,0,0,0,2,61144,自社倉庫,2,0,flk-001-3-15,0,,,
0,71032-00001596,flk-001-1-20,0,老眼鏡,0,0,0,0,0,0,999,RFC倉庫,0,0,flk-001-1-20,0,,,
0,71032-00001596,flk-001-1-20,0,老眼鏡,0,0,0,0,0,0,61144,自社倉庫,0,0,flk-001-1-20,0,,,
0,71032-00001597,flk-001-2-20,0,老眼鏡,0,0,0,0,0,0,999,RFC倉庫,0,0,flk-001-2-20,0,,,
0,71032-00001597,flk-001-2-20,0,老眼鏡,0,0,0,0,0,0,61144,自社倉庫,0,0,flk-001-2-20,0,,,
0,71032-00001598,flk-001-3-20,0,老眼鏡,1,0,0,0,0,1,999,RFC倉庫,0,0,flk-001-3-20,0,,,
1,71032-00001598,flk-001-3-20,0,老眼鏡,1,0,0,0,0,1,61144,自社倉庫,1,0,flk-001-3-20,0,,,
0,71032-00001599,flk-001-1-25,0,老眼鏡,3,0,0,0,0,3,999,RFC倉庫,0,0,flk-001-1-25,0,,,
3,71032-00001599,flk-001-1-25,0,老眼鏡,3,0,0,0,0,3,61144,自社倉庫,3,0,flk-001-1-25,0,,,
0,71032-00001600,flk-001-2-25,0,老眼鏡,0,0,0,0,0,0,999,RFC倉庫,0,0,flk-001-2-25,0,,,
0,71032-00001600,flk-001-2-25,0,老眼鏡,0,0,0,0,0,0,61144,自社倉庫,0,0,flk-001-2-25,0,,,
0,71032-00001601,flk-001-3-25,0,老眼鏡,0,0,0,0,0,0,999,RFC倉庫,0,0,flk-001-3-25,0,,,
0,71032-00001601,flk-001-3-25,0,老眼鏡,0,0,0,0,0,0,61144,自社倉庫,0,0,flk-001-3-25,0,,,
0,71032-00001602,hinoki-01-1,0,インテリア寝具,0,0,0,0,0,0,999,RFC倉庫,0,0,hinoki-01-1,0,,,
0,71032-00001602,hinoki-01-1,0,インテリア寝具,0,0,0,0,0,0,61144,自社倉庫,0,0,hinoki-01-1,0,,,
0,71032-00001603,hinoki-01-2,0,インテリア寝具,7,0,0,0,0,7,999,RFC倉庫,0,0,hinoki-01-2,0,,,
7,71032-00001603,hinoki-01-2,0,インテリア寝具,7,0,0,0,0,7,61144,自社倉庫,7,0,hinoki-01-2,0,,,
0,71032-00001604,hinoki-01-3,0,インテリア寝具,0,0,0,0,0,0,999,RFC倉庫,0,0,hinoki-01-3,0,,,
0,71032-00001604,hinoki-01-3,0,インテリア寝具,0,0,0,0,0,0,61144,自社倉庫,0,0,hinoki-01-3,0,,,
0,71032-00001605,hinoki-01-4,0,インテリア寝具,2,0,0,0,0,2,999,RFC倉庫,0,0,hinoki-01-4,0,,,
2,71032-00001605,hinoki-01-4,0,インテリア寝具,2,0,0,0,0,2,61144,自社倉庫,2,0,hinoki-01-4,0,,,
0,71032-00001606,hinoki-01-5,0,インテリア寝具,7,0,0,0,0,7,999,RFC倉庫,0,0,hinoki-01-5,0,,,
7,71032-00001606,hinoki-01-5,0,インテリア寝具,7,0,0,0,0,7,61144,自社倉庫,7,0,hinoki-01-5,0,,,
0,71032-00001607,gg5003-1-10,0,老眼鏡,0,0,0,0,0,0,999,RFC倉庫,0,0,gg5003-1-10,0,,,
0,71032-00001607,gg5003-1-10,0,老眼鏡,0,0,0,0,0,0,61144,自社倉庫,0,0,gg5003-1-10,0,,,
0,71032-00001608,gg5003-2-10,0,老眼鏡,0,0,0,0,0,0,999,RFC倉庫,0,0,gg5003-2-10,0,,,
0,71032-00001608,gg5003-2-10,0,老眼鏡,0,0,0,0,0,0,61144,自社倉庫,0,0,gg5003-2-10,0,,,
0,71032-00001609,gg5003-1-20,0,老眼鏡,0,0,0,0,0,0,999,RFC倉庫,0,0,gg5003-1-20,0,,,
0,71032-00001609,gg5003-1-20,0,老眼鏡,0,0,0,0,0,0,61144,自社倉庫,0,0,gg5003-1-20,0,,,
0,71032-00001610,gg5003-2-20,0,老眼鏡,0,0,0,0,0,0,999,RFC倉庫,0,0,gg5003-2-20,0,,,
0,71032-00001610,gg5003-2-20,0,老眼鏡,0,0,0,0,0,0,61144,自社倉庫,0,0,gg5003-2-20,0,,,
0,71032-00001611,gg5003-1-30,0,老眼鏡,0,0,0,0,0,0,999,RFC倉庫,0,0,gg5003-1-30,0,,,
0,71032-00001611,gg5003-1-30,0,老眼鏡,0,0,0,0,0,0,61144,自社倉庫,0,0,gg5003-1-30,0,,,
0,71032-00001612,gg5003-2-30,0,老眼鏡,4,0,0,0,0,4,999,RFC倉庫,0,0,gg5003-2-30,0,,,
4,71032-00001612,gg5003-2-30,0,老眼鏡,4,0,0,0,0,4,61144,自社倉庫,4,0,gg5003-2-30,0,,,
0,71032-00001613,gg5003-1-40,0,老眼鏡,0,0,0,0,0,0,999,RFC倉庫,0,0,gg5003-1-40,0,,,
0,71032-00001613,gg5003-1-40,0,老眼鏡,0,0,0,0,0,0,61144,自社倉庫,0,0,gg5003-1-40,0,,,
0,71032-00001614,gg5003-2-40,0,老眼鏡,0,0,0,0,0,0,999,RFC倉庫,0,0,gg5003-2-40,0,,,
0,71032-00001614,gg5003-2-40,0,老眼鏡,0,0,0,0,0,0,61144,自社倉庫,0,0,gg5003-2-40,0,,,
0,71032-00001615,gg5010-41-10,0,老眼鏡,0,0,0,0,0,0,999,RFC倉庫,0,0,gg5010-41-10,0,,,
0,71032-00001615,gg5010-41-10,0,老眼鏡,0,0,0,0,0,0,61144,自社倉庫,0,0,gg5010-41-10,0,,,
0,71032-00001616,gg5010-61-10,0,老眼鏡,0,0,0,0,0,0,999,RFC倉庫,0,0,gg5010-61-10,0,,,
0,71032-00001616,gg5010-61-10,0,老眼鏡,0,0,0,0,0,0,61144,自社倉庫,0,0,gg5010-61-10,0,,,
0,71032-00001617,gg5010-41-20,0,老眼鏡,0,0,0,0,0,0,999,RFC倉庫,0,0,gg5010-41-20,0,,,
0,71032-00001617,gg5010-41-20,0,老眼鏡,0,0,0,0,0,0,61144,自社倉庫,0,0,gg5010-41-20,0,,,
0,71032-00001618,gg5010-61-20,0,老眼鏡,0,0,0,0,0,0,999,RFC倉庫,0,0,gg5010-61-20,0,,,
0,71032-00001618,gg5010-61-20,0,老眼鏡,0,0,0,0,0,0,61144,自社倉庫,0,0,gg5010-61-20,0,,,
0,71032-00001619,gg5010-41-30,0,老眼鏡,0,0,0,0,0,0,999,RFC倉庫,0,0,gg5010-41-30,0,,,
0,71032-00001619,gg5010-41-30,0,老眼鏡,0,0,0,0,0,0,61144,自社倉庫,0,0,gg5010-41-30,0,,,
0,71032-00001620,gg5010-61-30,0,老眼鏡,0,0,0,0,0,0,999,RFC倉庫,0,0,gg5010-61-30,0,,,
0,71032-00001620,gg5010-61-30,0,老眼鏡,0,0,0,0,0,0,61144,自社倉庫,0,0,gg5010-61-30,0,,,
0,71032-00001621,gg5010-41-40,0,老眼鏡,0,0,0,0,0,0,999,RFC倉庫,0,0,gg5010-41-40,0,,,
0,71032-00001621,gg5010-41-40,0,老眼鏡,0,0,0,0,0,0,61144,自社倉庫,0,0,gg5010-41-40,0,,,
0,71032-00001622,gg5010-61-40,0,老眼鏡,0,0,0,0,0,0,999,RFC倉庫,0,0,gg5010-61-40,0,,,
0,71032-00001622,gg5010-61-40,0,老眼鏡,0,0,0,0,0,0,61144,自社倉庫,0,0,gg5010-61-40,0,,,
0,71032-00001623,wakan-1,0,ライフスタイル雑貨,20,0,0,0,0,20,999,RFC倉庫,0,0,wakan-1,0,,,
20,71032-00001623,wakan-1,0,ライフスタイル雑貨,20,0,0,0,0,20,61144,自社倉庫,20,0,wakan-1,0,,,
0,71032-00001624,obstn-1,0,ライフスタイル雑貨,2,0,0,0,0,2,999,RFC倉庫,0,0,obstn-1,0,,,
2,71032-00001624,obstn-1,0,ライフスタイル雑貨,2,0,0,0,0,2,61144,自社倉庫,2,0,obstn-1,0,,,
0,71032-00001625,obstn-2,0,ライフスタイル雑貨,7,0,0,0,0,7,999,RFC倉庫,0,0,obstn-2,0,,,
7,71032-00001625,obstn-2,0,ライフスタイル雑貨,7,0,0,0,0,7,61144,自社倉庫,7,0,obstn-2,0,,,
0,71032-00001626,obstn-3,0,ライフスタイル雑貨,0,0,0,0,0,0,999,RFC倉庫,0,0,obstn-3,0,,,
0,71032-00001626,obstn-3,0,ライフスタイル雑貨,0,0,0,0,0,0,61144,自社倉庫,0,0,obstn-3,0,,,
0,71032-00001627,obstn-4,0,ライフスタイル雑貨,3,0,0,0,0,3,999,RFC倉庫,0,0,obstn-4,0,,,
3,71032-00001627,obstn-4,0,ライフスタイル雑貨,3,0,0,0,0,3,61144,自社倉庫,3,0,obstn-4,0,,,
0,71032-00001628,5655-1,3,サングラス,3,0,0,0,0,3,999,RFC倉庫,0,0,5655-1,0,,,
3,71032-00001628,5655-1,3,サングラス,3,0,0,0,0,3,61144,自社倉庫,3,0,5655-1,0,,,
0,71032-00001629,5655-2,3,サングラス,0,0,0,0,0,0,999,RFC倉庫,0,0,5655-2,0,,,
0,71032-00001629,5655-2,3,サングラス,0,0,0,0,0,0,61144,自社倉庫,0,0,5655-2,0,,,
0,71032-00001630,5045-1,3,サングラス,2,0,0,0,0,2,999,RFC倉庫,0,0,5045-1,0,,,
2,71032-00001630,5045-1,3,サングラス,2,0,0,0,0,2,61144,自社倉庫,2,0,5045-1,0,,,
0,71032-00001631,5045-2,3,サングラス,3,0,0,0,0,3,999,RFC倉庫,0,0,5045-2,0,,,
3,71032-00001631,5045-2,3,サングラス,3,0,0,0,0,3,61144,自社倉庫,3,0,5045-2,0,,,
0,71032-00001632,5045-11,3,サングラス,1,0,0,0,0,1,999,RFC倉庫,0,0,5045-11,0,,,
1,71032-00001632,5045-11,3,サングラス,1,0,0,0,0,1,61144,自社倉庫,1,0,5045-11,0,,,
0,71032-00001639,3125-1,3,サングラス,0,0,0,0,0,0,999,RFC倉庫,0,0,3125-1,0,,,
0,71032-00001639,3125-1,3,サングラス,0,0,0,0,0,0,61144,自社倉庫,0,0,3125-1,0,,,
0,71032-00001640,3125-2,3,サングラス,0,0,0,0,0,0,999,RFC倉庫,0,0,3125-2,0,,,
0,71032-00001640,3125-2,3,サングラス,0,0,0,0,0,0,61144,自社倉庫,0,0,3125-2,0,,,
0,71032-00001641,3134-1,3,サングラス,3,0,0,0,0,3,999,RFC倉庫,0,0,3134-1,0,,,
3,71032-00001641,3134-1,3,サングラス,3,0,0,0,0,3,61144,自社倉庫,3,0,3134-1,0,,,
0,71032-00001642,3134-2,3,サングラス,3,0,0,0,0,3,999,RFC倉庫,0,0,3134-2,0,,,
3,71032-00001642,3134-2,3,サングラス,3,0,0,0,0,3,61144,自社倉庫,3,0,3134-2,0,,,
0,71032-00001643,3134-11,3,サングラス,3,0,0,0,0,3,999,RFC倉庫,0,0,3134-11,0,,,
3,71032-00001643,3134-11,3,サングラス,3,0,0,0,0,3,61144,自社倉庫,3,0,3134-11,0,,,
0,71032-00001649,3135-1,3,サングラス,0,0,0,0,0,0,999,RFC倉庫,0,0,3135-1,0,,,
0,71032-00001649,3135-1,3,サングラス,0,0,0,0,0,0,61144,自社倉庫,0,0,3135-1,0,,,
0,71032-00001650,3135-2,3,サングラス,20,0,0,0,0,20,999,RFC倉庫,0,0,3135-2,0,,,
20,71032-00001650,3135-2,3,サングラス,20,0,0,0,0,20,61144,自社倉庫,20,0,3135-2,0,,,
0,71032-00001653,clt01-m-1bk,3,ライフスタイル雑貨,0,0,0,0,0,0,999,RFC倉庫,0,0,clt01-m-bk,0,,,
0,71032-00001653,clt01-m-1bk,3,ライフスタイル雑貨,0,0,0,0,0,0,61144,自社倉庫,0,0,clt01-m-bk,0,,,
0,71032-00001654,clt01-m-2br,3,ライフスタイル雑貨,1,0,0,0,0,1,999,RFC倉庫,0,0,clt01-m-br,0,,,
1,71032-00001654,clt01-m-2br,3,ライフスタイル雑貨,1,0,0,0,0,1,61144,自社倉庫,1,0,clt01-m-br,0,,,
0,71032-00001655,clt01-m-3cm,3,ライフスタイル雑貨,1,0,0,0,0,1,999,RFC倉庫,0,0,clt01-m-cm,0,,,
1,71032-00001655,clt01-m-3cm,3,ライフスタイル雑貨,1,0,0,0,0,1,61144,自社倉庫,1,0,clt01-m-cm,0,,,
0,71032-00001656,clt01-m-4bu,3,ライフスタイル雑貨,0,0,0,0,0,0,999,RFC倉庫,0,0,clt01-m-bu,0,,,
0,71032-00001656,clt01-m-4bu,3,ライフスタイル雑貨,0,0,0,0,0,0,61144,自社倉庫,0,0,clt01-m-bu,0,,,
0,71032-00001657,5005-1,3,サングラス,3,0,0,0,0,3,999,RFC倉庫,0,0,5005-1,0,,,
3,71032-00001657,5005-1,3,サングラス,3,0,0,0,0,3,61144,自社倉庫,3,0,5005-1,0,,,
0,71032-00001658,5005-11,3,サングラス,3,0,0,0,0,3,999,RFC倉庫,0,0,5005-11,0,,,
3,71032-00001658,5005-11,3,サングラス,3,0,0,0,0,3,61144,自社倉庫,3,0,5005-11,0,,,
0,71032-00001659,5005-2,3,サングラス,3,0,0,0,0,3,999,RFC倉庫,0,0,5005-2,0,,,
3,71032-00001659,5005-2,3,サングラス,3,0,0,0,0,3,61144,自社倉庫,3,0,5005-2,0,,,
0,71032-00001660,5005-21,3,サングラス,3,0,0,0,0,3,999,RFC倉庫,0,0,5005-21,0,,,
3,71032-00001660,5005-21,3,サングラス,3,0,0,0,0,3,61144,自社倉庫,3,0,5005-21,0,,,
0,71032-00001661,5015-1,3,サングラス,3,0,0,0,0,3,999,RFC倉庫,0,0,5015-1,0,,,
3,71032-00001661,5015-1,3,サングラス,3,0,0,0,0,3,61144,自社倉庫,3,0,5015-1,0,,,
0,71032-00001662,5015-2,3,サングラス,3,0,0,0,0,3,999,RFC倉庫,0,0,5015-2,0,,,
3,71032-00001662,5015-2,3,サングラス,3,0,0,0,0,3,61144,自社倉庫,3,0,5015-2,0,,,
0,71032-00001663,5015-6,3,サングラス,3,0,0,0,0,3,999,RFC倉庫,0,0,5015-6,0,,,
3,71032-00001663,5015-6,3,サングラス,3,0,0,0,0,3,61144,自社倉庫,3,0,5015-6,0,,,
0,71032-00001671,kibi-s-s1,0,キッチン用品,14,0,0,0,0,14,999,RFC倉庫,0,0,kibi-s-s1,0,,,
14,71032-00001671,kibi-s-s1,0,キッチン用品,14,0,0,0,0,14,61144,自社倉庫,14,0,kibi-s-s1,0,,,
0,71032-00001672,kibi-s-s2,0,キッチン用品,12,0,0,0,0,12,999,RFC倉庫,0,0,kibi-s-s2,0,,,
12,71032-00001672,kibi-s-s2,0,キッチン用品,12,0,0,0,0,12,61144,自社倉庫,12,0,kibi-s-s2,0,,,
0,71032-00001673,kibi-s-s3,0,キッチン用品,13,0,0,0,0,13,999,RFC倉庫,0,0,kibi-s-s3,0,,,
13,71032-00001673,kibi-s-s3,0,キッチン用品,13,0,0,0,0,13,61144,自社倉庫,13,0,kibi-s-s3,0,,,
0,71032-00001674,kibi-s-s4,0,キッチン用品,10,0,0,0,0,10,999,RFC倉庫,0,0,kibi-s-s4,0,,,
10,71032-00001674,kibi-s-s4,0,キッチン用品,10,0,0,0,0,10,61144,自社倉庫,10,0,kibi-s-s4,0,,,
0,71032-00001675,kibi-s-s5,0,キッチン用品,13,0,0,0,0,13,999,RFC倉庫,0,0,kibi-s-s5,0,,,
13,71032-00001675,kibi-s-s5,0,キッチン用品,13,0,0,0,0,13,61144,自社倉庫,13,0,kibi-s-s5,0,,,
0,71032-00001681,kibi-s-t1,0,キッチン用品,14,0,0,0,0,14,999,RFC倉庫,0,0,kibi-s-t1,0,,,
14,71032-00001681,kibi-s-t1,0,キッチン用品,14,0,0,0,0,14,61144,自社倉庫,14,0,kibi-s-t1,0,,,
0,71032-00001682,kibi-s-t2,0,キッチン用品,12,0,0,0,0,12,999,RFC倉庫,0,0,kibi-s-t2,0,,,
12,71032-00001682,kibi-s-t2,0,キッチン用品,12,0,0,0,0,12,61144,自社倉庫,12,0,kibi-s-t2,0,,,
0,71032-00001683,kibi-s-t3,0,キッチン用品,14,0,0,0,0,14,999,RFC倉庫,0,0,kibi-s-t3,0,,,
14,71032-00001683,kibi-s-t3,0,キッチン用品,14,0,0,0,0,14,61144,自社倉庫,14,0,kibi-s-t3,0,,,
0,71032-00001684,kibi-s-t4,0,キッチン用品,12,0,0,0,0,12,999,RFC倉庫,0,0,kibi-s-t4,0,,,
12,71032-00001684,kibi-s-t4,0,キッチン用品,12,0,0,0,0,12,61144,自社倉庫,12,0,kibi-s-t4,0,,,
0,71032-00001685,kibi-s-t5,0,キッチン用品,15,0,0,0,0,15,999,RFC倉庫,0,0,kibi-s-t5,0,,,
15,71032-00001685,kibi-s-t5,0,キッチン用品,15,0,0,0,0,15,61144,自社倉庫,15,0,kibi-s-t5,0,,,
0,71032-00001686,kibi-m-s1,0,キッチン用品,11,0,0,0,0,11,999,RFC倉庫,0,0,kibi-m-s1,0,,,
11,71032-00001686,kibi-m-s1,0,キッチン用品,11,0,0,0,0,11,61144,自社倉庫,11,0,kibi-m-s1,0,,,
0,71032-00001687,kibi-m-s2,0,キッチン用品,11,0,0,0,0,11,999,RFC倉庫,0,0,kibi-m-s2,0,,,
11,71032-00001687,kibi-m-s2,0,キッチン用品,11,0,0,0,0,11,61144,自社倉庫,11,0,kibi-m-s2,0,,,
0,71032-00001688,kibi-m-s3,0,キッチン用品,10,0,0,0,0,10,999,RFC倉庫,0,0,kibi-m-s3,0,,,
10,71032-00001688,kibi-m-s3,0,キッチン用品,10,0,0,0,0,10,61144,自社倉庫,10,0,kibi-m-s3,0,,,
0,71032-00001689,kibi-m-s4,0,キッチン用品,13,0,0,0,0,13,999,RFC倉庫,0,0,kibi-m-s4,0,,,
13,71032-00001689,kibi-m-s4,0,キッチン用品,13,0,0,0,0,13,61144,自社倉庫,13,0,kibi-m-s4,0,,,
0,71032-00001690,kibi-m-s5,0,キッチン用品,15,0,0,0,0,15,999,RFC倉庫,0,0,kibi-m-s5,0,,,
15,71032-00001690,kibi-m-s5,0,キッチン用品,15,0,0,0,0,15,61144,自社倉庫,15,0,kibi-m-s5,0,,,
0,71032-00001696,kibi-m-t1,0,キッチン用品,11,0,0,0,0,11,999,RFC倉庫,0,0,kibi-m-t1,0,,,
11,71032-00001696,kibi-m-t1,0,キッチン用品,11,0,0,0,0,11,61144,自社倉庫,11,0,kibi-m-t1,0,,,
0,71032-00001697,kibi-m-t2,0,キッチン用品,13,0,0,0,0,13,999,RFC倉庫,0,0,kibi-m-t2,0,,,
13,71032-00001697,kibi-m-t2,0,キッチン用品,13,0,0,0,0,13,61144,自社倉庫,13,0,kibi-m-t2,0,,,
0,71032-00001698,kibi-m-t3,0,キッチン用品,11,0,0,0,0,11,999,RFC倉庫,0,0,kibi-m-t3,0,,,
11,71032-00001698,kibi-m-t3,0,キッチン用品,11,0,0,0,0,11,61144,自社倉庫,11,0,kibi-m-t3,0,,,
0,71032-00001699,kibi-m-t4,0,キッチン用品,10,0,0,0,0,10,999,RFC倉庫,0,0,kibi-m-t4,0,,,
10,71032-00001699,kibi-m-t4,0,キッチン用品,10,0,0,0,0,10,61144,自社倉庫,10,0,kibi-m-t4,0,,,
0,71032-00001700,kibi-m-t5,0,キッチン用品,13,0,0,0,0,13,999,RFC倉庫,0,0,kibi-m-t5,0,,,
13,71032-00001700,kibi-m-t5,0,キッチン用品,13,0,0,0,0,13,61144,自社倉庫,13,0,kibi-m-t5,0,,,
0,71032-00001701,5155-1,3,サングラス,0,0,0,0,0,0,999,RFC倉庫,0,0,5155-1,0,,,
0,71032-00001701,5155-1,3,サングラス,0,0,0,0,0,0,61144,自社倉庫,0,0,5155-1,0,,,
0,71032-00001702,5155-2,3,サングラス,0,0,0,0,0,0,999,RFC倉庫,0,0,5155-2,0,,,
0,71032-00001702,5155-2,3,サングラス,0,0,0,0,0,0,61144,自社倉庫,0,0,5155-2,0,,,
0,71032-00001703,5155-9,3,サングラス,0,0,0,0,0,0,999,RFC倉庫,0,0,5155-9,0,,,
0,71032-00001703,5155-9,3,サングラス,0,0,0,0,0,0,61144,自社倉庫,0,0,5155-9,0,,,
0,71032-00001704,5665-1,3,サングラス,0,0,0,0,0,0,999,RFC倉庫,0,0,5665-1,0,,,
0,71032-00001704,5665-1,3,サングラス,0,0,0,0,0,0,61144,自社倉庫,0,0,5665-1,0,,,
0,71032-00001705,5665-2,3,サングラス,0,0,0,0,0,0,999,RFC倉庫,0,0,5665-2,0,,,
0,71032-00001705,5665-2,3,サングラス,0,0,0,0,0,0,61144,自社倉庫,0,0,5665-2,0,,,
0,71032-00001706,5665-11,3,サングラス,0,0,0,0,0,0,999,RFC倉庫,0,0,5665-11,0,,,
0,71032-00001706,5665-11,3,サングラス,0,0,0,0,0,0,61144,自社倉庫,0,0,5665-11,0,,,
0,71032-00001713,pfs-101-1,3,サングラス,3,0,0,0,0,3,999,RFC倉庫,0,0,pfs-101-1,0,,,
3,71032-00001713,pfs-101-1,3,サングラス,3,0,0,0,0,3,61144,自社倉庫,3,0,pfs-101-1,0,,,
0,71032-00001714,pfs-101-2,3,サングラス,1,0,0,0,0,1,999,RFC倉庫,0,0,pfs-101-2,0,,,
1,71032-00001714,pfs-101-2,3,サングラス,1,0,0,0,0,1,61144,自社倉庫,1,0,pfs-101-2,0,,,
0,71032-00001715,pfs-101-3,3,サングラス,2,0,0,0,0,2,999,RFC倉庫,0,0,pfs-101-3,0,,,
2,71032-00001715,pfs-101-3,3,サングラス,2,0,0,0,0,2,61144,自社倉庫,2,0,pfs-101-3,0,,,
0,71032-00001716,pfs-102-1,3,サングラス,3,0,0,0,0,3,999,RFC倉庫,0,0,pfs-102-1,0,,,
3,71032-00001716,pfs-102-1,3,サングラス,3,0,0,0,0,3,61144,自社倉庫,3,0,pfs-102-1,0,,,
0,71032-00001717,pfs-102-2,3,サングラス,2,0,0,0,0,2,999,RFC倉庫,0,0,pfs-102-2,0,,,
2,71032-00001717,pfs-102-2,3,サングラス,2,0,0,0,0,2,61144,自社倉庫,2,0,pfs-102-2,0,,,
0,71032-00001718,pfs-102-3,3,サングラス,3,0,0,0,0,3,999,RFC倉庫,0,0,pfs-102-3,0,,,
3,71032-00001718,pfs-102-3,3,サングラス,3,0,0,0,0,3,61144,自社倉庫,3,0,pfs-102-3,0,,,
0,71032-00001719,pfs-103-1,3,サングラス,2,0,0,0,0,2,999,RFC倉庫,0,0,pfs-103-1,0,,,
2,71032-00001719,pfs-103-1,3,サングラス,2,0,0,0,0,2,61144,自社倉庫,2,0,pfs-103-1,0,,,
0,71032-00001720,pfs-103-2,3,サングラス,0,0,0,0,0,0,999,RFC倉庫,0,0,pfs-103-2,0,,,
0,71032-00001720,pfs-103-2,3,サングラス,0,0,0,0,0,0,61144,自社倉庫,0,0,pfs-103-2,0,,,
0,71032-00001721,pfs-103-3,3,サングラス,0,0,0,0,0,0,999,RFC倉庫,0,0,pfs-103-3,0,,,
0,71032-00001721,pfs-103-3,3,サングラス,0,0,0,0,0,0,61144,自社倉庫,0,0,pfs-103-3,0,,,
0,71032-00001722,pfs-104-1,3,サングラス,3,0,0,0,0,3,999,RFC倉庫,0,0,pfs-104-1,0,,,
3,71032-00001722,pfs-104-1,3,サングラス,3,0,0,0,0,3,61144,自社倉庫,3,0,pfs-104-1,0,,,
0,71032-00001723,pfs-104-2,3,サングラス,2,0,0,0,0,2,999,RFC倉庫,0,0,pfs-104-2,0,,,
2,71032-00001723,pfs-104-2,3,サングラス,2,0,0,0,0,2,61144,自社倉庫,2,0,pfs-104-2,0,,,
0,71032-00001724,pfs-104-3,3,サングラス,0,0,0,0,0,0,999,RFC倉庫,0,0,pfs-104-3,0,,,
0,71032-00001724,pfs-104-3,3,サングラス,0,0,0,0,0,0,61144,自社倉庫,0,0,pfs-104-3,0,,,
0,71032-00001725,wakan-bathgift,0,ライフスタイル雑貨,10,0,0,0,0,10,999,RFC倉庫,0,0,wakan-bathgift,0,,,
10,71032-00001725,wakan-bathgift,0,ライフスタイル雑貨,10,0,0,0,0,10,61144,自社倉庫,10,0,wakan-bathgift,0,,,
0,71032-00001726,ccc01-1bk/yl,3,ライフスタイル雑貨,2,0,0,0,0,2,999,RFC倉庫,0,0,ccc01-bk,0,,,
2,71032-00001726,ccc01-1bk/yl,3,ライフスタイル雑貨,2,0,0,0,0,2,61144,自社倉庫,2,0,ccc01-bk,0,,,
0,71032-00001727,ccc01-2br/gn,3,ライフスタイル雑貨,2,0,0,0,0,2,999,RFC倉庫,0,0,ccc01-br,0,,,
2,71032-00001727,ccc01-2br/gn,3,ライフスタイル雑貨,2,0,0,0,0,2,61144,自社倉庫,2,0,ccc01-br,0,,,
0,71032-00001728,ccc01-3cm/bl,3,ライフスタイル雑貨,2,0,0,0,0,2,999,RFC倉庫,0,0,ccc01-cm,0,,,
2,71032-00001728,ccc01-3cm/bl,3,ライフスタイル雑貨,2,0,0,0,0,2,61144,自社倉庫,2,0,ccc01-cm,0,,,
0,71032-00001729,ccc01-4bu/rd,3,ライフスタイル雑貨,2,0,0,0,0,2,999,RFC倉庫,0,0,ccc01-bu,0,,,
2,71032-00001729,ccc01-4bu/rd,3,ライフスタイル雑貨,2,0,0,0,0,2,61144,自社倉庫,2,0,ccc01-bu,0,,,
0,71032-00001730,clt01-l-1bk,3,ライフスタイル雑貨,0,0,0,0,0,0,999,RFC倉庫,0,0,clt01-l-bk,0,,,
0,71032-00001730,clt01-l-1bk,3,ライフスタイル雑貨,0,0,0,0,0,0,61144,自社倉庫,0,0,clt01-l-bk,0,,,
0,71032-00001731,clt01-l-2br,3,ライフスタイル雑貨,0,0,0,0,0,0,999,RFC倉庫,0,0,clt01-l-br,0,,,
0,71032-00001731,clt01-l-2br,3,ライフスタイル雑貨,0,0,0,0,0,0,61144,自社倉庫,0,0,clt01-l-br,0,,,
0,71032-00001732,clt01-l-3cm,3,ライフスタイル雑貨,0,0,0,0,0,0,999,RFC倉庫,0,0,clt01-l-cm,0,,,
0,71032-00001732,clt01-l-3cm,3,ライフスタイル雑貨,0,0,0,0,0,0,61144,自社倉庫,0,0,clt01-l-cm,0,,,
0,71032-00001733,clt01-l-4bu,3,ライフスタイル雑貨,1,0,0,0,0,1,999,RFC倉庫,0,0,clt01-l-bu,0,,,
1,71032-00001733,clt01-l-4bu,3,ライフスタイル雑貨,1,0,0,0,0,1,61144,自社倉庫,1,0,clt01-l-bu,0,,,
0,71032-00001734,outletset,3,サングラス,24,0,0,0,0,24,999,RFC倉庫,0,0,outletset,0,,,
24,71032-00001734,outletset,3,サングラス,24,0,0,0,0,24,61144,自社倉庫,24,0,outletset,0,,,
0,71032-00001735,fi5099-42,3,サングラス,10,0,0,0,0,10,999,RFC倉庫,0,0,fi5099-42,0,,,
10,71032-00001735,fi5099-42,3,サングラス,10,0,0,0,0,10,61144,自社倉庫,10,0,fi5099-42,0,,,
0,71032-00001736,fi5099-52,3,サングラス,10,0,0,0,0,10,999,RFC倉庫,0,0,fi5099-52,0,,,
10,71032-00001736,fi5099-52,3,サングラス,10,0,0,0,0,10,61144,自社倉庫,10,0,fi5099-52,0,,,
0,71032-00001737,5584-21,3,サングラス,10,0,0,0,0,10,999,RFC倉庫,0,0,5584-21,0,,,
10,71032-00001737,5584-21,3,サングラス,10,0,0,0,0,10,61144,自社倉庫,10,0,5584-21,0,,,
0,71032-00001738,5584-8,3,サングラス,10,0,0,0,0,10,999,RFC倉庫,0,0,5584-8,0,,,
10,71032-00001738,5584-8,3,サングラス,10,0,0,0,0,10,61144,自社倉庫,10,0,5584-8,0,,,
0,71032-00001739,ldw-50-e2,1,ライフスタイル雑貨,8,0,0,0,0,8,999,RFC倉庫,0,0,ldw-50-e2,0,,,
8,71032-00001739,ldw-50-e2,1,ライフスタイル雑貨,8,0,0,0,0,8,61144,自社倉庫,8,0,ldw-50-e2,0,,,
0,71032-00001740,ldw-50-f2,1,ライフスタイル雑貨,10,0,0,0,0,10,999,RFC倉庫,0,0,ldw-50-f2,0,,,
10,71032-00001740,ldw-50-f2,1,ライフスタイル雑貨,10,0,0,0,0,10,61144,自社倉庫,10,0,ldw-50-f2,0,,,
0,71032-00001741,ldw-50-g2,1,ライフスタイル雑貨,4,0,0,0,0,4,999,RFC倉庫,0,0,ldw-50-g2,0,,,
4,71032-00001741,ldw-50-g2,1,ライフスタイル雑貨,4,0,0,0,0,4,61144,自社倉庫,4,0,ldw-50-g2,0,,,
0,71032-00001742,ldw-50-h2,1,ライフスタイル雑貨,0,0,0,0,0,0,999,RFC倉庫,0,0,ldw-50-h2,0,,,
0,71032-00001742,ldw-50-h2,1,ライフスタイル雑貨,0,0,0,0,0,0,61144,自社倉庫,0,0,ldw-50-h2,0,,,
0,71032-00001743,ldw-50-e3,1,ライフスタイル雑貨,9,0,0,0,0,9,999,RFC倉庫,0,0,ldw-50-e3,0,,,
9,71032-00001743,ldw-50-e3,1,ライフスタイル雑貨,9,0,0,0,0,9,61144,自社倉庫,9,0,ldw-50-e3,0,,,
0,71032-00001744,ldw-50-f3,1,ライフスタイル雑貨,9,0,0,0,0,9,999,RFC倉庫,0,0,ldw-50-f3,0,,,
9,71032-00001744,ldw-50-f3,1,ライフスタイル雑貨,9,0,0,0,0,9,61144,自社倉庫,9,0,ldw-50-f3,0,,,
0,71032-00001745,ldw-50-g3,1,ライフスタイル雑貨,3,0,0,0,0,3,999,RFC倉庫,0,0,ldw-50-g3,0,,,
3,71032-00001745,ldw-50-g3,1,ライフスタイル雑貨,3,0,0,0,0,3,61144,自社倉庫,3,0,ldw-50-g3,0,,,
0,71032-00001746,ldw-50-h3,1,ライフスタイル雑貨,1,0,0,0,0,1,999,RFC倉庫,0,0,ldw-50-h3,0,,,
1,71032-00001746,ldw-50-h3,1,ライフスタイル雑貨,1,0,0,0,0,1,61144,自社倉庫,1,0,ldw-50-h3,0,,,
0,71032-00001747,fi5465a-112,3,サングラス,10,0,0,0,0,10,999,RFC倉庫,0,0,fi5465a-112,0,,,
10,71032-00001747,fi5465a-112,3,サングラス,10,0,0,0,0,10,61144,自社倉庫,10,0,fi5465a-112,0,,,
0,71032-00001780,5003-32,3,サングラス,0,0,0,0,0,0,999,RFC倉庫,0,0,5003-32,0,,,
0,71032-00001780,5003-32,3,サングラス,0,0,0,0,0,0,61144,自社倉庫,0,0,5003-32,0,,,
0,71032-00001781,5314-21,3,サングラス,3,0,0,0,0,3,999,RFC倉庫,0,0,5314-21,0,,,
3,71032-00001781,5314-21,3,サングラス,3,0,0,0,0,3,61144,自社倉庫,3,0,5314-21,0,,,
0,71032-00001782,5314-2,3,サングラス,3,0,0,0,0,3,999,RFC倉庫,0,0,5314-2,0,,,
3,71032-00001782,5314-2,3,サングラス,3,0,0,0,0,3,61144,自社倉庫,3,0,5314-2,0,,,
0,71032-00001794,sip-01-1-10,0,老眼鏡,15,0,0,0,0,15,999,RFC倉庫,0,0,sip-01-1-10,0,,,
15,71032-00001794,sip-01-1-10,0,老眼鏡,15,0,0,0,0,15,61144,自社倉庫,15,0,sip-01-1-10,0,,,
0,71032-00001795,sip-01-2-10,0,老眼鏡,10,0,0,0,0,10,999,RFC倉庫,0,0,sip-01-2-10,0,,,
10,71032-00001795,sip-01-2-10,0,老眼鏡,10,0,0,0,0,10,61144,自社倉庫,10,0,sip-01-2-10,0,,,
0,71032-00001796,sip-01-3-10,0,老眼鏡,10,0,0,0,0,10,999,RFC倉庫,0,0,sip-01-3-10,0,,,
10,71032-00001796,sip-01-3-10,0,老眼鏡,10,0,0,0,0,10,61144,自社倉庫,10,0,sip-01-3-10,0,,,
0,71032-00001797,sip-01-4-10,0,老眼鏡,15,0,0,0,0,15,999,RFC倉庫,0,0,sip-01-4-10,0,,,
15,71032-00001797,sip-01-4-10,0,老眼鏡,15,0,0,0,0,15,61144,自社倉庫,15,0,sip-01-4-10,0,,,
0,71032-00001798,sip-01-5-10,0,老眼鏡,10,0,0,0,0,10,999,RFC倉庫,0,0,sip-01-5-10,0,,,
10,71032-00001798,sip-01-5-10,0,老眼鏡,10,0,0,0,0,10,61144,自社倉庫,10,0,sip-01-5-10,0,,,
0,71032-00001799,sip-01-6-10,0,老眼鏡,10,0,0,0,0,10,999,RFC倉庫,0,0,sip-01-6-10,0,,,
10,71032-00001799,sip-01-6-10,0,老眼鏡,10,0,0,0,0,10,61144,自社倉庫,10,0,sip-01-6-10,0,,,
0,71032-00001800,sip-01-1-15,0,老眼鏡,10,0,0,0,0,10,999,RFC倉庫,0,0,sip-01-1-15,0,,,
10,71032-00001800,sip-01-1-15,0,老眼鏡,10,0,0,0,0,10,61144,自社倉庫,10,0,sip-01-1-15,0,,,
0,71032-00001801,sip-01-2-15,0,老眼鏡,8,0,0,0,0,8,999,RFC倉庫,0,0,sip-01-2-15,0,,,
8,71032-00001801,sip-01-2-15,0,老眼鏡,8,0,0,0,0,8,61144,自社倉庫,8,0,sip-01-2-15,0,,,
0,71032-00001802,sip-01-3-15,0,老眼鏡,7,0,0,0,0,7,999,RFC倉庫,0,0,sip-01-3-15,0,,,
7,71032-00001802,sip-01-3-15,0,老眼鏡,7,0,0,0,0,7,61144,自社倉庫,7,0,sip-01-3-15,0,,,
0,71032-00001803,sip-01-4-15,0,老眼鏡,7,0,0,0,0,7,999,RFC倉庫,0,0,sip-01-4-15,0,,,
7,71032-00001803,sip-01-4-15,0,老眼鏡,7,0,0,0,0,7,61144,自社倉庫,7,0,sip-01-4-15,0,,,
0,71032-00001804,sip-01-5-15,0,老眼鏡,10,0,0,0,0,10,999,RFC倉庫,0,0,sip-01-5-15,0,,,
10,71032-00001804,sip-01-5-15,0,老眼鏡,10,0,0,0,0,10,61144,自社倉庫,10,0,sip-01-5-15,0,,,
0,71032-00001805,sip-01-6-15,0,老眼鏡,4,0,0,0,0,4,999,RFC倉庫,0,0,sip-01-6-15,0,,,
4,71032-00001805,sip-01-6-15,0,老眼鏡,4,0,0,0,0,4,61144,自社倉庫,4,0,sip-01-6-15,0,,,
0,71032-00001806,sip-01-1-20,0,老眼鏡,15,0,0,0,0,15,999,RFC倉庫,0,0,sip-01-1-20,0,,,
15,71032-00001806,sip-01-1-20,0,老眼鏡,15,0,0,0,0,15,61144,自社倉庫,15,0,sip-01-1-20,0,,,
0,71032-00001807,sip-01-2-20,0,老眼鏡,7,0,0,0,0,7,999,RFC倉庫,0,0,sip-01-2-20,0,,,
7,71032-00001807,sip-01-2-20,0,老眼鏡,7,0,0,0,0,7,61144,自社倉庫,7,0,sip-01-2-20,0,,,
0,71032-00001808,sip-01-3-20,0,老眼鏡,10,0,0,0,0,10,999,RFC倉庫,0,0,sip-01-3-20,0,,,
10,71032-00001808,sip-01-3-20,0,老眼鏡,10,0,0,0,0,10,61144,自社倉庫,10,0,sip-01-3-20,0,,,
0,71032-00001809,sip-01-4-20,0,老眼鏡,10,0,0,0,0,10,999,RFC倉庫,0,0,sip-01-4-20,0,,,
10,71032-00001809,sip-01-4-20,0,老眼鏡,10,0,0,0,0,10,61144,自社倉庫,10,0,sip-01-4-20,0,,,
0,71032-00001810,sip-01-5-20,0,老眼鏡,9,0,0,0,0,9,999,RFC倉庫,0,0,sip-01-5-20,0,,,
9,71032-00001810,sip-01-5-20,0,老眼鏡,9,0,0,0,0,9,61144,自社倉庫,9,0,sip-01-5-20,0,,,
0,71032-00001811,sip-01-6-20,0,老眼鏡,10,0,0,0,0,10,999,RFC倉庫,0,0,sip-01-6-20,0,,,
10,71032-00001811,sip-01-6-20,0,老眼鏡,10,0,0,0,0,10,61144,自社倉庫,10,0,sip-01-6-20,0,,,
0,71032-00001812,sip-01-1-25,0,老眼鏡,10,0,0,0,0,10,999,RFC倉庫,0,0,sip-01-1-25,0,,,
10,71032-00001812,sip-01-1-25,0,老眼鏡,10,0,0,0,0,10,61144,自社倉庫,10,0,sip-01-1-25,0,,,
0,71032-00001813,sip-01-2-25,0,老眼鏡,15,0,0,0,0,15,999,RFC倉庫,0,0,sip-01-2-25,0,,,
15,71032-00001813,sip-01-2-25,0,老眼鏡,15,0,0,0,0,15,61144,自社倉庫,15,0,sip-01-2-25,0,,,
0,71032-00001814,sip-01-3-25,0,老眼鏡,10,0,0,0,0,10,999,RFC倉庫,0,0,sip-01-3-25,0,,,
10,71032-00001814,sip-01-3-25,0,老眼鏡,10,0,0,0,0,10,61144,自社倉庫,10,0,sip-01-3-25,0,,,
0,71032-00001815,sip-01-4-25,0,老眼鏡,10,0,0,0,0,10,999,RFC倉庫,0,0,sip-01-4-25,0,,,
10,71032-00001815,sip-01-4-25,0,老眼鏡,10,0,0,0,0,10,61144,自社倉庫,10,0,sip-01-4-25,0,,,
0,71032-00001816,sip-01-5-25,0,老眼鏡,10,0,0,0,0,10,999,RFC倉庫,0,0,sip-01-5-25,0,,,
10,71032-00001816,sip-01-5-25,0,老眼鏡,10,0,0,0,0,10,61144,自社倉庫,10,0,sip-01-5-25,0,,,
0,71032-00001817,sip-01-6-25,0,老眼鏡,10,0,0,0,0,10,999,RFC倉庫,0,0,sip-01-6-25,0,,,
10,71032-00001817,sip-01-6-25,0,老眼鏡,10,0,0,0,0,10,61144,自社倉庫,10,0,sip-01-6-25,0,,,
0,71032-00001818,ph5099-12,3,サングラス,15,0,0,0,0,15,999,RFC倉庫,0,0,ph5099-12,0,,,
15,71032-00001818,ph5099-12,3,サングラス,15,0,0,0,0,15,61144,自社倉庫,15,0,ph5099-12,0,,,
0,71032-00001819,cloth-mulga-l-1zod,1,ライフスタイル雑貨,2,0,0,0,0,2,999,RFC倉庫,0,0,cloth-mulga-l-1zod,0,,,
2,71032-00001819,cloth-mulga-l-1zod,1,ライフスタイル雑貨,2,0,0,0,0,2,61144,自社倉庫,2,0,cloth-mulga-l-1zod,0,,,
0,71032-00001820,cloth-mulga-l-2god,1,ライフスタイル雑貨,2,0,0,0,0,2,999,RFC倉庫,0,0,cloth-mulga-l-2god,0,,,
2,71032-00001820,cloth-mulga-l-2god,1,ライフスタイル雑貨,2,0,0,0,0,2,61144,自社倉庫,2,0,cloth-mulga-l-2god,0,,,
0,71032-00001821,cloth-mulga-l-3dra,1,ライフスタイル雑貨,3,0,0,0,0,3,999,RFC倉庫,0,0,cloth-mulga-l-3dra,0,,,
3,71032-00001821,cloth-mulga-l-3dra,1,ライフスタイル雑貨,3,0,0,0,0,3,61144,自社倉庫,3,0,cloth-mulga-l-3dra,0,,,
0,71032-00001822,cloth-mulga-l-4ele,1,ライフスタイル雑貨,5,0,0,0,0,5,999,RFC倉庫,0,0,cloth-mulga-l-4ele,0,,,
5,71032-00001822,cloth-mulga-l-4ele,1,ライフスタイル雑貨,5,0,0,0,0,5,61144,自社倉庫,5,0,cloth-mulga-l-4ele,0,,,
0,71032-00001823,cloth-mulga-l-5bal,1,ライフスタイル雑貨,3,0,0,0,0,3,999,RFC倉庫,0,0,cloth-mulga-l-5bal,0,,,
3,71032-00001823,cloth-mulga-l-5bal,1,ライフスタイル雑貨,3,0,0,0,0,3,61144,自社倉庫,3,0,cloth-mulga-l-5bal,0,,,
0,71032-00001824,cloth-mulga-l-6enz,1,ライフスタイル雑貨,4,0,0,0,0,4,999,RFC倉庫,0,0,cloth-mulga-l-6enz,0,,,
4,71032-00001824,cloth-mulga-l-6enz,1,ライフスタイル雑貨,4,0,0,0,0,4,61144,自社倉庫,4,0,cloth-mulga-l-6enz,0,,,
0,71032-00001825,fi5010-32,3,サングラス,3,0,0,0,0,3,999,RFC倉庫,0,0,fi5010-32,0,,,
3,71032-00001825,fi5010-32,3,サングラス,3,0,0,0,0,3,61144,自社倉庫,3,0,fi5010-32,0,,,
0,71032-00001826,fi3010-41,3,サングラス,0,0,0,0,0,0,999,RFC倉庫,0,0,fi3010-41,0,,,
0,71032-00001826,fi3010-41,3,サングラス,0,0,0,0,0,0,61144,自社倉庫,0,0,fi3010-41,0,,,
0,71032-00001827,fi3010-42,3,サングラス,0,0,0,0,0,0,999,RFC倉庫,0,0,fi3010-42,0,,,
0,71032-00001827,fi3010-42,3,サングラス,0,0,0,0,0,0,61144,自社倉庫,0,0,fi3010-42,0,,,
0,71032-00001828,as-ds01-4ORG,3,アクリルスタンド,9,0,0,0,0,9,999,RFC倉庫,0,0,as-ds01-4,0,,,
9,71032-00001828,as-ds01-4ORG,3,アクリルスタンド,9,0,0,0,0,9,61144,自社倉庫,9,0,as-ds01-4,0,,,
0,71032-00001829,as-ds01-5GRN2,3,アクリルスタンド,5,0,0,0,0,5,999,RFC倉庫,0,0,as-ds01-5,0,,,
5,71032-00001829,as-ds01-5GRN2,3,アクリルスタンド,5,0,0,0,0,5,61144,自社倉庫,5,0,as-ds01-5,0,,,
0,71032-00001842,pendora,0,ライフスタイル雑貨,8,0,0,0,0,8,999,RFC倉庫,0,0,pendora,0,,,
8,71032-00001842,pendora,0,ライフスタイル雑貨,8,0,0,0,0,8,61144,自社倉庫,8,0,pendora,0,,,
0,71032-00001843,meh-10-00,1,ライフスタイル雑貨,4,0,0,0,0,4,999,RFC倉庫,0,0,meh-10-00,0,,,
4,71032-00001843,meh-10-00,1,ライフスタイル雑貨,4,0,0,0,0,4,61144,自社倉庫,4,0,meh-10-00,0,,,
0,71032-00001844,meh-10-01,1,ライフスタイル雑貨,4,0,0,0,0,4,999,RFC倉庫,0,0,meh-10-01,0,,,
4,71032-00001844,meh-10-01,1,ライフスタイル雑貨,4,0,0,0,0,4,61144,自社倉庫,4,0,meh-10-01,0,,,
0,71032-00001845,meh-10-02,1,ライフスタイル雑貨,7,0,0,0,0,7,999,RFC倉庫,0,0,meh-10-02,0,,,
7,71032-00001845,meh-10-02,1,ライフスタイル雑貨,7,0,0,0,0,7,61144,自社倉庫,7,0,meh-10-02,0,,,
0,71032-00001846,meh-10-03,1,ライフスタイル雑貨,6,0,0,0,0,6,999,RFC倉庫,0,0,meh-10-03,0,,,
6,71032-00001846,meh-10-03,1,ライフスタイル雑貨,6,0,0,0,0,6,61144,自社倉庫,6,0,meh-10-03,0,,,
0,71032-00001847,meh-10-04,1,ライフスタイル雑貨,1,0,0,0,0,1,999,RFC倉庫,0,0,meh-10-04,0,,,
1,71032-00001847,meh-10-04,1,ライフスタイル雑貨,1,0,0,0,0,1,61144,自社倉庫,1,0,meh-10-04,0,,,
0,71032-00001848,meh-10-05,1,ライフスタイル雑貨,4,0,0,0,0,4,999,RFC倉庫,0,0,meh-10-05,0,,,
4,71032-00001848,meh-10-05,1,ライフスタイル雑貨,4,0,0,0,0,4,61144,自社倉庫,4,0,meh-10-05,0,,,
0,71032-00001849,meh-20-00,1,ライフスタイル雑貨,4,0,0,0,0,4,999,RFC倉庫,0,0,meh-20-00,0,,,
4,71032-00001849,meh-20-00,1,ライフスタイル雑貨,4,0,0,0,0,4,61144,自社倉庫,4,0,meh-20-00,0,,,
0,71032-00001850,meh-20-01,1,ライフスタイル雑貨,3,0,0,0,0,3,999,RFC倉庫,0,0,meh-20-01,0,,,
3,71032-00001850,meh-20-01,1,ライフスタイル雑貨,3,0,0,0,0,3,61144,自社倉庫,3,0,meh-20-01,0,,,
0,71032-00001851,meh-20-02,1,ライフスタイル雑貨,4,0,0,0,0,4,999,RFC倉庫,0,0,meh-20-02,0,,,
4,71032-00001851,meh-20-02,1,ライフスタイル雑貨,4,0,0,0,0,4,61144,自社倉庫,4,0,meh-20-02,0,,,
0,71032-00001852,meh-20-03,1,ライフスタイル雑貨,3,0,0,0,0,3,999,RFC倉庫,0,0,meh-20-03,0,,,
3,71032-00001852,meh-20-03,1,ライフスタイル雑貨,3,0,0,0,0,3,61144,自社倉庫,3,0,meh-20-03,0,,,
0,71032-00001853,meh-20-04,1,ライフスタイル雑貨,4,0,0,0,0,4,999,RFC倉庫,0,0,meh-20-04,0,,,
4,71032-00001853,meh-20-04,1,ライフスタイル雑貨,4,0,0,0,0,4,61144,自社倉庫,4,0,meh-20-04,0,,,
0,71032-00001854,meh-20-05,1,ライフスタイル雑貨,2,0,0,0,0,2,999,RFC倉庫,0,0,meh-20-05,0,,,
2,71032-00001854,meh-20-05,1,ライフスタイル雑貨,2,0,0,0,0,2,61144,自社倉庫,2,0,meh-20-05,0,,,
0,71032-00001855,kibi-s-n1re,0,キッチン用品,10,0,0,0,0,10,999,RFC倉庫,0,0,kibi-s-n1re,0,,,
10,71032-00001855,kibi-s-n1re,0,キッチン用品,10,0,0,0,0,10,61144,自社倉庫,10,0,kibi-s-n1re,0,,,
0,71032-00001856,kibi-s-n2re,0,キッチン用品,11,0,0,0,0,11,999,RFC倉庫,0,0,kibi-s-n2re,0,,,
11,71032-00001856,kibi-s-n2re,0,キッチン用品,11,0,0,0,0,11,61144,自社倉庫,11,0,kibi-s-n2re,0,,,
0,71032-00001857,kibi-s-n3re,0,キッチン用品,15,0,0,0,0,15,999,RFC倉庫,0,0,kibi-s-n3re,0,,,
15,71032-00001857,kibi-s-n3re,0,キッチン用品,15,0,0,0,0,15,61144,自社倉庫,15,0,kibi-s-n3re,0,,,
0,71032-00001858,kibi-s-n4re,0,キッチン用品,14,0,0,0,0,14,999,RFC倉庫,0,0,kibi-s-n4re,0,,,
14,71032-00001858,kibi-s-n4re,0,キッチン用品,14,0,0,0,0,14,61144,自社倉庫,14,0,kibi-s-n4re,0,,,
0,71032-00001859,kibi-s-n5re,0,キッチン用品,12,0,0,0,0,12,999,RFC倉庫,0,0,kibi-s-n5re,0,,,
12,71032-00001859,kibi-s-n5re,0,キッチン用品,12,0,0,0,0,12,61144,自社倉庫,12,0,kibi-s-n5re,0,,,
0,71032-00001860,kibi-m-n1re,0,キッチン用品,15,0,0,0,0,15,999,RFC倉庫,0,0,kibi-m-n1re,0,,,
15,71032-00001860,kibi-m-n1re,0,キッチン用品,15,0,0,0,0,15,61144,自社倉庫,15,0,kibi-m-n1re,0,,,
0,71032-00001861,kibi-m-n2re,0,キッチン用品,11,0,0,0,0,11,999,RFC倉庫,0,0,kibi-m-n2re,0,,,
11,71032-00001861,kibi-m-n2re,0,キッチン用品,11,0,0,0,0,11,61144,自社倉庫,11,0,kibi-m-n2re,0,,,
0,71032-00001862,kibi-m-n3re,0,キッチン用品,13,0,0,0,0,13,999,RFC倉庫,0,0,kibi-m-n3re,0,,,
13,71032-00001862,kibi-m-n3re,0,キッチン用品,13,0,0,0,0,13,61144,自社倉庫,13,0,kibi-m-n3re,0,,,
0,71032-00001863,kibi-m-n4re,0,キッチン用品,10,0,0,0,0,10,999,RFC倉庫,0,0,kibi-m-n4re,0,,,
10,71032-00001863,kibi-m-n4re,0,キッチン用品,10,0,0,0,0,10,61144,自社倉庫,10,0,kibi-m-n4re,0,,,
0,71032-00001864,kibi-m-n5re,0,キッチン用品,15,0,0,0,0,15,999,RFC倉庫,0,0,kibi-m-n5re,0,,,
15,71032-00001864,kibi-m-n5re,0,キッチン用品,15,0,0,0,0,15,61144,自社倉庫,15,0,kibi-m-n5re,0,,,
0,71032-00001875,ph5606-11,3,サングラス,9,0,0,0,0,9,999,RFC倉庫,0,0,ph5606-11,0,,,
9,71032-00001875,ph5606-11,3,サングラス,9,0,0,0,0,9,61144,自社倉庫,9,0,ph5606-11,0,,,
0,71032-00001876,ph5606-12,3,サングラス,10,0,0,0,0,10,999,RFC倉庫,0,0,ph5606-12,0,,,
10,71032-00001876,ph5606-12,3,サングラス,10,0,0,0,0,10,61144,自社倉庫,10,0,ph5606-12,0,,,
0,71032-00001877,tofu-1b-1,1,ライフスタイル雑貨,3,0,0,0,0,3,999,RFC倉庫,0,0,tofu-1b-1,0,,,
3,71032-00001877,tofu-1b-1,1,ライフスタイル雑貨,3,0,0,0,0,3,61144,自社倉庫,3,0,tofu-1b-1,0,,,
0,71032-00001878,tofu-1b-2,1,ライフスタイル雑貨,3,0,0,0,0,3,999,RFC倉庫,0,0,tofu-1b-2,0,,,
3,71032-00001878,tofu-1b-2,1,ライフスタイル雑貨,3,0,0,0,0,3,61144,自社倉庫,3,0,tofu-1b-2,0,,,
0,71032-00001879,tofu-2b-1,1,ライフスタイル雑貨,1,0,0,0,0,1,999,RFC倉庫,0,0,tofu-2b-1,0,,,
1,71032-00001879,tofu-2b-1,1,ライフスタイル雑貨,1,0,0,0,0,1,61144,自社倉庫,1,0,tofu-2b-1,0,,,
0,71032-00001880,tofu-2b-2,1,ライフスタイル雑貨,2,0,0,0,0,2,999,RFC倉庫,0,0,tofu-2b-2,0,,,
2,71032-00001880,tofu-2b-2,1,ライフスタイル雑貨,2,0,0,0,0,2,61144,自社倉庫,2,0,tofu-2b-2,0,,,
0,71032-00001881,tofu-4b-1,1,ライフスタイル雑貨,1,0,0,0,0,1,999,RFC倉庫,0,0,tofu-4b-1,0,,,
1,71032-00001881,tofu-4b-1,1,ライフスタイル雑貨,1,0,0,0,0,1,61144,自社倉庫,1,0,tofu-4b-1,0,,,
0,71032-00001882,tofu-4b-2,1,ライフスタイル雑貨,4,0,0,0,0,4,999,RFC倉庫,0,0,tofu-4b-2,0,,,
4,71032-00001882,tofu-4b-2,1,ライフスタイル雑貨,4,0,0,0,0,4,61144,自社倉庫,4,0,tofu-4b-2,0,,,
0,71032-00001883,tofu-5b-1,1,ライフスタイル雑貨,4,0,0,0,0,4,999,RFC倉庫,0,0,tofu-5b-1,0,,,
4,71032-00001883,tofu-5b-1,1,ライフスタイル雑貨,4,0,0,0,0,4,61144,自社倉庫,4,0,tofu-5b-1,0,,,
0,71032-00001884,tofu-5b-2,1,ライフスタイル雑貨,4,0,0,0,0,4,999,RFC倉庫,0,0,tofu-5b-2,0,,,
4,71032-00001884,tofu-5b-2,1,ライフスタイル雑貨,4,0,0,0,0,4,61144,自社倉庫,4,0,tofu-5b-2,0,,,
0,71032-00001885,si-16-1-10,3,老眼鏡,10,0,0,0,0,10,999,RFC倉庫,0,0,si-16-1-10,0,,,
10,71032-00001885,si-16-1-10,3,老眼鏡,10,0,0,0,0,10,61144,自社倉庫,10,0,si-16-1-10,0,,,
0,71032-00001886,si-16-2-10,3,老眼鏡,10,0,0,0,0,10,999,RFC倉庫,0,0,si-16-2-10,0,,,
10,71032-00001886,si-16-2-10,3,老眼鏡,10,0,0,0,0,10,61144,自社倉庫,10,0,si-16-2-10,0,,,
0,71032-00001887,si-16-3-10,3,老眼鏡,10,0,0,0,0,10,999,RFC倉庫,0,0,si-16-3-10,0,,,
10,71032-00001887,si-16-3-10,3,老眼鏡,10,0,0,0,0,10,61144,自社倉庫,10,0,si-16-3-10,0,,,
0,71032-00001888,si-16-1-15,3,老眼鏡,10,0,0,0,0,10,999,RFC倉庫,0,0,si-16-1-15,0,,,
10,71032-00001888,si-16-1-15,3,老眼鏡,10,0,0,0,0,10,61144,自社倉庫,10,0,si-16-1-15,0,,,
0,71032-00001889,si-16-2-15,3,老眼鏡,10,0,0,0,0,10,999,RFC倉庫,0,0,si-16-2-15,0,,,
10,71032-00001889,si-16-2-15,3,老眼鏡,10,0,0,0,0,10,61144,自社倉庫,10,0,si-16-2-15,0,,,
0,71032-00001890,si-16-3-15,3,老眼鏡,10,0,0,0,0,10,999,RFC倉庫,0,0,si-16-3-15,0,,,
10,71032-00001890,si-16-3-15,3,老眼鏡,10,0,0,0,0,10,61144,自社倉庫,10,0,si-16-3-15,0,,,
0,71032-00001891,si-16-1-20,3,老眼鏡,10,0,0,0,0,10,999,RFC倉庫,0,0,si-16-1-20,0,,,
10,71032-00001891,si-16-1-20,3,老眼鏡,10,0,0,0,0,10,61144,自社倉庫,10,0,si-16-1-20,0,,,
0,71032-00001892,si-16-2-20,3,老眼鏡,10,0,0,0,0,10,999,RFC倉庫,0,0,si-16-2-20,0,,,
10,71032-00001892,si-16-2-20,3,老眼鏡,10,0,0,0,0,10,61144,自社倉庫,10,0,si-16-2-20,0,,,
0,71032-00001893,si-16-3-20,3,老眼鏡,10,0,0,0,0,10,999,RFC倉庫,0,0,si-16-3-20,0,,,
10,71032-00001893,si-16-3-20,3,老眼鏡,10,0,0,0,0,10,61144,自社倉庫,10,0,si-16-3-20,0,,,
0,71032-00001894,si-16-1-25,3,老眼鏡,10,0,0,0,0,10,999,RFC倉庫,0,0,si-16-1-25,0,,,
10,71032-00001894,si-16-1-25,3,老眼鏡,10,0,0,0,0,10,61144,自社倉庫,10,0,si-16-1-25,0,,,
0,71032-00001895,si-16-2-25,3,老眼鏡,10,0,0,0,0,10,999,RFC倉庫,0,0,si-16-2-25,0,,,
10,71032-00001895,si-16-2-25,3,老眼鏡,10,0,0,0,0,10,61144,自社倉庫,10,0,si-16-2-25,0,,,
0,71032-00001896,si-16-3-25,3,老眼鏡,10,0,0,0,0,10,999,RFC倉庫,0,0,si-16-3-25,0,,,
10,71032-00001896,si-16-3-25,3,老眼鏡,10,0,0,0,0,10,61144,自社倉庫,10,0,si-16-3-25,0,,,
0,71032-00001897,pollin-l-1,0,ガーデニング用品,1,0,0,0,0,1,999,RFC倉庫,0,0,pollin-l-1,0,,,
1,71032-00001897,pollin-l-1,0,ガーデニング用品,1,0,0,0,0,1,61144,自社倉庫,1,0,pollin-l-1,0,,,
0,71032-00001898,pollin-l-2,0,ガーデニング用品,1,0,0,0,0,1,999,RFC倉庫,0,0,pollin-l-2,0,,,
1,71032-00001898,pollin-l-2,0,ガーデニング用品,1,0,0,0,0,1,61144,自社倉庫,1,0,pollin-l-2,0,,,
0,71032-00001899,pollin-l-3,0,ガーデニング用品,1,0,0,0,0,1,999,RFC倉庫,0,0,pollin-l-3,0,,,
1,71032-00001899,pollin-l-3,0,ガーデニング用品,1,0,0,0,0,1,61144,自社倉庫,1,0,pollin-l-3,0,,,
0,71032-00001900,pollin-l-4,0,ガーデニング用品,0,0,0,0,0,0,999,RFC倉庫,0,0,pollin-l-4,0,,,
0,71032-00001900,pollin-l-4,0,ガーデニング用品,0,0,0,0,0,0,61144,自社倉庫,0,0,pollin-l-4,0,,,
0,71032-00001901,pollin-s-m-1,0,ガーデニング用品,0,0,0,0,0,0,999,RFC倉庫,0,0,pollin-s-m-1,0,,,
0,71032-00001901,pollin-s-m-1,0,ガーデニング用品,0,0,0,0,0,0,61144,自社倉庫,0,0,pollin-s-m-1,0,,,
0,71032-00001902,pollin-s-m-2,0,ガーデニング用品,1,0,0,0,0,1,999,RFC倉庫,0,0,pollin-s-m-2,0,,,
1,71032-00001902,pollin-s-m-2,0,ガーデニング用品,1,0,0,0,0,1,61144,自社倉庫,1,0,pollin-s-m-2,0,,,
0,71032-00001903,pollin-s-m-3,0,ガーデニング用品,1,0,0,0,0,1,999,RFC倉庫,0,0,pollin-s-m-3,0,,,
1,71032-00001903,pollin-s-m-3,0,ガーデニング用品,1,0,0,0,0,1,61144,自社倉庫,1,0,pollin-s-m-3,0,,,
0,71032-00001904,pollin-s-m-4,0,ガーデニング用品,1,0,0,0,0,1,999,RFC倉庫,0,0,pollin-s-m-4,0,,,
1,71032-00001904,pollin-s-m-4,0,ガーデニング用品,1,0,0,0,0,1,61144,自社倉庫,1,0,pollin-s-m-4,0,,,
0,71032-00001905,pollin-s-m-1m,0,ガーデニング用品,0,0,0,0,0,0,999,RFC倉庫,0,0,pollin-s-m-1m,0,,,
0,71032-00001905,pollin-s-m-1m,0,ガーデニング用品,0,0,0,0,0,0,61144,自社倉庫,0,0,pollin-s-m-1m,0,,,
0,71032-00001906,pollin-s-m-2m,0,ガーデニング用品,1,0,0,0,0,1,999,RFC倉庫,0,0,pollin-s-m-2m,0,,,
1,71032-00001906,pollin-s-m-2m,0,ガーデニング用品,1,0,0,0,0,1,61144,自社倉庫,1,0,pollin-s-m-2m,0,,,
0,71032-00001907,pollin-s-m-3m,0,ガーデニング用品,0,0,0,0,0,0,999,RFC倉庫,0,0,pollin-s-m-3m,0,,,
0,71032-00001907,pollin-s-m-3m,0,ガーデニング用品,0,0,0,0,0,0,61144,自社倉庫,0,0,pollin-s-m-3m,0,,,
0,71032-00001908,pollin-s-m-4m,0,ガーデニング用品,0,0,0,0,0,0,999,RFC倉庫,0,0,pollin-s-m-4m,0,,,
0,71032-00001908,pollin-s-m-4m,0,ガーデニング用品,0,0,0,0,0,0,61144,自社倉庫,0,0,pollin-s-m-4m,0,,,
0,71032-00001916,fl-3000-1-05,0,老眼鏡,15,0,0,0,0,15,999,RFC倉庫,0,0,fl-3000-1-05,0,,,
15,71032-00001916,fl-3000-1-05,0,老眼鏡,15,0,0,0,0,15,61144,自社倉庫,15,0,fl-3000-1-05,0,,,
0,71032-00001917,fl-3000-1-10,0,老眼鏡,15,0,0,0,0,15,999,RFC倉庫,0,0,fl-3000-1-10,0,,,
15,71032-00001917,fl-3000-1-10,0,老眼鏡,15,0,0,0,0,15,61144,自社倉庫,15,0,fl-3000-1-10,0,,,
0,71032-00001918,fl-3000-1-15,0,老眼鏡,13,0,0,0,0,13,999,RFC倉庫,0,0,fl-3000-1-15,0,,,
13,71032-00001918,fl-3000-1-15,0,老眼鏡,13,0,0,0,0,13,61144,自社倉庫,13,0,fl-3000-1-15,0,,,
0,71032-00001919,fl-3000-1-20,0,老眼鏡,14,0,0,0,0,14,999,RFC倉庫,0,0,fl-3000-1-20,0,,,
14,71032-00001919,fl-3000-1-20,0,老眼鏡,14,0,0,0,0,14,61144,自社倉庫,14,0,fl-3000-1-20,0,,,
0,71032-00001920,fl-3000-1-25,0,老眼鏡,12,0,0,0,0,12,999,RFC倉庫,0,0,fl-3000-1-25,0,,,
12,71032-00001920,fl-3000-1-25,0,老眼鏡,12,0,0,0,0,12,61144,自社倉庫,12,0,fl-3000-1-25,0,,,
0,71032-00001921,fl-3000-2-05,0,老眼鏡,6,0,0,0,0,6,999,RFC倉庫,0,0,fl-3000-2-05,0,,,
6,71032-00001921,fl-3000-2-05,0,老眼鏡,6,0,0,0,0,6,61144,自社倉庫,6,0,fl-3000-2-05,0,,,
0,71032-00001922,fl-3000-2-10,0,老眼鏡,7,0,0,0,0,7,999,RFC倉庫,0,0,fl-3000-2-10,0,,,
7,71032-00001922,fl-3000-2-10,0,老眼鏡,7,0,0,0,0,7,61144,自社倉庫,7,0,fl-3000-2-10,0,,,
0,71032-00001923,fl-3000-2-15,0,老眼鏡,15,0,0,0,0,15,999,RFC倉庫,0,0,fl-3000-2-15,0,,,
15,71032-00001923,fl-3000-2-15,0,老眼鏡,15,0,0,0,0,15,61144,自社倉庫,15,0,fl-3000-2-15,0,,,
0,71032-00001924,fl-3000-2-20,0,老眼鏡,15,0,0,0,0,15,999,RFC倉庫,0,0,fl-3000-2-20,0,,,
15,71032-00001924,fl-3000-2-20,0,老眼鏡,15,0,0,0,0,15,61144,自社倉庫,15,0,fl-3000-2-20,0,,,
0,71032-00001925,fl-3000-2-25,0,老眼鏡,5,0,0,0,0,5,999,RFC倉庫,0,0,fl-3000-2-25,0,,,
5,71032-00001925,fl-3000-2-25,0,老眼鏡,5,0,0,0,0,5,61144,自社倉庫,5,0,fl-3000-2-25,0,,,
0,71032-00001926,fl-3000-3-05,0,老眼鏡,17,0,0,0,0,17,999,RFC倉庫,0,0,fl-3000-3-05,0,,,
17,71032-00001926,fl-3000-3-05,0,老眼鏡,17,0,0,0,0,17,61144,自社倉庫,17,0,fl-3000-3-05,0,,,
0,71032-00001927,fl-3000-3-10,0,老眼鏡,0,0,0,0,0,0,999,RFC倉庫,0,0,fl-3000-3-10,0,,,
0,71032-00001927,fl-3000-3-10,0,老眼鏡,0,0,0,0,0,0,61144,自社倉庫,0,0,fl-3000-3-10,0,,,
0,71032-00001928,fl-3000-3-15,0,老眼鏡,0,0,0,0,0,0,999,RFC倉庫,0,0,fl-3000-3-15,0,,,
0,71032-00001928,fl-3000-3-15,0,老眼鏡,0,0,0,0,0,0,61144,自社倉庫,0,0,fl-3000-3-15,0,,,
0,71032-00001929,fl-3000-3-20,0,老眼鏡,1,0,0,0,0,1,999,RFC倉庫,0,0,fl-3000-3-20,0,,,
1,71032-00001929,fl-3000-3-20,0,老眼鏡,1,0,0,0,0,1,61144,自社倉庫,1,0,fl-3000-3-20,0,,,
0,71032-00001930,fl-3000-3-25,0,老眼鏡,4,0,0,0,0,4,999,RFC倉庫,0,0,fl-3000-3-25,0,,,
4,71032-00001930,fl-3000-3-25,0,老眼鏡,4,0,0,0,0,4,61144,自社倉庫,4,0,fl-3000-3-25,0,,,
0,71032-00001931,si-11r-1-10,0,老眼鏡,10,0,0,0,0,10,999,RFC倉庫,0,0,si-11r-1-10,0,,,
10,71032-00001931,si-11r-1-10,0,老眼鏡,10,0,0,0,0,10,61144,自社倉庫,10,0,si-11r-1-10,0,,,
0,71032-00001932,si-11r-1-15,0,老眼鏡,10,0,0,0,0,10,999,RFC倉庫,0,0,si-11r-1-15,0,,,
10,71032-00001932,si-11r-1-15,0,老眼鏡,10,0,0,0,0,10,61144,自社倉庫,10,0,si-11r-1-15,0,,,
0,71032-00001933,si-11r-1-20,0,老眼鏡,9,0,0,0,0,9,999,RFC倉庫,0,0,si-11r-1-20,0,,,
9,71032-00001933,si-11r-1-20,0,老眼鏡,9,0,0,0,0,9,61144,自社倉庫,9,0,si-11r-1-20,0,,,
0,71032-00001934,si-11r-1-25,0,老眼鏡,2,0,0,0,0,2,999,RFC倉庫,0,0,si-11r-1-25,0,,,
2,71032-00001934,si-11r-1-25,0,老眼鏡,2,0,0,0,0,2,61144,自社倉庫,2,0,si-11r-1-25,0,,,
0,71032-00001935,si-11r-2-10,0,老眼鏡,10,0,0,0,0,10,999,RFC倉庫,0,0,si-11r-2-10,0,,,
10,71032-00001935,si-11r-2-10,0,老眼鏡,10,0,0,0,0,10,61144,自社倉庫,10,0,si-11r-2-10,0,,,
0,71032-00001936,si-11r-2-15,0,老眼鏡,8,0,0,0,0,8,999,RFC倉庫,0,0,si-11r-2-15,0,,,
8,71032-00001936,si-11r-2-15,0,老眼鏡,8,0,0,0,0,8,61144,自社倉庫,8,0,si-11r-2-15,0,,,
0,71032-00001937,si-11r-2-20,0,老眼鏡,1,0,0,0,0,1,999,RFC倉庫,0,0,si-11r-2-20,0,,,
1,71032-00001937,si-11r-2-20,0,老眼鏡,1,0,0,0,0,1,61144,自社倉庫,1,0,si-11r-2-20,0,,,
0,71032-00001938,si-11r-2-25,0,老眼鏡,3,0,0,0,0,3,999,RFC倉庫,0,0,si-11r-2-25,0,,,
3,71032-00001938,si-11r-2-25,0,老眼鏡,3,0,0,0,0,3,61144,自社倉庫,3,0,si-11r-2-25,0,,,
0,71032-00001939,si-11r-3-10,0,老眼鏡,0,0,0,0,0,0,999,RFC倉庫,0,0,si-11r-3-10,0,,,
0,71032-00001939,si-11r-3-10,0,老眼鏡,0,0,0,0,0,0,61144,自社倉庫,0,0,si-11r-3-10,0,,,
0,71032-00001940,si-11r-3-15,0,老眼鏡,0,0,0,0,0,0,999,RFC倉庫,0,0,si-11r-3-15,0,,,
0,71032-00001940,si-11r-3-15,0,老眼鏡,0,0,0,0,0,0,61144,自社倉庫,0,0,si-11r-3-15,0,,,
0,71032-00001941,si-11r-3-20,0,老眼鏡,2,0,0,0,0,2,999,RFC倉庫,0,0,si-11r-3-20,0,,,
2,71032-00001941,si-11r-3-20,0,老眼鏡,2,0,0,0,0,2,61144,自社倉庫,2,0,si-11r-3-20,0,,,
0,71032-00001942,si-11r-3-25,0,老眼鏡,0,0,0,0,0,0,999,RFC倉庫,0,0,si-11r-3-25,0,,,
0,71032-00001942,si-11r-3-25,0,老眼鏡,0,0,0,0,0,0,61144,自社倉庫,0,0,si-11r-3-25,0,,,
0,71032-00001943,si-12r-1-15,0,老眼鏡,0,0,0,0,0,0,999,RFC倉庫,0,0,si-12r-1-15,0,,,
0,71032-00001943,si-12r-1-15,0,老眼鏡,0,0,0,0,0,0,61144,自社倉庫,0,0,si-12r-1-15,0,,,
0,71032-00001944,si-12r-1-20,0,老眼鏡,0,0,0,0,0,0,999,RFC倉庫,0,0,si-12r-1-20,0,,,
0,71032-00001944,si-12r-1-20,0,老眼鏡,0,0,0,0,0,0,61144,自社倉庫,0,0,si-12r-1-20,0,,,
0,71032-00001945,si-12r-1-25,0,老眼鏡,0,0,0,0,0,0,999,RFC倉庫,0,0,si-12r-1-25,0,,,
0,71032-00001945,si-12r-1-25,0,老眼鏡,0,0,0,0,0,0,61144,自社倉庫,0,0,si-12r-1-25,0,,,
0,71032-00001946,si-12r-1-30,0,老眼鏡,0,0,0,0,0,0,999,RFC倉庫,0,0,si-12r-1-30,0,,,
0,71032-00001946,si-12r-1-30,0,老眼鏡,0,0,0,0,0,0,61144,自社倉庫,0,0,si-12r-1-30,0,,,
0,71032-00001947,si-12r-2-15,0,老眼鏡,0,0,0,0,0,0,999,RFC倉庫,0,0,si-12r-2-15,0,,,
0,71032-00001947,si-12r-2-15,0,老眼鏡,0,0,0,0,0,0,61144,自社倉庫,0,0,si-12r-2-15,0,,,
0,71032-00001948,si-12r-2-20,0,老眼鏡,0,0,0,0,0,0,999,RFC倉庫,0,0,si-12r-2-20,0,,,
0,71032-00001948,si-12r-2-20,0,老眼鏡,0,0,0,0,0,0,61144,自社倉庫,0,0,si-12r-2-20,0,,,
0,71032-00001949,si-12r-2-25,0,老眼鏡,0,0,0,0,0,0,999,RFC倉庫,0,0,si-12r-2-25,0,,,
0,71032-00001949,si-12r-2-25,0,老眼鏡,0,0,0,0,0,0,61144,自社倉庫,0,0,si-12r-2-25,0,,,
0,71032-00001950,si-12r-2-30,0,老眼鏡,0,0,0,0,0,0,999,RFC倉庫,0,0,si-12r-2-30,0,,,
0,71032-00001950,si-12r-2-30,0,老眼鏡,0,0,0,0,0,0,61144,自社倉庫,0,0,si-12r-2-30,0,,,
0,71032-00001951,si-12r-3-15,0,老眼鏡,0,0,0,0,0,0,999,RFC倉庫,0,0,si-12r-3-15,0,,,
0,71032-00001951,si-12r-3-15,0,老眼鏡,0,0,0,0,0,0,61144,自社倉庫,0,0,si-12r-3-15,0,,,
0,71032-00001952,si-12r-3-20,0,老眼鏡,0,0,0,0,0,0,999,RFC倉庫,0,0,si-12r-3-20,0,,,
0,71032-00001952,si-12r-3-20,0,老眼鏡,0,0,0,0,0,0,61144,自社倉庫,0,0,si-12r-3-20,0,,,
0,71032-00001953,si-12r-3-25,0,老眼鏡,0,0,0,0,0,0,999,RFC倉庫,0,0,si-12r-3-25,0,,,
0,71032-00001953,si-12r-3-25,0,老眼鏡,0,0,0,0,0,0,61144,自社倉庫,0,0,si-12r-3-25,0,,,
0,71032-00001954,si-12r-3-30,0,老眼鏡,0,0,0,0,0,0,999,RFC倉庫,0,0,si-12r-3-30,0,,,
0,71032-00001954,si-12r-3-30,0,老眼鏡,0,0,0,0,0,0,61144,自社倉庫,0,0,si-12r-3-30,0,,,
0,71032-00001955,siw-01-1-10,0,老眼鏡,10,0,0,0,0,10,999,RFC倉庫,0,0,siw-01-1-10,0,,,
10,71032-00001955,siw-01-1-10,0,老眼鏡,10,0,0,0,0,10,61144,自社倉庫,10,0,siw-01-1-10,0,,,
0,71032-00001956,siw-01-1-15,0,老眼鏡,10,0,0,0,0,10,999,RFC倉庫,0,0,siw-01-1-15,0,,,
10,71032-00001956,siw-01-1-15,0,老眼鏡,10,0,0,0,0,10,61144,自社倉庫,10,0,siw-01-1-15,0,,,
0,71032-00001957,siw-01-1-20,0,老眼鏡,10,0,0,0,0,10,999,RFC倉庫,0,0,siw-01-1-20,0,,,
10,71032-00001957,siw-01-1-20,0,老眼鏡,10,0,0,0,0,10,61144,自社倉庫,10,0,siw-01-1-20,0,,,
0,71032-00001958,siw-01-1-25,0,老眼鏡,10,0,0,0,0,10,999,RFC倉庫,0,0,siw-01-1-25,0,,,
10,71032-00001958,siw-01-1-25,0,老眼鏡,10,0,0,0,0,10,61144,自社倉庫,10,0,siw-01-1-25,0,,,
0,71032-00001959,siw-01-2-10,0,老眼鏡,10,0,0,0,0,10,999,RFC倉庫,0,0,siw-01-2-10,0,,,
10,71032-00001959,siw-01-2-10,0,老眼鏡,10,0,0,0,0,10,61144,自社倉庫,10,0,siw-01-2-10,0,,,
0,71032-00001960,siw-01-2-15,0,老眼鏡,10,0,0,0,0,10,999,RFC倉庫,0,0,siw-01-2-15,0,,,
10,71032-00001960,siw-01-2-15,0,老眼鏡,10,0,0,0,0,10,61144,自社倉庫,10,0,siw-01-2-15,0,,,
0,71032-00001961,siw-01-2-20,0,老眼鏡,10,0,0,0,0,10,999,RFC倉庫,0,0,siw-01-2-20,0,,,
10,71032-00001961,siw-01-2-20,0,老眼鏡,10,0,0,0,0,10,61144,自社倉庫,10,0,siw-01-2-20,0,,,
0,71032-00001962,siw-01-2-25,0,老眼鏡,11,0,0,0,0,11,999,RFC倉庫,0,0,siw-01-2-25,0,,,
11,71032-00001962,siw-01-2-25,0,老眼鏡,11,0,0,0,0,11,61144,自社倉庫,11,0,siw-01-2-25,0,,,
0,71032-00001963,1000-1-30,0,老眼鏡,3,0,0,0,0,3,999,RFC倉庫,0,0,1000-1-30,0,,,
3,71032-00001963,1000-1-30,0,老眼鏡,3,0,0,0,0,3,61144,自社倉庫,3,0,1000-1-30,0,,,
0,71032-00001964,1000-1-40,0,老眼鏡,8,0,0,0,0,8,999,RFC倉庫,0,0,1000-1-40,0,,,
8,71032-00001964,1000-1-40,0,老眼鏡,8,0,0,0,0,8,61144,自社倉庫,8,0,1000-1-40,0,,,
0,71032-00001965,1000-1-50,0,老眼鏡,2,0,0,0,0,2,999,RFC倉庫,0,0,1000-1-50,0,,,
2,71032-00001965,1000-1-50,0,老眼鏡,2,0,0,0,0,2,61144,自社倉庫,2,0,1000-1-50,0,,,
0,71032-00001966,1000-1-60,0,老眼鏡,3,0,0,0,0,3,999,RFC倉庫,0,0,1000-1-60,0,,,
3,71032-00001966,1000-1-60,0,老眼鏡,3,0,0,0,0,3,61144,自社倉庫,3,0,1000-1-60,0,,,
0,71032-00001967,1000-1-70,0,老眼鏡,57,0,0,0,0,57,999,RFC倉庫,0,0,1000-1-70,0,,,
57,71032-00001967,1000-1-70,0,老眼鏡,57,0,0,0,0,57,61144,自社倉庫,57,0,1000-1-70,0,,,
0,71032-00001968,1000-1-80,0,老眼鏡,47,0,0,0,0,47,999,RFC倉庫,0,0,1000-1-80,0,,,
47,71032-00001968,1000-1-80,0,老眼鏡,47,0,0,0,0,47,61144,自社倉庫,47,0,1000-1-80,0,,,
0,71032-00001969,fll-4000-1-05,0,老眼鏡,0,0,0,0,0,0,999,RFC倉庫,0,0,fll-4000-1-05,0,,,
0,71032-00001969,fll-4000-1-05,0,老眼鏡,0,0,0,0,0,0,61144,自社倉庫,0,0,fll-4000-1-05,0,,,
0,71032-00001970,fll-4000-1-10,0,老眼鏡,0,0,0,0,0,0,999,RFC倉庫,0,0,fll-4000-1-10,0,,,
0,71032-00001970,fll-4000-1-10,0,老眼鏡,0,0,0,0,0,0,61144,自社倉庫,0,0,fll-4000-1-10,0,,,
0,71032-00001971,fll-4000-1-15,0,老眼鏡,0,0,0,0,0,0,999,RFC倉庫,0,0,fll-4000-1-15,0,,,
0,71032-00001971,fll-4000-1-15,0,老眼鏡,0,0,0,0,0,0,61144,自社倉庫,0,0,fll-4000-1-15,0,,,
0,71032-00001972,fll-4000-1-20,0,老眼鏡,0,0,0,0,0,0,999,RFC倉庫,0,0,fll-4000-1-20,0,,,
0,71032-00001972,fll-4000-1-20,0,老眼鏡,0,0,0,0,0,0,61144,自社倉庫,0,0,fll-4000-1-20,0,,,
0,71032-00001973,fll-4000-1-25,0,老眼鏡,5,0,0,0,0,5,999,RFC倉庫,0,0,fll-4000-1-25,0,,,
5,71032-00001973,fll-4000-1-25,0,老眼鏡,5,0,0,0,0,5,61144,自社倉庫,5,0,fll-4000-1-25,0,,,
0,71032-00001974,fll-4000-2-05,0,老眼鏡,15,1,0,0,0,16,999,RFC倉庫,0,0,fll-4000-2-05,0,,,
16,71032-00001974,fll-4000-2-05,0,老眼鏡,15,1,0,0,0,16,61144,自社倉庫,16,1,fll-4000-2-05,0,,,
0,71032-00001975,fll-4000-2-10,0,老眼鏡,3,0,0,0,0,3,999,RFC倉庫,0,0,fll-4000-2-10,0,,,
3,71032-00001975,fll-4000-2-10,0,老眼鏡,3,0,0,0,0,3,61144,自社倉庫,3,0,fll-4000-2-10,0,,,
0,71032-00001976,fll-4000-2-15,0,老眼鏡,0,0,0,0,0,0,999,RFC倉庫,0,0,fll-4000-2-15,0,,,
0,71032-00001976,fll-4000-2-15,0,老眼鏡,0,0,0,0,0,0,61144,自社倉庫,0,0,fll-4000-2-15,0,,,
0,71032-00001977,fll-4000-2-20,0,老眼鏡,0,0,0,0,0,0,999,RFC倉庫,0,0,fll-4000-2-20,0,,,
0,71032-00001977,fll-4000-2-20,0,老眼鏡,0,0,0,0,0,0,61144,自社倉庫,0,0,fll-4000-2-20,0,,,
0,71032-00001978,fll-4000-2-25,0,老眼鏡,2,0,0,0,0,2,999,RFC倉庫,0,0,fll-4000-2-25,0,,,
2,71032-00001978,fll-4000-2-25,0,老眼鏡,2,0,0,0,0,2,61144,自社倉庫,2,0,fll-4000-2-25,0,,,
0,71032-00001979,fll-4000-3-05,0,老眼鏡,11,0,0,0,0,11,999,RFC倉庫,0,0,fll-4000-3-05,0,,,
11,71032-00001979,fll-4000-3-05,0,老眼鏡,11,0,0,0,0,11,61144,自社倉庫,11,0,fll-4000-3-05,0,,,
0,71032-00001980,fll-4000-3-10,0,老眼鏡,2,0,0,0,0,2,999,RFC倉庫,0,0,fll-4000-3-10,0,,,
2,71032-00001980,fll-4000-3-10,0,老眼鏡,2,0,0,0,0,2,61144,自社倉庫,2,0,fll-4000-3-10,0,,,
0,71032-00001981,fll-4000-3-15,0,老眼鏡,1,0,0,0,0,1,999,RFC倉庫,0,0,fll-4000-3-15,0,,,
1,71032-00001981,fll-4000-3-15,0,老眼鏡,1,0,0,0,0,1,61144,自社倉庫,1,0,fll-4000-3-15,0,,,
0,71032-00001982,fll-4000-3-20,0,老眼鏡,0,0,0,0,0,0,999,RFC倉庫,0,0,fll-4000-3-20,0,,,
0,71032-00001982,fll-4000-3-20,0,老眼鏡,0,0,0,0,0,0,61144,自社倉庫,0,0,fll-4000-3-20,0,,,
0,71032-00001983,fll-4000-3-25,0,老眼鏡,7,0,0,0,0,7,999,RFC倉庫,0,0,fll-4000-3-25,0,,,
7,71032-00001983,fll-4000-3-25,0,老眼鏡,7,0,0,0,0,7,61144,自社倉庫,7,0,fll-4000-3-25,0,,,
0,71032-00001984,fl-3001-1-10,0,老眼鏡,20,0,0,0,0,20,999,RFC倉庫,0,0,fl-3001-1-10,0,,,
20,71032-00001984,fl-3001-1-10,0,老眼鏡,20,0,0,0,0,20,61144,自社倉庫,20,0,fl-3001-1-10,0,,,
0,71032-00001985,fl-3001-1-15,0,老眼鏡,18,0,0,0,0,18,999,RFC倉庫,0,0,fl-3001-1-15,0,,,
18,71032-00001985,fl-3001-1-15,0,老眼鏡,18,0,0,0,0,18,61144,自社倉庫,18,0,fl-3001-1-15,0,,,
0,71032-00001986,fl-3001-1-20,0,老眼鏡,19,0,0,0,0,19,999,RFC倉庫,0,0,fl-3001-1-20,0,,,
19,71032-00001986,fl-3001-1-20,0,老眼鏡,19,0,0,0,0,19,61144,自社倉庫,19,0,fl-3001-1-20,0,,,
0,71032-00001987,fl-3001-1-25,0,老眼鏡,17,0,0,0,0,17,999,RFC倉庫,0,0,fl-3001-1-25,0,,,
17,71032-00001987,fl-3001-1-25,0,老眼鏡,17,0,0,0,0,17,61144,自社倉庫,17,0,fl-3001-1-25,0,,,
0,71032-00001988,fl-3001-2-10,0,老眼鏡,20,0,0,0,0,20,999,RFC倉庫,0,0,fl-3001-2-10,0,,,
20,71032-00001988,fl-3001-2-10,0,老眼鏡,20,0,0,0,0,20,61144,自社倉庫,20,0,fl-3001-2-10,0,,,
0,71032-00001989,fl-3001-2-15,0,老眼鏡,19,0,0,0,0,19,999,RFC倉庫,0,0,fl-3001-2-15,0,,,
19,71032-00001989,fl-3001-2-15,0,老眼鏡,19,0,0,0,0,19,61144,自社倉庫,19,0,fl-3001-2-15,0,,,
0,71032-00001990,fl-3001-2-20,0,老眼鏡,18,0,0,0,0,18,999,RFC倉庫,0,0,fl-3001-2-20,0,,,
18,71032-00001990,fl-3001-2-20,0,老眼鏡,18,0,0,0,0,18,61144,自社倉庫,18,0,fl-3001-2-20,0,,,
0,71032-00001991,fl-3001-2-25,0,老眼鏡,13,0,0,0,0,13,999,RFC倉庫,0,0,fl-3001-2-25,0,,,
13,71032-00001991,fl-3001-2-25,0,老眼鏡,13,0,0,0,0,13,61144,自社倉庫,13,0,fl-3001-2-25,0,,,
0,71032-00001992,bds-150-3,3,サングラス,10,0,0,0,0,10,999,RFC倉庫,0,0,bds-150-3,0,,,
10,71032-00001992,bds-150-3,3,サングラス,10,0,0,0,0,10,61144,自社倉庫,10,0,bds-150-3,0,,,
0,71032-00001993,bds-150-4,3,サングラス,9,0,0,0,0,9,999,RFC倉庫,0,0,bds-150-4,0,,,
9,71032-00001993,bds-150-4,3,サングラス,9,0,0,0,0,9,61144,自社倉庫,9,0,bds-150-4,0,,,
0,71032-00001994,bds-310-1,3,サングラス,10,0,0,0,0,10,999,RFC倉庫,0,0,bds-310-1,0,,,
10,71032-00001994,bds-310-1,3,サングラス,10,0,0,0,0,10,61144,自社倉庫,10,0,bds-310-1,0,,,
0,71032-00001995,bds-310-2,3,サングラス,10,0,0,0,0,10,999,RFC倉庫,0,0,bds-310-2,0,,,
10,71032-00001995,bds-310-2,3,サングラス,10,0,0,0,0,10,61144,自社倉庫,10,0,bds-310-2,0,,,
0,71032-00001996,bds-310-3,3,サングラス,10,0,0,0,0,10,999,RFC倉庫,0,0,bds-310-3,0,,,
10,71032-00001996,bds-310-3,3,サングラス,10,0,0,0,0,10,61144,自社倉庫,10,0,bds-310-3,0,,,
0,71032-00001997,bds-156-1,3,サングラス,10,0,0,0,0,10,999,RFC倉庫,0,0,bds-156-1,0,,,
10,71032-00001997,bds-156-1,3,サングラス,10,0,0,0,0,10,61144,自社倉庫,10,0,bds-156-1,0,,,
0,71032-00001998,bds-156-2,3,サングラス,10,0,0,0,0,10,999,RFC倉庫,0,0,bds-156-2,0,,,
10,71032-00001998,bds-156-2,3,サングラス,10,0,0,0,0,10,61144,自社倉庫,10,0,bds-156-2,0,,,
0,71032-00001999,bds-156-3,3,サングラス,10,0,0,0,0,10,999,RFC倉庫,0,0,bds-156-3,0,,,
10,71032-00001999,bds-156-3,3,サングラス,10,0,0,0,0,10,61144,自社倉庫,10,0,bds-156-3,0,,,
0,71032-00002000,bds-157-1,3,サングラス,10,0,0,0,0,10,999,RFC倉庫,0,0,bds-157-1,0,,,
10,71032-00002000,bds-157-1,3,サングラス,10,0,0,0,0,10,61144,自社倉庫,10,0,bds-157-1,0,,,
0,71032-00002001,bds-157-2,3,サングラス,9,0,0,0,0,9,999,RFC倉庫,0,0,bds-157-2,0,,,
9,71032-00002001,bds-157-2,3,サングラス,9,0,0,0,0,9,61144,自社倉庫,9,0,bds-157-2,0,,,
0,71032-00002002,bds-157-3,3,サングラス,8,0,0,0,0,8,999,RFC倉庫,0,0,bds-157-3,0,,,
8,71032-00002002,bds-157-3,3,サングラス,8,0,0,0,0,8,61144,自社倉庫,8,0,bds-157-3,0,,,
0,71032-00002003,bds-158-1,3,サングラス,10,0,0,0,0,10,999,RFC倉庫,0,0,bds-158-1,0,,,
10,71032-00002003,bds-158-1,3,サングラス,10,0,0,0,0,10,61144,自社倉庫,10,0,bds-158-1,0,,,
0,71032-00002004,bds-158-3,3,サングラス,10,0,0,0,0,10,999,RFC倉庫,0,0,bds-158-3,0,,,
10,71032-00002004,bds-158-3,3,サングラス,10,0,0,0,0,10,61144,自社倉庫,10,0,bds-158-3,0,,,
0,71032-00002005,gcfs-bon,3,メガネケース,3,0,0,0,0,3,999,RFC倉庫,0,0,gcfs-bon,0,,,
3,71032-00002005,gcfs-bon,3,メガネケース,3,0,0,0,0,3,61144,自社倉庫,3,0,gcfs-bon,0,,,
0,71032-00002006,gcfs-bya,3,メガネケース,2,0,0,0,0,2,999,RFC倉庫,0,0,gcfs-bya,0,,,
2,71032-00002006,gcfs-bya,3,メガネケース,2,0,0,0,0,2,61144,自社倉庫,2,0,gcfs-bya,0,,,
0,71032-00002007,gcfs-ell,3,メガネケース,2,0,0,0,0,2,999,RFC倉庫,0,0,gcfs-ell,0,,,
2,71032-00002007,gcfs-ell,3,メガネケース,2,0,0,0,0,2,61144,自社倉庫,2,0,gcfs-ell,0,,,
0,71032-00002008,gcfs-lic,3,メガネケース,2,0,0,0,0,2,999,RFC倉庫,0,0,gcfs-lic,0,,,
2,71032-00002008,gcfs-lic,3,メガネケース,2,0,0,0,0,2,61144,自社倉庫,2,0,gcfs-lic,0,,,
0,71032-00002009,gcfs-luk,3,メガネケース,0,0,0,0,0,0,999,RFC倉庫,0,0,gcfs-luk,0,,,
0,71032-00002009,gcfs-luk,3,メガネケース,0,0,0,0,0,0,61144,自社倉庫,0,0,gcfs-luk,0,,,
0,71032-00002010,gcfs-man,3,メガネケース,2,0,0,0,0,2,999,RFC倉庫,0,0,gcfs-man,0,,,
2,71032-00002010,gcfs-man,3,メガネケース,2,0,0,0,0,2,61144,自社倉庫,2,0,gcfs-man,0,,,
0,71032-00002011,gcp-bon,3,メガネケース,1,0,0,0,0,1,999,RFC倉庫,0,0,gcp-bon,0,,,
1,71032-00002011,gcp-bon,3,メガネケース,1,0,0,0,0,1,61144,自社倉庫,1,0,gcp-bon,0,,,
1,71032-00002012,gcp-ell,3,メガネケース,1,0,0,0,0,1,61144,自社倉庫,1,0,gcp-ell,0,,,
0,71032-00002012,gcp-ell,3,メガネケース,1,0,0,0,0,1,999,RFC倉庫,0,0,gcp-ell,0,,,
0,71032-00002013,gcp-lic,3,メガネケース,0,0,0,0,0,0,999,RFC倉庫,0,0,gcp-lic,0,,,
0,71032-00002013,gcp-lic,3,メガネケース,0,0,0,0,0,0,61144,自社倉庫,0,0,gcp-lic,0,,,
0,71032-00002014,gcp-luk,3,メガネケース,0,0,0,0,0,0,999,RFC倉庫,0,0,gcp-luk,0,,,
0,71032-00002014,gcp-luk,3,メガネケース,0,0,0,0,0,0,61144,自社倉庫,0,0,gcp-luk,0,,,
0,71032-00002015,gcp-nou,3,メガネケース,0,0,0,0,0,0,999,RFC倉庫,0,0,gcp-nou,0,,,
0,71032-00002015,gcp-nou,3,メガネケース,0,0,0,0,0,0,61144,自社倉庫,0,0,gcp-nou,0,,,
0,71032-00002016,gcp-yei,3,メガネケース,0,0,0,0,0,0,999,RFC倉庫,0,0,gcp-yei,0,,,
0,71032-00002016,gcp-yei,3,メガネケース,0,0,0,0,0,0,61144,自社倉庫,0,0,gcp-yei,0,,,
0,71032-00002017,bds-312-2,3,サングラス,10,0,0,0,0,10,999,RFC倉庫,0,0,bds-312-2,0,,,
10,71032-00002017,bds-312-2,3,サングラス,10,0,0,0,0,10,61144,自社倉庫,10,0,bds-312-2,0,,,
0,71032-00002018,bds-312-3,3,サングラス,9,0,0,0,0,9,999,RFC倉庫,0,0,bds-312-3,0,,,
9,71032-00002018,bds-312-3,3,サングラス,9,0,0,0,0,9,61144,自社倉庫,9,0,bds-312-3,0,,,
0,71032-00002019,bds-313-1,3,サングラス,10,0,0,0,0,10,999,RFC倉庫,0,0,bds-313-1,0,,,
10,71032-00002019,bds-313-1,3,サングラス,10,0,0,0,0,10,61144,自社倉庫,10,0,bds-313-1,0,,,
0,71032-00002020,bds-313-2,3,サングラス,9,0,0,0,0,9,999,RFC倉庫,0,0,bds-313-2,0,,,
9,71032-00002020,bds-313-2,3,サングラス,9,0,0,0,0,9,61144,自社倉庫,9,0,bds-313-2,0,,,
0,71032-00002021,bds-314-1,3,サングラス,4,0,0,0,0,4,999,RFC倉庫,0,0,bds-314-1,0,,,
4,71032-00002021,bds-314-1,3,サングラス,4,0,0,0,0,4,61144,自社倉庫,4,0,bds-314-1,0,,,
0,71032-00002022,bds-314-2,3,サングラス,7,0,0,0,0,7,999,RFC倉庫,0,0,bds-314-2,0,,,
7,71032-00002022,bds-314-2,3,サングラス,7,0,0,0,0,7,61144,自社倉庫,7,0,bds-314-2,0,,,
0,71032-00002023,gcfs-nou,3,メガネケース,3,0,0,0,0,3,999,RFC倉庫,0,0,gcfs-nou,0,,,
3,71032-00002023,gcfs-nou,3,メガネケース,3,0,0,0,0,3,61144,自社倉庫,3,0,gcfs-nou,0,,,
0,71032-00002024,gcfs-olg,3,メガネケース,3,0,0,0,0,3,999,RFC倉庫,0,0,gcfs-olg,0,,,
3,71032-00002024,gcfs-olg,3,メガネケース,3,0,0,0,0,3,61144,自社倉庫,3,0,gcfs-olg,0,,,
0,71032-00002025,flm-002sg-1,3,サングラス,10,0,0,0,0,10,999,RFC倉庫,0,0,flm-002sg-1,0,,,
10,71032-00002025,flm-002sg-1,3,サングラス,10,0,0,0,0,10,61144,自社倉庫,10,0,flm-002sg-1,0,,,
0,71032-00002026,rf-01-1-10,0,老眼鏡,10,0,0,0,0,10,999,RFC倉庫,0,0,rf-01-1-10,0,,,
10,71032-00002026,rf-01-1-10,0,老眼鏡,10,0,0,0,0,10,61144,自社倉庫,10,0,rf-01-1-10,0,,,
0,71032-00002027,rf-01-1-15,0,老眼鏡,10,0,0,0,0,10,999,RFC倉庫,0,0,rf-01-1-15,0,,,
10,71032-00002027,rf-01-1-15,0,老眼鏡,10,0,0,0,0,10,61144,自社倉庫,10,0,rf-01-1-15,0,,,
0,71032-00002028,rf-01-1-20,0,老眼鏡,10,0,0,0,0,10,999,RFC倉庫,0,0,rf-01-1-20,0,,,
10,71032-00002028,rf-01-1-20,0,老眼鏡,10,0,0,0,0,10,61144,自社倉庫,10,0,rf-01-1-20,0,,,
0,71032-00002029,rf-01-1-25,0,老眼鏡,10,0,0,0,0,10,999,RFC倉庫,0,0,rf-01-1-25,0,,,
10,71032-00002029,rf-01-1-25,0,老眼鏡,10,0,0,0,0,10,61144,自社倉庫,10,0,rf-01-1-25,0,,,
0,71032-00002030,rf-01-2-10,0,老眼鏡,10,0,0,0,0,10,999,RFC倉庫,0,0,rf-01-2-10,0,,,
10,71032-00002030,rf-01-2-10,0,老眼鏡,10,0,0,0,0,10,61144,自社倉庫,10,0,rf-01-2-10,0,,,
0,71032-00002031,rf-01-2-15,0,老眼鏡,10,0,0,0,0,10,999,RFC倉庫,0,0,rf-01-2-15,0,,,
10,71032-00002031,rf-01-2-15,0,老眼鏡,10,0,0,0,0,10,61144,自社倉庫,10,0,rf-01-2-15,0,,,
0,71032-00002032,rf-01-2-20,0,老眼鏡,9,0,0,0,0,9,999,RFC倉庫,0,0,rf-01-2-20,0,,,
9,71032-00002032,rf-01-2-20,0,老眼鏡,9,0,0,0,0,9,61144,自社倉庫,9,0,rf-01-2-20,0,,,
0,71032-00002033,rf-01-2-25,0,老眼鏡,10,0,0,0,0,10,999,RFC倉庫,0,0,rf-01-2-25,0,,,
10,71032-00002033,rf-01-2-25,0,老眼鏡,10,0,0,0,0,10,61144,自社倉庫,10,0,rf-01-2-25,0,,,
0,71032-00002034,rf-01-3-10,0,老眼鏡,10,0,0,0,0,10,999,RFC倉庫,0,0,rf-01-3-10,0,,,
10,71032-00002034,rf-01-3-10,0,老眼鏡,10,0,0,0,0,10,61144,自社倉庫,10,0,rf-01-3-10,0,,,
0,71032-00002035,rf-01-3-15,0,老眼鏡,10,0,0,0,0,10,999,RFC倉庫,0,0,rf-01-3-15,0,,,
10,71032-00002035,rf-01-3-15,0,老眼鏡,10,0,0,0,0,10,61144,自社倉庫,10,0,rf-01-3-15,0,,,
0,71032-00002036,rf-01-3-20,0,老眼鏡,10,0,0,0,0,10,999,RFC倉庫,0,0,rf-01-3-20,0,,,
10,71032-00002036,rf-01-3-20,0,老眼鏡,10,0,0,0,0,10,61144,自社倉庫,10,0,rf-01-3-20,0,,,
0,71032-00002037,rf-01-3-25,0,老眼鏡,10,0,0,0,0,10,999,RFC倉庫,0,0,rf-01-3-25,0,,,
10,71032-00002037,rf-01-3-25,0,老眼鏡,10,0,0,0,0,10,61144,自社倉庫,10,0,rf-01-3-25,0,,,
0,71032-00002038,rf-02-1-10,0,老眼鏡,10,0,0,0,0,10,999,RFC倉庫,0,0,rf-02-1-10,0,,,
10,71032-00002038,rf-02-1-10,0,老眼鏡,10,0,0,0,0,10,61144,自社倉庫,10,0,rf-02-1-10,0,,,
0,71032-00002039,rf-02-1-15,0,老眼鏡,10,0,0,0,0,10,999,RFC倉庫,0,0,rf-02-1-15,0,,,
10,71032-00002039,rf-02-1-15,0,老眼鏡,10,0,0,0,0,10,61144,自社倉庫,10,0,rf-02-1-15,0,,,
0,71032-00002040,rf-02-1-20,0,老眼鏡,10,0,0,0,0,10,999,RFC倉庫,0,0,rf-02-1-20,0,,,
10,71032-00002040,rf-02-1-20,0,老眼鏡,10,0,0,0,0,10,61144,自社倉庫,10,0,rf-02-1-20,0,,,
0,71032-00002041,rf-02-1-25,0,老眼鏡,10,0,0,0,0,10,999,RFC倉庫,0,0,rf-02-1-25,0,,,
10,71032-00002041,rf-02-1-25,0,老眼鏡,10,0,0,0,0,10,61144,自社倉庫,10,0,rf-02-1-25,0,,,
0,71032-00002042,rf-02-2-10,0,老眼鏡,10,0,0,0,0,10,999,RFC倉庫,0,0,rf-02-2-10,0,,,
10,71032-00002042,rf-02-2-10,0,老眼鏡,10,0,0,0,0,10,61144,自社倉庫,10,0,rf-02-2-10,0,,,
0,71032-00002043,rf-02-2-15,0,老眼鏡,10,0,0,0,0,10,999,RFC倉庫,0,0,rf-02-2-15,0,,,
10,71032-00002043,rf-02-2-15,0,老眼鏡,10,0,0,0,0,10,61144,自社倉庫,10,0,rf-02-2-15,0,,,
0,71032-00002044,rf-02-2-20,0,老眼鏡,10,0,0,0,0,10,999,RFC倉庫,0,0,rf-02-2-20,0,,,
10,71032-00002044,rf-02-2-20,0,老眼鏡,10,0,0,0,0,10,61144,自社倉庫,10,0,rf-02-2-20,0,,,
0,71032-00002045,rf-02-2-25,0,老眼鏡,10,0,0,0,0,10,999,RFC倉庫,0,0,rf-02-2-25,0,,,
10,71032-00002045,rf-02-2-25,0,老眼鏡,10,0,0,0,0,10,61144,自社倉庫,10,0,rf-02-2-25,0,,,
0,71032-00002046,rf-02-3-10,0,老眼鏡,10,0,0,0,0,10,999,RFC倉庫,0,0,rf-02-3-10,0,,,
10,71032-00002046,rf-02-3-10,0,老眼鏡,10,0,0,0,0,10,61144,自社倉庫,10,0,rf-02-3-10,0,,,
0,71032-00002047,rf-02-3-15,0,老眼鏡,10,0,0,0,0,10,999,RFC倉庫,0,0,rf-02-3-15,0,,,
10,71032-00002047,rf-02-3-15,0,老眼鏡,10,0,0,0,0,10,61144,自社倉庫,10,0,rf-02-3-15,0,,,
0,71032-00002048,rf-02-3-20,0,老眼鏡,10,0,0,0,0,10,999,RFC倉庫,0,0,rf-02-3-20,0,,,
10,71032-00002048,rf-02-3-20,0,老眼鏡,10,0,0,0,0,10,61144,自社倉庫,10,0,rf-02-3-20,0,,,
0,71032-00002049,rf-02-3-25,0,老眼鏡,10,0,0,0,0,10,999,RFC倉庫,0,0,rf-02-3-25,0,,,
10,71032-00002049,rf-02-3-25,0,老眼鏡,10,0,0,0,0,10,61144,自社倉庫,10,0,rf-02-3-25,0,,,
0,71032-00002050,rf-03-1-10,0,老眼鏡,10,0,0,0,0,10,999,RFC倉庫,0,0,rf-03-1-10,0,,,
10,71032-00002050,rf-03-1-10,0,老眼鏡,10,0,0,0,0,10,61144,自社倉庫,10,0,rf-03-1-10,0,,,
0,71032-00002051,rf-03-1-15,0,老眼鏡,10,0,0,0,0,10,999,RFC倉庫,0,0,rf-03-1-15,0,,,
10,71032-00002051,rf-03-1-15,0,老眼鏡,10,0,0,0,0,10,61144,自社倉庫,10,0,rf-03-1-15,0,,,
0,71032-00002052,rf-03-1-20,0,老眼鏡,10,0,0,0,0,10,999,RFC倉庫,0,0,rf-03-1-20,0,,,
10,71032-00002052,rf-03-1-20,0,老眼鏡,10,0,0,0,0,10,61144,自社倉庫,10,0,rf-03-1-20,0,,,
0,71032-00002053,rf-03-1-25,0,老眼鏡,10,0,0,0,0,10,999,RFC倉庫,0,0,rf-03-1-25,0,,,
10,71032-00002053,rf-03-1-25,0,老眼鏡,10,0,0,0,0,10,61144,自社倉庫,10,0,rf-03-1-25,0,,,
0,71032-00002054,rf-03-2-10,0,老眼鏡,10,0,0,0,0,10,999,RFC倉庫,0,0,rf-03-2-10,0,,,
10,71032-00002054,rf-03-2-10,0,老眼鏡,10,0,0,0,0,10,61144,自社倉庫,10,0,rf-03-2-10,0,,,
0,71032-00002055,rf-03-2-15,0,老眼鏡,10,0,0,0,0,10,999,RFC倉庫,0,0,rf-03-2-15,0,,,
10,71032-00002055,rf-03-2-15,0,老眼鏡,10,0,0,0,0,10,61144,自社倉庫,10,0,rf-03-2-15,0,,,
0,71032-00002056,rf-03-2-20,0,老眼鏡,10,0,0,0,0,10,999,RFC倉庫,0,0,rf-03-2-20,0,,,
10,71032-00002056,rf-03-2-20,0,老眼鏡,10,0,0,0,0,10,61144,自社倉庫,10,0,rf-03-2-20,0,,,
0,71032-00002057,rf-03-2-25,0,老眼鏡,10,0,0,0,0,10,999,RFC倉庫,0,0,rf-03-2-25,0,,,
10,71032-00002057,rf-03-2-25,0,老眼鏡,10,0,0,0,0,10,61144,自社倉庫,10,0,rf-03-2-25,0,,,
0,71032-00002058,rf-03-3-10,0,老眼鏡,10,0,0,0,0,10,999,RFC倉庫,0,0,rf-03-3-10,0,,,
10,71032-00002058,rf-03-3-10,0,老眼鏡,10,0,0,0,0,10,61144,自社倉庫,10,0,rf-03-3-10,0,,,
0,71032-00002059,rf-03-3-15,0,老眼鏡,10,0,0,0,0,10,999,RFC倉庫,0,0,rf-03-3-15,0,,,
10,71032-00002059,rf-03-3-15,0,老眼鏡,10,0,0,0,0,10,61144,自社倉庫,10,0,rf-03-3-15,0,,,
0,71032-00002060,rf-03-3-20,0,老眼鏡,10,0,0,0,0,10,999,RFC倉庫,0,0,rf-03-3-20,0,,,
10,71032-00002060,rf-03-3-20,0,老眼鏡,10,0,0,0,0,10,61144,自社倉庫,10,0,rf-03-3-20,0,,,
0,71032-00002061,rf-03-3-25,0,老眼鏡,10,0,0,0,0,10,999,RFC倉庫,0,0,rf-03-3-25,0,,,
10,71032-00002061,rf-03-3-25,0,老眼鏡,10,0,0,0,0,10,61144,自社倉庫,10,0,rf-03-3-25,0,,,
