"ブランド","品番","カラーNo","ｻｲｽﾞ","品名","カラー名","OEM区分","倉庫ｺｰﾄﾞ","倉庫名","ﾛｹｰｼｮﾝ","可能在庫数","出荷残数","ｷｰﾌﾟ残数","現在庫数","原単価","原価額","預かり区分","年月度","前月在庫数","入荷数","出荷数","入庫数","出庫数","振替数(+)","振替数(-)","調整数","棚卸差異","未入庫数"
"他社仕入商品","!TA"," ","0","他社仕入商品","　","プロパー","1","物流部倉庫","0","482.00","-4.00","0.00","478.00","0.00","0","自社","2026/09","478.00","0","0","0","0","0","0","0","0","0.00"
"ｲｽﾄﾜｰﾙOEM SG","01002134300","1","0","０１００２１３４３００","ﾌﾞﾗｯｸ","OEM","1","物流部倉庫","0","4.00","0.00","0.00","4.00","507.00","2028","自社","2026/09","4.00","0","0","0","0","0","0","0","0","0.00"
"ﾏｳｼﾞｰSG ﾊﾞﾛｯｸOEM","010JA1566221","060","0","０１０ＪＡ１５６－６２２１","ﾌﾞﾗｳﾝﾃﾞﾐ","OEM","1","物流部倉庫","0","5.00","0.00","0.00","5.00","414.15","2071","自社","2026/09","5.00","0","0","0","0","0","0","0","0","0.00"
"ﾏｳｼﾞｰSG ﾊﾞﾛｯｸOEM","010JA7560781","020","0","０１０ＪＡ７５６－０７８１","ﾌﾞﾗｯｸ","OEM","1","物流部倉庫","0","16.00","0.00","0.00","16.00","333.30","5333","自社","2026/09","16.00","0","0","0","0","0","0","0","0","0.00"
"ﾏｳｼﾞｰSG ﾊﾞﾛｯｸOEM","010JA7560781","083","0","０１０ＪＡ７５６－０７８１","ﾚｯﾄﾞ","OEM","1","物流部倉庫","0","10.00","0.00","0.00","10.00","359.70","3597","自社","2026/09","10.00","0","0","0","0","0","0","0","0","0.00"
"ﾏｳｼﾞｰSG ﾊﾞﾛｯｸOEM","010JA7567021","020","0","０１０ＪＡ７５６－７０２１","ﾌﾞﾗｯｸ","OEM","1","物流部倉庫","0","3.00","0.00","0.00","3.00","589.20","1768","自社","2026/09","3.00","0","0","0","0","0","0","0","0","0.00"
"ﾏｳｼﾞｰSG ﾊﾞﾛｯｸOEM","010JA7567021","065","0","０１０ＪＡ７５６－７０２１","ﾌﾞﾗｳﾝﾃﾞﾐ","OEM","1","物流部倉庫","0","3.00","0.00","0.00","3.00","589.20","1768","自社","2026/09","3.00","0","0","0","0","0","0","0","0","0.00"
"ﾏｳｼﾞｰSG ﾊﾞﾛｯｸOEM","010JA7567031","500","0","０１０ＪＡ７５６－７０３１","ｺﾞｰﾙﾄﾞ","OEM","1","物流部倉庫","0","10.00","0.00","0.00","10.00","641.85","6419","自社","2026/09","10.00","0","0","0","0","0","0","0","0","0.00"
"ﾏｳｼﾞｰSG ﾊﾞﾛｯｸOEM","010JA7567031","510","0","０１０ＪＡ７５６－７０３１","ｼﾙﾊﾞｰ","OEM","1","物流部倉庫","0","10.00","0.00","0.00","10.00","641.85","6419","自社","2026/09","10.00","0","0","0","0","0","0","0","0","0.00"
"ﾏｳｼﾞｰSG ﾊﾞﾛｯｸOEM","010JAQ560721","020","0","０１０ＪＡＱ５６－０７２１","ﾌﾞﾗｯｸ","OEM","1","物流部倉庫","0","5.00","0.00","0.00","5.00","316.80","1584","自社","2026/09","5.00","0","0","0","0","0","0","0","0","0.00"
"ﾏｳｼﾞｰSG ﾊﾞﾛｯｸOEM","010JAQ560721","065","0","０１０ＪＡＱ５６－０７２１","ﾌﾞﾗｳﾝﾃﾞﾐ","OEM","1","物流部倉庫","0","5.00","0.00","0.00","5.00","343.20","1716","自社","2026/09","5.00","0","0","0","0","0","0","0","0","0.00"
"ﾏｳｼﾞｰSG ﾊﾞﾛｯｸOEM","010JS4566771","065","0","０１０ＪＳ４５６－６７７１","ﾌﾞﾗｳﾝﾃﾞﾐ","OEM","1","物流部倉庫","0","9.00","0.00","0.00","9.00","359.70","3237","自社","2026/09","9.00","0","0","0","0","0","0","0","0","0.00"
"ｴﾓﾀﾞSG ﾏｰｸｽﾀｲﾗｰ","042620950201","70","0","０４２６２０９５０２０１","ﾌﾞﾗｳﾝﾃﾞﾐ","OEM","1","物流部倉庫","0","5.00","0.00","0.00","5.00","549.45","2747","自社","2026/09","5.00","0","0","0","0","0","0","0","0","0.00"
"一般既成近眼","1000","1","30","１０００","ｽﾓｰｸｸﾘｱ","プロパー","1","物流部倉庫","0","0.00","0.00","6.00","6.00","783.75","4703","自社","2026/09","6.00","0","0","0","0","0","0","0","0","0.00"
"一般既成近眼","1000","1","40","１０００","ｽﾓｰｸｸﾘｱ","プロパー","1","物流部倉庫","0","0.00","0.00","9.00","9.00","783.75","7054","自社","2026/09","10.00","0.00","1.00","0.00","0.00","0.00","0.00","0.00","0.00","0.00"
"一般既成近眼","1000","1","50","１０００","ｽﾓｰｸｸﾘｱ","プロパー","1","物流部倉庫","0","0.00","0.00","3.00","3.00","833.25","2500","自社","2026/09","3.00","0","0","0","0","0","0","0","0","0.00"
"一般既成近眼","1000","1","60","１０００","ｽﾓｰｸｸﾘｱ","プロパー","1","物流部倉庫","0","0.00","0.00","6.00","6.00","833.25","5000","自社","2026/09","6.00","0","0","0","0","0","0","0","0","0.00"
"一般既成近眼","1000","1","70","１０００","ｽﾓｰｸｸﾘｱ","プロパー","1","物流部倉庫","0","0.00","0.00","61.00","61.00","833.25","50828","自社","2026/09","65.00","0.00","4.00","0.00","0.00","0.00","0.00","0.00","0.00","0.00"
"一般既成近眼","1000","1","80","１０００","ｽﾓｰｸｸﾘｱ","プロパー","1","物流部倉庫","0","0.00","0.00","52.00","52.00","833.25","43329","自社","2026/09","56.00","0.00","4.00","0.00","0.00","0.00","0.00","0.00","0.00","0.00"
"ﾏﾘｰｸﾜﾝﾄSG","226922027","010","0","２２６－９２２０２７","ﾌﾞﾗｯｸ","OEM","1","物流部倉庫","0","30.00","0.00","0.00","30.00","381.15","11435","自社","2026/09","30.00","0","0","0","0","0","0","0","0","0.00"
"ﾏﾘｰｸﾜﾝﾄSG","226922027","020","0","２２６－９２２０２７","ﾐﾙｷｰﾌﾞﾙｰ","OEM","1","物流部倉庫","0","10.00","0.00","0.00","10.00","419.10","4191","自社","2026/09","10.00","0","0","0","0","0","0","0","0","0.00"
"ﾏﾘｰｸﾜﾝﾄSG","226922027","090","0","２２６－９２２０２７","ｸﾘｱﾋﾟﾝｸ","OEM","1","物流部倉庫","0","30.00","0.00","0.00","30.00","419.10","12573","自社","2026/09","30.00","0","0","0","0","0","0","0","0","0.00"
"ﾏﾘｰｸﾜﾝﾄSG","226922027","150","0","２２６－９２２０２７","ｸﾘｱｵﾚﾝｼﾞ","OEM","1","物流部倉庫","0","10.00","0.00","0.00","10.00","419.10","4191","自社","2026/09","10.00","0","0","0","0","0","0","0","0","0.00"
"ﾏﾘｰｸﾜﾝﾄSG","226922028","171","0","２２６－９２２０２８","ﾋﾟﾝｸｺﾞｰﾙﾄﾞ","OEM","1","物流部倉庫","0","5.00","0.00","0.00","5.00","470.25","2351","自社","2026/09","5.00","0","0","0","0","0","0","0","0","0.00"
"ﾏﾘｰｸﾜﾝﾄSG","226922029","170","0","２２６－９２２０２９","ｺﾞｰﾙﾄﾞ","OEM","1","物流部倉庫","0","1.00","0.00","0.00","1.00","470.25","470","自社","2026/09","1.00","0","0","0","0","0","0","0","0","0.00"
"ﾏﾘｰｸﾜﾝﾄSG","226922030","090","0","２２６－９２２０３０","ﾋﾟﾝｸ/ｼﾙﾊﾞｰ","OEM","1","物流部倉庫","0","10.00","0.00","0.00","10.00","392.70","3927","自社","2026/09","10.00","0","0","0","0","0","0","0","0","0.00"
"ﾏﾘｰｸﾜﾝﾄSG","226922030","110","0","２２６－９２２０３０","ﾌﾞﾙｰ/ｼﾙﾊﾞｰ","OEM","1","物流部倉庫","0","10.00","0.00","0.00","10.00","392.70","3927","自社","2026/09","10.00","0","0","0","0","0","0","0","0","0.00"
"ﾏﾘｰｸﾜﾝﾄSG","226922030","150","0","２２６－９２２０３０","ｵﾚﾝｼﾞ/ｼﾙﾊﾞｰｺﾞｰﾙﾄﾞ","OEM","1","物流部倉庫","0","10.00","0.00","0.00","10.00","392.70","3927","自社","2026/09","10.00","0","0","0","0","0","0","0","0","0.00"
"ｱｽﾞｰﾙﾊﾞｲﾏｳｼﾞｰSGﾊﾞﾛｯｸ","250JSB562291","020","0","２５０ＪＳＢ５６－２２９１","ｽﾓｰｸｸﾘｱ","OEM","1","物流部倉庫","0","30.00","0.00","0.00","30.00","300.30","9009","自社","2026/09","30.00","0","0","0","0","0","0","0","0","0.00"
"ｱｽﾞｰﾙﾊﾞｲﾏｳｼﾞｰSGﾊﾞﾛｯｸ","250JSB562291","060","0","２５０ＪＳＢ５６－２２９１","ﾌﾞﾗｳﾝﾃﾞﾐ","OEM","1","物流部倉庫","0","55.00","0.00","0.00","55.00","300.30","16517","自社","2026/09","55.00","0","0","0","0","0","0","0","0","0.00"
"ﾄｰﾏﾝﾄｲｽﾞOEM","2607EEVEE","1","0","２６０７＿ＴＰＥ＿イーブイ","ﾌﾞﾗｳﾝ","OEM","1","物流部倉庫","0","139.00","0.00","0.00","139.00","838.20","116510","自社","2026/09","139.00","0","0","0","0","0","0","0","0","0.00"
"ﾄｰﾏﾝﾄｲｽﾞOEM","2607PIKACHU","1","0","２６０７＿ＴＰＥ＿ピカチュウ","ｲｴﾛｰｺﾞｰﾙﾄﾞ","OEM","1","物流部倉庫","0","74.00","0.00","0.00","74.00","838.20","62027","自社","2026/09","74.00","0","0","0","0","0","0","0","0","0.00"
"一般SG","3010","21","0","３０１０","ｼﾙﾊﾞｰ","プロパー","1","物流部倉庫","0","81.00","0.00","0.00","81.00","377.85","30606","自社","2026/09","81.00","0","0","0","0","0","0","0","0","0.00"
"一般SG","3010","41","0","３０１０","ｶﾞﾝﾒｯｷ","プロパー","1","物流部倉庫","0","9.00","0.00","0.00","9.00","377.85","3401","自社","2026/09","9.00","0","0","0","0","0","0","0","0","0.00"
"一般SG","3010","42","0","３０１０","ﾌﾞﾗｳﾝ","プロパー","1","物流部倉庫","0","7.00","0.00","0.00","7.00","377.85","2645","自社","2026/09","7.00","0","0","0","0","0","0","0","0","0.00"
"一般SG","3012","1","0","３０１２","ｼﾙﾊﾞｰ","プロパー","1","物流部倉庫","0","442.00","0.00","53.00","495.00","356.40","176418","自社","2026/09","499.00","0.00","3.00","0.00","1.00","0.00","0.00","0.00","0.00","0.00"
"一般SG","3012","11","0","３０１２","ﾌﾞﾗｯｸ","プロパー","1","物流部倉庫","0","46.00","0.00","0.00","46.00","356.40","16394","自社","2026/09","46.00","0","0","0","0","0","0","0","0","0.00"
"一般SG","3012","21","0","３０１２","ｼﾙﾊﾞｰ","プロパー","1","物流部倉庫","0","368.00","0.00","12.00","380.00","356.40","135432","自社","2026/09","381.00","0.00","1.00","0.00","0.00","0.00","0.00","0.00","0.00","0.00"
"一般SG","3012","22","0","３０１２","ﾌﾞﾗｳﾝ","プロパー","1","物流部倉庫","0","115.00","0.00","31.00","146.00","382.80","55889","自社","2026/09","192.00","0.00","2.00","0.00","44.00","0.00","0.00","0.00","0.00","0.00"
"一般SG","3012","3","0","３０１２","ｼﾙﾊﾞｰ","プロパー","1","物流部倉庫","0","0.00","0.00","1.00","1.00","356.40","356","自社","2026/09","3.00","0.00","2.00","0.00","0.00","0.00","0.00","0.00","0.00","0.00"
"一般SG","3012","32","0","３０１２","ｼﾙﾊﾞｰｺﾞｰﾙﾄﾞ","プロパー","1","物流部倉庫","0","6.00","0.00","0.00","6.00","424.60","2548","自社","2026/09","6.00","0","0","0","0","0","0","0","0","0.00"
"一般SG","3022","1","0","３０２２","ｼﾙﾊﾞｰ/ﾌﾞﾗｯｸ","プロパー","1","物流部倉庫","0","0.00","0.00","2.00","2.00","415.80","832","自社","2026/09","2.00","0","0","0","0","0","0","0","0","0.00"
"一般SG","3022","2","0","３０２２","ｺﾞｰﾙﾄﾞ/ﾍﾞｰｼﾞｭ","プロパー","1","物流部倉庫","0","0.00","0.00","1.00","1.00","415.80","416","自社","2026/09","1.00","0","0","0","0","0","0","0","0","0.00"
"一般SG","3056","1","0","３０５６","ｼﾙﾊﾞｰﾏｯﾄ","プロパー","1","物流部倉庫","0","100.00","0.00","58.00","158.00","419.10","66218","自社","2026/09","199.00","0.00","0.00","2.00","43.00","0.00","0.00","0.00","0.00","0.00"
"一般SG","3056","2","0","３０５６","ｺﾞｰﾙﾄﾞ","プロパー","1","物流部倉庫","0","39.00","1.00","146.00","186.00","419.10","77953","自社","2026/09","221.00","0.00","1.00","2.00","36.00","0.00","0.00","0.00","0.00","1.00"
"一般SG","3056","9","0","３０５６","ｼﾙﾊﾞｰｺﾞｰﾙﾄﾞ","プロパー","1","物流部倉庫","0","620.00","1.00","170.00","791.00","419.10","331508","自社","2026/09","495.00","0.00","0.00","301.00","5.00","0.00","0.00","0.00","0.00","1.00"
"一般SG","3063","11","0","３０６３","ｼﾙﾊﾞｰﾏｯﾄ","プロパー","1","物流部倉庫","0","105.00","0.00","166.00","271.00","310.20","84064","自社","2026/09","303.00","0.00","20.00","1.00","13.00","0.00","0.00","0.00","0.00","0.00"
"一般SG","3063","12","0","３０６３","ｼﾙﾊﾞｰｺﾞｰﾙﾄﾞ","プロパー","1","物流部倉庫","0","9.00","0.00","139.00","148.00","310.20","45910","自社","2026/09","150.00","0.00","2.00","0.00","0.00","0.00","0.00","0.00","0.00","0.00"
"一般SG","3063","2","0","３０６３","ｺﾞｰﾙﾄﾞ","プロパー","1","物流部倉庫","0","229.00","0.00","199.00","428.00","310.20","132766","自社","2026/09","447.00","0.00","9.00","1.00","11.00","0.00","0.00","0.00","0.00","0.00"
"一般SG","3063","9","0","３０６３","ｼﾙﾊﾞｰ","プロパー","1","物流部倉庫","0","19.00","0.00","342.00","361.00","310.20","111982","自社","2026/09","387.00","0.00","6.00","1.00","21.00","0.00","0.00","0.00","0.00","0.00"
"一般SG","3083","1","0","３０８３","ｼﾙﾊﾞｰﾏｯﾄ","プロパー","1","物流部倉庫","0","12.00","0.00","60.00","72.00","404.25","29106","自社","2026/09","77.00","0.00","3.00","0.00","2.00","0.00","0.00","0.00","0.00","0.00"
"一般SG","3083","12","0","３０８３","ﾀﾞｰｸﾌﾞﾗｳﾝ","プロパー","1","物流部倉庫","0","125.00","0.00","37.00","162.00","404.25","65489","自社","2026/09","212.00","0.00","0.00","0.00","50.00","0.00","0.00","0.00","0.00","0.00"
"一般SG","3083","2","0","３０８３","ｼﾙﾊﾞｰﾏｯﾄ","プロパー","1","物流部倉庫","0","20.00","0.00","37.00","57.00","404.25","23042","自社","2026/09","80.00","0.00","0.00","0.00","23.00","0.00","0.00","0.00","0.00","0.00"
"一般SG","3083","3","0","３０８３","ｼﾙﾊﾞｰﾏｯﾄ","プロパー","1","物流部倉庫","0","195.00","0.00","0.00","195.00","404.25","78829","自社","2026/09","197.00","0.00","1.00","0.00","1.00","0.00","0.00","0.00","0.00","0.00"
"一般SG","3100","11","0","３１００","ｼﾙﾊﾞｰ/ﾌﾞﾗｯｸ","プロパー","1","物流部倉庫","0","214.00","0.00","56.00","270.00","366.30","98901","自社","2026/09","318.00","0.00","44.00","0.00","4.00","0.00","0.00","0.00","0.00","0.00"
"一般SG","3100","12","0","３１００","ｼﾙﾊﾞｰｺﾞｰﾙﾄﾞ/ﾌﾞﾗｳﾝﾃﾞﾐ","プロパー","1","物流部倉庫","0","0.00","0.00","10.00","10.00","339.90","3399","自社","2026/09","60.00","0.00","42.00","0.00","8.00","0.00","0.00","0.00","0.00","0.00"
"一般SG","3100","8","0","３１００","ｼﾙﾊﾞ-ｺﾞｰﾙﾄﾞ","プロパー","1","物流部倉庫","0","51.00","0.00","43.00","94.00","339.90","31951","自社","2026/09","100.00","0.00","2.00","0.00","4.00","0.00","0.00","0.00","0.00","0.00"
"一般SG","3124","11","0","３１２４","ｼﾙﾊﾞｰ/ﾌﾞﾗｯｸ","プロパー","1","物流部倉庫","0","48.00","0.00","109.00","157.00","377.85","59322","自社","2026/09","157.00","0","0","0","0","0","0","0","0","0.00"
"一般SG","3124","12","0","３１２４","ｼﾙﾊﾞｰｺﾞｰﾙﾄﾞ/ﾌﾞﾗｳﾝﾃﾞﾐ","プロパー","1","物流部倉庫","0","77.00","0.00","110.00","187.00","377.85","70658","自社","2026/09","187.00","0","0","0","0","0","0","0","0","0.00"
"一般SG","3125","1","0","３１２５","ｼﾙﾊﾞｰ/ｸﾘｱ","プロパー","1","物流部倉庫","0","70.00","0.00","36.00","106.00","339.90","36029","自社","2026/09","122.00","0.00","4.00","0.00","12.00","0.00","0.00","0.00","0.00","0.00"
"一般SG","3125","11","0","３１２５","ｼﾙﾊﾞｰ/ｸﾘｱ","プロパー","1","物流部倉庫","0","286.00","0.00","0.00","286.00","339.90","97211","自社","2026/09","292.00","0.00","2.00","0.00","4.00","0.00","0.00","0.00","0.00","0.00"
"一般SG","3125","12","0","３１２５","ｼﾙﾊﾞｰｺﾞｰﾙﾄﾞ/ﾌﾞﾗｳﾝﾃﾞﾐ","プロパー","1","物流部倉庫","0","278.00","0.00","137.00","415.00","339.90","141059","自社","2026/09","420.00","0.00","1.00","0.00","4.00","0.00","0.00","0.00","0.00","0.00"
"一般SG","3125","2","0","３１２５","ｼﾙﾊﾞｰｺﾞｰﾙﾄﾞ/ﾌﾞﾗｳﾝﾃﾞﾐ","プロパー","1","物流部倉庫","0","205.00","1.00","209.00","415.00","339.90","141059","自社","2026/09","432.00","0.00","5.00","0.00","12.00","0.00","0.00","0.00","0.00","0.00"
"一般SG","3134","1","0","３１３４","ｼﾙﾊﾞｰ","プロパー","1","物流部倉庫","0","0.00","0.00","1.00","1.00","470.25","470","自社","2026/09","1.00","0","0","0","0","0","0","0","0","0.00"
"一般SG","3134A","1","0","３１３４Ａ","ｼﾙﾊﾞｰ","プロパー","1","物流部倉庫","0","47.00","0.00","162.00","209.00","366.30","76557","自社","2026/09","217.00","0.00","2.00","0.00","6.00","0.00","0.00","0.00","0.00","0.00"
"一般SG","3134A","11","0","３１３４Ａ","ｸﾞﾚｰ","プロパー","1","物流部倉庫","0","489.00","0.00","23.00","512.00","366.30","187546","自社","2026/09","355.00","0.00","1.00","159.00","1.00","0.00","0.00","0.00","0.00","0.00"
"一般SG","3134A","2","0","３１３４Ａ","ﾌﾞﾗｳﾝ","プロパー","1","物流部倉庫","0","568.00","0.00","35.00","603.00","366.30","220879","自社","2026/09","316.00","0.00","0.00","287.00","0.00","0.00","0.00","0.00","0.00","0.00"
"一般SG","3135","1","0","３１３５","ｼﾙﾊﾞｰ/ｸﾘｱ","プロパー","1","物流部倉庫","0","0.00","0.00","5.00","5.00","339.90","1700","自社","2026/09","8.00","0.00","3.00","0.00","0.00","0.00","0.00","0.00","0.00","0.00"
"一般SG","3135","2","0","３１３５","ｼﾙﾊﾞｰｺﾞｰﾙﾄﾞ/ﾌﾞﾗｳﾝﾃﾞﾐ","プロパー","1","物流部倉庫","0","0.00","0.00","47.00","47.00","339.90","15975","自社","2026/09","61.00","0.00","6.00","0.00","8.00","0.00","0.00","0.00","0.00","0.00"
"一般SG","3144","1","0","３１４４","ｼﾙﾊﾞｰ","プロパー","1","物流部倉庫","0","325.00","0.00","0.00","325.00","483.45","157121","自社","2026/09","330.00","0.00","3.00","0.00","2.00","0.00","0.00","0.00","0.00","0.00"
"一般SG","3144","11","0","３１４４","ｼﾙﾊﾞｰ","プロパー","1","物流部倉庫","0","172.00","2.00","5.00","179.00","483.45","86538","自社","2026/09","179.00","0","0","0","0","0","0","0","0","0.00"
"一般SG","3144","12","0","３１４４","ｺﾞｰﾙﾄﾞ","プロパー","1","物流部倉庫","0","136.00","1.00","5.00","142.00","458.70","65135","自社","2026/09","144.00","0.00","2.00","0.00","0.00","0.00","0.00","0.00","0.00","0.00"
"一般SG","3144","2","0","３１４４","ｺﾞｰﾙﾄﾞ","プロパー","1","物流部倉庫","0","321.00","0.00","2.00","323.00","496.65","160418","自社","2026/09","324.00","0.00","1.00","0.00","0.00","0.00","0.00","0.00","0.00","0.00"
"一般SG","3145","1","0","３１４５","ｼﾙﾊﾞｰ/ｸﾘｱ","プロパー","1","物流部倉庫","0","28.00","0.00","0.00","28.00","339.90","9517","自社","2026/09","28.00","0","0","0","0","0","0","0","0","0.00"
"一般SG","3145","2","0","３１４５","ｼﾙﾊﾞｰｺﾞｰﾙﾄﾞ/ﾌﾞﾗｳﾝﾃﾞﾐ","プロパー","1","物流部倉庫","0","47.00","0.00","0.00","47.00","339.90","15975","自社","2026/09","47.00","0","0","0","0","0","0","0","0","0.00"
"ﾛﾃﾞｵｸﾗｳﾝｽﾞSG ﾊﾞﾛｯｸ","420JSY561731","065","0","４２０ＪＳＹ５６－１７３１","ﾌﾞﾗｳﾝﾃﾞﾐ","OEM","1","物流部倉庫","0","6.00","0.00","0.00","6.00","287.10","1723","自社","2026/09","6.00","0","0","0","0","0","0","0","0","0.00"
"ﾛﾃﾞｵｸﾗｳﾝｽﾞSG ﾊﾞﾛｯｸ","420JSY562491","025","0","４２０ＪＳＹ５６－２４９１","ﾌﾞﾗｯｸ","OEM","1","物流部倉庫","0","10.00","0.00","0.00","10.00","442.20","4422","自社","2026/09","10.00","0","0","0","0","0","0","0","0","0.00"
"ﾛﾃﾞｵｸﾗｳﾝｽﾞSG ﾊﾞﾛｯｸ","420JSY562491","060","0","４２０ＪＳＹ５６－２４９１","ﾌﾞﾗｳﾝﾃﾞﾐ","OEM","1","物流部倉庫","0","10.00","0.00","0.00","10.00","301.95","3020","自社","2026/09","10.00","0","0","0","0","0","0","0","0","0.00"
"ﾛﾃﾞｵｸﾗｳﾝｽﾞSG ﾊﾞﾛｯｸ","420JSY562491","075","0","４２０ＪＳＹ５６－２４９１","ｼｬﾝﾊﾟﾝｸﾘｱ","OEM","1","物流部倉庫","0","10.00","0.00","0.00","10.00","303.60","3036","自社","2026/09","10.00","0","0","0","0","0","0","0","0","0.00"
"ﾛﾃﾞｵｸﾗｳﾝｽﾞSG ﾊﾞﾛｯｸ","420JSY562501","020","0","４２０ＪＳＹ５６－２５０１","ﾌﾞﾗｯｸ","OEM","1","物流部倉庫","0","10.00","0.00","0.00","10.00","354.75","3548","自社","2026/09","10.00","0","0","0","0","0","0","0","0","0.00"
"ﾛﾃﾞｵｸﾗｳﾝｽﾞSG ﾊﾞﾛｯｸ","420JSY562501","060","0","４２０ＪＳＹ５６－２５０１","ﾌﾞﾗｳﾝｸﾘｱ","OEM","1","物流部倉庫","0","5.00","0.00","0.00","5.00","354.75","1774","自社","2026/09","5.00","0","0","0","0","0","0","0","0","0.00"
"ﾛﾃﾞｵｸﾗｳﾝｽﾞSG ﾊﾞﾛｯｸ","420JSY562501","160","0","４２０ＪＳＹ５６－２５０１","ﾊﾟｰﾌﾟﾙｸﾘｱ","OEM","1","物流部倉庫","0","5.00","0.00","0.00","5.00","354.75","1774","自社","2026/09","5.00","0","0","0","0","0","0","0","0","0.00"
"一般SG","5003","1","0","５００３","ﾌﾞﾗｯｸ","プロパー","1","物流部倉庫","0","218.00","0.00","568.00","786.00","297.00","233442","自社","2026/09","686.00","0.00","39.00","146.00","7.00","0.00","0.00","0.00","0.00","0.00"
"一般SG","5003","11","0","５００３","ﾌﾞﾗｯｸ","プロパー","1","物流部倉庫","0","0.00","0.00","182.00","182.00","297.00","54054","自社","2026/09","270.00","0.00","388.00","301.00","1.00","0.00","0.00","0.00","0.00","0.00"
"一般SG","5003","2","0","５００３","ﾌﾞﾗｳﾝﾃﾞﾐ","プロパー","1","物流部倉庫","0","181.00","0.00","366.00","547.00","297.00","162459","自社","2026/09","534.00","0.00","25.00","41.00","3.00","0.00","0.00","0.00","0.00","0.00"
"一般SG","5003","21","0","５００３","ｸﾞﾚｰｸﾘｱ","プロパー","1","物流部倉庫","0","0.00","0.00","57.00","57.00","297.00","16929","自社","2026/09","57.00","0.00","300.00","300.00","0.00","0.00","0.00","0.00","0.00","0.00"
"一般SG","5003","22","0","５００３","ﾌﾞﾗｳﾝｸﾘｱ","プロパー","1","物流部倉庫","0","85.00","0.00","155.00","240.00","297.00","71280","自社","2026/09","253.00","0.00","312.00","301.00","2.00","0.00","0.00","0.00","0.00","0.00"
"一般SG","5003","42","0","５００３","ﾌﾞﾗｳﾝﾃﾞﾐ","プロパー","1","物流部倉庫","0","207.00","0.00","50.00","257.00","297.00","76329","自社","2026/09","259.00","0.00","2.00","0.00","0.00","0.00","0.00","0.00","0.00","0.00"
"一般SG","5003","8","0","５００３","ｶｰｷｸﾘｱ","プロパー","1","物流部倉庫","0","0.00","0.00","42.00","42.00","297.00","12474","自社","2026/09","60.00","0.00","316.00","301.00","3.00","0.00","0.00","0.00","0.00","0.00"
"一般SG","5005","1","0","５００５","ﾌﾞﾗｯｸ","プロパー","1","物流部倉庫","0","93.00","0.00","96.00","189.00","353.10","66736","自社","2026/09","198.00","0.00","4.00","0.00","5.00","0.00","0.00","0.00","0.00","0.00"
"一般SG","5005","11","0","５００５","ﾌﾞﾗｯｸ","プロパー","1","物流部倉庫","0","35.00","0.00","96.00","131.00","396.00","51876","自社","2026/09","138.00","0.00","3.00","0.00","4.00","0.00","0.00","0.00","0.00","0.00"
"一般SG","5005","11B","0","５００５","ﾌﾞﾗｯｸ","プロパー","1","物流部倉庫","0","0.00","0.00","1.00","1.00","353.10","353","自社","2026/09","1.00","0","0","0","0","0","0","0","0","0.00"
"一般SG","5005","2","0","５００５","ﾌﾞﾗｳﾝﾃﾞﾐ","プロパー","1","物流部倉庫","0","0.00","0.00","57.00","57.00","379.50","21632","自社","2026/09","63.00","0.00","4.00","0.00","2.00","0.00","0.00","0.00","0.00","0.00"
"一般SG","5005","21","0","５００５","ｸﾞﾚｰｸﾘｱ","プロパー","1","物流部倉庫","0","108.00","0.00","25.00","133.00","415.10","55208","自社","2026/09","133.00","0","0","0","0","0","0","0","0","0.00"
"一般SG","5005","31","0","５００５","ｽﾓｰｸｸﾘｱ","プロパー","1","物流部倉庫","0","137.00","0.00","10.00","147.00","353.10","51906","自社","2026/09","150.00","0.00","3.00","0.00","0.00","0.00","0.00","0.00","0.00","0.00"
"一般SG","5005","9","0","５００５","ｸﾘｱ","プロパー","1","物流部倉庫","0","94.00","0.00","40.00","134.00","353.10","47315","自社","2026/09","134.00","0","0","0","0","0","0","0","0","0.00"
"一般SG","5010","1","0","５０１０","ﾌﾞﾗｯｸ","プロパー","1","物流部倉庫","0","0.00","0.00","172.00","172.00","247.50","42570","自社","2026/09","181.00","0.00","3.00","0.00","6.00","0.00","0.00","0.00","0.00","0.00"
"一般SG","5010","11","0","５０１０","ｽﾓｰｸｸﾘｱ","プロパー","1","物流部倉庫","0","0.00","0.00","229.00","229.00","247.50","56678","自社","2026/09","231.00","0.00","2.00","0.00","0.00","0.00","0.00","0.00","0.00","0.00"
"一般SG","5010","16","0","５０１０","ﾋﾟﾝｸｸﾘｱ","プロパー","1","物流部倉庫","0","2.00","0.00","75.00","77.00","288.75","22234","自社","2026/09","77.00","0","0","0","0","0","0","0","0","0.00"
"一般SG","5010","32","0","５０１０","ﾗｲﾄﾌﾞﾗｳﾝｸﾘｱ","プロパー","1","物流部倉庫","0","50.00","0.00","43.00","93.00","288.75","26854","自社","2026/09","93.00","0","0","0","0","0","0","0","0","0.00"
"一般SG","5010","41","0","５０１０","ﾌﾞﾗｯｸ","プロパー","1","物流部倉庫","0","0.00","0.00","8.00","8.00","247.50","1980","自社","2026/09","8.00","0","0","0","0","0","0","0","0","0.00"
"一般SG","5010","42","0","５０１０","ﾌﾞﾗｳﾝｸﾘｱ","プロパー","1","物流部倉庫","0","228.00","0.00","50.00","278.00","288.75","80273","自社","2026/09","279.00","0.00","0.00","0.00","1.00","0.00","0.00","0.00","0.00","0.00"
"一般SG","5010","52","0","５０１０","ﾗｲﾄﾌﾞﾗｳﾝｸﾘｱ","プロパー","1","物流部倉庫","0","53.00","1.00","50.00","104.00","0.00","-100860","自社","2026/09","105.00","0.00","1.00","0.00","0.00","0.00","0.00","0.00","0.00","0.00"
"一般SG","5010P","1","0","５０１０Ｐ","ﾌﾞﾗｯｸ","プロパー","1","物流部倉庫","0","0.00","0.00","116.00","116.00","346.50","40194","自社","2026/09","116.00","0","0","0","0","0","0","0","0","0.00"
"一般SG","5010P","11","0","５０１０Ｐ","ｽﾓｰｸｸﾘｱ","プロパー","1","物流部倉庫","0","0.00","0.00","1.00","1.00","346.50","347","自社","2026/09","1.00","0","0","0","0","0","0","0","0","0.00"
"一般SG","5012","1","0","５０１２","ﾌﾞﾗｯｸ","プロパー","1","物流部倉庫","0","473.00","0.00","85.00","558.00","250.80","139946","自社","2026/09","566.00","0.00","3.00","0.00","5.00","0.00","0.00","0.00","0.00","0.00"
"一般SG","5012","12","0","５０１２","ﾌﾞﾗｳﾝｸﾘｱ","プロパー","1","物流部倉庫","0","2.00","0.00","35.00","37.00","242.55","8974","自社","2026/09","39.00","0.00","2.00","0.00","0.00","0.00","0.00","0.00","0.00","0.00"
"一般SG","5012","18","0","５０１２","ｵﾘｰﾌﾞｸﾘｱ","プロパー","1","物流部倉庫","0","94.00","0.00","15.00","109.00","242.55","26438","自社","2026/09","110.00","0.00","0.00","0.00","1.00","0.00","0.00","0.00","0.00","0.00"
"一般SG","5012","21","0","５０１２","ｸﾞﾚｰｸﾘｱ","プロパー","1","物流部倉庫","0","312.00","0.00","139.00","451.00","242.55","109390","自社","2026/09","458.00","0.00","4.00","0.00","3.00","0.00","0.00","0.00","0.00","0.00"
"一般SG","5012","22","0","５０１２","ﾌﾞﾗｳﾝﾃﾞﾐ","プロパー","1","物流部倉庫","0","0.00","0.00","1.00","1.00","270.60","271","自社","2026/09","1.00","0","0","0","0","0","0","0","0","0.00"
"一般SG","5012","31","0","５０１２","ﾌﾞﾗｯｸ","プロパー","1","物流部倉庫","0","180.00","0.00","92.00","272.00","242.55","65974","自社","2026/09","280.00","0.00","2.00","0.00","6.00","0.00","0.00","0.00","0.00","0.00"
"一般SG","5012","42","0","５０１２","ﾐﾙｷｰﾌﾞﾗｳﾝ","プロパー","1","物流部倉庫","0","1.00","0.00","33.00","34.00","242.55","8247","自社","2026/09","36.00","0.00","2.00","0.00","0.00","0.00","0.00","0.00","0.00","0.00"
"一般SG","5012","52","0","５０１２","ﾌﾞﾗｳﾝｸﾘｱ","プロパー","1","物流部倉庫","0","221.00","0.00","133.00","354.00","242.55","85863","自社","2026/09","364.00","0.00","3.00","0.00","7.00","0.00","0.00","0.00","0.00","0.00"
"一般SG","5012","62","0","５０１２","ﾍﾞｰｼﾞｭｸﾘｱ","プロパー","1","物流部倉庫","0","92.00","0.00","165.00","257.00","242.55","62335","自社","2026/09","264.00","0.00","2.00","0.00","5.00","0.00","0.00","0.00","0.00","0.00"
"一般SG","5013","1","0","５０１３","ﾌﾞﾗｯｸ","プロパー","1","物流部倉庫","0","323.00","0.00","218.00","541.00","297.00","160677","自社","2026/09","550.00","0.00","2.00","0.00","7.00","0.00","0.00","0.00","0.00","1.00"
"一般SG","5013","11","0","５０１３","ﾌﾞﾗｯｸ","プロパー","1","物流部倉庫","0","1.00","0.00","215.00","216.00","297.00","64152","自社","2026/09","225.00","0.00","3.00","0.00","6.00","0.00","0.00","0.00","0.00","1.00"
"一般SG","5013","12","0","５０１３","ﾐﾙｷｰﾌﾞﾗｳﾝ","プロパー","1","物流部倉庫","0","33.00","0.00","0.00","33.00","297.00","9801","自社","2026/09","34.00","0.00","1.00","0.00","0.00","0.00","0.00","0.00","0.00","0.00"
"一般SG","5013","19","0","５０１３","ﾗｲﾄﾌﾞﾗｳﾝｸﾘｱ","プロパー","1","物流部倉庫","0","186.00","0.00","23.00","209.00","297.00","62073","自社","2026/09","209.00","0","0","0","0","0","0","0","0","0.00"
"一般SG","5013","2","0","５０１３","ﾌﾞﾗｳﾝﾃﾞﾐ","プロパー","1","物流部倉庫","0","0.00","0.00","204.00","204.00","297.00","60588","自社","2026/09","215.00","0.00","5.00","0.00","6.00","0.00","0.00","0.00","0.00","1.00"
"一般SG","5013","21","0","５０１３","ﾐﾙｷｰｸﾞﾚｰ","プロパー","1","物流部倉庫","0","67.00","0.00","0.00","67.00","297.00","19899","自社","2026/09","67.00","0","0","0","0","0","0","0","0","0.00"
"一般SG","5013","31","0","５０１３","ﾗｲﾄｸﾞﾚｰｸﾘｱ","プロパー","1","物流部倉庫","0","47.00","0.00","23.00","70.00","297.00","20790","自社","2026/09","70.00","0","0","0","0","0","0","0","0","0.00"
"一般SG","5013","9","0","５０１３","ﾗｲﾄﾌﾞﾗｳﾝｸﾘｱ","プロパー","1","物流部倉庫","0","6.00","0.00","1.00","7.00","311.85","2183","自社","2026/09","7.00","0","0","0","0","0","0","0","0","0.00"
"一般SG","5015","1","0","５０１５","ﾌﾞﾗｯｸ","プロパー","1","物流部倉庫","0","244.00","0.00","63.00","307.00","380.10","116691","自社","2026/09","317.00","0.00","4.00","0.00","6.00","0.00","0.00","0.00","0.00","0.00"
"一般SG","5015","12","0","５０１５","ﾐﾙｷｰﾌﾞﾗｳﾝ","プロパー","1","物流部倉庫","0","193.00","0.00","0.00","193.00","380.10","73359","自社","2026/09","193.00","0","0","0","0","0","0","0","0","0.00"
"一般SG","5015","2","0","５０１５","ﾌﾞﾗｳﾝﾃﾞﾐ","プロパー","1","物流部倉庫","0","193.00","0.00","61.00","254.00","380.10","96545","自社","2026/09","261.00","0.00","2.00","0.00","5.00","0.00","0.00","0.00","0.00","0.00"
"一般SG","5015","6","0","５０１５","ﾋﾟﾝｸｸﾘｱ","プロパー","1","物流部倉庫","0","144.00","0.00","23.00","167.00","380.10","63477","自社","2026/09","167.00","0","0","0","0","0","0","0","0","0.00"
"一般SG","5020","1","0","５０２０","ﾌﾞﾗｯｸ","プロパー","1","物流部倉庫","0","0.00","0.00","116.00","116.00","283.80","32921","自社","2026/09","122.00","0.00","3.00","0.00","3.00","0.00","0.00","0.00","0.00","0.00"
"一般SG","5020","12","0","５０２０","ﾌﾞﾗｳﾝﾃﾞﾐ","プロパー","1","物流部倉庫","0","0.00","0.00","67.00","67.00","283.80","19015","自社","2026/09","70.00","0.00","3.00","0.00","0.00","0.00","0.00","0.00","0.00","0.00"
"一般SG","5024","1","0","５０２４","ｸﾞﾚｰｸﾘｱ","プロパー","1","物流部倉庫","0","115.00","0.00","84.00","199.00","242.55","48267","自社","2026/09","204.00","0.00","4.00","0.00","1.00","0.00","0.00","0.00","0.00","0.00"
"一般SG","5024","2","0","５０２４","ﾌﾞﾗｳﾝﾃﾞﾐ","プロパー","1","物流部倉庫","0","131.00","0.00","83.00","214.00","270.60","57908","自社","2026/09","219.00","0.00","2.00","0.00","3.00","0.00","0.00","0.00","0.00","0.00"
"一般SG","5024","3","0","５０２４","ﾌﾞﾗｯｸ","プロパー","1","物流部倉庫","0","140.00","0.00","92.00","232.00","242.55","56272","自社","2026/09","236.00","0.00","3.00","0.00","1.00","0.00","0.00","0.00","0.00","0.00"
"一般SG","5024","8","0","５０２４","ﾌﾞﾗｯｸ","プロパー","1","物流部倉庫","0","210.00","0.00","87.00","297.00","242.55","72037","自社","2026/09","302.00","0.00","2.00","0.00","3.00","0.00","0.00","0.00","0.00","0.00"
"一般SG","5025","1","0","５０２５","ﾌﾞﾗｯｸ","プロパー","1","物流部倉庫","0","1.00","0.00","69.00","70.00","292.05","20444","自社","2026/09","70.00","0.00","0.00","1.00","1.00","0.00","0.00","0.00","0.00","0.00"
"一般SG","5025","2","0","５０２５","ﾌﾞﾗｳﾝｸﾘｱ","プロパー","1","物流部倉庫","0","462.00","0.00","72.00","534.00","316.80","169171","自社","2026/09","536.00","0.00","2.00","1.00","1.00","0.00","0.00","0.00","0.00","0.00"
"一般SG","5032","21","0","５０３２","ﾌﾞﾗｯｸ","プロパー","1","物流部倉庫","0","128.00","0.00","59.00","187.00","242.55","45357","自社","2026/09","202.00","0.00","5.00","0.00","10.00","0.00","0.00","0.00","0.00","1.00"
"一般SG","5032","32","0","５０３２","ﾌﾞﾗｳﾝｸﾘｱ","プロパー","1","物流部倉庫","0","249.00","0.00","126.00","375.00","242.55","90956","自社","2026/09","383.00","0.00","2.00","0.00","6.00","0.00","0.00","0.00","0.00","0.00"
"一般SG","5032","41","0","５０３２","ｽﾓｰｸｸﾘｱ","プロパー","1","物流部倉庫","0","254.00","0.00","64.00","318.00","242.55","77131","自社","2026/09","327.00","0.00","6.00","0.00","3.00","0.00","0.00","0.00","0.00","1.00"
"一般SG","5032","42","0","５０３２","ﾌﾞﾗｳﾝﾃﾞﾐ","プロパー","1","物流部倉庫","0","188.00","0.00","84.00","272.00","270.60","73603","自社","2026/09","288.00","0.00","4.00","1.00","13.00","0.00","0.00","0.00","0.00","1.00"
"一般SG","5032","51","0","５０３２","ﾌﾞﾗｯｸ","プロパー","1","物流部倉庫","0","0.00","0.00","1.00","1.00","242.55","243","自社","2026/09","1.00","0","0","0","0","0","0","0","0","0.00"
"一般SG","5032","52","0","５０３２","ｼｬﾝﾊﾟﾝｸﾘｱ","プロパー","1","物流部倉庫","0","444.00","0.00","76.00","520.00","235.95","122694","自社","2026/09","526.00","0.00","2.00","0.00","4.00","0.00","0.00","0.00","0.00","0.00"
"一般SG","5043","1","0","５０４３","ﾌﾞﾗｯｸ","プロパー","1","物流部倉庫","0","650.00","0.00","105.00","755.00","242.55","183125","自社","2026/09","759.00","0.00","4.00","0.00","0.00","0.00","0.00","0.00","0.00","0.00"
"一般SG","5043","11","0","５０４３","ﾌﾞﾗｯｸ","プロパー","1","物流部倉庫","0","91.00","0.00","57.00","148.00","242.55","35897","自社","2026/09","226.00","0.00","11.00","0.00","67.00","0.00","0.00","0.00","0.00","0.00"
"一般SG","5043","12","0","５０４３","ﾌﾞﾗｳﾝﾃﾞﾐ","プロパー","1","物流部倉庫","0","0.00","0.00","24.00","24.00","270.60","6494","自社","2026/09","35.00","0.00","7.00","0.00","4.00","0.00","0.00","0.00","0.00","0.00"
"一般SG","5043","2","0","５０４３","ﾌﾞﾗｳﾝﾃﾞﾐ","プロパー","1","物流部倉庫","0","102.00","0.00","53.00","155.00","270.60","41943","自社","2026/09","165.00","0.00","4.00","0.00","6.00","0.00","0.00","0.00","0.00","0.00"
"一般SG","5043","21","0","５０４３","ﾗｲﾄｸﾞﾚｰ","プロパー","1","物流部倉庫","0","263.00","0.00","23.00","286.00","242.55","69369","自社","2026/09","293.00","0.00","7.00","0.00","0.00","0.00","0.00","0.00","0.00","0.00"
"一般SG","5045","1","0","５０４５","ﾌﾞﾗｯｸ/ｼﾙﾊﾞｰ","プロパー","1","物流部倉庫","0","121.00","0.00","78.00","199.00","330.00","65670","自社","2026/09","270.00","0.00","57.00","2.00","16.00","0.00","0.00","0.00","0.00","0.00"
"一般SG","5045","11","0","５０４５","ﾌﾞﾗｯｸ/ｶﾞﾝ","プロパー","1","物流部倉庫","0","0.00","0.00","1.00","1.00","330.00","330","自社","2026/09","1.00","0","0","0","0","0","0","0","0","0.00"
"一般SG","5045","2","0","５０４５","ﾌﾞﾗｳﾝﾃﾞﾐ/ｼﾙﾊﾞｰｺﾞｰﾙﾄﾞ","プロパー","1","物流部倉庫","0","17.00","0.00","160.00","177.00","356.40","63083","自社","2026/09","218.00","0.00","30.00","2.00","13.00","0.00","0.00","0.00","0.00","0.00"
"LAGUA GEM SG ﾊﾞﾛｯｸ","510JSA561381","020","0","５１０ＪＳＡ５６－１３８１","ﾌﾞﾗｯｸ","OEM","1","物流部倉庫","0","10.00","0.00","0.00","10.00","300.30","3003","自社","2026/09","10.00","0","0","0","0","0","0","0","0","0.00"
"LAGUA GEM SG ﾊﾞﾛｯｸ","510JSA561381","060","0","５１０ＪＳＡ５６－１３８１","ﾌﾞﾗｳﾝﾃﾞﾐ","OEM","1","物流部倉庫","0","10.00","0.00","0.00","10.00","275.55","2756","自社","2026/09","10.00","0","0","0","0","0","0","0","0","0.00"
"LAGUA GEM SG ﾊﾞﾛｯｸ","510JSA561381","070","0","５１０ＪＳＡ５６－１３８１","ﾍﾞｰｼﾞｭ","OEM","1","物流部倉庫","0","10.00","0.00","0.00","10.00","300.30","3003","自社","2026/09","10.00","0","0","0","0","0","0","0","0","0.00"
"LAGUA GEM SG ﾊﾞﾛｯｸ","510JSA562911","020","0","５１０ＪＳＡ５６－２９１１","ﾌﾞﾗｯｸ","OEM","1","物流部倉庫","0","10.00","0.00","0.00","10.00","267.30","2673","自社","2026/09","10.00","0","0","0","0","0","0","0","0","0.00"
"LAGUA GEM SG ﾊﾞﾛｯｸ","510JSA562911","060","0","５１０ＪＳＡ５６－２９１１","ﾌﾞﾗｳﾝｸﾘｱ","OEM","1","物流部倉庫","0","5.00","0.00","0.00","5.00","292.05","1460","自社","2026/09","5.00","0","0","0","0","0","0","0","0","0.00"
"一般SG","5145","11","0","５１４５","ﾌﾞﾗｯｸﾏｯﾄ","プロパー","1","物流部倉庫","0","15.00","0.00","0.00","15.00","516.00","7740","自社","2026/09","15.00","0","0","0","0","0","0","0","0","0.00"
"一般SG","5155","1","0","５１５５","ﾌﾞﾗｯｸ","プロパー","1","物流部倉庫","0","25.00","0.00","74.00","99.00","316.80","31363","自社","2026/09","177.00","0.00","72.00","0.00","6.00","0.00","0.00","0.00","0.00","0.00"
"一般SG","5155","12","0","５１５５","ﾌﾞﾗｳﾝﾃﾞﾐ","プロパー","1","物流部倉庫","0","0.00","0.00","1.00","1.00","343.20","343","自社","2026/09","1.00","0","0","0","0","0","0","0","0","0.00"
"一般SG","5155","8","0","５１５５","ｶｰｷｸﾘｱ","プロパー","1","物流部倉庫","0","0.00","0.00","35.00","35.00","343.20","12012","自社","2026/09","35.00","0","0","0","0","0","0","0","0","0.00"
"一般SG","5155","9","0","５１５５","ｵﾌﾎﾜｲﾄｸﾘｱ","プロパー","1","物流部倉庫","0","130.00","0.00","16.00","146.00","343.20","50107","自社","2026/09","147.00","0.00","0.00","0.00","1.00","0.00","0.00","0.00","0.00","0.00"
"一般SG","5175","1","0","５１７５","ﾌﾞﾗｯｸ","プロパー","1","物流部倉庫","0","91.00","0.00","88.00","179.00","249.15","44598","自社","2026/09","207.00","0.00","9.00","1.00","20.00","0.00","0.00","0.00","0.00","1.00"
"一般SG","5175","11","0","５１７５","ﾌﾞﾗｯｸ","プロパー","1","物流部倉庫","0","124.00","0.00","17.00","141.00","249.15","35130","自社","2026/09","142.00","0.00","1.00","0.00","0.00","0.00","0.00","0.00","0.00","0.00"
"一般SG","5175","12","0","５１７５","ﾌﾞﾗｳﾝﾃﾞﾐ","プロパー","1","物流部倉庫","0","1.00","0.00","46.00","47.00","275.55","12951","自社","2026/09","64.00","0.00","6.00","1.00","12.00","0.00","0.00","0.00","0.00","0.00"
"一般SG","5175","18","0","５１７５","ｸﾞﾚｰｸﾘｱ","プロパー","1","物流部倉庫","0","129.00","0.00","60.00","189.00","249.15","47089","自社","2026/09","214.00","0.00","9.00","1.00","17.00","0.00","0.00","0.00","0.00","1.00"
"一般SG","5175","8","0","５１７５","ｵﾘｰﾌﾞｸﾘｱ","プロパー","1","物流部倉庫","0","200.00","0.00","71.00","271.00","249.15","67520","自社","2026/09","288.00","0.00","9.00","1.00","9.00","0.00","0.00","0.00","0.00","1.00"
"一般SG","5314","1","0","５３１４","ｸﾞﾚｰｸﾘｱ","プロパー","1","物流部倉庫","0","0.00","0.00","1.00","1.00","310.20","310","自社","2026/09","1.00","0","0","0","0","0","0","0","0","0.00"
"一般SG","5314","11","0","５３１４","ﾌﾞﾗｯｸ","プロパー","1","物流部倉庫","0","227.00","0.00","52.00","279.00","310.20","86546","自社","2026/09","285.00","0.00","5.00","0.00","1.00","0.00","0.00","0.00","0.00","0.00"
"一般SG","5314","12","0","５３１４","ﾌﾞﾗｳﾝﾃﾞﾐ","プロパー","1","物流部倉庫","0","216.00","0.00","0.00","216.00","310.20","67003","自社","2026/09","216.00","0","0","0","0","0","0","0","0","0.00"
"一般SG","5314","2","0","５３１４","ｼｬﾝﾊﾟﾝｸﾘｱ/ﾌﾞﾗｳﾝﾃﾞﾐ","プロパー","1","物流部倉庫","0","64.00","0.00","23.00","87.00","310.20","26987","自社","2026/09","87.00","0","0","0","0","0","0","0","0","0.00"
"一般SG","5314","21","0","５３１４","ｸﾞﾚｰｸﾘｱ","プロパー","1","物流部倉庫","0","213.00","0.00","61.00","274.00","310.20","84995","自社","2026/09","284.00","0.00","4.00","0.00","6.00","0.00","0.00","0.00","0.00","0.00"
"一般SG","5314","22","0","５３１４","ﾌﾞﾗｳﾝｸﾘｱ","プロパー","1","物流部倉庫","0","104.00","0.00","0.00","104.00","310.20","32261","自社","2026/09","106.00","0.00","2.00","0.00","0.00","0.00","0.00","0.00","0.00","0.00"
"一般SG","5336P","1","0","５３３６Ｐ","ﾌﾞﾗｯｸ","プロパー","1","物流部倉庫","0","6.00","0.00","849.00","855.00","419.10","358331","自社","2026/09","880.00","0.00","24.00","0.00","1.00","0.00","0.00","0.00","0.00","0.00"
"一般SG","5336P","12","0","５３３６Ｐ","ｲｴﾛｰﾃﾞﾐ","プロパー","1","物流部倉庫","0","0.00","0.00","1.00","1.00","471.90","472","自社","2026/09","1.00","0","0","0","0","0","0","0","0","0.00"
"一般SG","5336P","2","0","５３３６Ｐ","ﾌﾞﾗｳﾝﾃﾞﾐ","プロパー","1","物流部倉庫","0","0.00","0.00","407.00","407.00","419.10","170574","自社","2026/09","426.00","0.00","17.00","0.00","2.00","0.00","0.00","0.00","0.00","0.00"
"一般SG","5404","11","0","５４０４","ﾌﾞﾗｯｸ","プロパー","1","物流部倉庫","0","6.00","0.00","0.00","6.00","388.20","2329","自社","2026/09","6.00","0","0","0","0","0","0","0","0","0.00"
"一般SG","5584","1","0","５５８４","ﾌﾞﾗｯｸ","プロパー","1","物流部倉庫","0","0.00","0.00","68.00","68.00","445.50","30294","自社","2026/09","208.00","0.00","129.00","1.00","12.00","0.00","0.00","0.00","0.00","0.00"
"一般SG","5584","11","0","５５８４","ﾌﾞﾗｯｸ","プロパー","1","物流部倉庫","0","131.00","0.00","70.00","201.00","419.10","84239","自社","2026/09","207.00","0.00","7.00","1.00","0.00","0.00","0.00","0.00","0.00","0.00"
"一般SG","5584","12","0","５５８４","ﾗｲﾄﾌﾞﾗｳﾝｸﾘｱ","プロパー","1","物流部倉庫","0","176.00","1.00","95.00","272.00","419.10","113995","自社","2026/09","286.00","0.00","14.00","1.00","1.00","0.00","0.00","0.00","0.00","0.00"
"一般SG","5584","2","0","５５８４","ﾌﾞﾗｳﾝﾃﾞﾐ","プロパー","1","物流部倉庫","0","0.00","0.00","48.00","48.00","445.50","21384","自社","2026/09","77.00","0.00","28.00","1.00","2.00","0.00","0.00","0.00","0.00","0.00"
"一般SG","5584","21","0","５５８４","ﾗｲﾄｸﾞﾚｰｸﾘｱ/ｼﾙﾊﾞｰ","プロパー","1","物流部倉庫","0","98.00","0.00","103.00","201.00","419.10","84239","自社","2026/09","203.00","0.00","2.00","1.00","1.00","0.00","0.00","0.00","0.00","0.00"
"一般SG","5584","22","0","５５８４","ﾌﾞﾗｳﾝﾃﾞﾐ","プロパー","1","物流部倉庫","0","248.00","0.00","105.00","353.00","445.50","157262","自社","2026/09","363.00","0.00","10.00","1.00","1.00","0.00","0.00","0.00","0.00","0.00"
"一般SG","5584","3","0","５５８４","ﾌﾞﾗｯｸ","プロパー","1","物流部倉庫","0","37.00","0.00","209.00","246.00","445.50","109593","自社","2026/09","357.00","0.00","102.00","1.00","10.00","0.00","0.00","0.00","0.00","0.00"
"一般SG","5584","8","0","５５８４","ｶｰｷｸﾘｱ/ｼﾙﾊﾞｰｺﾞｰﾙﾄﾞ","プロパー","1","物流部倉庫","0","0.00","0.00","43.00","43.00","419.10","18021","自社","2026/09","49.00","0.00","6.00","0.00","0.00","0.00","0.00","0.00","0.00","0.00"
"一般SG","5604","1","0","５６０４","ﾌﾞﾗｯｸ","プロパー","1","物流部倉庫","0","375.00","0.00","10.00","385.00","310.20","119427","自社","2026/09","391.00","0.00","2.00","0.00","4.00","0.00","0.00","0.00","0.00","0.00"
"一般SG","5604","12","0","５６０４","ﾌﾞﾗｳﾝｸﾘｱ","プロパー","1","物流部倉庫","0","0.00","0.00","4.00","4.00","310.20","1241","自社","2026/09","5.00","0.00","1.00","0.00","0.00","0.00","0.00","0.00","0.00","0.00"
"一般SG","5604","2","0","５６０４","ﾌﾞﾗｳﾝﾃﾞﾐ","プロパー","1","物流部倉庫","0","30.00","0.00","26.00","56.00","338.25","18942","自社","2026/09","67.00","0.00","4.00","0.00","7.00","0.00","0.00","0.00","0.00","0.00"
"一般SG","5624","1","0","５６２４","ﾌﾞﾗｯｸ","プロパー","1","物流部倉庫","0","0.00","0.00","89.00","89.00","242.55","21587","自社","2026/09","94.00","0.00","2.00","0.00","3.00","0.00","0.00","0.00","0.00","0.00"
"一般SG","5624","11","0","５６２４","ｸﾞﾚｰｸﾘｱ","プロパー","1","物流部倉庫","0","0.00","0.00","156.00","156.00","242.55","37838","自社","2026/09","160.00","0.00","2.00","0.00","2.00","0.00","0.00","0.00","0.00","0.00"
"一般SG","5644","11","0","５６４４","ｸﾞﾚｰｸﾘｱ","プロパー","1","物流部倉庫","0","0.00","0.00","2.00","2.00","235.95","472","自社","2026/09","3.00","0.00","1.00","0.00","0.00","0.00","0.00","0.00","0.00","0.00"
"一般SG","5644","12","0","５６４４","ﾌﾞﾗｳﾝｸﾘｱ","プロパー","1","物流部倉庫","0","0.00","0.00","10.00","10.00","235.95","2360","自社","2026/09","10.00","0","0","0","0","0","0","0","0","0.00"
"一般SG","5655","1","0","５６５５","ﾌﾞﾗｯｸ","プロパー","1","物流部倉庫","0","321.00","1.00","152.00","474.00","235.95","111840","自社","2026/09","490.00","0.00","12.00","0.00","4.00","0.00","0.00","0.00","0.00","0.00"
"一般SG","5655","12","0","５６５５","ｵﾚﾝｼﾞﾌﾞﾗｳﾝ","プロパー","1","物流部倉庫","0","286.00","0.00","0.00","286.00","235.95","67482","自社","2026/09","286.00","0","0","0","0","0","0","0","0","0.00"
"一般SG","5655","2","0","５６５５","ﾌﾞﾗｳﾝｸﾘｱ","プロパー","1","物流部倉庫","0","0.00","0.00","55.00","55.00","235.95","12977","自社","2026/09","83.00","0.00","26.00","0.00","2.00","0.00","0.00","0.00","0.00","0.00"
"一般SG","5665","11","0","５６６５","ﾁｬｺｰﾙｸﾞﾚｰｸﾘｱ","プロパー","1","物流部倉庫","0","0.00","0.00","22.00","22.00","316.80","6970","自社","2026/09","23.00","0.00","0.00","0.00","1.00","0.00","0.00","0.00","0.00","0.00"
"一般SG","5675","1","0","５６７５","ﾌﾞﾗｯｸ","プロパー","1","物流部倉庫","0","134.00","0.00","13.00","147.00","235.95","34685","自社","2026/09","147.00","0","0","0","0","0","0","0","0","0.00"
"一般SG","5675","2","0","５６７５","ﾌﾞﾗｳﾝﾃﾞﾐ","プロパー","1","物流部倉庫","0","109.00","0.00","9.00","118.00","287.10","33878","自社","2026/09","121.00","0.00","0.00","0.00","3.00","0.00","0.00","0.00","0.00","0.00"
"一般SG","5806","1","0","５８０６","ﾌﾞﾗｯｸ","プロパー","1","物流部倉庫","0","104.00","1.00","46.00","151.00","315.80","47686","自社","2026/09","173.00","0.00","17.00","0.00","5.00","0.00","0.00","0.00","0.00","0.00"
"一般SG","5806","12","0","５８０６","ﾗｲﾄﾌﾞﾗｳﾝｸﾘｱ","プロパー","1","物流部倉庫","0","175.00","0.00","36.00","211.00","315.80","66634","自社","2026/09","225.00","0.00","14.00","0.00","0.00","0.00","0.00","0.00","0.00","0.00"
"一般SG","5806","2","0","５８０６","ﾌﾞﾗｳﾝﾃﾞﾐ","プロパー","1","物流部倉庫","0","0.00","0.00","54.00","54.00","342.20","18479","自社","2026/09","54.00","0","0","0","0","0","0","0","0","0.00"
"一般SG","5806","8","0","５８０６","ｵﾘｰﾌﾞｸﾘｱ","プロパー","1","物流部倉庫","0","24.00","0.00","31.00","55.00","315.80","17369","自社","2026/09","67.00","0.00","12.00","0.00","0.00","0.00","0.00","0.00","0.00","0.00"
"一般SG","5816","1","0","５８１６","ﾌﾞﾗｯｸ","プロパー","1","物流部倉庫","0","804.00","0.00","45.00","849.00","249.15","211528","自社","2026/09","864.00","0.00","6.00","0.00","9.00","0.00","0.00","0.00","0.00","0.00"
"一般SG","5816","12","0","５８１６","ﾍﾞｰｼﾞｭｸﾘｱ","プロパー","1","物流部倉庫","0","433.00","0.00","64.00","497.00","249.15","123828","自社","2026/09","505.00","0.00","3.00","0.00","5.00","0.00","0.00","0.00","0.00","0.00"
"一般SG","5816","2","0","５８１６","ﾌﾞﾗｳﾝｸﾘｱ","プロパー","1","物流部倉庫","0","654.00","0.00","74.00","728.00","249.15","181381","自社","2026/09","741.00","0.00","6.00","0.00","7.00","0.00","0.00","0.00","0.00","0.00"
"一般SG","5826","1","0","５８２６","ﾌﾞﾗｯｸ","プロパー","1","物流部倉庫","0","156.00","0.00","12.00","168.00","254.10","42689","自社","2026/09","169.00","0.00","0.00","0.00","1.00","0.00","0.00","0.00","0.00","0.00"
"一般SG","5826","11","0","５８２６","ﾌﾞﾗｯｸ","プロパー","1","物流部倉庫","0","377.00","0.00","38.00","415.00","254.10","105452","自社","2026/09","417.00","0.00","2.00","0.00","0.00","0.00","0.00","0.00","0.00","0.00"
"一般SG","5826","2","0","５８２６","ﾌﾞﾗｳﾝﾃﾞﾐ","プロパー","1","物流部倉庫","0","237.00","0.00","39.00","276.00","278.85","76963","自社","2026/09","276.00","0","0","0","0","0","0","0","0","0.00"
"一般SG","5826","8","0","５８２６","ｶｰｷｸﾘｱ","プロパー","1","物流部倉庫","0","88.00","0.00","36.00","124.00","267.30","33145","自社","2026/09","126.00","0.00","1.00","0.00","1.00","0.00","0.00","0.00","0.00","0.00"
"一般SG","5836","1","0","５８３６","ｽﾓｰｸｸﾘｱ","プロパー","1","物流部倉庫","0","114.00","0.00","67.00","181.00","287.10","51965","自社","2026/09","193.00","0.00","5.00","0.00","7.00","0.00","0.00","0.00","0.00","0.00"
"一般SG","5836","12","0","５８３６","ﾍﾞｰｼﾞｭｸﾘｱ","プロパー","1","物流部倉庫","0","13.00","0.00","58.00","71.00","287.10","20384","自社","2026/09","74.00","0.00","2.00","0.00","1.00","0.00","0.00","0.00","0.00","0.00"
"一般SG","5836","2","0","５８３６","ﾌﾞﾗｳﾝｸﾘｱ","プロパー","1","物流部倉庫","0","0.00","0.00","2.00","2.00","287.10","574","自社","2026/09","8.00","0.00","3.00","0.00","3.00","0.00","0.00","0.00","0.00","0.00"
"一般SG","5846","1","0","５８４６","ﾌﾞﾗｯｸ","プロパー","1","物流部倉庫","0","267.00","0.00","50.00","317.00","300.30","95195","自社","2026/09","321.00","0.00","3.00","0.00","1.00","0.00","0.00","0.00","0.00","0.00"
"一般SG","5846","2","0","５８４６","ﾌﾞﾗｳﾝﾃﾞﾐ","プロパー","1","物流部倉庫","0","182.00","0.00","45.00","227.00","326.70","74161","自社","2026/09","231.00","0.00","3.00","0.00","1.00","0.00","0.00","0.00","0.00","0.00"
"一般SG","5846","3","0","５８４６","ﾌﾞﾗｯｸ","プロパー","1","物流部倉庫","0","86.00","0.00","47.00","133.00","300.30","39940","自社","2026/09","134.00","0.00","0.00","0.00","1.00","0.00","0.00","0.00","0.00","0.00"
"一般SG","5856","1","0","５８５６","ｽﾓｰｸｸﾘｱ","プロパー","1","物流部倉庫","0","348.00","0.00","53.00","401.00","300.30","120420","自社","2026/09","423.00","0.00","16.00","0.00","6.00","0.00","0.00","0.00","0.00","0.00"
"一般SG","5856","12","0","５８５６","ﾌﾞﾗｳﾝｸﾘｱ","プロパー","1","物流部倉庫","0","146.00","0.00","66.00","212.00","300.30","63664","自社","2026/09","218.00","0.00","2.00","0.00","4.00","0.00","0.00","0.00","0.00","0.00"
"一般SG","5856","2","0","５８５６","ﾌﾞﾗｳﾝﾃﾞﾐ","プロパー","1","物流部倉庫","0","130.00","1.00","33.00","164.00","300.30","49249","自社","2026/09","280.00","0.00","1.00","0.00","115.00","0.00","0.00","0.00","0.00","0.00"
"一般SG","5856","8","0","５８５６","ﾌﾞﾗｯｸ","プロパー","1","物流部倉庫","0","114.00","0.00","22.00","136.00","300.30","40841","自社","2026/09","200.00","0.00","0.00","0.00","64.00","0.00","0.00","0.00","0.00","0.00"
"一般SG","5866","1","0","５８６６","ﾌﾞﾗｯｸ","プロパー","1","物流部倉庫","0","355.00","0.00","105.00","460.00","308.55","141933","自社","2026/09","476.00","0.00","13.00","0.00","3.00","0.00","0.00","0.00","0.00","0.00"
"一般SG","5866","12","0","５８６６","ﾗｲﾄﾌﾞﾗｳﾝｸﾘｱ","プロパー","1","物流部倉庫","0","66.00","0.00","20.00","86.00","282.15","24265","自社","2026/09","93.00","0.00","7.00","1.00","1.00","0.00","0.00","0.00","0.00","0.00"
"一般SG","5866","2","0","５８６６","ﾀﾞｰｸﾌﾞﾗｳﾝｸﾘｱ","プロパー","1","物流部倉庫","0","38.00","0.00","21.00","59.00","282.15","16647","自社","2026/09","74.00","0.00","12.00","1.00","4.00","0.00","0.00","0.00","0.00","0.00"
"一般SG","5866","6","0","５８６６","ｸﾞﾚｰｸﾘｱ","プロパー","1","物流部倉庫","0","50.00","0.00","20.00","70.00","282.15","19751","自社","2026/09","71.00","0.00","1.00","1.00","1.00","0.00","0.00","0.00","0.00","0.00"
"一般SG","5876","1","0","５８７６","ﾌﾞﾗｯｸ","プロパー","1","物流部倉庫","0","216.00","0.00","51.00","267.00","458.70","122473","自社","2026/09","323.00","0.00","53.00","0.00","3.00","0.00","0.00","0.00","0.00","0.00"
"一般SG","5876","2","0","５８７６","ﾌﾞﾗｳﾝﾃﾞﾐ","プロパー","1","物流部倉庫","0","378.00","0.00","0.00","378.00","463.65","175260","自社","2026/09","431.00","0.00","51.00","0.00","2.00","0.00","0.00","0.00","0.00","0.00"
"一般SG","5876","8","0","５８７６","ｽﾓｰｸｸﾘｱ","プロパー","1","物流部倉庫","0","243.00","0.00","50.00","293.00","458.70","134399","自社","2026/09","297.00","0.00","3.00","0.00","1.00","0.00","0.00","0.00","0.00","0.00"
"jujubee lougan`s","639","3PH1","0","６３９","ﾌﾞﾗｳﾝ","OEM","1","物流部倉庫","0","8.00","0.00","0.00","8.00","1178.10","9425","自社","2026/09","8.00","0","0","0","0","0","0","0","0","0.00"
"jujubee lougan`s","639","4PH1","0","６３９","ｸﾞﾚｰ","OEM","1","物流部倉庫","0","15.00","0.00","0.00","15.00","1178.10","17672","自社","2026/09","15.00","0","0","0","0","0","0","0","0","0.00"
"jujubee lougan`s","640","4S2","0","６４０","ｲｴﾛｰ","OEM","1","物流部倉庫","0","12.00","0.00","0.00","12.00","445.50","5346","自社","2026/09","12.00","0","0","0","0","0","0","0","0","0.00"
"一般SG","8000","3","0","８０００","ﾌﾞﾗｯｸ","プロパー","1","物流部倉庫","0","0.00","0.00","18.00","18.00","351.45","6326","自社","2026/09","18.00","0","0","0","0","0","0","0","0","0.00"
"一般SG","8000","5","0","８０００","ﾌﾞﾗｯｸ","プロパー","1","物流部倉庫","0","0.00","0.00","10.00","10.00","458.70","4587","自社","2026/09","11.00","0.00","1.00","0.00","0.00","0.00","0.00","0.00","0.00","0.00"
"一般SG","8020","1","0","８０２０","ﾌﾞﾗｯｸ","プロパー","1","物流部倉庫","0","19.00","0.00","18.00","37.00","432.30","15995","自社","2026/09","37.00","0","0","0","0","0","0","0","0","0.00"
"一般SG","8020","2","0","８０２０","ﾌﾞﾗｯｸ","プロパー","1","物流部倉庫","0","85.00","0.00","8.00","93.00","377.85","35140","自社","2026/09","93.00","0","0","0","0","0","0","0","0","0.00"
"売上値引戻り高","900520"," ","0","売上値引き","　","プロパー","1","物流部倉庫","0","1.00","0.00","0.00","1.00","0.00","0","自社","2026/09","1.00","0","0","0","0","0","0","0","0","0.00"
"支払手数料(販管)","900753"," ","0","支払手数料(版管)","　","プロパー","1","物流部倉庫","0","1.00","0.00","0.00","1.00","0.00","0","自社","2026/09","1.00","0","0","0","0","0","0","0","0","0.00"
"売上値引戻り高","901520"," ","0","売上値引き(海外用)","　","プロパー","1","物流部倉庫","0","2.00","0.00","0.00","2.00","0.00","0","自社","2026/09","2.00","0","0","0","0","0","0","0","0","0.00"
"ｲｽﾄﾜｰﾙOEM SG","9739641","1","0","９７３－９６４１","ｼﾙﾊﾞｰｺﾞｰﾙﾄﾞ","OEM","1","物流部倉庫","0","2.00","0.00","0.00","2.00","419.10","838","自社","2026/09","2.00","0","0","0","0","0","0","0","0","0.00"
"ECｱｸｾ","991001","001","0","９９１－００１","七宝/麻の葉柄","プロパー","1","物流部倉庫","0","0.00","0.00","3.00","3.00","900.00","2700","自社","2026/09","3.00","0","0","0","0","0","0","0","0","0.00"
"ECｱｸｾ","991001","002","0","９９１－００１","宝尽くし柄","プロパー","1","物流部倉庫","0","8.00","0.00","3.00","11.00","900.00","9900","自社","2026/09","11.00","0","0","0","0","0","0","0","0","0.00"
"ECｱｸｾ","A141MULGA","BLK","0","Ａ１４１ＭＵＬＧＡ","ﾌﾞﾗｯｸ","プロパー","1","物流部倉庫","0","3.00","0.00","0.00","3.00","1125.00","3375","自社","2026/09","3.00","0","0","0","0","0","0","0","0","0.00"
"ECｱｸｾ","A141MULGA","BLU","0","Ａ１４１ＭＵＬＧＡ","ﾌﾞﾙｰ","プロパー","1","物流部倉庫","0","3.00","0.00","0.00","3.00","1125.00","3375","自社","2026/09","3.00","0","0","0","0","0","0","0","0","0.00"
"ECｱｸｾ","A141MULGA","PNK","0","Ａ１４１ＭＵＬＧＡ","ﾋﾟﾝｸ","プロパー","1","物流部倉庫","0","2.00","0.00","0.00","2.00","1125.00","2250","自社","2026/09","2.00","0","0","0","0","0","0","0","0","0.00"
"ECｱｸｾ","A62","BEG","0","Ａ－６２","ﾍﾞｰｼﾞｭ","プロパー","1","物流部倉庫","0","13.00","0.00","0.00","13.00","85.00","1105","自社","2026/09","15.00","0.00","2.00","0.00","0.00","0.00","0.00","0.00","0.00","0.00"
"ECｱｸｾ","A62","BRN","0","Ａ－６２","ﾌﾞﾗｳﾝ","プロパー","1","物流部倉庫","0","4.00","0.00","0.00","4.00","85.00","340","自社","2026/09","6.00","0.00","2.00","0.00","0.00","0.00","0.00","0.00","0.00","0.00"
"ECｱｸｾ","A701","CAM","0","Ａ７０１","ｷｬﾒﾙ","プロパー","1","物流部倉庫","0","1.00","0.00","0.00","1.00","810.00","810","自社","2026/09","2.00","0.00","1.00","0.00","0.00","0.00","0.00","0.00","0.00","0.00"
"ECｱｸｾ","A701","GRN","0","Ａ７０１","ｸﾞﾘｰﾝ","プロパー","1","物流部倉庫","0","1.00","0.00","0.00","1.00","810.00","810","自社","2026/09","1.00","0","0","0","0","0","0","0","0","0.00"
"ECｱｸｾ","A701","WHT","0","Ａ７０１","ﾎﾜｲﾄ","プロパー","1","物流部倉庫","0","1.00","0.00","0.00","1.00","810.00","810","自社","2026/09","1.00","0","0","0","0","0","0","0","0","0.00"
"防護品","AF2001","1","0","ＡＦ２０－０１","**","プロパー","1","物流部倉庫","0","0.00","0.00","1.00","1.00","330.00","330","自社","2026/09","1.00","0","0","0","0","0","0","0","0","0.00"
"一般SG","AF5010","2","0","ＡＦ５０１０","ﾌﾞﾗｳﾝｸﾘｱ","プロパー","1","物流部倉庫","0","0.00","0.00","21.00","21.00","305.25","6410","自社","2026/09","23.00","0.00","2.00","0.00","0.00","0.00","0.00","0.00","0.00","0.00"
"一般SG","AF5010","31","0","ＡＦ５０１０","ｽﾓｰｸｸﾘｱ","プロパー","1","物流部倉庫","0","0.00","0.00","20.00","20.00","305.25","6105","自社","2026/09","27.00","0.00","6.00","0.00","1.00","0.00","0.00","0.00","0.00","0.00"
"ECｱｸｾ","AFC20","BLU","0","ＡＦＣ２０","ﾌﾞﾙｰ","プロパー","1","物流部倉庫","0","15.00","0.00","0.00","15.00","550.00","8250","自社","2026/09","0.00","0.00","7.00","22.00","0.00","0.00","0.00","0.00","0.00","0.00"
"ECｱｸｾ","ASDS01","BLU","0","ＡＳ－ＤＳ０１","ﾌﾞﾙｰ","プロパー","1","物流部倉庫","0","3.00","0.00","2.00","5.00","850.00","4250","自社","2026/09","5.00","0","0","0","0","0","0","0","0","0.00"
"ECｱｸｾ","ASDS01","GRN","0","ＡＳ－ＤＳ０１","ｸﾞﾘｰﾝ","プロパー","1","物流部倉庫","0","0.00","0.00","2.00","2.00","850.00","1700","自社","2026/09","2.00","0","0","0","0","0","0","0","0","0.00"
"ECｱｸｾ","ASDS01","GRN2","0","ＡＳ－ＤＳ０１","ｸﾞﾘｰﾝ","プロパー","1","物流部倉庫","0","43.00","0.00","0.00","43.00","850.00","36550","自社","2026/09","43.00","0","0","0","0","0","0","0","0","0.00"
"ECｱｸｾ","ASDS01","ORG","0","ＡＳ－ＤＳ０１","ｵﾚﾝｼﾞ","プロパー","1","物流部倉庫","0","32.00","0.00","0.00","32.00","850.00","27200","自社","2026/09","32.00","0","0","0","0","0","0","0","0","0.00"
"ECｱｸｾ","ASDS01","RED","0","ＡＳ－ＤＳ０１","ﾚｯﾄﾞ","プロパー","1","物流部倉庫","0","6.00","0.00","2.00","8.00","850.00","6800","自社","2026/09","8.00","0","0","0","0","0","0","0","0","0.00"
"ECｱｸｾ","B120","BEG","0","Ｂ１２０","柄ﾍﾞｰｼﾞｭ","プロパー","1","物流部倉庫","0","12.00","0.00","3.00","15.00","540.00","8100","自社","2026/09","5.00","0.00","1.00","11.00","0.00","0.00","0.00","0.00","0.00","0.00"
"ECｱｸｾ","B120","BLK","0","Ｂ１２０","ﾌﾞﾗｯｸ","プロパー","1","物流部倉庫","0","1.00","0.00","3.00","4.00","540.00","2160","自社","2026/09","0.00","0.00","11.00","15.00","0.00","0.00","0.00","0.00","0.00","0.00"
"ECｱｸｾ","B120","BRN","0","Ｂ１２０","ﾌﾞﾗｳﾝ","プロパー","1","物流部倉庫","0","8.00","0.00","3.00","11.00","540.00","5940","自社","2026/09","3.00","0.00","4.00","12.00","0.00","0.00","0.00","0.00","0.00","0.00"
"ECｱｸｾ","B120","GRN","0","Ｂ１２０","柄ｸﾞﾘｰﾝ","プロパー","1","物流部倉庫","0","12.00","0.00","2.00","14.00","540.00","7560","自社","2026/09","4.00","0.00","2.00","12.00","0.00","0.00","0.00","0.00","0.00","0.00"
"ECｱｸｾ","B120","KHA","0","Ｂ１２０","ｶｰｷ","プロパー","1","物流部倉庫","0","11.00","0.00","3.00","14.00","540.00","7560","自社","2026/09","1.00","0.00","2.00","15.00","0.00","0.00","0.00","0.00","0.00","0.00"
"ECｱｸｾ","B2704","1","0","Ｂ－２７０４","ｷｬﾒﾙ","プロパー","1","物流部倉庫","0","1.00","0.00","0.00","1.00","6600.00","6600","自社","2026/09","0.00","0.00","0.00","1.00","0.00","0.00","0.00","0.00","0.00","0.00"
"ECｱｸｾ","B2704","2","0","Ｂ－２７０４","ｸﾞﾘｰﾝ","プロパー","1","物流部倉庫","0","1.00","0.00","0.00","1.00","6600.00","6600","自社","2026/09","1.00","0","0","0","0","0","0","0","0","0.00"
"ECｱｸｾ","B2704","3","0","Ｂ－２７０４","ﾜｲﾝ","プロパー","1","物流部倉庫","0","2.00","0.00","0.00","2.00","6600.00","13200","自社","2026/09","1.00","0.00","0.00","1.00","0.00","0.00","0.00","0.00","0.00","0.00"
"ECｱｸｾ","B2823","2","0","Ｂ－２８２３","ｸﾞﾘｰﾝ","プロパー","1","物流部倉庫","0","1.00","0.00","0.00","1.00","1320.00","1320","自社","2026/09","2.00","0.00","1.00","0.00","0.00","0.00","0.00","0.00","0.00","0.00"
"ECｱｸｾ","B2823","3","0","Ｂ－２８２３","ﾜｲﾝ","プロパー","1","物流部倉庫","0","1.00","0.00","0.00","1.00","1320.00","1320","自社","2026/09","2.00","0.00","1.00","0.00","0.00","0.00","0.00","0.00","0.00","0.00"
"ECｱｸｾ","B2823","4","0","Ｂ－２８２３","ｸﾛ","プロパー","1","物流部倉庫","0","1.00","0.00","0.00","1.00","1320.00","1320","自社","2026/09","1.00","0","0","0","0","0","0","0","0","0.00"
"ECｱｸｾ","B2823","5","0","Ｂ－２８２３","ｸﾞﾚｰ","プロパー","1","物流部倉庫","0","1.00","0.00","0.00","1.00","1320.00","1320","自社","2026/09","2.00","0.00","1.00","0.00","0.00","0.00","0.00","0.00","0.00","0.00"
"ECｱｸｾ","B3441","1","0","Ｂ－３４４１","ｷｬﾒﾙ","プロパー","1","物流部倉庫","0","1.00","0.00","0.00","1.00","7500.00","7500","自社","2026/09","1.00","0","0","0","0","0","0","0","0","0.00"
"ECｱｸｾ","B3441","2","0","Ｂ－３４４１","ｸﾞﾘｰﾝ","プロパー","1","物流部倉庫","0","1.00","0.00","0.00","1.00","7500.00","7500","自社","2026/09","1.00","0","0","0","0","0","0","0","0","0.00"
"ECｱｸｾ","B3441","3","0","Ｂ－３４４１","ﾜｲﾝ","プロパー","1","物流部倉庫","0","1.00","0.00","0.00","1.00","7500.00","7500","自社","2026/09","1.00","0","0","0","0","0","0","0","0","0.00"
"ECｱｸｾ","B3441","4","0","Ｂ－３４４１","ｸﾛ","プロパー","1","物流部倉庫","0","1.00","0.00","0.00","1.00","7500.00","7500","自社","2026/09","1.00","0","0","0","0","0","0","0","0","0.00"
"ECｱｸｾ","B3441","5","0","Ｂ－３４４１","ｸﾞﾚｰ","プロパー","1","物流部倉庫","0","1.00","0.00","0.00","1.00","7500.00","7500","自社","2026/09","1.00","0","0","0","0","0","0","0","0","0.00"
"ﾘｯﾌﾟｽﾃｨｯｸOEM SG","B5155","1","0","Ｂ５１５５","ﾌﾞﾗｯｸ","OEM","1","物流部倉庫","0","1.00","0.00","0.00","1.00","316.80","317","自社","2026/09","1.00","0","0","0","0","0","0","0","0","0.00"
"ﾘｯﾌﾟｽﾃｨｯｸOEM SG","B5655","1","0","Ｂ５６５５","ﾌﾞﾗｯｸ","OEM","1","物流部倉庫","0","3.00","0.00","0.00","3.00","235.95","708","自社","2026/09","3.00","0","0","0","0","0","0","0","0","0.00"
"ﾘｯﾌﾟｽﾃｨｯｸOEM SG","B5816","2","0","Ｂ５８１６","ﾌﾞﾗｯｸ","OEM","1","物流部倉庫","0","1.00","0.00","0.00","1.00","249.15","249","自社","2026/09","1.00","0","0","0","0","0","0","0","0","0.00"
"ﾊｰﾓﾆｯｸOEM SG","BD5010P","1","0","ＢＤ５０１０Ｐ","ﾌﾞﾗｯｸ","OEM","1","物流部倉庫","0","99.00","0.00","0.00","99.00","346.50","34304","自社","2026/09","99.00","0","0","0","0","0","0","0","0","0.00"
"ﾊｰﾓﾆｯｸOEM SG","BD5010P","11","0","ＢＤ５０１０Ｐ","ｽﾓｰｸｸﾘｱ","OEM","1","物流部倉庫","0","245.00","0.00","0.00","245.00","346.50","84893","自社","2026/09","446.00","0.00","200.00","0.00","1.00","0.00","0.00","0.00","0.00","0.00"
"販 促 品","BDBP18"," ","0","BDﾛｺﾞﾌﾟﾚｰﾄ18","　","プロパー","1","物流部倉庫","0","161.00","0.00","0.00","161.00","0.00","0","自社","2026/09","165.00","0.00","4.00","0.00","0.00","0.00","0.00","0.00","0.00","0.00"
"販 促 品","BDTRY18"," ","0","BDﾄﾚｲ18","　","プロパー","1","物流部倉庫","0","63.00","0.00","0.00","63.00","0.00","0","自社","2026/09","69.00","0.00","6.00","0.00","0.00","0.00","0.00","0.00","0.00","0.00"
"ECｱｸｾ","BSC001","1","0","ＢＳＣ－００１","ｱｲﾎﾞﾘｰ","プロパー","1","物流部倉庫","0","42.00","0.00","2.00","44.00","710.00","31240","自社","2026/09","48.00","0.00","4.00","0.00","0.00","0.00","0.00","0.00","0.00","0.00"
"ECｱｸｾ","BSC001","2","0","ＢＳＣ－００１","ｸﾞﾚｰｼﾞｭ","プロパー","1","物流部倉庫","0","1.00","0.00","1.00","2.00","710.00","1420","自社","2026/09","2.00","0","0","0","0","0","0","0","0","0.00"
"ECｱｸｾ","BSC001","3","0","ＢＳＣ－００１","ｸﾘｰﾑｲｴﾛｰ","プロパー","1","物流部倉庫","0","19.00","0.00","5.00","24.00","710.00","17040","自社","2026/09","26.00","0.00","2.00","0.00","0.00","0.00","0.00","0.00","0.00","0.00"
"ECｱｸｾ","BSC001","4","0","ＢＳＣ－００１","ﾌｫｸﾞﾌﾞﾙｰ","プロパー","1","物流部倉庫","0","23.00","0.00","5.00","28.00","710.00","19880","自社","2026/09","35.00","0.00","7.00","0.00","0.00","0.00","0.00","0.00","0.00","0.00"
"福井ﾌﾞﾛｰｳｨﾝｽﾞOEM SG","BWS09A","1","0","ＢＷＳ０９Ａ","ﾈｲﾋﾞｰ","OEM","1","物流部倉庫","0","1.00","0.00","0.00","1.00","968.80","969","自社","2026/09","1.00","0","0","0","0","0","0","0","0","0.00"
"ECｱｸｾ","C32","NVY","0","Ｃ３２","ﾈｲﾋﾞｰ","プロパー","1","物流部倉庫","0","1.00","0.00","0.00","1.00","225.00","225","自社","2026/09","1.00","0","0","0","0","0","0","0","0","0.00"
"ECｱｸｾ","C32","RED","0","Ｃ３２","ﾚｯﾄﾞ","プロパー","1","物流部倉庫","0","1.00","0.00","0.00","1.00","225.00","225","自社","2026/09","1.00","0","0","0","0","0","0","0","0","0.00"
"ﾏﾘｰｸﾜﾝﾄSG","C628B","010","0","Ｃ－６２８Ｂ","ﾌﾞﾗｯｸ","プロパー","1","物流部倉庫","0","30.00","0.00","0.00","30.00","380.00","11400","自社","2026/09","30.00","0","0","0","0","0","0","0","0","0.00"
"ﾏﾘｰｸﾜﾝﾄSG","C628B","030","0","Ｃ－６２８Ｂ","ﾎﾜｲﾄ","プロパー","1","物流部倉庫","0","10.00","0.00","0.00","10.00","380.00","3800","自社","2026/09","10.00","0","0","0","0","0","0","0","0","0.00"
"ﾏﾘｰｸﾜﾝﾄSG","C628B","090","0","Ｃ－６２８Ｂ","ﾋﾟﾝｸ","プロパー","1","物流部倉庫","0","7.00","0.00","0.00","7.00","380.00","2660","自社","2026/09","7.00","0","0","0","0","0","0","0","0","0.00"
"ECｱｸｾ","C84","BRN","0","Ｃ－８４","ブラウン","プロパー","1","物流部倉庫","0","35.00","0.00","0.00","35.00","180.00","6300","自社","2026/09","35.00","0","0","0","0","0","0","0","0","0.00"
"ECｱｸｾ","CCC01","1","0","ＣＣＣ０１","ﾌﾞﾗｯｸ/ｲｴﾛｰ","プロパー","1","物流部倉庫","0","2.00","0.00","0.00","2.00","5280.00","10560","自社","2026/09","0.00","0.00","0.00","2.00","0.00","0.00","0.00","0.00","0.00","0.00"
"ECｱｸｾ","CCC01","2","0","ＣＣＣ０１","ﾌﾞﾗｳﾝ/ﾗｲﾄｸﾞﾘｰﾝ","プロパー","1","物流部倉庫","0","2.00","0.00","0.00","2.00","5280.00","10560","自社","2026/09","0.00","0.00","0.00","2.00","0.00","0.00","0.00","0.00","0.00","0.00"
"ECｱｸｾ","CCC01","3","0","ＣＣＣ０１","ｷｬﾒﾙ/ﾗｲﾄﾌﾞﾙｰ","プロパー","1","物流部倉庫","0","2.00","0.00","0.00","2.00","5280.00","10560","自社","2026/09","0.00","0.00","0.00","2.00","0.00","0.00","0.00","0.00","0.00","0.00"
"ECｱｸｾ","CCC01","4","0","ＣＣＣ０１","ﾌﾞﾙｰ/ﾚｯﾄﾞ","プロパー","1","物流部倉庫","0","2.00","0.00","0.00","2.00","5280.00","10560","自社","2026/09","0.00","0.00","0.00","2.00","0.00","0.00","0.00","0.00","0.00","0.00"
"ECｱｸｾ","CLOTHMULGA","10/BLU","0","ＣＬＯＴＨ－ＭＵＬＧＡ","ﾌﾞﾙｰ/ﾗｲｵﾝ","プロパー","1","物流部倉庫","0","1.00","0.00","0.00","1.00","675.00","675","自社","2026/09","0.00","0.00","1.00","2.00","0.00","0.00","0.00","0.00","0.00","0.00"
"ECｱｸｾ","CLOTHMULGA","3/PNK","0","ＣＬＯＴＨ－ＭＵＬＧＡ","ﾋﾟﾝｸ/ﾌｫｯｸｽ","プロパー","1","物流部倉庫","0","1.00","0.00","0.00","1.00","675.00","675","自社","2026/09","1.00","0","0","0","0","0","0","0","0","0.00"
"ECｱｸｾ","CLOTHMULGA","4/WHT","0","ＣＬＯＴＨ－ＭＵＬＧＡ","ﾎﾜｲﾄ/ｷｬｯﾄ","プロパー","1","物流部倉庫","0","3.00","0.00","0.00","3.00","675.00","2025","自社","2026/09","4.00","0.00","1.00","0.00","0.00","0.00","0.00","0.00","0.00","0.00"
"ECｱｸｾ","CLOTHMULGA","6/GRN","0","ＣＬＯＴＨ－ＭＵＬＧＡ","ｸﾞﾘｰﾝ/ﾍﾞｱｰ","プロパー","1","物流部倉庫","0","2.00","0.00","0.00","2.00","675.00","1350","自社","2026/09","0.00","0.00","1.00","3.00","0.00","0.00","0.00","0.00","0.00","0.00"
"ECｱｸｾ","CLOTHMULGA","7/PNK","0","ＣＬＯＴＨ－ＭＵＬＧＡ","ﾋﾟﾝｸ/ｺｶﾄｩｰ","プロパー","1","物流部倉庫","0","2.00","0.00","0.00","2.00","675.00","1350","自社","2026/09","2.00","0.00","1.00","1.00","0.00","0.00","0.00","0.00","0.00","0.00"
"ECｱｸｾ","CLOTHMULGA","8/BLU","0","ＣＬＯＴＨ－ＭＵＬＧＡ","ﾌﾞﾙｰ/ｷｬｯﾄ","プロパー","1","物流部倉庫","0","1.00","0.00","0.00","1.00","675.00","675","自社","2026/09","4.00","0.00","3.00","0.00","0.00","0.00","0.00","0.00","0.00","0.00"
"ECｱｸｾ","CLOTHMULGA","9/YEL","0","ＣＬＯＴＨ－ＭＵＬＧＡ","ｲｴﾛｰ/ﾌﾗﾐﾝｺﾞ","プロパー","1","物流部倉庫","0","2.00","0.00","0.00","2.00","675.00","1350","自社","2026/09","1.00","0.00","1.00","2.00","0.00","0.00","0.00","0.00","0.00","0.00"
"ECｱｸｾ","CLOTHMULGAL","1/ZOD","0","ＣＬＯＴＨ－ＭＵＬＧＡ－Ｌ","zodiac","プロパー","1","物流部倉庫","0","2.00","0.00","0.00","2.00","1125.00","2250","自社","2026/09","2.00","0","0","0","0","0","0","0","0","0.00"
"ECｱｸｾ","CLOTHMULGAL","2/GOD","0","ＣＬＯＴＨ－ＭＵＬＧＡ－Ｌ","godzilla","プロパー","1","物流部倉庫","0","2.00","0.00","0.00","2.00","1125.00","2250","自社","2026/09","2.00","0","0","0","0","0","0","0","0","0.00"
"ECｱｸｾ","CLOTHMULGAL","3/DRA","0","ＣＬＯＴＨ－ＭＵＬＧＡ－Ｌ","dragon","プロパー","1","物流部倉庫","0","3.00","0.00","0.00","3.00","1125.00","3375","自社","2026/09","3.00","0","0","0","0","0","0","0","0","0.00"
"ECｱｸｾ","CLOTHMULGAL","4/ELE","0","ＣＬＯＴＨ－ＭＵＬＧＡ－Ｌ","elephant","プロパー","1","物流部倉庫","0","5.00","0.00","0.00","5.00","1125.00","5625","自社","2026/09","5.00","0","0","0","0","0","0","0","0","0.00"
"ECｱｸｾ","CLOTHMULGAL","5/BAL","0","ＣＬＯＴＨ－ＭＵＬＧＡ－Ｌ","balloon","プロパー","1","物流部倉庫","0","3.00","0.00","0.00","3.00","1125.00","3375","自社","2026/09","3.00","0","0","0","0","0","0","0","0","0.00"
"ECｱｸｾ","CLOTHMULGAL","6/ENZ","0","ＣＬＯＴＨ－ＭＵＬＧＡ－Ｌ","enzo","プロパー","1","物流部倉庫","0","4.00","0.00","0.00","4.00","1125.00","4500","自社","2026/09","4.00","0","0","0","0","0","0","0","0","0.00"
"ECｱｸｾ","CLT01L","4","0","ＣＬＴ０１－Ｌ","ﾌﾞﾙｰ","プロパー","1","物流部倉庫","0","1.00","0.00","0.00","1.00","4320.00","4320","自社","2026/09","1.00","0","0","0","0","0","0","0","0","0.00"
"ECｱｸｾ","CLT01M","2","0","ＣＬＴ０１－Ｍ","ﾌﾞﾗｳﾝ","プロパー","1","物流部倉庫","0","1.00","0.00","0.00","1.00","3600.00","3600","自社","2026/09","1.00","0","0","0","0","0","0","0","0","0.00"
"ECｱｸｾ","CLT01M","3","0","ＣＬＴ０１－Ｍ","ｷｬﾒﾙ","プロパー","1","物流部倉庫","0","1.00","0.00","0.00","1.00","3600.00","3600","自社","2026/09","0.00","0.00","0.00","1.00","0.00","0.00","0.00","0.00","0.00","0.00"
"ｻﾝﾘｵ老眼","CMR01","1","10","ＣＭＲ－０１","ｸﾘｱﾀﾞｰｸﾌﾞﾗｳﾝ","プロパー","1","物流部倉庫","0","1.00","0.00","0.00","1.00","605.80","606","自社","2026/09","1.00","0","0","0","0","0","0","0","0","0.00"
"ｻﾝﾘｵ老眼","CMR01","2","15","ＣＭＲ－０１","ｸﾘｱﾈｲﾋﾞｰ","プロパー","1","物流部倉庫","0","0.00","0.00","1.00","1.00","605.80","606","自社","2026/09","1.00","0","0","0","0","0","0","0","0","0.00"
"ｻﾝﾘｵ老眼","CMR01","2","25","ＣＭＲ－０１","ｸﾘｱﾈｲﾋﾞｰ","プロパー","1","物流部倉庫","0","8.00","0.00","0.00","8.00","605.80","4846","自社","2026/09","8.00","0","0","0","0","0","0","0","0","0.00"
"販 促 品","CRDBP25","","0","CRDﾛｺﾞﾌﾟﾚｰﾄ25","　","プロパー","1","物流部倉庫","0","117.00","0.00","0.00","117.00","0.00","0","自社","2026/09","117.00","0","0","0","0","0","0","0","0","0.00"
"販 促 品","CRFBP26"," ","0","CRF LOGO PLATE 26","　","プロパー","1","物流部倉庫","0","166.00","0.00","0.00","166.00","0.00","0","自社","2026/09","167.00","0.00","0.00","0.00","1.00","0.00","0.00","0.00","0.00","0.00"
"販 促 品","CRFTRY26"," ","0","CRF TRAY 26","　","プロパー","1","物流部倉庫","0","81.00","0.00","0.00","81.00","0.00","0","自社","2026/09","83.00","0.00","1.00","0.00","1.00","0.00","0.00","0.00","0.00","0.00"
"ﾌｧﾐﾘｰﾏｰﾄOEM","CUB127","1","0","Ｃ－ＵＢ１２７","ﾌﾞﾗｯｸ","OEM","1","物流部倉庫","0","601.00","0.00","0.00","601.00","445.50","267746","自社","2026/09","601.00","0","0","0","0","0","0","0","0","0.00"
"ﾌｧﾐﾘｰﾏｰﾄOEM","CUB140","1","0","Ｃ－ＵＢ１４０","ﾌﾞﾗｳﾝﾃﾞﾐ","OEM","1","物流部倉庫","0","39.00","0.00","0.00","39.00","445.50","17375","自社","2026/09","39.00","0","0","0","0","0","0","0","0","0.00"
"ﾌｧﾐﾘｰﾏｰﾄOEM","CUB141","1","0","Ｃ－ＵＢ１４１","ﾐﾙｷｰﾌﾞﾗｳﾝ","OEM","1","物流部倉庫","0","419.00","0.00","0.00","419.00","445.50","186665","自社","2026/09","419.00","0","0","0","0","0","0","0","0","0.00"
"ﾌｧﾐﾘｰﾏｰﾄOEM","CUB145","1","0","Ｃ－ＵＢ１４５","ﾌﾞﾗｯｸ","OEM","1","物流部倉庫","0","512.00","0.00","0.00","512.00","445.50","228096","自社","2026/09","512.00","0","0","0","0","0","0","0","0","0.00"
"ECｱｸｾ","D120","WHT","0","Ｄ１２０","ﾎﾜｲﾄ","プロパー","1","物流部倉庫","0","2.00","0.00","0.00","2.00","405.00","810","自社","2026/09","3.00","0.00","1.00","0.00","0.00","0.00","0.00","0.00","0.00","0.00"
"ECｱｸｾ","D120MULGA","MULTI_1","0","Ｄ１２０ＭＵＬＧＡ","ｷｬﾌﾟﾃﾝ","プロパー","1","物流部倉庫","0","3.00","0.00","0.00","3.00","1170.00","3510","自社","2026/09","3.00","0","0","0","0","0","0","0","0","0.00"
"ECｱｸｾ","D120MULGA","MULTI_3","0","Ｄ１２０ＭＵＬＧＡ","ｼｬｰｸ","プロパー","1","物流部倉庫","0","3.00","0.00","0.00","3.00","1170.00","3510","自社","2026/09","3.00","0","0","0","0","0","0","0","0","0.00"
"ECｱｸｾ","D17","NVY","0","Ｄ１７","ﾈｲﾋﾞｰ","プロパー","1","物流部倉庫","0","5.00","0.00","0.00","5.00","1260.00","6300","自社","2026/09","5.00","0","0","0","0","0","0","0","0","0.00"
"ECｱｸｾ","D17","PUR","0","Ｄ１７","ﾊﾟｰﾌﾟﾙ","プロパー","1","物流部倉庫","0","5.00","0.00","0.00","5.00","1260.00","6300","自社","2026/09","5.00","0","0","0","0","0","0","0","0","0.00"
"ECｱｸｾ","D17","TQ","0","Ｄ１７","ﾀｰｺｲｽﾞ","プロパー","1","物流部倉庫","0","4.00","0.00","0.00","4.00","1260.00","5040","自社","2026/09","4.00","0","0","0","0","0","0","0","0","0.00"
"ECｱｸｾ","D2","BEG","0","Ｄ２","ﾍﾞｰｼﾞｭ","プロパー","1","物流部倉庫","0","4.00","0.00","0.00","4.00","585.00","2340","自社","2026/09","4.00","0","0","0","0","0","0","0","0","0.00"
"ECｱｸｾ","D2","NVY","0","Ｄ２","ﾈｲﾋﾞｰ","プロパー","1","物流部倉庫","0","4.00","0.00","0.00","4.00","585.00","2340","自社","2026/09","5.00","0.00","1.00","0.00","0.00","0.00","0.00","0.00","0.00","0.00"
"ﾌｨﾙ･ｴ･ｸﾁｰﾚOEM SG","DE5012","1","0","ＤＥ５０１２","ﾌﾞﾗｯｸ","OEM","1","物流部倉庫","0","2.00","0.00","0.00","2.00","392.70","785","自社","2026/09","2.00","0","0","0","0","0","0","0","0","0.00"
"ﾌｨﾙ･ｴ･ｸﾁｰﾚOEM SG","DE5012","2","0","ＤＥ５０１２","ｶｰｷｸﾘｱ","OEM","1","物流部倉庫","0","2.00","0.00","0.00","2.00","392.70","785","自社","2026/09","2.00","0","0","0","0","0","0","0","0","0.00"
"ﾌｨﾙ･ｴ･ｸﾁｰﾚOEM SG","DE5048","1","0","ＤＥ５０４８","ﾌﾞﾗｳﾝﾃﾞﾐ","OEM","1","物流部倉庫","0","2.00","0.00","0.00","2.00","377.85","756","自社","2026/09","2.00","0","0","0","0","0","0","0","0","0.00"
"ﾌｨﾙ･ｴ･ｸﾁｰﾚOEM SG","DE5048","2","0","ＤＥ５０４８","ﾗｲﾄｸﾞﾚｰｸﾘｱ","OEM","1","物流部倉庫","0","2.00","0.00","0.00","2.00","377.85","756","自社","2026/09","2.00","0","0","0","0","0","0","0","0","0.00"
"ﾌｨﾙ･ｴ･ｸﾁｰﾚOEM SG","DE5584","1","0","ＤＥ５５８４","ﾗｲﾄﾌﾞﾗｳﾝｸﾘｱ","OEM","1","物流部倉庫","0","2.00","0.00","0.00","2.00","405.90","812","自社","2026/09","2.00","0","0","0","0","0","0","0","0","0.00"
"ﾌｨﾙ･ｴ･ｸﾁｰﾚOEM SG","DE5584","2","0","ＤＥ５５８４","ﾗｲﾄｸﾞﾚｰｸﾘｱ/ﾌﾞﾗｳﾝﾃﾞﾐ","OEM","1","物流部倉庫","0","2.00","0.00","0.00","2.00","405.90","812","自社","2026/09","2.00","0","0","0","0","0","0","0","0","0.00"
"ﾌｨﾙ･ｴ･ｸﾁｰﾚOEM SG","DE5584","3","0","ＤＥ５５８４","ﾌﾞﾗｯｸ","OEM","1","物流部倉庫","0","1.00","0.00","0.00","1.00","405.90","406","自社","2026/09","1.00","0","0","0","0","0","0","0","0","0.00"
"ECｱｸｾ","EB2350","BLU","0","ＥＢ２３－５０","ﾌﾞﾙｰｼｰﾄﾞ","プロパー","1","物流部倉庫","0","4.00","0.00","0.00","4.00","1080.00","4320","自社","2026/09","4.00","0","0","0","0","0","0","0","0","0.00"
"ECｱｸｾ","EB2350","COR","0","ＥＢ２３－５０","ｺｰﾗﾙｼｰﾄﾞ","プロパー","1","物流部倉庫","0","4.00","0.00","0.00","4.00","1080.00","4320","自社","2026/09","4.00","0","0","0","0","0","0","0","0","0.00"
"ECｱｸｾ","EB2350","CRY","0","ＥＢ２３－５０","ｸﾘｽﾀﾙ","プロパー","1","物流部倉庫","0","4.00","0.00","0.00","4.00","1080.00","4320","自社","2026/09","4.00","0","0","0","0","0","0","0","0","0.00"
"ECｱｸｾ","EB2350","PPL","0","ＥＢ２３－５０","ﾊﾟｰﾌﾟﾙﾍﾞﾘｰ","プロパー","1","物流部倉庫","0","4.00","0.00","0.00","4.00","1080.00","4320","自社","2026/09","4.00","0","0","0","0","0","0","0","0","0.00"
"ECｱｸｾ","EB2350","RAS","0","ＥＢ２３－５０","ﾗｽﾞﾍﾞﾘｰ","プロパー","1","物流部倉庫","0","4.00","0.00","0.00","4.00","1080.00","4320","自社","2026/09","4.00","0","0","0","0","0","0","0","0","0.00"
"ECｱｸｾ","EB2350","YEL","0","ＥＢ２３－５０","ｲｴﾛｰｼｰﾄﾞ","プロパー","1","物流部倉庫","0","4.00","0.00","0.00","4.00","1080.00","4320","自社","2026/09","4.00","0","0","0","0","0","0","0","0","0.00"
"ECｱｸｾ","EL20","BLK","0","ＥＬ２０","ﾌﾞﾗｯｸ","プロパー","1","物流部倉庫","0","1.00","0.00","0.00","1.00","3460.00","3460","自社","2026/09","2.00","0.00","1.00","0.00","0.00","0.00","0.00","0.00","0.00","0.00"
"ECｱｸｾ","F501EC","BLK","0","Ｆ５０１ＥＣ","ﾌﾞﾗｯｸ","プロパー","1","物流部倉庫","0","1.00","0.00","0.00","1.00","6300.00","6300","自社","2026/09","1.00","0","0","0","0","0","0","0","0","0.00"
"ECｱｸｾ","F501EC","BRN","0","Ｆ５０１ＥＣ","ﾌﾞﾗｳﾝ","プロパー","1","物流部倉庫","0","1.00","0.00","0.00","1.00","6300.00","6300","自社","2026/09","1.00","0","0","0","0","0","0","0","0","0.00"
"ECｱｸｾ","F501EC","GRN","0","Ｆ５０１ＥＣ","ｸﾞﾘｰﾝ","プロパー","1","物流部倉庫","0","1.00","0.00","0.00","1.00","6300.00","6300","自社","2026/09","1.00","0","0","0","0","0","0","0","0","0.00"
"ｶﾞﾝﾌﾟOEM SG","FBL043A","2","0","ＦＢＬ０４３Ａ","ﾌﾞﾗｯｸﾗﾊﾞｰ","OEM","1","物流部倉庫","0","180.00","120.00","0.00","300.00","572.55","171765","自社","2026/09","0.00","0.00","0.00","300.00","0.00","0.00","0.00","0.00","0.00","0.00"
"ｶﾞﾝﾌﾟOEM SG","FGL003A","2","0","ＦＧＬ００３Ａ","ブラックラバー","OEM","1","物流部倉庫","0","94.00","0.00","0.00","94.00","483.45","45444","自社","2026/09","154.00","0.00","60.00","0.00","0.00","0.00","0.00","0.00","0.00","0.00"
"ｶﾞﾝﾌﾟOEM SG","FGL003A","4","0","ＦＧＬ００３Ａ","カーキクリア","OEM","1","物流部倉庫","0","145.00","0.00","0.00","145.00","458.70","66512","自社","2026/09","150.00","0.00","0.00","0.00","5.00","0.00","0.00","0.00","0.00","0.00"
"ｶﾞﾝﾌﾟOEM SG","FGL004","3","0","ＦＧＬ００４","ブラックラバー","OEM","1","物流部倉庫","0","0.00","120.00","0.00","120.00","478.50","57420","自社","2026/09","60.00","0.00","60.00","120.00","0.00","0.00","0.00","0.00","0.00","0.00"
"ｶﾞﾝﾌﾟOEM SG","FGL005","1","0","ＦＧＬ００５","ﾌﾞﾗｳﾝ","OEM","1","物流部倉庫","0","16.00","0.00","0.00","16.00","531.30","8501","自社","2026/09","76.00","0.00","60.00","0.00","0.00","0.00","0.00","0.00","0.00","0.00"
"ｶﾞﾝﾌﾟOEM SG","FGL005","2","0","ＦＧＬ００５","ｽﾓｰｸ","OEM","1","物流部倉庫","0","18.00","0.00","0.00","18.00","531.30","9563","自社","2026/09","79.00","0.00","60.00","0.00","1.00","0.00","0.00","0.00","0.00","0.00"
"ｶﾞﾝﾌﾟOEM SG","FGL005","3","0","ＦＧＬ００５","ﾌﾞﾙｰ","OEM","1","物流部倉庫","0","1.00","0.00","0.00","1.00","531.30","531","自社","2026/09","87.00","0.00","86.00","0.00","0.00","0.00","0.00","0.00","0.00","0.00"
"ｶﾞﾝﾌﾟOEM SG","FGL005","4","0","ＦＧＬ００５","ブラウンデミマット","OEM","1","物流部倉庫","0","180.00","120.00","0.00","300.00","531.30","159390","自社","2026/09","0.00","0.00","0.00","300.00","0.00","0.00","0.00","0.00","0.00","0.00"
"ｶﾞﾝﾌﾟOEM SG","FGL005","5","0","ＦＧＬ００５","クリア","OEM","1","物流部倉庫","0","132.00","0.00","0.00","132.00","531.30","70132","自社","2026/09","132.00","0","0","0","0","0","0","0","0","0.00"
"ｶﾞﾝﾌﾟOEM SG","FGL006","2","0","ＦＧＬ００６","ｸﾘｱｸﾞﾚｰ","OEM","1","物流部倉庫","0","193.00","0.00","0.00","193.00","514.80","99356","自社","2026/09","262.00","0.00","60.00","0.00","9.00","0.00","0.00","0.00","0.00","0.00"
"ｶﾞﾝﾌﾟOEM SG","FGL006","4","0","ＦＧＬ００６","ﾌﾞﾗｯｸﾗﾊﾞｰﾏｯﾄ","OEM","1","物流部倉庫","0","116.00","0.00","0.00","116.00","541.20","62779","自社","2026/09","176.00","0.00","60.00","0.00","0.00","0.00","0.00","0.00","0.00","0.00"
"ｶﾞﾝﾌﾟOEM SG","FGL007","1","0","ＦＧＬ００７","ブラウン","OEM","1","物流部倉庫","0","337.00","0.00","0.00","337.00","655.05","220752","自社","2026/09","359.00","0.00","0.00","0.00","22.00","0.00","0.00","0.00","0.00","0.00"
"ｶﾞﾝﾌﾟOEM SG","FGL007","2","0","ＦＧＬ００７","ガンメッキ","OEM","1","物流部倉庫","0","179.00","0.00","0.00","179.00","655.05","117254","自社","2026/09","179.00","0","0","0","0","0","0","0","0","0.00"
"ｶﾞﾝﾌﾟOEM SG","FGL007","3","0","ＦＧＬ００７","シルバーゴールド","OEM","1","物流部倉庫","0","417.00","0.00","0.00","417.00","655.05","273156","自社","2026/09","417.00","0","0","0","0","0","0","0","0","0.00"
"ｶﾞﾝﾌﾟOEM SG","FGL008","1","0","ＦＧＬ００８","ブラウン","OEM","1","物流部倉庫","0","118.00","0.00","0.00","118.00","549.45","64835","自社","2026/09","118.00","0","0","0","0","0","0","0","0","0.00"
"ｶﾞﾝﾌﾟOEM SG","FGL008","2","0","ＦＧＬ００８","ブルー","OEM","1","物流部倉庫","0","120.00","0.00","0.00","120.00","549.45","65934","自社","2026/09","120.00","0","0","0","0","0","0","0","0","0.00"
"一般SG","FI2002","1","0","２００２","ｶﾞﾝ","プロパー","1","物流部倉庫","0","10.00","0.00","202.00","212.00","375.65","79638","自社","2026/09","227.00","0.00","5.00","0.00","10.00","0.00","0.00","0.00","0.00","0.00"
"一般SG","FI2002","11","0","２００２","ｼﾙﾊﾞｰﾏｯﾄ","プロパー","1","物流部倉庫","0","0.00","0.00","4.00","4.00","359.70","1439","自社","2026/09","4.00","0","0","0","0","0","0","0","0","0.00"
"一般SG","FI2002","2","0","２００２","ｺﾞｰﾙﾄﾞ","プロパー","1","物流部倉庫","0","0.00","0.00","19.00","19.00","375.65","7137","自社","2026/09","19.00","0","0","0","0","0","0","0","0","0.00"
"一般SG","FI2002","3","0","２００２","ｼﾙﾊﾞｰﾏｯﾄ","プロパー","1","物流部倉庫","0","0.00","0.00","10.00","10.00","375.65","3757","自社","2026/09","10.00","0","0","0","0","0","0","0","0","0.00"
"一般SG","FI2002","9","0","２００２","ｼﾙﾊﾞｰﾏｯﾄ","プロパー","1","物流部倉庫","0","0.00","0.00","73.00","73.00","375.65","27422","自社","2026/09","111.00","0.00","37.00","0.00","1.00","0.00","0.00","0.00","0.00","0.00"
"一般SG","FI5097","1","0","５０９７","ﾌﾞﾗｯｸ","プロパー","1","物流部倉庫","0","1.00","0.00","0.00","1.00","268.95","269","自社","2026/09","1.00","0","0","0","0","0","0","0","0","0.00"
"一般SG","FI5097","18","0","５０９７","ｶｰｷｸﾘｱ","プロパー","1","物流部倉庫","0","0.00","0.00","1.00","1.00","285.45","285","自社","2026/09","1.00","0","0","0","0","0","0","0","0","0.00"
"一般SG","FI5097","22","0","５０９７","ﾐﾙｷｰﾌﾞﾗｳﾝ","プロパー","1","物流部倉庫","0","16.00","0.00","0.00","16.00","285.45","4567","自社","2026/09","17.00","0.00","0.00","0.00","1.00","0.00","0.00","0.00","0.00","0.00"
"一般SG","FI5097","31","0","５０９７","ﾐﾙｷｰｸﾞﾚｰ","プロパー","1","物流部倉庫","0","67.00","0.00","0.00","67.00","280.50","18794","自社","2026/09","69.00","0.00","0.00","0.00","2.00","0.00","0.00","0.00","0.00","0.00"
"一般SG","FI5097","82","0","５０９７","ﾌﾞﾗｳﾝｸﾘｱ","プロパー","1","物流部倉庫","0","0.00","0.00","1.00","1.00","285.45","285","自社","2026/09","1.00","0","0","0","0","0","0","0","0","0.00"
"一般SG","FI5099","1","0","５０９９","ﾌﾞﾗｯｸ","プロパー","1","物流部倉庫","0","279.00","0.00","87.00","366.00","422.40","154598","自社","2026/09","371.00","0.00","5.00","1.00","1.00","0.00","0.00","0.00","0.00","0.00"
"一般SG","FI5099","11","0","５０９９","ﾌﾞﾗｯｸ","プロパー","1","物流部倉庫","0","15.00","0.00","225.00","240.00","422.40","101376","自社","2026/09","528.00","0.00","276.00","2.00","14.00","0.00","0.00","0.00","0.00","-1.00"
"一般SG","FI5099","11B","0","５０９９","ﾌﾞﾗｯｸ","プロパー","1","物流部倉庫","0","0.00","0.00","10.00","10.00","394.35","3944","自社","2026/09","10.00","0","0","0","0","0","0","0","0","0.00"
"一般SG","FI5099","12","0","５０９９","ﾌﾞﾗｳﾝﾃﾞﾐ","プロパー","1","物流部倉庫","0","22.00","0.00","122.00","144.00","422.40","60826","自社","2026/09","171.00","0.00","14.00","1.00","14.00","0.00","0.00","0.00","0.00","-1.00"
"一般SG","FI5099","1B","0","５０９９","ﾌﾞﾗｯｸ","プロパー","1","物流部倉庫","0","0.00","0.00","5.00","5.00","394.35","1972","自社","2026/09","5.00","0","0","0","0","0","0","0","0","0.00"
"一般SG","FI5099","2","0","５０９９","ﾌﾞﾗｳﾝﾃﾞﾐ","プロパー","1","物流部倉庫","0","21.00","0.00","89.00","110.00","414.15","45557","自社","2026/09","118.00","0.00","6.00","1.00","3.00","0.00","0.00","0.00","0.00","-1.00"
"一般SG","FI5099","31","0","５０９９","ｸﾞﾚｰｸﾘｱ","プロパー","1","物流部倉庫","0","218.00","0.00","116.00","334.00","394.35","131713","自社","2026/09","346.00","0.00","11.00","1.00","2.00","0.00","0.00","0.00","0.00","-1.00"
"一般SG","FI5099","42","0","５０９９","ﾌﾞﾗｯｸ","プロパー","1","物流部倉庫","0","195.00","0.00","67.00","262.00","422.40","110669","自社","2026/09","264.00","0.00","2.00","0.00","0.00","0.00","0.00","0.00","0.00","0.00"
"一般SG","FI5099","52","0","５０９９","ﾗｲﾄﾌﾞﾗｳﾝｸﾘｱ","プロパー","1","物流部倉庫","0","106.00","0.00","65.00","171.00","394.35","67434","自社","2026/09","173.00","0.00","2.00","1.00","1.00","0.00","0.00","0.00","0.00","0.00"
"一般SG","FI5465A","1","0","５４６５Ａ","ﾌﾞﾗｯｸ","プロパー","1","物流部倉庫","0","0.00","0.00","5.00","5.00","313.50","1568","自社","2026/09","5.00","0","0","0","0","0","0","0","0","-1.00"
"一般SG","FI5465A","112","0","５４６５Ａ","ﾌﾞﾗｳﾝﾃﾞﾐ","プロパー","1","物流部倉庫","0","215.00","0.00","62.00","277.00","372.90","103293","自社","2026/09","281.00","0.00","3.00","0.00","1.00","0.00","0.00","0.00","0.00","0.00"
"一般SG","FI5465A","13","0","５４６５Ａ","ﾌﾞﾗｯｸ","プロパー","1","物流部倉庫","0","118.00","0.00","86.00","204.00","313.50","63954","自社","2026/09","219.00","0.00","4.00","0.00","11.00","0.00","0.00","0.00","0.00","-1.00"
"一般SG","FI5465A","18","0","５４６５Ａ","ｸﾞﾚｰｸﾘｱ","プロパー","1","物流部倉庫","0","267.00","0.00","0.00","267.00","313.50","83705","自社","2026/09","268.00","0.00","0.00","0.00","1.00","0.00","0.00","0.00","0.00","0.00"
"一般SG","FI5465A","31","0","５４６５Ａ","ﾌﾞﾗｯｸ","プロパー","1","物流部倉庫","0","133.00","0.00","110.00","243.00","313.50","76181","自社","2026/09","250.00","0.00","4.00","0.00","3.00","0.00","0.00","0.00","0.00","-1.00"
"一般SG","FI5465A","44","0","５４６５Ａ","ﾐﾙｷｰﾍﾞｰｼﾞｭ","プロパー","1","物流部倉庫","0","139.00","0.00","55.00","194.00","313.50","60819","自社","2026/09","196.00","0.00","2.00","0.00","0.00","0.00","0.00","0.00","0.00","-1.00"
"一般SG","FI5465A","72","0","５４６５Ａ","ﾌﾞﾗｳﾝｸﾘｱ","プロパー","1","物流部倉庫","0","0.00","0.00","9.00","9.00","313.50","2822","自社","2026/09","14.00","0.00","3.00","0.00","2.00","0.00","0.00","0.00","0.00","-1.00"
"一般SG","FI5465A","81","0","５４６５Ａ","ｸﾞﾚｰｸﾘｱ","プロパー","1","物流部倉庫","0","0.00","0.00","5.00","5.00","313.50","1568","自社","2026/09","18.00","0.00","13.00","0.00","0.00","0.00","0.00","0.00","0.00","0.00"
"一般SG","FI5465A","92","0","５４６５Ａ","ﾀﾞｰｸﾌﾞﾗｳﾝｸﾘｱ","プロパー","1","物流部倉庫","0","1.00","0.00","7.00","8.00","315.15","2521","自社","2026/09","26.00","0.00","2.00","0.00","16.00","0.00","0.00","0.00","0.00","0.00"
"一般SG","FI5606","1","0","５６０６","ﾌﾞﾗｯｸ","プロパー","1","物流部倉庫","0","14.00","0.00","64.00","78.00","242.55","18919","自社","2026/09","87.00","0.00","3.00","1.00","7.00","0.00","0.00","0.00","0.00","0.00"
"一般SG","FI5606","18","0","５６０６","ﾌﾞﾗｯｸ","プロパー","1","物流部倉庫","0","72.00","0.00","73.00","145.00","242.55","35170","自社","2026/09","153.00","0.00","3.00","1.00","6.00","0.00","0.00","0.00","0.00","0.00"
"一般SG","FI5606","3B","0","５６０６","ﾌﾞﾗｯｸ","プロパー","1","物流部倉庫","0","0.00","0.00","2.00","2.00","242.55","485","自社","2026/09","2.00","0","0","0","0","0","0","0","0","0.00"
"一般SG","FI5606","41","0","５６０６","ﾌﾞﾗｯｸ","プロパー","1","物流部倉庫","0","1.00","100.00","15.00","116.00","242.55","28136","自社","2026/09","129.00","0.00","9.00","1.00","5.00","0.00","0.00","0.00","0.00","0.00"
"一般SG","FI5606","51","0","５６０６","ﾌﾞﾗｯｸ","プロパー","1","物流部倉庫","0","5.00","0.00","36.00","41.00","242.55","9945","自社","2026/09","50.00","0.00","8.00","1.00","2.00","0.00","0.00","0.00","0.00","0.00"
"一般SG","FI5606","61","0","５６０６","ﾌﾞﾗｯｸ","プロパー","1","物流部倉庫","0","132.00","0.00","28.00","160.00","242.55","38808","自社","2026/09","160.00","0.00","0.00","1.00","1.00","0.00","0.00","0.00","0.00","0.00"
"一般SG","FI5606","8B","0","５６０６","ﾌﾞﾗｯｸ","プロパー","1","物流部倉庫","0","0.00","0.00","6.00","6.00","242.55","1455","自社","2026/09","6.00","0","0","0","0","0","0","0","0","0.00"
"一般SG","FI7006","1","0","７００６","ﾌﾞﾗｯｸ","プロパー","1","物流部倉庫","0","0.00","0.00","327.00","327.00","264.00","86328","自社","2026/09","327.00","0","0","0","0","0","0","0","0","0.00"
"一般SG","FI7006","2","0","７００６","ﾌﾞﾗｳﾝﾃﾞﾐ","プロパー","1","物流部倉庫","0","0.00","0.00","224.00","224.00","214.50","48048","自社","2026/09","224.00","0","0","0","0","0","0","0","0","0.00"
"一般SG","FI7007","1","0","７００７","ﾌﾞﾗｯｸ･ｸﾘｱ","プロパー","1","物流部倉庫","0","0.00","0.00","2.00","2.00","419.10","838","自社","2026/09","2.00","0","0","0","0","0","0","0","0","0.00"
"一般SG","FI7007","2","0","７００７","ﾌﾞﾗｳﾝﾃﾞﾐ･ｸﾘｱ","プロパー","1","物流部倉庫","0","0.00","0.00","170.00","170.00","432.30","73491","自社","2026/09","170.00","0","0","0","0","0","0","0","0","0.00"
"ｶﾞﾝﾌﾟOEM SG","FIFBL039A","1","0","ＦＢＬ０３９Ａ","ﾌﾞﾗｯｸﾗﾊﾞｰ","OEM","1","物流部倉庫","0","31.00","0.00","0.00","31.00","419.10","12992","自社","2026/09","91.00","0.00","60.00","0.00","0.00","0.00","0.00","0.00","0.00","0.00"
"ｶﾞﾝﾌﾟOEM SG","FIFBL039A","12","0","ＦＢＬ０３９Ａ","ﾌﾞﾗｯｸﾗﾊﾞｰ","OEM","1","物流部倉庫","0","178.00","0.00","0.00","178.00","458.70","81649","自社","2026/09","238.00","0.00","60.00","0.00","0.00","0.00","0.00","0.00","0.00","0.00"
"ｶﾞﾝﾌﾟOEM SG","FIFBL039A","19","0","ＦＢＬ０３９Ａ","ﾌﾞﾗｯｸｸﾞﾗﾃﾞｰｼｮﾝ","OEM","1","物流部倉庫","0","10.00","0.00","0.00","10.00","432.30","4323","自社","2026/09","10.00","0","0","0","0","0","0","0","0","0.00"
"FEEL LIFE老眼","FIFLC001","2","20","ＦＬＣ－００１","ﾌﾞﾙｰﾃﾞﾐ･ｱﾝﾃｨｰｸｼﾙﾊﾞｰ","プロパー","1","物流部倉庫","0","1.00","0.00","0.00","1.00","495.00","495","自社","2026/09","1.00","0","0","0","0","0","0","0","0","0.00"
"FEEL LIFE老眼","FIFLC001","2","25","ＦＬＣ－００１","ﾌﾞﾙｰﾃﾞﾐ･ｱﾝﾃｨｰｸｼﾙﾊﾞｰ","プロパー","1","物流部倉庫","0","1.00","0.00","0.00","1.00","495.00","495","自社","2026/09","1.00","0","0","0","0","0","0","0","0","0.00"
"FEEL LIFE老眼","FIFLC002","1","10","ＦＬＣ－００２","ﾗｲﾄﾌﾞﾗｳﾝﾃﾞﾐ･ｱﾝﾃｨｰｸﾌﾞﾗｳﾝ","プロパー","1","物流部倉庫","0","0.00","0.00","3.00","3.00","567.60","1703","自社","2026/09","8.00","0.00","1.00","1.00","5.00","0.00","0.00","0.00","0.00","0.00"
"FEEL LIFE老眼","FIFLC002","1","15","ＦＬＣ－００２","ﾗｲﾄﾌﾞﾗｳﾝﾃﾞﾐ･ｱﾝﾃｨｰｸﾌﾞﾗｳﾝ","プロパー","1","物流部倉庫","0","0.00","0.00","25.00","25.00","567.60","14190","自社","2026/09","51.00","0.00","1.00","1.00","26.00","0.00","0.00","0.00","0.00","0.00"
"FEEL LIFE老眼","FIFLC002","1","20","ＦＬＣ－００２","ﾗｲﾄﾌﾞﾗｳﾝﾃﾞﾐ･ｱﾝﾃｨｰｸﾌﾞﾗｳﾝ","プロパー","1","物流部倉庫","0","0.00","0.00","45.00","45.00","567.60","25542","自社","2026/09","66.00","0.00","1.00","0.00","20.00","0.00","0.00","0.00","0.00","0.00"
"FEEL LIFE老眼","FIFLC002","1","25","ＦＬＣ－００２","ﾗｲﾄﾌﾞﾗｳﾝﾃﾞﾐ･ｱﾝﾃｨｰｸﾌﾞﾗｳﾝ","プロパー","1","物流部倉庫","0","0.00","0.00","16.00","16.00","567.60","9082","自社","2026/09","16.00","0.00","0.00","1.00","1.00","0.00","0.00","0.00","0.00","0.00"
"FEEL LIFE老眼","FIFLC002","1","30","ＦＬＣ－００２","ﾗｲﾄﾌﾞﾗｳﾝﾃﾞﾐ･ｱﾝﾃｨｰｸﾌﾞﾗｳﾝ","プロパー","1","物流部倉庫","0","0.00","0.00","14.00","14.00","567.60","7946","自社","2026/09","16.00","0.00","0.00","0.00","2.00","0.00","0.00","0.00","0.00","0.00"
"FEEL LIFE老眼","FIFLC002","2","10","ＦＬＣ－００２","ﾌﾞﾗｯｸ･ｱﾝﾃｨｰｸｺﾞｰﾙﾄﾞ","プロパー","1","物流部倉庫","0","0.00","0.00","69.00","69.00","539.55","37229","自社","2026/09","90.00","0.00","0.00","0.00","21.00","0.00","0.00","0.00","0.00","0.00"
"FEEL LIFE老眼","FIFLC002","2","15","ＦＬＣ－００２","ﾌﾞﾗｯｸ･ｱﾝﾃｨｰｸｺﾞｰﾙﾄﾞ","プロパー","1","物流部倉庫","0","0.00","0.00","145.00","145.00","539.55","78235","自社","2026/09","167.00","0.00","1.00","1.00","22.00","0.00","0.00","0.00","0.00","0.00"
"FEEL LIFE老眼","FIFLC002","2","20","ＦＬＣ－００２","ﾌﾞﾗｯｸ･ｱﾝﾃｨｰｸｺﾞｰﾙﾄﾞ","プロパー","1","物流部倉庫","0","0.00","0.00","207.00","207.00","539.55","111687","自社","2026/09","218.00","0.00","1.00","0.00","10.00","0.00","0.00","0.00","0.00","0.00"
"FEEL LIFE老眼","FIFLC002","2","25","ＦＬＣ－００２","ﾌﾞﾗｯｸ･ｱﾝﾃｨｰｸｺﾞｰﾙﾄﾞ","プロパー","1","物流部倉庫","0","0.00","0.00","34.00","34.00","539.55","18345","自社","2026/09","45.00","0.00","0.00","0.00","11.00","0.00","0.00","0.00","0.00","0.00"
"FEEL LIFE老眼","FIFLC002","2","30","ＦＬＣ－００２","ﾌﾞﾗｯｸ･ｱﾝﾃｨｰｸｺﾞｰﾙﾄﾞ","プロパー","1","物流部倉庫","0","0.00","0.00","48.00","48.00","539.55","25898","自社","2026/09","48.00","0","0","0","0","0","0","0","0","0.00"
"FEEL LIFE老眼","FIFLC003","1","20","ＦＬＣ－００３","ｼﾙﾊﾞｰﾏｯﾄ","OEM","1","物流部倉庫","0","0.00","0.00","1.00","1.00","425.70","426","自社","2026/09","1.00","0","0","0","0","0","0","0","0","0.00"
"FEEL LIFE老眼","FIFLC003","1","30","ＦＬＣ－００３","ｼﾙﾊﾞｰﾏｯﾄ","OEM","1","物流部倉庫","0","0.00","0.00","1.00","1.00","425.70","426","自社","2026/09","1.00","0","0","0","0","0","0","0","0","0.00"
"ﾊｰﾓﾆｯｸOEM SG","FIFLE002","1","0","ＦＬＥ－００２","ﾌﾞﾗｯｸ","OEM","1","物流部倉庫","0","406.00","0.00","0.00","406.00","635.25","257912","自社","2026/09","66.00","0.00","20.00","360.00","0.00","0.00","0.00","0.00","0.00","0.00"
"ﾊｰﾓﾆｯｸOEM SG","FIFLE002","2","0","ＦＬＥ－００２","ﾌﾞﾗｳﾝﾃﾞﾐ","OEM","1","物流部倉庫","0","150.00","0.00","0.00","150.00","577.50","86625","自社","2026/09","160.00","0.00","10.00","0.00","0.00","0.00","0.00","0.00","0.00","0.00"
"FEEL LIFE老眼","FIFLM001","1","10","ＦＬＭ－００１","ｼﾙﾊﾞｰ","プロパー","1","物流部倉庫","0","0.00","0.00","29.00","29.00","561.00","16269","自社","2026/09","52.00","0.00","0.00","1.00","24.00","0.00","0.00","0.00","0.00","0.00"
"FEEL LIFE老眼","FIFLM001","1","15","ＦＬＭ－００１","ｼﾙﾊﾞｰ","プロパー","1","物流部倉庫","0","0.00","0.00","154.00","154.00","561.00","86394","自社","2026/09","185.00","0.00","0.00","0.00","31.00","0.00","0.00","0.00","0.00","0.00"
"FEEL LIFE老眼","FIFLM001","1","20","ＦＬＭ－００１","ｼﾙﾊﾞｰ","プロパー","1","物流部倉庫","0","0.00","0.00","60.00","60.00","561.00","33660","自社","2026/09","97.00","0.00","2.00","0.00","35.00","0.00","0.00","0.00","0.00","0.00"
"FEEL LIFE老眼","FIFLM001","1","25","ＦＬＭ－００１","ｼﾙﾊﾞｰ","プロパー","1","物流部倉庫","0","0.00","0.00","53.00","53.00","561.00","29733","自社","2026/09","70.00","0.00","0.00","0.00","17.00","0.00","0.00","0.00","0.00","0.00"
"FEEL LIFE老眼","FIFLM001","1","30","ＦＬＭ－００１","ｼﾙﾊﾞｰ","プロパー","1","物流部倉庫","0","0.00","0.00","9.00","9.00","561.00","5049","自社","2026/09","33.00","0.00","0.00","0.00","24.00","0.00","0.00","0.00","0.00","0.00"
"FEEL LIFE老眼","FIFLM001","2","10","ＦＬＭ－００１","ﾌﾞﾗｯｸ","プロパー","1","物流部倉庫","0","0.00","0.00","19.00","19.00","561.00","10659","自社","2026/09","46.00","0.00","0.00","0.00","27.00","0.00","0.00","0.00","0.00","0.00"
"FEEL LIFE老眼","FIFLM001","2","15","ＦＬＭ－００１","ﾌﾞﾗｯｸ","プロパー","1","物流部倉庫","0","0.00","0.00","113.00","113.00","561.00","63393","自社","2026/09","138.00","0.00","0.00","1.00","26.00","0.00","0.00","0.00","0.00","0.00"
"FEEL LIFE老眼","FIFLM001","2","20","ＦＬＭ－００１","ﾌﾞﾗｯｸ","プロパー","1","物流部倉庫","0","0.00","0.00","82.00","82.00","561.00","46002","自社","2026/09","111.00","0.00","1.00","0.00","28.00","0.00","0.00","0.00","0.00","0.00"
"FEEL LIFE老眼","FIFLM001","2","25","ＦＬＭ－００１","ﾌﾞﾗｯｸ","プロパー","1","物流部倉庫","0","0.00","0.00","15.00","15.00","561.00","8415","自社","2026/09","39.00","0.00","0.00","0.00","24.00","0.00","0.00","0.00","0.00","0.00"
"FEEL LIFE老眼","FIFLM001","2","30","ＦＬＭ－００１","ﾌﾞﾗｯｸ","プロパー","1","物流部倉庫","0","0.00","0.00","19.00","19.00","561.00","10659","自社","2026/09","34.00","0.00","0.00","0.00","15.00","0.00","0.00","0.00","0.00","0.00"
"FEEL LIFE老眼","FIFLM002","1","10","ＦＬＭ－００２","ｼﾙﾊﾞｰﾏｯﾄ","プロパー","1","物流部倉庫","0","0.00","0.00","80.00","80.00","589.05","47124","自社","2026/09","85.00","0.00","0.00","0.00","5.00","0.00","0.00","0.00","0.00","0.00"
"FEEL LIFE老眼","FIFLM002","1","15","ＦＬＭ－００２","ｼﾙﾊﾞｰﾏｯﾄ","プロパー","1","物流部倉庫","0","0.00","0.00","87.00","87.00","589.05","51247","自社","2026/09","109.00","0.00","0.00","0.00","22.00","0.00","0.00","0.00","0.00","0.00"
"FEEL LIFE老眼","FIFLM002","1","20","ＦＬＭ－００２","ｼﾙﾊﾞｰﾏｯﾄ","プロパー","1","物流部倉庫","0","0.00","0.00","41.00","41.00","589.05","24151","自社","2026/09","55.00","0.00","1.00","1.00","14.00","0.00","0.00","0.00","0.00","0.00"
"FEEL LIFE老眼","FIFLM002","1","25","ＦＬＭ－００２","ｼﾙﾊﾞｰﾏｯﾄ","プロパー","1","物流部倉庫","0","0.00","0.00","27.00","27.00","589.05","15904","自社","2026/09","31.00","0.00","0.00","0.00","4.00","0.00","0.00","0.00","0.00","0.00"
"FEEL LIFE老眼","FIFLM002","1","30","ＦＬＭ－００２","ｼﾙﾊﾞｰﾏｯﾄ","プロパー","1","物流部倉庫","0","0.00","0.00","5.00","5.00","589.05","2945","自社","2026/09","5.00","0","0","0","0","0","0","0","0","0.00"
"FEEL LIFE老眼","FIFLM002","2","10","ＦＬＭ－００２","ﾌﾞﾙｰﾏｯﾄ","プロパー","1","物流部倉庫","0","0.00","0.00","66.00","66.00","589.05","38877","自社","2026/09","66.00","0","0","0","0","0","0","0","0","0.00"
"FEEL LIFE老眼","FIFLM002","2","15","ＦＬＭ－００２","ﾌﾞﾙｰﾏｯﾄ","プロパー","1","物流部倉庫","0","0.00","0.00","45.00","45.00","589.05","26507","自社","2026/09","50.00","0.00","0.00","0.00","5.00","0.00","0.00","0.00","0.00","0.00"
"FEEL LIFE老眼","FIFLM002","2","20","ＦＬＭ－００２","ﾌﾞﾙｰﾏｯﾄ","プロパー","1","物流部倉庫","0","0.00","0.00","87.00","87.00","589.05","51247","自社","2026/09","103.00","0.00","0.00","0.00","16.00","0.00","0.00","0.00","0.00","0.00"
"FEEL LIFE老眼","FIFLM002","2","25","ＦＬＭ－００２","ﾌﾞﾙｰﾏｯﾄ","プロパー","1","物流部倉庫","0","0.00","0.00","12.00","12.00","589.05","7069","自社","2026/09","22.00","0.00","0.00","1.00","11.00","0.00","0.00","0.00","0.00","0.00"
"FEEL LIFE老眼","FIFLM002","2","30","ＦＬＭ－００２","ﾌﾞﾙｰﾏｯﾄ","プロパー","1","物流部倉庫","0","0.00","0.00","6.00","6.00","589.05","3534","自社","2026/09","23.00","0.00","0.00","0.00","17.00","0.00","0.00","0.00","0.00","0.00"
"ECｱｸｾ","FIFLOWA","BLK2","0","Ｆｌｏｗ－Ａ","ﾌﾞﾗｯｸ","プロパー","1","物流部倉庫","0","3.00","0.00","0.00","3.00","2280.00","6840","自社","2026/09","3.00","0","0","0","0","0","0","0","0","0.00"
"ECｱｸｾ","FIFLOWA","SLV","0","Ｆｌｏｗ－Ａ","ｼﾙﾊﾞｰ","プロパー","1","物流部倉庫","0","1.00","0.00","0.00","1.00","2280.00","2280","自社","2026/09","3.00","0.00","2.00","0.00","0.00","0.00","0.00","0.00","0.00","0.00"
"SHIORI SG","FISI04","1","0","ＳＩ－０４","ﾌﾞﾗｯｸ","プロパー","1","物流部倉庫","0","0.00","0.00","61.00","61.00","912.45","55659","自社","2026/09","67.00","0.00","1.00","0.00","5.00","0.00","0.00","0.00","0.00","0.00"
"SHIORI SG","FISI04","2","0","ＳＩ－０４","ﾌﾞﾗｳﾝﾃﾞﾐ","プロパー","1","物流部倉庫","0","0.00","0.00","29.00","29.00","912.45","26461","自社","2026/09","34.00","0.00","1.00","0.00","4.00","0.00","0.00","0.00","0.00","0.00"
"SHIORI SG","FISI04","4","0","ＳＩ－０４","ｼﾙﾊﾞｰ","プロパー","1","物流部倉庫","0","0.00","0.00","9.00","9.00","912.45","8212","自社","2026/09","9.00","0","0","0","0","0","0","0","0","0.00"
"SHIORI(しおり)老眼","FISI05","1","10","ＳＩ－０５","ｼﾙﾊﾞｰ","プロパー","1","物流部倉庫","0","0.00","0.00","58.00","58.00","1047.75","60770","自社","2026/09","89.00","0.00","4.00","1.00","28.00","0.00","0.00","0.00","0.00","0.00"
"SHIORI(しおり)老眼","FISI05","1","15","ＳＩ－０５","ｼﾙﾊﾞｰ","プロパー","1","物流部倉庫","0","0.00","0.00","158.00","158.00","1047.75","165545","自社","2026/09","189.00","0.00","2.00","0.00","29.00","0.00","0.00","0.00","0.00","0.00"
"SHIORI(しおり)老眼","FISI05","1","20","ＳＩ－０５","ｼﾙﾊﾞｰ","プロパー","1","物流部倉庫","0","0.00","0.00","160.00","160.00","1047.75","167640","自社","2026/09","196.00","0.00","4.00","0.00","32.00","0.00","0.00","0.00","0.00","0.00"
"SHIORI(しおり)老眼","FISI05","1","25","ＳＩ－０５","ｼﾙﾊﾞｰ","プロパー","1","物流部倉庫","0","11.00","1.00","94.00","106.00","1047.75","111062","自社","2026/09","136.00","0.00","22.00","0.00","8.00","0.00","0.00","0.00","0.00","0.00"
"SHIORI(しおり)老眼","FISI05","1","30","ＳＩ－０５","ｼﾙﾊﾞｰ","プロパー","1","物流部倉庫","0","0.00","1.00","33.00","34.00","1047.75","35624","自社","2026/09","34.00","0","0","0","0","0","0","0","0","0.00"
"SHIORI(しおり)老眼","FISI05","2","10","ＳＩ－０５","ﾌﾞﾗｳﾝﾃﾞﾐ","プロパー","1","物流部倉庫","0","0.00","0.00","95.00","95.00","1047.75","99536","自社","2026/09","149.00","0.00","20.00","0.00","34.00","0.00","0.00","0.00","0.00","0.00"
"SHIORI(しおり)老眼","FISI05","2","15","ＳＩ－０５","ﾌﾞﾗｳﾝﾃﾞﾐ","プロパー","1","物流部倉庫","0","0.00","0.00","151.00","151.00","1047.75","158210","自社","2026/09","194.00","0.00","13.00","1.00","31.00","0.00","0.00","0.00","0.00","0.00"
"SHIORI(しおり)老眼","FISI05","2","20","ＳＩ－０５","ﾌﾞﾗｳﾝﾃﾞﾐ","プロパー","1","物流部倉庫","0","0.00","0.00","236.00","236.00","1047.75","247269","自社","2026/09","265.00","0.00","6.00","0.00","23.00","0.00","0.00","0.00","0.00","0.00"
"SHIORI(しおり)老眼","FISI05","2","25","ＳＩ－０５","ﾌﾞﾗｳﾝﾃﾞﾐ","プロパー","1","物流部倉庫","0","0.00","0.00","112.00","112.00","1047.75","117348","自社","2026/09","169.00","0.00","25.00","0.00","32.00","0.00","0.00","0.00","0.00","0.00"
"SHIORI(しおり)老眼","FISI05","2","30","ＳＩ－０５","ﾌﾞﾗｳﾝﾃﾞﾐ","プロパー","1","物流部倉庫","0","0.00","1.00","14.00","15.00","1047.75","15716","自社","2026/09","15.00","0","0","0","0","0","0","0","0","0.00"
"SHIORI(しおり)老眼","FISI05","3","10","ＳＩ－０５","ﾌﾞﾗｯｸ","プロパー","1","物流部倉庫","0","0.00","0.00","15.00","15.00","1021.35","15320","自社","2026/09","15.00","0","0","0","0","0","0","0","0","0.00"
"SHIORI(しおり)老眼","FISI05","3","15","ＳＩ－０５","ﾌﾞﾗｯｸ","プロパー","1","物流部倉庫","0","0.00","0.00","11.00","11.00","1021.35","11235","自社","2026/09","14.00","0.00","3.00","0.00","0.00","0.00","0.00","0.00","0.00","0.00"
"SHIORI(しおり)老眼","FISI05","3","20","ＳＩ－０５","ﾌﾞﾗｯｸ","プロパー","1","物流部倉庫","0","0.00","0.00","14.00","14.00","1021.35","14299","自社","2026/09","15.00","0.00","1.00","0.00","0.00","0.00","0.00","0.00","0.00","0.00"
"SHIORI(しおり)老眼","FISI05","3","25","ＳＩ－０５","ﾌﾞﾗｯｸ","プロパー","1","物流部倉庫","0","0.00","0.00","22.00","22.00","1021.35","22470","自社","2026/09","26.00","0.00","0.00","0.00","4.00","0.00","0.00","0.00","0.00","0.00"
"SHIORI(しおり)老眼","FISI05","3","30","ＳＩ－０５","ﾌﾞﾗｯｸ","プロパー","1","物流部倉庫","0","0.00","0.00","8.00","8.00","1021.35","8171","自社","2026/09","8.00","0","0","0","0","0","0","0","0","0.00"
"SHIORI(しおり)老眼","FISI05","4","10","ＳＩ－０５","ﾜｲﾝ","プロパー","1","物流部倉庫","0","0.00","0.00","177.00","177.00","1021.35","180779","自社","2026/09","207.00","0.00","13.00","1.00","18.00","0.00","0.00","0.00","0.00","0.00"
"SHIORI(しおり)老眼","FISI05","4","15","ＳＩ－０５","ﾜｲﾝ","プロパー","1","物流部倉庫","0","0.00","1.00","203.00","204.00","1021.35","208355","自社","2026/09","245.00","0.00","12.00","0.00","29.00","0.00","0.00","0.00","0.00","0.00"
"SHIORI(しおり)老眼","FISI05","4","20","ＳＩ－０５","ﾜｲﾝ","プロパー","1","物流部倉庫","0","0.00","0.00","135.00","135.00","1021.35","137882","自社","2026/09","168.00","0.00","8.00","0.00","25.00","0.00","0.00","0.00","0.00","0.00"
"SHIORI(しおり)老眼","FISI05","4","25","ＳＩ－０５","ﾜｲﾝ","プロパー","1","物流部倉庫","0","0.00","0.00","112.00","112.00","1021.35","114391","自社","2026/09","126.00","0.00","4.00","0.00","10.00","0.00","0.00","0.00","0.00","0.00"
"SHIORI(しおり)老眼","FISI05","4","30","ＳＩ－０５","ﾜｲﾝ","プロパー","1","物流部倉庫","0","0.00","0.00","31.00","31.00","1021.35","31662","自社","2026/09","52.00","0.00","2.00","1.00","20.00","0.00","0.00","0.00","0.00","0.00"
"ｵﾘｴﾝﾀﾙﾗﾝﾄﾞOEM SG","FITDRF2N","1","0","ＴＤＲ－Ｆ２Ｎ","ﾌﾞﾗｯｸ","OEM","1","物流部倉庫","0","734.00","0.00","0.00","734.00","627.00","460218","自社","2026/09","734.00","0","0","0","0","0","0","0","0","0.00"
"ECｱｸｾ","FJ10","BLK","0","ＦＪ－１０","ﾌﾞﾗｯｸ","プロパー","1","物流部倉庫","0","60.00","0.00","0.00","60.00","120.00","7200","自社","2026/09","60.00","0","0","0","0","0","0","0","0","0.00"
"FEEL LIFE老眼","FL1000","1","25","ＦＬ１０００","ｸﾞﾚｰ","プロパー","1","物流部倉庫","0","1.00","0.00","0.00","1.00","2116.95","2117","自社","2026/09","1.00","0","0","0","0","0","0","0","0","0.00"
"FEEL LIFE老眼","FL1000","1","30","ＦＬ１０００","ｸﾞﾚｰ","プロパー","1","物流部倉庫","0","3.00","0.00","0.00","3.00","2116.95","6351","自社","2026/09","3.00","0","0","0","0","0","0","0","0","0.00"
"FEEL LIFE老眼","FL1000","2","20","ＦＬ１０００","ﾍｱﾗｲﾝﾌﾞﾗｯｸ","プロパー","1","物流部倉庫","0","2.00","0.00","0.00","2.00","2116.95","4234","自社","2026/09","2.00","0","0","0","0","0","0","0","0","0.00"
"FEEL LIFE老眼","FL1000","2","25","ＦＬ１０００","ﾍｱﾗｲﾝﾌﾞﾗｯｸ","プロパー","1","物流部倉庫","0","4.00","0.00","0.00","4.00","2116.95","8468","自社","2026/09","4.00","0","0","0","0","0","0","0","0","0.00"
"FEEL LIFE老眼","FL1000","2","30","ＦＬ１０００","ﾍｱﾗｲﾝﾌﾞﾗｯｸ","プロパー","1","物流部倉庫","0","1.00","0.00","0.00","1.00","2116.95","2117","自社","2026/09","1.00","0","0","0","0","0","0","0","0","0.00"
"FEEL LIFE老眼","FL1002","2","25","ＦＬ１００２","ﾍｱﾗｲﾝﾌﾞﾗｯｸ","プロパー","1","物流部倉庫","0","2.00","0.00","0.00","2.00","2116.95","4234","自社","2026/09","2.00","0","0","0","0","0","0","0","0","0.00"
"FEEL LIFE老眼","FL1002","2","30","ＦＬ１００２","ﾍｱﾗｲﾝﾌﾞﾗｯｸ","プロパー","1","物流部倉庫","0","7.00","0.00","0.00","7.00","2116.95","14819","自社","2026/09","7.00","0","0","0","0","0","0","0","0","0.00"
"FEEL LIFE老眼","FL3000","1","5","ＦＬ３０００","ﾌﾞﾗｯｸ/ｸﾞﾚｰ","プロパー","1","物流部倉庫","0","0.00","0.00","23.00","23.00","589.05","13548","自社","2026/09","51.00","0.00","8.00","0.00","20.00","0.00","0.00","0.00","0.00","0.00"
"FEEL LIFE老眼","FL3000","1","10","ＦＬ３０００","ﾌﾞﾗｯｸ/ｸﾞﾚｰ","プロパー","1","物流部倉庫","0","0.00","0.00","13.00","13.00","589.05","7658","自社","2026/09","44.00","0.00","11.00","0.00","20.00","0.00","0.00","0.00","0.00","0.00"
"FEEL LIFE老眼","FL3000","1","15","ＦＬ３０００","ﾌﾞﾗｯｸ/ｸﾞﾚｰ","プロパー","1","物流部倉庫","0","0.00","0.00","22.00","22.00","589.05","12959","自社","2026/09","60.00","0.00","18.00","0.00","20.00","0.00","0.00","0.00","0.00","0.00"
"FEEL LIFE老眼","FL3000","1","20","ＦＬ３０００","ﾌﾞﾗｯｸ/ｸﾞﾚｰ","プロパー","1","物流部倉庫","0","0.00","0.00","15.00","15.00","589.05","8836","自社","2026/09","51.00","0.00","16.00","0.00","20.00","0.00","0.00","0.00","0.00","0.00"
"FEEL LIFE老眼","FL3000","1","25","ＦＬ３０００","ﾌﾞﾗｯｸ/ｸﾞﾚｰ","プロパー","1","物流部倉庫","0","0.00","0.00","11.00","11.00","589.05","6480","自社","2026/09","22.00","0.00","4.00","0.00","7.00","0.00","0.00","0.00","0.00","0.00"
"FEEL LIFE老眼","FL3000","2","5","ＦＬ３０００","ﾌﾞﾗｯｸ/ﾈｲﾋﾞｰ","プロパー","1","物流部倉庫","0","0.00","0.00","5.00","5.00","589.05","2945","自社","2026/09","20.00","0.00","10.00","0.00","5.00","0.00","0.00","0.00","0.00","0.00"
"FEEL LIFE老眼","FL3000","2","10","ＦＬ３０００","ﾌﾞﾗｯｸ/ﾈｲﾋﾞｰ","プロパー","1","物流部倉庫","0","0.00","0.00","9.00","9.00","589.05","5301","自社","2026/09","42.00","0.00","13.00","0.00","20.00","0.00","0.00","0.00","0.00","0.00"
"FEEL LIFE老眼","FL3000","2","15","ＦＬ３０００","ﾌﾞﾗｯｸ/ﾈｲﾋﾞｰ","プロパー","1","物流部倉庫","0","0.00","0.00","35.00","35.00","589.05","20617","自社","2026/09","67.00","0.00","12.00","0.00","20.00","0.00","0.00","0.00","0.00","0.00"
"FEEL LIFE老眼","FL3000","2","20","ＦＬ３０００","ﾌﾞﾗｯｸ/ﾈｲﾋﾞｰ","プロパー","1","物流部倉庫","0","0.00","0.00","17.00","17.00","589.05","10014","自社","2026/09","59.00","0.00","22.00","0.00","20.00","0.00","0.00","0.00","0.00","0.00"
"FEEL LIFE老眼","FL3000","2","25","ＦＬ３０００","ﾌﾞﾗｯｸ/ﾈｲﾋﾞｰ","プロパー","1","物流部倉庫","0","0.00","0.00","5.00","5.00","589.05","2945","自社","2026/09","16.00","0.00","5.00","0.00","6.00","0.00","0.00","0.00","0.00","0.00"
"FEEL LIFE老眼","FL3000","3","5","ＦＬ３０００","ﾌﾞﾗｯｸ/ﾚｯﾄﾞ","プロパー","1","物流部倉庫","0","0.00","0.00","22.00","22.00","589.05","12959","自社","2026/09","32.00","0.00","1.00","0.00","9.00","0.00","0.00","0.00","0.00","0.00"
"FEEL LIFE老眼","FL3000","3","25","ＦＬ３０００","ﾌﾞﾗｯｸ/ﾚｯﾄﾞ","プロパー","1","物流部倉庫","0","0.00","0.00","4.00","4.00","589.05","2356","自社","2026/09","10.00","0.00","1.00","0.00","5.00","0.00","0.00","0.00","0.00","0.00"
"FEEL LIFE老眼","FL3001","1","10","ＦＬ－３００１","ｼﾙﾊﾞｰ/ｼﾙﾊﾞｰｶｰﾎﾞﾝ","プロパー","1","物流部倉庫","0","0.00","0.00","28.00","28.00","994.95","27859","自社","2026/09","28.00","0","0","0","0","0","0","0","0","0.00"
"FEEL LIFE老眼","FL3001","1","15","ＦＬ－３００１","ｼﾙﾊﾞｰ/ｼﾙﾊﾞｰｶｰﾎﾞﾝ","プロパー","1","物流部倉庫","0","0.00","0.00","68.00","68.00","994.95","67657","自社","2026/09","70.00","0.00","2.00","0.00","0.00","0.00","0.00","0.00","0.00","0.00"
"FEEL LIFE老眼","FL3001","1","20","ＦＬ－３００１","ｼﾙﾊﾞｰ/ｼﾙﾊﾞｰｶｰﾎﾞﾝ","プロパー","1","物流部倉庫","0","0.00","0.00","61.00","61.00","994.95","60692","自社","2026/09","61.00","0","0","0","0","0","0","0","0","0.00"
"FEEL LIFE老眼","FL3001","1","25","ＦＬ－３００１","ｼﾙﾊﾞｰ/ｼﾙﾊﾞｰｶｰﾎﾞﾝ","プロパー","1","物流部倉庫","0","0.00","0.00","20.00","20.00","994.95","19899","自社","2026/09","21.00","0.00","1.00","0.00","0.00","0.00","0.00","0.00","0.00","0.00"
"FEEL LIFE老眼","FL3001","2","10","ＦＬ－３００１","ｸﾞﾚｰ/ﾌﾞﾗｯｸｶｰﾎﾞﾝ","プロパー","1","物流部倉庫","0","0.00","0.00","23.00","23.00","994.95","22884","自社","2026/09","23.00","0","0","0","0","0","0","0","0","0.00"
"FEEL LIFE老眼","FL3001","2","15","ＦＬ－３００１","ｸﾞﾚｰ/ﾌﾞﾗｯｸｶｰﾎﾞﾝ","プロパー","1","物流部倉庫","0","0.00","0.00","63.00","63.00","994.95","62682","自社","2026/09","64.00","0.00","1.00","0.00","0.00","0.00","0.00","0.00","0.00","0.00"
"FEEL LIFE老眼","FL3001","2","20","ＦＬ－３００１","ｸﾞﾚｰ/ﾌﾞﾗｯｸｶｰﾎﾞﾝ","プロパー","1","物流部倉庫","0","0.00","0.00","59.00","59.00","994.95","58702","自社","2026/09","61.00","0.00","2.00","0.00","0.00","0.00","0.00","0.00","0.00","0.00"
"FEEL LIFE老眼","FL3001","2","25","ＦＬ－３００１","ｸﾞﾚｰ/ﾌﾞﾗｯｸｶｰﾎﾞﾝ","プロパー","1","物流部倉庫","0","0.00","0.00","16.00","16.00","994.95","15919","自社","2026/09","16.00","0","0","0","0","0","0","0","0","0.00"
"一般既成近眼","FL5010","1","20","ＦＬ５０１０","ﾌﾞﾗｯｸ","プロパー","1","物流部倉庫","0","0.00","0.00","1.00","1.00","231.00","231","自社","2026/09","1.00","0","0","0","0","0","0","0","0","0.00"
"一般既成近眼","FL5010","9","10","ＦＬ５０１０","ｸﾘｱ","プロパー","1","物流部倉庫","0","0.00","0.00","11.00","11.00","231.00","2541","自社","2026/09","11.00","0","0","0","0","0","0","0","0","0.00"
"一般既成近眼","FL5010","9","20","ＦＬ５０１０","ｸﾘｱ","プロパー","1","物流部倉庫","0","0.00","0.00","3.00","3.00","231.00","693","自社","2026/09","3.00","0","0","0","0","0","0","0","0","0.00"
"一般既成近眼","FL5010","9","40","ＦＬ５０１０","ｸﾘｱ","プロパー","1","物流部倉庫","0","0.00","0.00","2.00","2.00","231.00","462","自社","2026/09","2.00","0","0","0","0","0","0","0","0","0.00"
"一般既成近眼","FL5021","3","10","ＦＬ５０２１","ﾌﾞﾗｯｸ","プロパー","1","物流部倉庫","0","2.00","0.00","0.00","2.00","229.35","459","自社","2026/09","2.00","0","0","0","0","0","0","0","0","0.00"
"FEEL LIFE老眼","FLH001PH","1","10","ＦＬＨ－００１ＰＨ","ｼﾙﾊﾞｰ","プロパー","1","物流部倉庫","0","0.00","0.00","33.00","33.00","1471.80","48569","自社","2026/09","35.00","0.00","0.00","16.00","18.00","0.00","0.00","0.00","0.00","0.00"
"FEEL LIFE老眼","FLH001PH","1","15","ＦＬＨ－００１ＰＨ","ｼﾙﾊﾞｰ","プロパー","1","物流部倉庫","0","0.00","0.00","35.00","35.00","1471.80","51513","自社","2026/09","0.00","0.00","0.00","65.00","30.00","0.00","0.00","0.00","0.00","0.00"
"FEEL LIFE老眼","FLH001PH","1","20","ＦＬＨ－００１ＰＨ","ｼﾙﾊﾞｰ","プロパー","1","物流部倉庫","0","0.00","0.00","47.00","47.00","1471.80","69175","自社","2026/09","13.00","0.00","0.00","50.00","16.00","0.00","0.00","0.00","0.00","0.00"
"FEEL LIFE老眼","FLH001PH","2","10","ＦＬＨ－００１ＰＨ","ｶﾞﾝﾒﾀﾙ","プロパー","1","物流部倉庫","0","0.00","0.00","40.00","40.00","1471.80","58872","自社","2026/09","0.00","0.00","0.00","60.00","20.00","0.00","0.00","0.00","0.00","0.00"
"FEEL LIFE老眼","FLH001PH","2","15","ＦＬＨ－００１ＰＨ","ｶﾞﾝﾒﾀﾙ","プロパー","1","物流部倉庫","0","0.00","0.00","30.00","30.00","1471.80","44154","自社","2026/09","0.00","0.00","0.00","50.00","20.00","0.00","0.00","0.00","0.00","0.00"
"FEEL LIFE老眼","FLH001PH","2","20","ＦＬＨ－００１ＰＨ","ｶﾞﾝﾒﾀﾙ","プロパー","1","物流部倉庫","0","0.00","0.00","30.00","30.00","1471.80","44154","自社","2026/09","0.00","0.00","0.00","60.00","30.00","0.00","0.00","0.00","0.00","0.00"
"FEEL LIFE老眼","FLK001","1","10","ＦＬＫ－００１","ｼﾙﾊﾞｰ/ｸﾞﾚｰｼﾞｭﾏｯﾄ","プロパー","1","物流部倉庫","0","0.00","0.00","4.00","4.00","1862.85","7451","自社","2026/09","10.00","0.00","6.00","0.00","0.00","0.00","0.00","0.00","0.00","0.00"
"FEEL LIFE老眼","FLK001","1","25","ＦＬＫ－００１","ｼﾙﾊﾞｰ/ｸﾞﾚｰｼﾞｭﾏｯﾄ","プロパー","1","物流部倉庫","0","0.00","0.00","3.00","3.00","1862.85","5589","自社","2026/09","8.00","0.00","5.00","0.00","0.00","0.00","0.00","0.00","0.00","0.00"
"FEEL LIFE老眼","FLK001","2","20","ＦＬＫ－００１","ｺﾞｰﾙﾄﾞﾏｯﾄ/ﾌﾞﾗｳﾝﾏｯﾄ","プロパー","1","物流部倉庫","0","0.00","0.00","1.00","1.00","1862.85","1863","自社","2026/09","1.00","0","0","0","0","0","0","0","0","0.00"
"FEEL LIFE老眼","FLK001","3","10","ＦＬＫ－００１","ｺﾞｰﾙﾄﾞ/ｱｯﾌﾟﾙｸﾞﾘｰﾝﾏｯﾄ","プロパー","1","物流部倉庫","0","0.00","0.00","17.00","17.00","1862.85","31668","自社","2026/09","25.00","0.00","8.00","0.00","0.00","0.00","0.00","0.00","0.00","0.00"
"FEEL LIFE老眼","FLK001","3","15","ＦＬＫ－００１","ｺﾞｰﾙﾄﾞ/ｱｯﾌﾟﾙｸﾞﾘｰﾝﾏｯﾄ","プロパー","1","物流部倉庫","0","0.00","0.00","5.00","5.00","1862.85","9314","自社","2026/09","5.00","0","0","0","0","0","0","0","0","0.00"
"FEEL LIFE老眼","FLK001","3","20","ＦＬＫ－００１","ｺﾞｰﾙﾄﾞ/ｱｯﾌﾟﾙｸﾞﾘｰﾝﾏｯﾄ","プロパー","1","物流部倉庫","0","0.00","0.00","2.00","2.00","1862.85","3726","自社","2026/09","1.00","0.00","0.00","1.00","0.00","0.00","0.00","0.00","0.00","0.00"
"FEEL LIFE老眼","FLL006","1","10","ＦＬＬ００６","ｸﾞﾚｰｸﾘｱ","プロパー","1","物流部倉庫","0","0.00","0.00","8.00","8.00","458.70","3670","自社","2026/09","14.00","0.00","0.00","0.00","6.00","0.00","0.00","0.00","0.00","0.00"
"FEEL LIFE老眼","FLL006","1","15","ＦＬＬ００６","ｸﾞﾚｰｸﾘｱ","プロパー","1","物流部倉庫","0","0.00","0.00","153.00","153.00","458.70","70181","自社","2026/09","187.00","0.00","20.00","1.00","15.00","0.00","0.00","0.00","0.00","0.00"
"FEEL LIFE老眼","FLL006","1","20","ＦＬＬ００６","ｸﾞﾚｰｸﾘｱ","プロパー","1","物流部倉庫","0","0.00","0.00","118.00","118.00","458.70","54127","自社","2026/09","167.00","0.00","30.00","0.00","19.00","0.00","0.00","0.00","0.00","0.00"
"FEEL LIFE老眼","FLL006","1","25","ＦＬＬ００６","ｸﾞﾚｰｸﾘｱ","プロパー","1","物流部倉庫","0","0.00","0.00","103.00","103.00","458.70","47246","自社","2026/09","109.00","0.00","0.00","0.00","6.00","0.00","0.00","0.00","0.00","0.00"
"FEEL LIFE老眼","FLL006","1","30","ＦＬＬ００６","ｸﾞﾚｰｸﾘｱ","プロパー","1","物流部倉庫","0","0.00","0.00","40.00","40.00","458.70","18348","自社","2026/09","52.00","0.00","0.00","0.00","12.00","0.00","0.00","0.00","0.00","0.00"
"FEEL LIFE老眼","FLL006","2","10","ＦＬＬ００６","ﾍﾞｰｼﾞｭｸﾘｱ","プロパー","1","物流部倉庫","0","0.00","0.00","50.00","50.00","458.70","22935","自社","2026/09","64.00","0.00","0.00","0.00","14.00","0.00","0.00","0.00","0.00","0.00"
"FEEL LIFE老眼","FLL006","2","15","ＦＬＬ００６","ﾍﾞｰｼﾞｭｸﾘｱ","プロパー","1","物流部倉庫","0","0.00","0.00","162.00","162.00","458.70","74309","自社","2026/09","187.00","0.00","10.00","1.00","16.00","0.00","0.00","0.00","0.00","0.00"
"FEEL LIFE老眼","FLL006","2","20","ＦＬＬ００６","ﾍﾞｰｼﾞｭｸﾘｱ","プロパー","1","物流部倉庫","0","0.00","0.00","82.00","82.00","458.70","37613","自社","2026/09","117.00","0.00","15.00","0.00","20.00","0.00","0.00","0.00","0.00","0.00"
"FEEL LIFE老眼","FLL006","2","25","ＦＬＬ００６","ﾍﾞｰｼﾞｭｸﾘｱ","プロパー","1","物流部倉庫","0","0.00","0.00","29.00","29.00","458.70","13302","自社","2026/09","39.00","0.00","0.00","0.00","10.00","0.00","0.00","0.00","0.00","0.00"
"FEEL LIFE老眼","FLL006","2","30","ＦＬＬ００６","ﾍﾞｰｼﾞｭｸﾘｱ","プロパー","1","物流部倉庫","0","0.00","0.00","24.00","24.00","458.70","11009","自社","2026/09","29.00","0.00","0.00","0.00","5.00","0.00","0.00","0.00","0.00","0.00"
"FEEL LIFE老眼","FLL3000","1","5","ＦＬＬ３０００","ﾌﾞﾗｯｸ/ｸﾞﾚｰｼﾞｭﾏｯﾄ","プロパー","1","物流部倉庫","0","0.00","0.00","16.00","16.00","1072.50","17160","自社","2026/09","21.00","0.00","0.00","0.00","5.00","0.00","0.00","0.00","0.00","0.00"
"FEEL LIFE老眼","FLL3000","1","15","ＦＬＬ３０００","ﾌﾞﾗｯｸ/ｸﾞﾚｰｼﾞｭﾏｯﾄ","プロパー","1","物流部倉庫","0","0.00","0.00","9.00","9.00","1072.50","9653","自社","2026/09","14.00","0.00","0.00","0.00","5.00","0.00","0.00","0.00","0.00","0.00"
"FEEL LIFE老眼","FLL3000","2","5","ＦＬＬ３０００","ﾌﾞﾗｳﾝﾃﾞﾐ／ｸﾘｱﾀﾞｰｸﾌﾞﾗｳﾝ","プロパー","1","物流部倉庫","0","0.00","0.00","104.00","104.00","1122.00","116688","自社","2026/09","104.00","0","0","0","0","0","0","0","0","0.00"
"FEEL LIFE老眼","FLL3000","2","10","ＦＬＬ３０００","ﾌﾞﾗｳﾝﾃﾞﾐ／ｸﾘｱﾀﾞｰｸﾌﾞﾗｳﾝ","プロパー","1","物流部倉庫","0","0.00","0.00","17.00","17.00","1122.00","19074","自社","2026/09","17.00","0","0","0","0","0","0","0","0","0.00"
"FEEL LIFE老眼","FLL3000","2","15","ＦＬＬ３０００","ﾌﾞﾗｳﾝﾃﾞﾐ／ｸﾘｱﾀﾞｰｸﾌﾞﾗｳﾝ","プロパー","1","物流部倉庫","0","0.00","0.00","44.00","44.00","1122.00","49368","自社","2026/09","44.00","0","0","0","0","0","0","0","0","0.00"
"FEEL LIFE老眼","FLL3002","1","15","ＦＬＬ３００２","ﾎﾜｲﾄｺﾞｰﾙﾄﾞ","プロパー","1","物流部倉庫","0","1.00","0.00","0.00","1.00","465.00","465","自社","2026/09","1.00","0","0","0","0","0","0","0","0","0.00"
"FEEL LIFE老眼","FLL3004","1","5","ＦＬＬ３００４","ﾋﾟｭｱﾌﾞﾗｯｸ","プロパー","1","物流部倉庫","0","0.00","0.00","61.00","61.00","475.20","28987","自社","2026/09","43.00","0.00","0.00","21.00","3.00","0.00","0.00","0.00","0.00","0.00"
"FEEL LIFE老眼","FLL3004","1","10","ＦＬＬ３００４","ﾋﾟｭｱﾌﾞﾗｯｸ","プロパー","1","物流部倉庫","0","0.00","0.00","63.00","63.00","475.20","29938","自社","2026/09","31.00","0.00","0.00","33.00","1.00","0.00","0.00","0.00","0.00","0.00"
"FEEL LIFE老眼","FLL3004","1","15","ＦＬＬ３００４","ﾋﾟｭｱﾌﾞﾗｯｸ","プロパー","1","物流部倉庫","0","0.00","0.00","72.00","72.00","475.20","34214","自社","2026/09","35.00","0.00","0.00","39.00","2.00","0.00","0.00","0.00","0.00","0.00"
"FEEL LIFE老眼","FLL3004","1","20","ＦＬＬ３００４","ﾋﾟｭｱﾌﾞﾗｯｸ","プロパー","1","物流部倉庫","0","0.00","0.00","6.00","6.00","475.20","2851","自社","2026/09","6.00","0.00","0.00","15.00","15.00","0.00","0.00","0.00","0.00","0.00"
"FEEL LIFE老眼","FLL3004","1","25","ＦＬＬ３００４","ﾋﾟｭｱﾌﾞﾗｯｸ","プロパー","1","物流部倉庫","0","0.00","0.00","21.00","21.00","475.20","9979","自社","2026/09","11.00","0.00","0.00","10.00","0.00","0.00","0.00","0.00","0.00","0.00"
"FEEL LIFE老眼","FLL3004","2","5","ＦＬＬ３００４","ﾃﾞﾐﾌﾞﾗｳﾝ","プロパー","1","物流部倉庫","0","0.00","0.00","42.00","42.00","475.20","19958","自社","2026/09","29.00","0.00","0.00","35.00","22.00","0.00","0.00","0.00","0.00","0.00"
"FEEL LIFE老眼","FLL3004","2","10","ＦＬＬ３００４","ﾃﾞﾐﾌﾞﾗｳﾝ","プロパー","1","物流部倉庫","0","0.00","0.00","10.00","10.00","475.20","4752","自社","2026/09","0.00","0.00","0.00","25.00","15.00","0.00","0.00","0.00","0.00","0.00"
"FEEL LIFE老眼","FLL3004","2","15","ＦＬＬ３００４","ﾃﾞﾐﾌﾞﾗｳﾝ","プロパー","1","物流部倉庫","0","0.00","0.00","70.00","70.00","475.20","33264","自社","2026/09","55.00","0.00","20.00","40.00","5.00","0.00","0.00","0.00","0.00","0.00"
"FEEL LIFE老眼","FLL3004","2","20","ＦＬＬ３００４","ﾃﾞﾐﾌﾞﾗｳﾝ","プロパー","1","物流部倉庫","0","0.00","0.00","15.00","15.00","475.20","7128","自社","2026/09","4.00","0.00","10.00","25.00","4.00","0.00","0.00","0.00","0.00","0.00"
"FEEL LIFE老眼","FLL3004","2","25","ＦＬＬ３００４","ﾃﾞﾐﾌﾞﾗｳﾝ","プロパー","1","物流部倉庫","0","0.00","0.00","68.00","68.00","475.20","32314","自社","2026/09","48.00","0.00","0.00","26.00","6.00","0.00","0.00","0.00","0.00","0.00"
"FEEL LIFE老眼","FLL3004","3","5","ＦＬＬ３００４","ｾﾋﾟｱｸﾞﾚｰｼﾞｭ","プロパー","1","物流部倉庫","0","0.00","0.00","27.00","27.00","475.20","12830","自社","2026/09","9.00","0.00","0.00","35.00","17.00","0.00","0.00","0.00","0.00","0.00"
"FEEL LIFE老眼","FLL3004","3","10","ＦＬＬ３００４","ｾﾋﾟｱｸﾞﾚｰｼﾞｭ","プロパー","1","物流部倉庫","0","0.00","0.00","45.00","45.00","475.20","21384","自社","2026/09","15.00","0.00","0.00","48.00","18.00","0.00","0.00","0.00","0.00","0.00"
"FEEL LIFE老眼","FLL3004","3","15","ＦＬＬ３００４","ｾﾋﾟｱｸﾞﾚｰｼﾞｭ","プロパー","1","物流部倉庫","0","0.00","0.00","54.00","54.00","475.20","25661","自社","2026/09","32.00","0.00","0.00","38.00","16.00","0.00","0.00","0.00","0.00","0.00"
"FEEL LIFE老眼","FLL3004","3","20","ＦＬＬ３００４","ｾﾋﾟｱｸﾞﾚｰｼﾞｭ","プロパー","1","物流部倉庫","0","0.00","0.00","67.00","67.00","475.20","31838","自社","2026/09","59.00","0.00","20.00","39.00","11.00","0.00","0.00","0.00","0.00","0.00"
"FEEL LIFE老眼","FLL3004","3","25","ＦＬＬ３００４","ｾﾋﾟｱｸﾞﾚｰｼﾞｭ","プロパー","1","物流部倉庫","0","0.00","0.00","44.00","44.00","475.20","20909","自社","2026/09","29.00","0.00","0.00","25.00","10.00","0.00","0.00","0.00","0.00","0.00"
"FEEL LIFE老眼","FLL3004SET","1","10","ＦＬＬ３００４セット","ﾋﾟｭｱﾌﾞﾗｯｸ","OEM","1","物流部倉庫","0","64.00","0.00","0.00","64.00","1189.00","76096","自社","2026/09","65.00","0.00","1.00","0.00","0.00","0.00","0.00","0.00","0.00","0.00"
"FEEL LIFE老眼","FLL3004SET","1","15","ＦＬＬ３００４セット","ﾋﾟｭｱﾌﾞﾗｯｸ","OEM","1","物流部倉庫","0","69.00","0.00","0.00","69.00","1189.00","82041","自社","2026/09","70.00","0.00","1.00","0.00","0.00","0.00","0.00","0.00","0.00","0.00"
"FEEL LIFE老眼","FLL3004SET","1","20","ＦＬＬ３００４セット","ﾋﾟｭｱﾌﾞﾗｯｸ","OEM","1","物流部倉庫","0","54.00","0.00","0.00","54.00","1189.00","64206","自社","2026/09","56.00","0.00","2.00","0.00","0.00","0.00","0.00","0.00","0.00","0.00"
"FEEL LIFE老眼","FLL3004SET","1","25","ＦＬＬ３００４セット","ﾋﾟｭｱﾌﾞﾗｯｸ","OEM","1","物流部倉庫","0","52.00","0.00","0.00","52.00","1189.00","61828","自社","2026/09","54.00","0.00","2.00","0.00","0.00","0.00","0.00","0.00","0.00","0.00"
"FEEL LIFE老眼","FLL3004SET","2","10","ＦＬＬ３００４セット","ﾃﾞﾐﾌﾞﾗｳﾝ","OEM","1","物流部倉庫","0","56.00","0.00","0.00","56.00","1189.00","66584","自社","2026/09","61.00","0.00","5.00","0.00","0.00","0.00","0.00","0.00","0.00","0.00"
"FEEL LIFE老眼","FLL3004SET","2","15","ＦＬＬ３００４セット","ﾃﾞﾐﾌﾞﾗｳﾝ","OEM","1","物流部倉庫","0","63.00","0.00","0.00","63.00","1189.00","74907","自社","2026/09","66.00","0.00","3.00","0.00","0.00","0.00","0.00","0.00","0.00","0.00"
"FEEL LIFE老眼","FLL3004SET","2","20","ＦＬＬ３００４セット","ﾃﾞﾐﾌﾞﾗｳﾝ","OEM","1","物流部倉庫","0","51.00","0.00","0.00","51.00","1189.00","60639","自社","2026/09","56.00","0.00","5.00","0.00","0.00","0.00","0.00","0.00","0.00","0.00"
"FEEL LIFE老眼","FLL3004SET","2","25","ＦＬＬ３００４セット","ﾃﾞﾐﾌﾞﾗｳﾝ","OEM","1","物流部倉庫","0","41.00","0.00","0.00","41.00","1189.00","48749","自社","2026/09","42.00","0.00","1.00","0.00","0.00","0.00","0.00","0.00","0.00","0.00"
"FEEL LIFE老眼","FLL3004SET","3","10","ＦＬＬ３００４セット","ｾﾋﾟｱｸﾞﾚｰｼﾞｭ","OEM","1","物流部倉庫","0","78.00","0.00","0.00","78.00","1189.00","92742","自社","2026/09","88.00","0.00","10.00","0.00","0.00","0.00","0.00","0.00","0.00","0.00"
"FEEL LIFE老眼","FLL3004SET","3","15","ＦＬＬ３００４セット","ｾﾋﾟｱｸﾞﾚｰｼﾞｭ","OEM","1","物流部倉庫","0","90.00","0.00","0.00","90.00","1189.00","107010","自社","2026/09","99.00","0.00","9.00","0.00","0.00","0.00","0.00","0.00","0.00","0.00"
"FEEL LIFE老眼","FLL3004SET","3","20","ＦＬＬ３００４セット","ｾﾋﾟｱｸﾞﾚｰｼﾞｭ","OEM","1","物流部倉庫","0","69.00","0.00","0.00","69.00","1189.00","82041","自社","2026/09","81.00","0.00","12.00","0.00","0.00","0.00","0.00","0.00","0.00","0.00"
"FEEL LIFE老眼","FLL3004SET","3","25","ＦＬＬ３００４セット","ｾﾋﾟｱｸﾞﾚｰｼﾞｭ","OEM","1","物流部倉庫","0","60.00","0.00","0.00","60.00","1189.00","71340","自社","2026/09","64.00","0.00","4.00","0.00","0.00","0.00","0.00","0.00","0.00","0.00"
"FEEL LIFE老眼","FLL4000","1","5","ＦＬＬ４０００","ｼｮｺﾗﾃﾞﾐ","プロパー","1","物流部倉庫","0","0.00","0.00","20.00","20.00","445.50","8910","自社","2026/09","41.00","0.00","41.00","20.00","0.00","0.00","0.00","0.00","0.00","0.00"
"FEEL LIFE老眼","FLL4000","1","10","ＦＬＬ４０００","ｼｮｺﾗﾃﾞﾐ","プロパー","1","物流部倉庫","0","0.00","0.00","30.00","30.00","445.50","13365","自社","2026/09","29.00","0.00","10.00","11.00","0.00","0.00","0.00","0.00","0.00","0.00"
"FEEL LIFE老眼","FLL4000","1","15","ＦＬＬ４０００","ｼｮｺﾗﾃﾞﾐ","プロパー","1","物流部倉庫","0","0.00","0.00","41.00","41.00","445.50","18266","自社","2026/09","28.00","0.00","7.00","20.00","0.00","0.00","0.00","0.00","0.00","0.00"
"FEEL LIFE老眼","FLL4000","1","20","ＦＬＬ４０００","ｼｮｺﾗﾃﾞﾐ","プロパー","1","物流部倉庫","0","0.00","15.00","20.00","35.00","445.50","15593","自社","2026/09","15.00","0.00","0.00","20.00","0.00","0.00","0.00","0.00","0.00","0.00"
"FEEL LIFE老眼","FLL4000","1","25","ＦＬＬ４０００","ｼｮｺﾗﾃﾞﾐ","プロパー","1","物流部倉庫","0","0.00","0.00","16.00","16.00","445.50","7128","自社","2026/09","29.00","0.00","23.00","10.00","0.00","0.00","0.00","0.00","0.00","0.00"
"FEEL LIFE老眼","FLL4000","2","5","ＦＬＬ４０００","ｽﾓｰｸｸﾞﾚｰ/ﾗﾍﾞﾝﾀﾞｰﾃﾞﾐ","プロパー","1","物流部倉庫","0","0.00","15.00","71.00","86.00","445.50","38313","自社","2026/09","72.00","0.00","7.00","21.00","0.00","0.00","0.00","0.00","0.00","0.00"
"FEEL LIFE老眼","FLL4000","2","10","ＦＬＬ４０００","ｽﾓｰｸｸﾞﾚｰ/ﾗﾍﾞﾝﾀﾞｰﾃﾞﾐ","プロパー","1","物流部倉庫","0","0.00","0.00","34.00","34.00","445.50","15147","自社","2026/09","61.00","0.00","37.00","10.00","0.00","0.00","0.00","0.00","0.00","0.00"
"FEEL LIFE老眼","FLL4000","2","15","ＦＬＬ４０００","ｽﾓｰｸｸﾞﾚｰ/ﾗﾍﾞﾝﾀﾞｰﾃﾞﾐ","プロパー","1","物流部倉庫","0","0.00","0.00","33.00","33.00","445.50","14702","自社","2026/09","55.00","0.00","42.00","20.00","0.00","0.00","0.00","0.00","0.00","0.00"
"FEEL LIFE老眼","FLL4000","2","20","ＦＬＬ４０００","ｽﾓｰｸｸﾞﾚｰ/ﾗﾍﾞﾝﾀﾞｰﾃﾞﾐ","プロパー","1","物流部倉庫","0","0.00","15.00","13.00","28.00","445.50","12474","自社","2026/09","35.00","0.00","27.00","20.00","0.00","0.00","0.00","0.00","0.00","0.00"
"FEEL LIFE老眼","FLL4000","2","25","ＦＬＬ４０００","ｽﾓｰｸｸﾞﾚｰ/ﾗﾍﾞﾝﾀﾞｰﾃﾞﾐ","プロパー","1","物流部倉庫","0","0.00","15.00","21.00","36.00","445.50","16038","自社","2026/09","30.00","0.00","4.00","10.00","0.00","0.00","0.00","0.00","0.00","0.00"
"FEEL LIFE老眼","FLL4000","3","5","ＦＬＬ４０００","ｸﾘｱｱﾌﾟﾘｺｯﾄ/ﾌﾞﾗｳﾝﾃﾞﾐ","プロパー","1","物流部倉庫","0","0.00","15.00","51.00","66.00","445.50","29403","自社","2026/09","59.00","0.00","13.00","20.00","0.00","0.00","0.00","0.00","0.00","0.00"
"FEEL LIFE老眼","FLL4000","3","10","ＦＬＬ４０００","ｸﾘｱｱﾌﾟﾘｺｯﾄ/ﾌﾞﾗｳﾝﾃﾞﾐ","プロパー","1","物流部倉庫","0","0.00","0.00","27.00","27.00","445.50","12029","自社","2026/09","54.00","0.00","32.00","5.00","0.00","0.00","0.00","0.00","0.00","0.00"
"FEEL LIFE老眼","FLL4000","3","15","ＦＬＬ４０００","ｸﾘｱｱﾌﾟﾘｺｯﾄ/ﾌﾞﾗｳﾝﾃﾞﾐ","プロパー","1","物流部倉庫","0","0.00","0.00","31.00","31.00","445.50","13811","自社","2026/09","63.00","0.00","43.00","11.00","0.00","0.00","0.00","0.00","0.00","0.00"
"FEEL LIFE老眼","FLL4000","3","20","ＦＬＬ４０００","ｸﾘｱｱﾌﾟﾘｺｯﾄ/ﾌﾞﾗｳﾝﾃﾞﾐ","プロパー","1","物流部倉庫","0","0.00","15.00","10.00","25.00","445.50","11138","自社","2026/09","32.00","0.00","22.00","16.00","1.00","0.00","0.00","0.00","0.00","0.00"
"FEEL LIFE老眼","FLL4000","3","25","ＦＬＬ４０００","ｸﾘｱｱﾌﾟﾘｺｯﾄ/ﾌﾞﾗｳﾝﾃﾞﾐ","プロパー","1","物流部倉庫","0","0.00","15.00","25.00","40.00","445.50","17820","自社","2026/09","30.00","0.00","0.00","10.00","0.00","0.00","0.00","0.00","0.00","0.00"
"FEEL LIFE老眼","FLM004","1","30","ＦＬＭ００４","ｼﾙﾊﾞｰ","プロパー","1","物流部倉庫","0","50.00","0.00","0.00","50.00","594.00","29700","自社","2026/09","50.00","0","0","0","0","0","0","0","0","0.00"
"FEEL LIFE老眼","FLM004","2","25","ＦＬＭ００４","ｶﾞﾝﾒﾀﾙ","プロパー","1","物流部倉庫","0","4.00","0.00","0.00","4.00","594.00","2376","自社","2026/09","14.00","0.00","0.00","0.00","10.00","0.00","0.00","0.00","0.00","0.00"
"FEEL LIFE老眼","FLM004","2","30","ＦＬＭ００４","ｶﾞﾝﾒﾀﾙ","プロパー","1","物流部倉庫","0","56.00","0.00","0.00","56.00","594.00","33264","自社","2026/09","56.00","0","0","0","0","0","0","0","0","0.00"
"FEEL LIFE老眼","FLM005","2","15","ＦＬＭ００５","ｶﾞﾝﾒﾀﾙ","プロパー","1","物流部倉庫","0","0.00","0.00","1.00","1.00","594.00","594","自社","2026/09","1.00","0","0","0","0","0","0","0","0","0.00"
"FEEL LIFE老眼","FLM006","1","10","ＦＬＭ－００６","ｼﾙﾊﾞｰ","プロパー","1","物流部倉庫","0","0.00","0.00","45.00","45.00","729.30","32819","自社","2026/09","55.00","0.00","0.00","0.00","10.00","0.00","0.00","0.00","0.00","0.00"
"FEEL LIFE老眼","FLM006","1","15","ＦＬＭ－００６","ｼﾙﾊﾞｰ","プロパー","1","物流部倉庫","0","0.00","0.00","37.00","37.00","729.30","26984","自社","2026/09","64.00","0.00","0.00","0.00","27.00","0.00","0.00","0.00","0.00","0.00"
"FEEL LIFE老眼","FLM006","1","20","ＦＬＭ－００６","ｼﾙﾊﾞｰ","プロパー","1","物流部倉庫","0","0.00","0.00","56.00","56.00","729.30","40841","自社","2026/09","77.00","0.00","0.00","0.00","21.00","0.00","0.00","0.00","0.00","0.00"
"FEEL LIFE老眼","FLM006","2","10","ＦＬＭ－００６","ｶﾞﾝ","プロパー","1","物流部倉庫","0","0.00","0.00","5.00","5.00","729.30","3647","自社","2026/09","20.00","0.00","0.00","0.00","15.00","0.00","0.00","0.00","0.00","0.00"
"FEEL LIFE老眼","FLM006","2","15","ＦＬＭ－００６","ｶﾞﾝ","プロパー","1","物流部倉庫","0","0.00","0.00","60.00","60.00","729.30","43758","自社","2026/09","82.00","0.00","0.00","1.00","23.00","0.00","0.00","0.00","0.00","0.00"
"FEEL LIFE老眼","FLM006","2","20","ＦＬＭ－００６","ｶﾞﾝ","プロパー","1","物流部倉庫","0","0.00","0.00","43.00","43.00","729.30","31360","自社","2026/09","66.00","0.00","0.00","0.00","23.00","0.00","0.00","0.00","0.00","0.00"
"FEEL LIFE老眼","FLS001","1","5","ＦＬＳ－００１","ﾌﾞﾗｯｸ/ｽﾓｰｷｰﾋﾟﾝｸ","プロパー","1","物流部倉庫","0","15.00","0.00","40.00","55.00","1050.10","57756","自社","2026/09","54.00","0.00","0.00","1.00","0.00","0.00","0.00","0.00","0.00","0.00"
"FEEL LIFE老眼","FLS001","1","10","ＦＬＳ－００１","ﾌﾞﾗｯｸ/ｽﾓｰｷｰﾋﾟﾝｸ","プロパー","1","物流部倉庫","0","9.00","0.00","15.00","24.00","1050.10","25202","自社","2026/09","24.00","0","0","0","0","0","0","0","0","0.00"
"FEEL LIFE老眼","FLS001","1","15","ＦＬＳ－００１","ﾌﾞﾗｯｸ/ｽﾓｰｷｰﾋﾟﾝｸ","プロパー","1","物流部倉庫","0","27.00","0.00","35.00","62.00","1050.10","65106","自社","2026/09","62.00","0","0","0","0","0","0","0","0","0.00"
"FEEL LIFE老眼","FLS001","1","20","ＦＬＳ－００１","ﾌﾞﾗｯｸ/ｽﾓｰｷｰﾋﾟﾝｸ","プロパー","1","物流部倉庫","0","10.00","0.00","25.00","35.00","1050.10","36754","自社","2026/09","35.00","0","0","0","0","0","0","0","0","0.00"
"FEEL LIFE老眼","FLS001","2","5","ＦＬＳ－００１","ｼｮｺﾗ/ﾐﾝﾄﾌﾞﾙｰ","プロパー","1","物流部倉庫","0","8.00","0.00","40.00","48.00","1050.10","50405","自社","2026/09","48.00","0","0","0","0","0","0","0","0","0.00"
"FEEL LIFE老眼","FLS001","2","10","ＦＬＳ－００１","ｼｮｺﾗ/ﾐﾝﾄﾌﾞﾙｰ","プロパー","1","物流部倉庫","0","5.00","0.00","15.00","20.00","1050.10","21002","自社","2026/09","19.00","0.00","0.00","1.00","0.00","0.00","0.00","0.00","0.00","0.00"
"FEEL LIFE老眼","FLS001","2","15","ＦＬＳ－００１","ｼｮｺﾗ/ﾐﾝﾄﾌﾞﾙｰ","プロパー","1","物流部倉庫","0","7.00","0.00","35.00","42.00","1050.10","44104","自社","2026/09","42.00","0","0","0","0","0","0","0","0","0.00"
"FEEL LIFE老眼","FLS001","2","20","ＦＬＳ－００１","ｼｮｺﾗ/ﾐﾝﾄﾌﾞﾙｰ","プロパー","1","物流部倉庫","0","10.00","0.00","25.00","35.00","1050.10","36754","自社","2026/09","35.00","0","0","0","0","0","0","0","0","0.00"
"FEEL LIFE老眼","FLS001","3","5","ＦＬＳ－００１","ﾜｲﾝﾚｯﾄﾞ/ｱｲﾎﾞﾘｰ","プロパー","1","物流部倉庫","0","20.00","0.00","40.00","60.00","1050.10","63006","自社","2026/09","60.00","0","0","0","0","0","0","0","0","0.00"
"FEEL LIFE老眼","FLS001","3","10","ＦＬＳ－００１","ﾜｲﾝﾚｯﾄﾞ/ｱｲﾎﾞﾘｰ","プロパー","1","物流部倉庫","0","11.00","0.00","15.00","26.00","1050.10","27303","自社","2026/09","26.00","0","0","0","0","0","0","0","0","0.00"
"FEEL LIFE老眼","FLS001","3","15","ＦＬＳ－００１","ﾜｲﾝﾚｯﾄﾞ/ｱｲﾎﾞﾘｰ","プロパー","1","物流部倉庫","0","30.00","0.00","35.00","65.00","1050.10","68257","自社","2026/09","64.00","0.00","0.00","1.00","0.00","0.00","0.00","0.00","0.00","0.00"
"FEEL LIFE老眼","FLS001","3","20","ＦＬＳ－００１","ﾜｲﾝﾚｯﾄﾞ/ｱｲﾎﾞﾘｰ","プロパー","1","物流部倉庫","0","7.00","0.00","25.00","32.00","1050.10","33603","自社","2026/09","32.00","0","0","0","0","0","0","0","0","0.00"
"FEEL LIFE老眼","FLS001","4","5","ＦＬＳ－００１","ﾅｲﾄﾌﾞﾙｰ/ｽﾄ-ﾝｸﾞﾚｰ","プロパー","1","物流部倉庫","0","16.00","0.00","40.00","56.00","1050.10","58806","自社","2026/09","56.00","0","0","0","0","0","0","0","0","0.00"
"FEEL LIFE老眼","FLS001","4","10","ＦＬＳ－００１","ﾅｲﾄﾌﾞﾙｰ/ｽﾄ-ﾝｸﾞﾚｰ","プロパー","1","物流部倉庫","0","10.00","0.00","10.00","20.00","1050.10","21002","自社","2026/09","20.00","0","0","0","0","0","0","0","0","0.00"
"FEEL LIFE老眼","FLS001","4","15","ＦＬＳ－００１","ﾅｲﾄﾌﾞﾙｰ/ｽﾄ-ﾝｸﾞﾚｰ","プロパー","1","物流部倉庫","0","16.00","0.00","40.00","56.00","1050.10","58806","自社","2026/09","56.00","0","0","0","0","0","0","0","0","0.00"
"FEEL LIFE老眼","FLS001","4","20","ＦＬＳ－００１","ﾅｲﾄﾌﾞﾙｰ/ｽﾄ-ﾝｸﾞﾚｰ","プロパー","1","物流部倉庫","0","9.00","0.00","25.00","34.00","1050.10","35703","自社","2026/09","33.00","0.00","0.00","1.00","0.00","0.00","0.00","0.00","0.00","0.00"
"FEEL LIFE老眼","FLS002","1","5","ＦＬＳ－００２","ｸﾞﾚｰ/ｱｯｼｭﾌﾞﾙｰ","プロパー","1","物流部倉庫","0","1.00","0.00","55.00","56.00","1050.10","58806","自社","2026/09","55.00","0.00","0.00","1.00","0.00","0.00","0.00","0.00","0.00","0.00"
"FEEL LIFE老眼","FLS002","1","10","ＦＬＳ－００２","ｸﾞﾚｰ/ｱｯｼｭﾌﾞﾙｰ","プロパー","1","物流部倉庫","0","0.00","0.00","20.00","20.00","1050.10","21002","自社","2026/09","20.00","0","0","0","0","0","0","0","0","0.00"
"FEEL LIFE老眼","FLS002","1","15","ＦＬＳ－００２","ｸﾞﾚｰ/ｱｯｼｭﾌﾞﾙｰ","プロパー","1","物流部倉庫","0","0.00","0.00","45.00","45.00","1050.10","47255","自社","2026/09","45.00","0","0","0","0","0","0","0","0","0.00"
"FEEL LIFE老眼","FLS002","1","20","ＦＬＳ－００２","ｸﾞﾚｰ/ｱｯｼｭﾌﾞﾙｰ","プロパー","1","物流部倉庫","0","0.00","0.00","35.00","35.00","1050.10","36754","自社","2026/09","35.00","0","0","0","0","0","0","0","0","0.00"
"FEEL LIFE老眼","FLS002","2","5","ＦＬＳ－００２","ｱﾌﾟﾘｺｯﾄ/ｷｬﾒﾙ","プロパー","1","物流部倉庫","0","0.00","0.00","58.00","58.00","1050.10","60906","自社","2026/09","59.00","0.00","0.00","1.00","2.00","0.00","0.00","0.00","0.00","0.00"
"FEEL LIFE老眼","FLS002","2","10","ＦＬＳ－００２","ｱﾌﾟﾘｺｯﾄ/ｷｬﾒﾙ","プロパー","1","物流部倉庫","0","0.00","0.00","20.00","20.00","1050.10","21002","自社","2026/09","20.00","0","0","0","0","0","0","0","0","0.00"
"FEEL LIFE老眼","FLS002","2","15","ＦＬＳ－００２","ｱﾌﾟﾘｺｯﾄ/ｷｬﾒﾙ","プロパー","1","物流部倉庫","0","0.00","0.00","56.00","56.00","1050.10","58806","自社","2026/09","56.00","0","0","0","0","0","0","0","0","0.00"
"FEEL LIFE老眼","FLS002","2","20","ＦＬＳ－００２","ｱﾌﾟﾘｺｯﾄ/ｷｬﾒﾙ","プロパー","1","物流部倉庫","0","0.00","0.00","32.00","32.00","1050.10","33603","自社","2026/09","32.00","0","0","0","0","0","0","0","0","0.00"
"FEEL LIFE老眼","FLS002","3","5","ＦＬＳ－００２","ﾊﾟｰﾌﾟﾙ/ﾍﾟｰﾙｵﾘｰﾌﾞ","プロパー","1","物流部倉庫","0","1.00","0.00","54.00","55.00","1050.10","57756","自社","2026/09","55.00","0.00","0.00","1.00","1.00","0.00","0.00","0.00","0.00","0.00"
"FEEL LIFE老眼","FLS002","3","10","ＦＬＳ－００２","ﾊﾟｰﾌﾟﾙ/ﾍﾟｰﾙｵﾘｰﾌﾞ","プロパー","1","物流部倉庫","0","0.00","0.00","22.00","22.00","1050.10","23102","自社","2026/09","22.00","0","0","0","0","0","0","0","0","0.00"
"FEEL LIFE老眼","FLS002","3","15","ＦＬＳ－００２","ﾊﾟｰﾌﾟﾙ/ﾍﾟｰﾙｵﾘｰﾌﾞ","プロパー","1","物流部倉庫","0","0.00","0.00","58.00","58.00","1050.10","60906","自社","2026/09","58.00","0","0","0","0","0","0","0","0","0.00"
"FEEL LIFE老眼","FLS002","3","20","ＦＬＳ－００２","ﾊﾟｰﾌﾟﾙ/ﾍﾟｰﾙｵﾘｰﾌﾞ","プロパー","1","物流部倉庫","0","0.00","0.00","35.00","35.00","1050.10","36754","自社","2026/09","35.00","0","0","0","0","0","0","0","0","0.00"
"FEEL LIFE老眼","FLS002","4","5","ＦＬＳ－００２","ｾｰｼﾞｸﾞﾘｰﾝ/ﾍﾞｰｼﾞｭ","プロパー","1","物流部倉庫","0","0.00","0.00","55.00","55.00","1050.10","57756","自社","2026/09","56.00","0.00","0.00","1.00","2.00","0.00","0.00","0.00","0.00","0.00"
"FEEL LIFE老眼","FLS002","4","10","ＦＬＳ－００２","ｾｰｼﾞｸﾞﾘｰﾝ/ﾍﾞｰｼﾞｭ","プロパー","1","物流部倉庫","0","0.00","0.00","20.00","20.00","1050.10","21002","自社","2026/09","20.00","0","0","0","0","0","0","0","0","0.00"
"FEEL LIFE老眼","FLS002","4","15","ＦＬＳ－００２","ｾｰｼﾞｸﾞﾘｰﾝ/ﾍﾞｰｼﾞｭ","プロパー","1","物流部倉庫","0","0.00","0.00","57.00","57.00","1050.10","59856","自社","2026/09","57.00","0","0","0","0","0","0","0","0","0.00"
"FEEL LIFE老眼","FLS002","4","20","ＦＬＳ－００２","ｾｰｼﾞｸﾞﾘｰﾝ/ﾍﾞｰｼﾞｭ","プロパー","1","物流部倉庫","0","0.00","0.00","34.00","34.00","1050.10","35703","自社","2026/09","34.00","0","0","0","0","0","0","0","0","0.00"
"一般SG","FLW001","1","0","ＦＬＷ－００１","ﾌﾞﾗｯｸ","プロパー","1","物流部倉庫","0","0.00","0.00","73.00","73.00","1079.50","78804","自社","2026/09","82.00","0.00","6.00","0.00","3.00","0.00","0.00","0.00","0.00","0.00"
"一般SG","FLW001","2","0","ＦＬＷ－００１","ﾌﾞﾗｯｸ","プロパー","1","物流部倉庫","0","0.00","0.00","135.00","135.00","1079.50","145733","自社","2026/09","143.00","0.00","0.00","0.00","8.00","0.00","0.00","0.00","0.00","0.00"
"一般SG","FLW001","3","0","ＦＬＷ－００１","ｸﾘｱﾀﾞｰｸﾌﾞﾗｳﾝ","プロパー","1","物流部倉庫","0","0.00","0.00","121.00","121.00","1079.50","130620","自社","2026/09","123.00","0.00","0.00","0.00","2.00","0.00","0.00","0.00","0.00","0.00"
"一般SG","FLW001","4","0","ＦＬＷ－００１","ｸﾘｱﾀﾞｰｸﾌﾞﾗｳﾝ","プロパー","1","物流部倉庫","0","0.00","0.00","66.00","66.00","1079.50","71247","自社","2026/09","70.00","0.00","0.00","0.00","4.00","0.00","0.00","0.00","0.00","0.00"
"一般SG","FLW002","4A","0","ＦＬＷ－００２","ｸﾘｱｶｰｷ","プロパー","1","物流部倉庫","0","0.00","0.00","19.00","19.00","1086.00","20634","自社","2026/09","19.00","0","0","0","0","0","0","0","0","0.00"
"ｶﾞﾝﾌﾟOEM SG","FOL196","1","0","ＦＯＬ１９６","ｸﾘｱ","OEM","1","物流部倉庫","0","119.00","0.00","0.00","119.00","483.45","57531","自社","2026/09","179.00","0.00","60.00","0.00","0.00","0.00","0.00","0.00","0.00","0.00"
"ｶﾞﾝﾌﾟOEM SG","FOL196","2","0","ＦＯＬ１９６","ｸﾞﾘｰﾝ","OEM","1","物流部倉庫","0","213.00","0.00","0.00","213.00","483.45","102975","自社","2026/09","213.00","0","0","0","0","0","0","0","0","0.00"
"ｶﾞﾝﾌﾟOEM SG","FOL196","3","0","ＦＯＬ１９６","ﾗｲﾄﾌﾞﾗｳﾝ","OEM","1","物流部倉庫","0","58.00","0.00","0.00","58.00","483.45","28040","自社","2026/09","118.00","0.00","60.00","0.00","0.00","0.00","0.00","0.00","0.00","0.00"
"ｶﾞﾝﾌﾟOEM SG","FOL197","1","0","ＦＯＬ１９７","グレー","OEM","1","物流部倉庫","0","299.00","0.00","0.00","299.00","602.25","180073","自社","2026/09","299.00","0","0","0","0","0","0","0","0","0.00"
"ｶﾞﾝﾌﾟOEM SG","FOL197","2","0","ＦＯＬ１９７","ブラウン","OEM","1","物流部倉庫","0","116.00","0.00","0.00","116.00","602.25","69861","自社","2026/09","116.00","0","0","0","0","0","0","0","0","0.00"
"ｶﾞﾝﾌﾟOEM SG","FOL198","1","0","ＦＯＬ１９８","グレー","OEM","1","物流部倉庫","0","298.00","0.00","0.00","298.00","602.25","179471","自社","2026/09","298.00","0","0","0","0","0","0","0","0","0.00"
"ｶﾞﾝﾌﾟOEM SG","FOL198","2","0","ＦＯＬ１９８","ブラウン","OEM","1","物流部倉庫","0","120.00","0.00","0.00","120.00","602.25","72270","自社","2026/09","120.00","0","0","0","0","0","0","0","0","0.00"
"ﾌｪﾘｼﾓ OEM","FS388919","1","10","ＦＳ３８８９１９","ﾌﾞﾗｳﾝﾃﾞﾐ／ｸﾘｱﾀﾞｰｸﾌﾞﾗｳﾝ","OEM","1","物流部倉庫","0","3.00","0.00","0.00","3.00","509.85","1530","自社","2026/09","3.00","0","0","0","0","0","0","0","0","0.00"
"ﾌｪﾘｼﾓ OEM","FS388919","1","15","ＦＳ３８８９１９","ﾌﾞﾗｳﾝﾃﾞﾐ／ｸﾘｱﾀﾞｰｸﾌﾞﾗｳﾝ","OEM","1","物流部倉庫","0","3.00","0.00","0.00","3.00","509.85","1530","自社","2026/09","3.00","0","0","0","0","0","0","0","0","0.00"
"ﾌｪﾘｼﾓ OEM","FS388919","1","20","ＦＳ３８８９１９","ﾌﾞﾗｳﾝﾃﾞﾐ／ｸﾘｱﾀﾞｰｸﾌﾞﾗｳﾝ","OEM","1","物流部倉庫","0","3.00","0.00","0.00","3.00","509.85","1530","自社","2026/09","3.00","0","0","0","0","0","0","0","0","0.00"
"ﾌｪﾘｼﾓ OEM","FS400737","1","0","ＦＳ４００７３７","ﾌﾞﾗｳﾝﾃﾞﾐ/ﾗｲﾄｸﾞﾘｰﾝ","OEM","1","物流部倉庫","0","24.00","0.00","0.00","24.00","353.10","8474","自社","2026/09","24.00","0","0","0","0","0","0","0","0","0.00"
"ﾌｪﾘｼﾓ OEM","FS400737","2","0","ＦＳ４００７３７","ﾌﾞﾗｯｸﾃﾞﾐ/ﾌﾞﾙｰ","OEM","1","物流部倉庫","0","25.00","0.00","0.00","25.00","353.10","8828","自社","2026/09","25.00","0","0","0","0","0","0","0","0","0.00"
"ﾌｪﾘｼﾓ OEM","FS400737","3","0","ＦＳ４００７３７","ﾍﾞｰｼﾞｭﾏｰﾌﾞﾙ/ﾊﾟｰﾌﾟﾙ","OEM","1","物流部倉庫","0","15.00","0.00","0.00","15.00","353.10","5297","自社","2026/09","15.00","0","0","0","0","0","0","0","0","0.00"
"ﾌｪﾘｼﾓ OEM","FS400737","4","0","ＦＳ４００７３７","ﾋﾟﾝｸﾏｰﾌﾞﾙ/ﾌﾞﾗｳﾝ","OEM","1","物流部倉庫","0","13.00","0.00","0.00","13.00","353.10","4590","自社","2026/09","8.00","0.00","300.00","305.00","0.00","0.00","0.00","0.00","0.00","0.00"
"ﾌｪﾘｼﾓ OEM","FS420188","1","0","ＦＳ４２０１８８","ﾌﾞﾗｳﾝｸﾘｱ","OEM","1","物流部倉庫","0","9.00","0.00","0.00","9.00","628.65","5658","自社","2026/09","9.00","0","0","0","0","0","0","0","0","0.00"
"ﾌｪﾘｼﾓ OEM","FS420315","1","0","ＦＳ４２０３１５","ﾌﾞﾗｯｸ","OEM","1","物流部倉庫","0","8.00","0.00","0.00","8.00","445.50","3564","自社","2026/09","8.00","0","0","0","0","0","0","0","0","0.00"
"ﾌｪﾘｼﾓ OEM","FS420315","3","0","ＦＳ４２０３１５","ｸﾞﾚｰｸﾘｱ","OEM","1","物流部倉庫","0","6.00","0.00","0.00","6.00","445.50","2673","自社","2026/09","6.00","0","0","0","0","0","0","0","0","0.00"
"ﾌｪﾘｼﾓ OEM","FS685972","1","0","ＦＳ６８５９７２","ﾌﾞﾗｳﾝｸﾞﾗﾃﾞｰｼｮﾝ","プロパー","1","物流部倉庫","0","44.00","0.00","0.00","44.00","589.05","25918","自社","2026/09","44.00","0","0","0","0","0","0","0","0","0.00"
"ﾌｪﾘｼﾓ OEM","FS685972","2","0","ＦＳ６８５９７２","ﾌﾞﾗｳﾝｸﾞﾗﾃﾞｰｼｮﾝ","プロパー","1","物流部倉庫","0","32.00","0.00","0.00","32.00","589.05","18850","自社","2026/09","32.00","0","0","0","0","0","0","0","0","0.00"
"ﾌｪﾘｼﾓ OEM","FS685972","3","0","ＦＳ６８５９７２","ｸﾞﾚｰｸﾞﾗﾃﾞｰｼｮﾝ","プロパー","1","物流部倉庫","0","26.00","0.00","0.00","26.00","589.05","15315","自社","2026/09","26.00","0","0","0","0","0","0","0","0","0.00"
"ﾌｪﾘｼﾓ OEM","FS687639","3","0","ＦＳ６８７６３９","ｸﾞﾚｰｸﾘｱ","OEM","1","物流部倉庫","0","310.00","0.00","0.00","310.00","392.70","121737","自社","2026/09","310.00","0","0","0","0","0","0","0","0","0.00"
"ECｱｸｾ","GC001","1","0","ＧＣ００１","ﾚｯﾄﾞ","プロパー","1","物流部倉庫","0","7.00","0.00","4.00","11.00","3300.00","36300","自社","2026/09","12.00","0.00","1.00","0.00","0.00","0.00","0.00","0.00","0.00","0.00"
"ECｱｸｾ","GC001","10","0","ＧＣ００１","ﾏｽﾀｰﾄﾞ","プロパー","1","物流部倉庫","0","4.00","0.00","2.00","6.00","3300.00","19800","自社","2026/09","7.00","0.00","1.00","0.00","0.00","0.00","0.00","0.00","0.00","0.00"
"ECｱｸｾ","GC001","2","0","ＧＣ００１","ﾌﾞﾗｯｸ","プロパー","1","物流部倉庫","0","2.00","0.00","4.00","6.00","3300.00","19800","自社","2026/09","10.00","0.00","4.00","0.00","0.00","0.00","0.00","0.00","0.00","0.00"
"ECｱｸｾ","GC001","3","0","ＧＣ００１","ﾌﾞﾙｰ","プロパー","1","物流部倉庫","0","9.00","0.00","2.00","11.00","3300.00","36300","自社","2026/09","11.00","0","0","0","0","0","0","0","0","0.00"
"ECｱｸｾ","GC001","4","0","ＧＣ００１","ｸﾞﾚｰ","プロパー","1","物流部倉庫","0","2.00","0.00","2.00","4.00","3300.00","13200","自社","2026/09","11.00","0.00","7.00","0.00","0.00","0.00","0.00","0.00","0.00","0.00"
"ECｱｸｾ","GC001","5","0","ＧＣ００１","ﾐｽﾃｨﾋﾟﾝｸ","プロパー","1","物流部倉庫","0","5.00","0.00","3.00","8.00","3300.00","26400","自社","2026/09","10.00","0.00","2.00","0.00","0.00","0.00","0.00","0.00","0.00","0.00"
"ECｱｸｾ","GC001","6","0","ＧＣ００１","ﾘﾘｰｸﾞﾘｰﾝ","プロパー","1","物流部倉庫","0","2.00","0.00","2.00","4.00","3300.00","13200","自社","2026/09","5.00","0.00","1.00","0.00","0.00","0.00","0.00","0.00","0.00","0.00"
"ECｱｸｾ","GC001","7","0","ＧＣ００１","ｱｲﾎﾞﾘｰ","プロパー","1","物流部倉庫","0","0.00","0.00","2.00","2.00","3300.00","6600","自社","2026/09","2.00","0","0","0","0","0","0","0","0","0.00"
"ECｱｸｾ","GC001","8","0","ＧＣ００１","ｳｯﾄﾞﾍﾞｰｼﾞｭ","プロパー","1","物流部倉庫","0","5.00","0.00","1.00","6.00","3300.00","19800","自社","2026/09","7.00","0.00","1.00","0.00","0.00","0.00","0.00","0.00","0.00","0.00"
"ECｱｸｾ","GC001","9","0","ＧＣ００１","ﾋﾟｰｺｯｸ","プロパー","1","物流部倉庫","0","4.00","0.00","1.00","5.00","3300.00","16500","自社","2026/09","7.00","0.00","2.00","0.00","0.00","0.00","0.00","0.00","0.00","0.00"
"ECｱｸｾ","GC2004","GLD","0","ｇｃ２００４","ｺﾞｰﾙﾄﾞ","プロパー","1","物流部倉庫","0","2.00","0.00","0.00","2.00","650.00","1300","自社","2026/09","2.00","0.00","1.00","1.00","0.00","0.00","0.00","0.00","0.00","0.00"
"ECｱｸｾ","GC2008","SLV","0","ｇｃ２００８","ｼﾙﾊﾞｰ","プロパー","1","物流部倉庫","0","3.00","0.00","0.00","3.00","650.00","1950","自社","2026/09","0.00","0.00","0.00","3.00","0.00","0.00","0.00","0.00","0.00","0.00"
"ECｱｸｾ","GCFS","BON","0","ＧＣＦＳ","幸運の鳥","プロパー","1","物流部倉庫","0","3.00","0.00","0.00","3.00","1250.00","3750","自社","2026/09","3.00","0","0","0","0","0","0","0","0","0.00"
"ECｱｸｾ","GCFS","BYA","0","ＧＣＦＳ","ﾄﾗ・花","プロパー","1","物流部倉庫","0","2.00","0.00","0.00","2.00","1250.00","2500","自社","2026/09","2.00","0","0","0","0","0","0","0","0","0.00"
"ECｱｸｾ","GCFS","ELL","0","ＧＣＦＳ","ﾄｲﾌﾟｰﾄﾞﾙ","プロパー","1","物流部倉庫","0","2.00","0.00","0.00","2.00","1250.00","2500","自社","2026/09","3.00","0.00","1.00","0.00","0.00","0.00","0.00","0.00","0.00","0.00"
"ECｱｸｾ","GCFS","LIC","0","ＧＣＦＳ","ｳｻｷﾞ・ﾘﾎﾞﾝ","プロパー","1","物流部倉庫","0","2.00","0.00","0.00","2.00","1250.00","2500","自社","2026/09","3.00","0.00","1.00","0.00","0.00","0.00","0.00","0.00","0.00","0.00"
"ECｱｸｾ","GCFS","MAN","0","ＧＣＦＳ","ｷｬﾊﾞﾘｱ","プロパー","1","物流部倉庫","0","1.00","0.00","0.00","1.00","1250.00","1250","自社","2026/09","2.00","0.00","1.00","0.00","0.00","0.00","0.00","0.00","0.00","0.00"
"ECｱｸｾ","GCFS","NOU","0","ＧＣＦＳ","白ﾈｺ","プロパー","1","物流部倉庫","0","3.00","0.00","0.00","3.00","1250.00","3750","自社","2026/09","3.00","0","0","0","0","0","0","0","0","0.00"
"ECｱｸｾ","GCFS","OLG","0","ＧＣＦＳ","ｼｬﾑﾈｺ","プロパー","1","物流部倉庫","0","3.00","0.00","0.00","3.00","1250.00","3750","自社","2026/09","3.00","0","0","0","0","0","0","0","0","0.00"
"ECｱｸｾ","GCP","BON","0","ＧＣＰ","幸運の鳥","プロパー","1","物流部倉庫","0","1.00","0.00","0.00","1.00","440.00","440","自社","2026/09","2.00","0.00","1.00","0.00","0.00","0.00","0.00","0.00","0.00","0.00"
"ECｱｸｾ","GCP","ELL","0","ＧＣＰ","ﾄｲﾌﾟｰﾄﾞﾙ","プロパー","1","物流部倉庫","0","1.00","0.00","0.00","1.00","440.00","440","自社","2026/09","2.00","0.00","1.00","0.00","0.00","0.00","0.00","0.00","0.00","0.00"
"一般既成近眼","GG3010","1","10","ＧＧ３０１０","ｼﾙﾊﾞｰﾏｯﾄ","プロパー","1","物流部倉庫","0","1.00","0.00","0.00","1.00","828.80","829","自社","2026/09","1.00","0","0","0","0","0","0","0","0","0.00"
"一般既成近眼","GG5003","1","10","ＧＧ５００３","ﾌﾞﾗｯｸ","プロパー","1","物流部倉庫","0","0.00","0.00","1.00","1.00","710.00","710","自社","2026/09","1.00","0","0","0","0","0","0","0","0","0.00"
"一般既成近眼","GG5003","1","20","ＧＧ５００３","ﾌﾞﾗｯｸ","プロパー","1","物流部倉庫","0","0.00","0.00","1.00","1.00","710.00","710","自社","2026/09","1.00","0","0","0","0","0","0","0","0","0.00"
"一般既成近眼","GG5003","1","30","ＧＧ５００３","ﾌﾞﾗｯｸ","プロパー","1","物流部倉庫","0","0.00","0.00","3.00","3.00","710.00","2130","自社","2026/09","3.00","0","0","0","0","0","0","0","0","0.00"
"一般既成近眼","GG5003","1","40","ＧＧ５００３","ﾌﾞﾗｯｸ","プロパー","1","物流部倉庫","0","0.00","0.00","1.00","1.00","925.00","925","自社","2026/09","1.00","0","0","0","0","0","0","0","0","0.00"
"一般既成近眼","GG5003","2","20","ＧＧ５００３","ﾌﾞﾗｳﾝﾃﾞﾐ","プロパー","1","物流部倉庫","0","0.00","0.00","1.00","1.00","710.00","710","自社","2026/09","1.00","0","0","0","0","0","0","0","0","0.00"
"一般既成近眼","GG5003","2","30","ＧＧ５００３","ﾌﾞﾗｳﾝﾃﾞﾐ","プロパー","1","物流部倉庫","0","0.00","0.00","6.00","6.00","710.00","4260","自社","2026/09","6.00","0","0","0","0","0","0","0","0","0.00"
"一般既成近眼","GG5003","2","40","ＧＧ５００３","ﾌﾞﾗｳﾝﾃﾞﾐ","プロパー","1","物流部倉庫","0","0.00","0.00","2.00","2.00","925.00","1850","自社","2026/09","2.00","0","0","0","0","0","0","0","0","0.00"
"一般既成近眼","GG5010","41","10","ＧＧ５０１０","ﾌﾞﾗｯｸ","プロパー","1","物流部倉庫","0","0.00","0.00","1.00","1.00","701.75","702","自社","2026/09","1.00","0","0","0","0","0","0","0","0","0.00"
"一般既成近眼","GG5010","41","20","ＧＧ５０１０","ﾌﾞﾗｯｸ","プロパー","1","物流部倉庫","0","0.00","0.00","1.00","1.00","701.75","702","自社","2026/09","1.00","0","0","0","0","0","0","0","0","0.00"
"一般既成近眼","GG5010","41","30","ＧＧ５０１０","ﾌﾞﾗｯｸ","プロパー","1","物流部倉庫","0","0.00","0.00","1.00","1.00","701.75","702","自社","2026/09","1.00","0","0","0","0","0","0","0","0","0.00"
"一般既成近眼","GG5010","61","10","ＧＧ５０１０","ﾗｲﾄｸﾞﾚｰｸﾘｱ","プロパー","1","物流部倉庫","0","0.00","0.00","1.00","1.00","699.25","699","自社","2026/09","1.00","0","0","0","0","0","0","0","0","0.00"
"一般既成近眼","GG5010","61","20","ＧＧ５０１０","ﾗｲﾄｸﾞﾚｰｸﾘｱ","プロパー","1","物流部倉庫","0","0.00","0.00","1.00","1.00","699.25","699","自社","2026/09","1.00","0","0","0","0","0","0","0","0","0.00"
"一般既成近眼","GG5010","61","30","ＧＧ５０１０","ﾗｲﾄｸﾞﾚｰｸﾘｱ","プロパー","1","物流部倉庫","0","0.00","0.00","1.00","1.00","699.25","699","自社","2026/09","1.00","0","0","0","0","0","0","0","0","0.00"
"一般既成近眼","GG5048","11","20","ＧＧ５０４８","ﾌﾞﾗｯｸ","プロパー","1","物流部倉庫","0","0.00","0.00","4.00","4.00","786.95","3148","自社","2026/09","4.00","0","0","0","0","0","0","0","0","0.00"
"一般既成近眼","GG5048","11","30","ＧＧ５０４８","ﾌﾞﾗｯｸ","プロパー","1","物流部倉庫","0","0.00","0.00","5.00","5.00","786.95","3935","自社","2026/09","7.00","0.00","2.00","0.00","0.00","0.00","0.00","0.00","0.00","0.00"
"一般既成近眼","GG5048","11","40","ＧＧ５０４８","ﾌﾞﾗｯｸ","プロパー","1","物流部倉庫","0","0.00","0.00","2.00","2.00","1001.55","2003","自社","2026/09","2.00","0","0","0","0","0","0","0","0","0.00"
"一般既成近眼","GG5048","12","30","ＧＧ５０４８","ﾌﾞﾗｳﾝﾃﾞﾐ","プロパー","1","物流部倉庫","0","0.00","0.00","2.00","2.00","786.95","1574","自社","2026/09","2.00","0","0","0","0","0","0","0","0","0.00"
"一般既成近眼","GG5048","12","40","ＧＧ５０４８","ﾌﾞﾗｳﾝﾃﾞﾐ","プロパー","1","物流部倉庫","0","0.00","0.00","2.00","2.00","1001.55","2003","自社","2026/09","2.00","0","0","0","0","0","0","0","0","0.00"
"一般既成近眼","GG5099","1","10","ＧＧ５０９９","ﾌﾞﾗｯｸ","プロパー","1","物流部倉庫","0","0.00","0.00","51.00","51.00","773.85","39466","自社","2026/09","53.00","0.00","2.00","0.00","0.00","0.00","0.00","0.00","0.00","0.00"
"一般既成近眼","GG5099","1","20","ＧＧ５０９９","ﾌﾞﾗｯｸ","プロパー","1","物流部倉庫","0","0.00","0.00","41.00","41.00","773.85","31728","自社","2026/09","46.00","0.00","4.00","0.00","1.00","0.00","0.00","0.00","0.00","0.00"
"一般既成近眼","GG5099","1","30","ＧＧ５０９９","ﾌﾞﾗｯｸ","プロパー","1","物流部倉庫","0","0.00","0.00","71.00","71.00","773.85","54943","自社","2026/09","73.00","0.00","2.00","0.00","0.00","0.00","0.00","0.00","0.00","0.00"
"一般既成近眼","GG5099","1","40","ＧＧ５０９９","ﾌﾞﾗｯｸ","プロパー","1","物流部倉庫","0","0.00","0.00","65.00","65.00","773.85","50300","自社","2026/09","66.00","0.00","1.00","0.00","0.00","0.00","0.00","0.00","0.00","0.00"
"一般既成近眼","GG5099","2","10","ＧＧ５０９９","ﾌﾞﾗｳﾝﾃﾞﾐ","プロパー","1","物流部倉庫","0","0.00","0.00","59.00","59.00","773.85","45657","自社","2026/09","60.00","0.00","1.00","0.00","0.00","0.00","0.00","0.00","0.00","0.00"
"一般既成近眼","GG5099","2","20","ＧＧ５０９９","ﾌﾞﾗｳﾝﾃﾞﾐ","プロパー","1","物流部倉庫","0","0.00","0.00","34.00","34.00","773.85","26311","自社","2026/09","37.00","0.00","3.00","0.00","0.00","0.00","0.00","0.00","0.00","0.00"
"一般既成近眼","GG5099","2","30","ＧＧ５０９９","ﾌﾞﾗｳﾝﾃﾞﾐ","プロパー","1","物流部倉庫","0","0.00","0.00","68.00","68.00","773.85","52622","自社","2026/09","68.00","0","0","0","0","0","0","0","0","0.00"
"一般既成近眼","GG5099","2","40","ＧＧ５０９９","ﾌﾞﾗｳﾝﾃﾞﾐ","プロパー","1","物流部倉庫","0","0.00","0.00","7.00","7.00","773.85","5417","自社","2026/09","11.00","0.00","4.00","0.00","0.00","0.00","0.00","0.00","0.00","0.00"
"ECｱｸｾ","HINOKI01","1","0","ＨＩＮＯＫＩ－０１","生成","プロパー","1","物流部倉庫","0","1.00","0.00","1.00","2.00","1400.00","2800","自社","2026/09","3.00","0.00","1.00","0.00","0.00","0.00","0.00","0.00","0.00","0.00"
"ECｱｸｾ","HINOKI01","2","0","ＨＩＮＯＫＩ－０１","ﾓｶ","プロパー","1","物流部倉庫","0","7.00","0.00","0.00","7.00","1400.00","9800","自社","2026/09","9.00","0.00","2.00","0.00","0.00","0.00","0.00","0.00","0.00","0.00"
"ECｱｸｾ","HINOKI01","3","0","ＨＩＮＯＫＩ－０１","ﾏｽﾀｰﾄﾞ","プロパー","1","物流部倉庫","0","2.00","0.00","0.00","2.00","1400.00","2800","自社","2026/09","5.00","0.00","3.00","0.00","0.00","0.00","0.00","0.00","0.00","0.00"
"ECｱｸｾ","HINOKI01","4","0","ＨＩＮＯＫＩ－０１","ﾌﾞﾙｰｸﾞﾘｰﾝ","プロパー","1","物流部倉庫","0","4.00","0.00","0.00","4.00","1400.00","5600","自社","2026/09","6.00","0.00","2.00","0.00","0.00","0.00","0.00","0.00","0.00","0.00"
"ECｱｸｾ","HINOKI01","5","0","ＨＩＮＯＫＩ－０１","ﾗｲﾄﾌﾞﾙｰ","プロパー","1","物流部倉庫","0","9.00","0.00","1.00","10.00","1400.00","14000","自社","2026/09","12.00","0.00","2.00","0.00","0.00","0.00","0.00","0.00","0.00","0.00"
"hammoc","HMR1","2","10","ＨＭ－Ｒ１","ﾌﾞﾗｯｸ/ｵﾘｰﾌﾞ","プロパー","1","物流部倉庫","0","1.00","0.00","0.00","1.00","3148.00","3148","自社","2026/09","1.00","0","0","0","0","0","0","0","0","0.00"
"hammoc","HMR1","3","10","ＨＭ－Ｒ１","ﾌﾞﾗｯｸ/ｺﾖｰﾃ","プロパー","1","物流部倉庫","0","0.00","0.00","1.00","1.00","3148.00","3148","自社","2026/09","1.00","0","0","0","0","0","0","0","0","0.00"
"hammoc","HMR1","3","25","ＨＭ－Ｒ１","ﾌﾞﾗｯｸ/ｺﾖｰﾃ","プロパー","1","物流部倉庫","0","0.00","0.00","1.00","1.00","3148.00","3148","自社","2026/09","1.00","0","0","0","0","0","0","0","0","0.00"
"hammoc","HMR2","1","10","ＨＭ－Ｒ２","ﾌﾞﾗｯｸ/ﾌﾞﾗｳﾝ","プロパー","1","物流部倉庫","0","0.00","0.00","21.00","21.00","3148.00","66108","自社","2026/09","21.00","0","0","0","0","0","0","0","0","0.00"
"hammoc","HMR2","1","15","ＨＭ－Ｒ２","ﾌﾞﾗｯｸ/ﾌﾞﾗｳﾝ","プロパー","1","物流部倉庫","0","0.00","0.00","7.00","7.00","3148.00","22036","自社","2026/09","7.00","0","0","0","0","0","0","0","0","0.00"
"hammoc","HMR2","1","20","ＨＭ－Ｒ２","ﾌﾞﾗｯｸ/ﾌﾞﾗｳﾝ","プロパー","1","物流部倉庫","0","0.00","0.00","6.00","6.00","3148.00","18888","自社","2026/09","7.00","0.00","1.00","0.00","0.00","0.00","0.00","0.00","0.00","0.00"
"hammoc","HMR2","1","25","ＨＭ－Ｒ２","ﾌﾞﾗｯｸ/ﾌﾞﾗｳﾝ","プロパー","1","物流部倉庫","0","0.00","0.00","11.00","11.00","3148.00","34628","自社","2026/09","11.00","0","0","0","0","0","0","0","0","0.00"
"hammoc","HMR2","2","10","ＨＭ－Ｒ２","ﾌﾞﾗｯｸ/ｵﾘｰﾌﾞ","プロパー","1","物流部倉庫","0","0.00","0.00","7.00","7.00","3148.00","22036","自社","2026/09","8.00","0.00","1.00","0.00","0.00","0.00","0.00","0.00","0.00","0.00"
"hammoc","HMR2","2","15","ＨＭ－Ｒ２","ﾌﾞﾗｯｸ/ｵﾘｰﾌﾞ","プロパー","1","物流部倉庫","0","0.00","0.00","2.00","2.00","3148.00","6296","自社","2026/09","3.00","0.00","1.00","0.00","0.00","0.00","0.00","0.00","0.00","0.00"
"hammoc","HMR2","2","25","ＨＭ－Ｒ２","ﾌﾞﾗｯｸ/ｵﾘｰﾌﾞ","プロパー","1","物流部倉庫","0","0.00","0.00","1.00","1.00","3148.00","3148","自社","2026/09","1.00","0","0","0","0","0","0","0","0","0.00"
"hammoc","HMR2","3","10","ＨＭ－Ｒ２","ﾌﾞﾗｯｸ/ｸﾞﾚｰ","プロパー","1","物流部倉庫","0","0.00","0.00","35.00","35.00","3148.00","110180","自社","2026/09","35.00","0","0","0","0","0","0","0","0","0.00"
"hammoc","HMR2","3","15","ＨＭ－Ｒ２","ﾌﾞﾗｯｸ/ｸﾞﾚｰ","プロパー","1","物流部倉庫","0","0.00","0.00","10.00","10.00","3148.00","31480","自社","2026/09","16.00","0.00","6.00","0.00","0.00","0.00","0.00","0.00","0.00","0.00"
"hammoc","HMR2","3","20","ＨＭ－Ｒ２","ﾌﾞﾗｯｸ/ｸﾞﾚｰ","プロパー","1","物流部倉庫","0","0.00","0.00","1.00","1.00","3148.00","3148","自社","2026/09","1.00","0","0","0","0","0","0","0","0","0.00"
"hammoc","HMR2","3","25","ＨＭ－Ｒ２","ﾌﾞﾗｯｸ/ｸﾞﾚｰ","プロパー","1","物流部倉庫","0","0.00","0.00","5.00","5.00","3148.00","15740","自社","2026/09","6.00","0.00","1.00","0.00","0.00","0.00","0.00","0.00","0.00","0.00"
"hammoc","HMR3","3","25","ＨＭ－Ｒ３","ﾌﾞﾗｯｸ/ﾌﾞﾗｯｸ","プロパー","1","物流部倉庫","0","1.00","0.00","0.00","1.00","3224.00","3224","自社","2026/09","1.00","0","0","0","0","0","0","0","0","0.00"
"ECｱｸｾ","HY6219","BLK","0","ＨＹ６２１９","ﾌﾞﾗｯｸ","プロパー","1","物流部倉庫","0","11.00","0.00","0.00","11.00","200.00","2200","自社","2026/09","0.00","0.00","4.00","15.00","0.00","0.00","0.00","0.00","0.00","0.00"
"ECｱｸｾ","HY6219","BRN","0","ＨＹ６２１９","ﾌﾞﾗｳﾝ","プロパー","1","物流部倉庫","0","12.00","0.00","0.00","12.00","200.00","2400","自社","2026/09","0.00","0.00","3.00","15.00","0.00","0.00","0.00","0.00","0.00","0.00"
"ECｱｸｾ","HY80136","B","0","ＨＹ８０１３６","柄ﾁｪｯｸ","プロパー","1","物流部倉庫","0","3.00","0.00","0.00","3.00","300.00","900","自社","2026/09","2.00","0.00","1.00","2.00","0.00","0.00","0.00","0.00","0.00","0.00"
"ECｱｸｾ","HY80136","E","0","ＨＹ８０１３６","柄ﾋﾟﾝｸﾌﾗﾜｰ","プロパー","1","物流部倉庫","0","4.00","0.00","0.00","4.00","300.00","1200","自社","2026/09","3.00","0.00","1.00","2.00","0.00","0.00","0.00","0.00","0.00","0.00"
"ECｱｸｾ","HY80136","F","0","ＨＹ８０１３６","柄ﾌﾞﾙｰﾌﾗﾜｰ","プロパー","1","物流部倉庫","0","5.00","0.00","0.00","5.00","300.00","1500","自社","2026/09","3.00","0.00","0.00","2.00","0.00","0.00","0.00","0.00","0.00","0.00"
"ECｱｸｾ","HY80136","G","0","ＨＹ８０１３６","柄ﾄﾞｯﾄ","プロパー","1","物流部倉庫","0","7.00","0.00","0.00","7.00","300.00","2100","自社","2026/09","9.00","0.00","2.00","0.00","0.00","0.00","0.00","0.00","0.00","0.00"
"ECｱｸｾ","HY8042","BLK","0","ＨＹ８０４２","ﾌﾞﾗｯｸ","プロパー","1","物流部倉庫","0","8.00","0.00","0.00","8.00","300.00","2400","自社","2026/09","0.00","0.00","7.00","15.00","0.00","0.00","0.00","0.00","0.00","0.00"
"ECｱｸｾ","HY8042","BLU","0","ＨＹ８０４２","ﾌﾞﾙｰ","プロパー","1","物流部倉庫","0","9.00","0.00","0.00","9.00","300.00","2700","自社","2026/09","0.00","0.00","6.00","15.00","0.00","0.00","0.00","0.00","0.00","0.00"
"ECｱｸｾ","HY8042","PNK","0","ＨＹ８０４２","ﾋﾟﾝｸ","プロパー","1","物流部倉庫","0","6.00","0.00","0.00","6.00","300.00","1800","自社","2026/09","0.00","0.00","9.00","15.00","0.00","0.00","0.00","0.00","0.00","0.00"
"ECｱｸｾ","HY8042","RED","0","ＨＹ８０４２","ﾚｯﾄﾞ","プロパー","1","物流部倉庫","0","13.00","0.00","0.00","13.00","300.00","3900","自社","2026/09","0.00","0.00","2.00","15.00","0.00","0.00","0.00","0.00","0.00","0.00"
"ECｱｸｾ","HY8042","YEL","0","ＨＹ８０４２","ｲｴﾛｰ","プロパー","1","物流部倉庫","0","13.00","0.00","0.00","13.00","300.00","3900","自社","2026/09","0.00","0.00","2.00","15.00","0.00","0.00","0.00","0.00","0.00","0.00"
"ECｱｸｾ","HY8061","BLK","0","ＨＹ８０６１","ﾌﾞﾗｯｸ","プロパー","1","物流部倉庫","0","9.00","0.00","0.00","9.00","300.00","2700","自社","2026/09","3.00","0.00","2.00","8.00","0.00","0.00","0.00","0.00","0.00","0.00"
"ECｱｸｾ","HY8061","BLU","0","ＨＹ８０６１","ﾌﾞﾙｰ","プロパー","1","物流部倉庫","0","2.00","0.00","0.00","2.00","300.00","600","自社","2026/09","0.00","0.00","8.00","10.00","0.00","0.00","0.00","0.00","0.00","0.00"
"ECｱｸｾ","HY8061","BRN","0","ＨＹ８０６１","ﾌﾞﾗｳﾝ","プロパー","1","物流部倉庫","0","8.00","0.00","0.00","8.00","300.00","2400","自社","2026/09","0.00","0.00","4.00","12.00","0.00","0.00","0.00","0.00","0.00","0.00"
"ECｱｸｾ","HY8061","GRY","0","ＨＹ８０６１","ｸﾞﾚｰ","プロパー","1","物流部倉庫","0","8.00","0.00","0.00","8.00","300.00","2400","自社","2026/09","0.00","0.00","2.00","10.00","0.00","0.00","0.00","0.00","0.00","0.00"
"ECｱｸｾ","HY8061","ORG","0","ＨＹ８０６１","ｵﾚﾝｼﾞ","プロパー","1","物流部倉庫","0","5.00","0.00","0.00","5.00","300.00","1500","自社","2026/09","0.00","0.00","5.00","10.00","0.00","0.00","0.00","0.00","0.00","0.00"
"ECｱｸｾ","HY8061","RED","0","ＨＹ８０６１","ﾚｯﾄﾞ","プロパー","1","物流部倉庫","0","2.00","0.00","0.00","2.00","300.00","600","自社","2026/09","2.00","0.00","8.00","8.00","0.00","0.00","0.00","0.00","0.00","0.00"
"ECｱｸｾ","HY8100","BLK","0","ＨＹ８１００","ﾌﾞﾗｯｸ","プロパー","1","物流部倉庫","0","5.00","0.00","0.00","5.00","300.00","1500","自社","2026/09","5.00","0","0","0","0","0","0","0","0","0.00"
"ECｱｸｾ","HY8100","BRN","0","ＨＹ８１００","ﾌﾞﾗｳﾝ","プロパー","1","物流部倉庫","0","3.00","0.00","0.00","3.00","300.00","900","自社","2026/09","4.00","0.00","1.00","0.00","0.00","0.00","0.00","0.00","0.00","0.00"
"ECｱｸｾ","HY8100","GRN","0","ＨＹ８１００","ｸﾞﾘｰﾝ","プロパー","1","物流部倉庫","0","7.00","0.00","0.00","7.00","300.00","2100","自社","2026/09","8.00","0.00","1.00","0.00","0.00","0.00","0.00","0.00","0.00","0.00"
"ECｱｸｾ","HY8100","GRY","0","ＨＹ８１００","ｸﾞﾚｰ","プロパー","1","物流部倉庫","0","14.00","0.00","0.00","14.00","300.00","4200","自社","2026/09","15.00","0.00","1.00","0.00","0.00","0.00","0.00","0.00","0.00","0.00"
"ECｱｸｾ","HY8101","BLK","0","ＨＹ８１０１","ﾌﾞﾗｯｸ","プロパー","1","物流部倉庫","0","3.00","0.00","0.00","3.00","350.00","1050","自社","2026/09","4.00","0.00","1.00","0.00","0.00","0.00","0.00","0.00","0.00","0.00"
"ECｱｸｾ","HY8101","BRN","0","ＨＹ８１０１","ﾌﾞﾗｳﾝ","プロパー","1","物流部倉庫","0","6.00","0.00","0.00","6.00","350.00","2100","自社","2026/09","6.00","0","0","0","0","0","0","0","0","0.00"
"ECｱｸｾ","HY8101","GRY","0","ＨＹ８１０１","ｸﾞﾚｰ","プロパー","1","物流部倉庫","0","3.00","0.00","0.00","3.00","350.00","1050","自社","2026/09","3.00","0","0","0","0","0","0","0","0","0.00"
"ECｱｸｾ","HY8101","ORG","0","ＨＹ８１０１","ｵﾚﾝｼﾞ","プロパー","1","物流部倉庫","0","5.00","0.00","0.00","5.00","350.00","1750","自社","2026/09","0.00","0.00","0.00","5.00","0.00","0.00","0.00","0.00","0.00","0.00"
"ECｱｸｾ","HY8113","BLK","0","ＨＹ８１１３","ﾌﾞﾗｯｸ","プロパー","1","物流部倉庫","0","10.00","0.00","0.00","10.00","300.00","3000","自社","2026/09","0.00","0.00","0.00","10.00","0.00","0.00","0.00","0.00","0.00","0.00"
"ECｱｸｾ","HY8113","BRN","0","ＨＹ８１１３","ﾌﾞﾗｳﾝ","プロパー","1","物流部倉庫","0","10.00","0.00","0.00","10.00","300.00","3000","自社","2026/09","0.00","0.00","0.00","10.00","0.00","0.00","0.00","0.00","0.00","0.00"
"ECｱｸｾ","HY8113","NVY","0","ＨＹ８１１３","ﾈｲﾋﾞｰ","プロパー","1","物流部倉庫","0","9.00","0.00","0.00","9.00","300.00","2700","自社","2026/09","6.00","0.00","1.00","4.00","0.00","0.00","0.00","0.00","0.00","0.00"
"ECｱｸｾ","HY8113","ORG","0","ＨＹ８１１３","ｵﾚﾝｼﾞ","プロパー","1","物流部倉庫","0","8.00","0.00","0.00","8.00","300.00","2400","自社","2026/09","2.00","0.00","2.00","8.00","0.00","0.00","0.00","0.00","0.00","0.00"
"ECｱｸｾ","HY8113","RED","0","ＨＹ８１１３","ﾚｯﾄﾞ","プロパー","1","物流部倉庫","0","10.00","0.00","0.00","10.00","300.00","3000","自社","2026/09","5.00","0.00","1.00","6.00","0.00","0.00","0.00","0.00","0.00","0.00"
"販 促 品","IDFTRY25"," ","0","IDFTRY25","　","プロパー","1","物流部倉庫","0","6.00","0.00","0.00","6.00","0.00","0","自社","2026/09","7.00","0.00","1.00","0.00","0.00","0.00","0.00","0.00","0.00","0.00"
"販 促 品","ISETRY24"," ","0","ISEﾄﾚｲ24","　","プロパー","1","物流部倉庫","0","146.00","0.00","0.00","146.00","0.00","0","自社","2026/09","146.00","0","0","0","0","0","0","0","0","0.00"
"販 促 品","ISRTRY24"," ","0","ＩＳＲﾄﾚｲ24","　","プロパー","1","物流部倉庫","0","142.00","0.00","0.00","142.00","0.00","0","自社","2026/09","142.00","0","0","0","0","0","0","0","0","0.00"
"ｱｲｽﾋﾟｯｸSG","ISWN1","BK","51","ＩＳＷ－Ｎ１","ﾌﾞﾗｯｸ","プロパー","1","物流部倉庫","0","0.00","0.00","1.00","1.00","4866.00","4866","自社","2026/09","1.00","0","0","0","0","0","0","0","0","0.00"
"ｱｲｽﾋﾟｯｸSG","ISWN1","CT","51","ＩＳＷ－Ｎ１","ｺﾖｰﾃﾀﾝ","プロパー","1","物流部倉庫","0","0.00","0.00","2.00","2.00","4866.00","9732","自社","2026/09","2.00","0","0","0","0","0","0","0","0","0.00"
"ｱｲｽﾋﾟｯｸSG","ISWN1","CT","54","ＩＳＷ－Ｎ１","ｺﾖｰﾃﾀﾝ","プロパー","1","物流部倉庫","0","0.00","0.00","1.00","1.00","4866.00","4866","自社","2026/09","1.00","0","0","0","0","0","0","0","0","0.00"
"ｱｲｽﾋﾟｯｸSG","ISWN1A","BK","51","ＩＳＷ－Ｎ１－Ａ","ﾌﾞﾗｯｸ","プロパー","1","物流部倉庫","0","0.00","0.00","1.00","1.00","4866.00","4866","自社","2026/09","1.00","0","0","0","0","0","0","0","0","0.00"
"ｱｲｽﾋﾟｯｸSG","ISWN1A","BK","54","ＩＳＷ－Ｎ１－Ａ","ﾌﾞﾗｯｸ","プロパー","1","物流部倉庫","0","0.00","0.00","2.00","2.00","4866.00","9732","自社","2026/09","2.00","0","0","0","0","0","0","0","0","0.00"
"ｱｲｽﾋﾟｯｸSG","ISWN1A","CT","51","ＩＳＷ－Ｎ１－Ａ","ｺﾖｰﾃﾀﾝ","プロパー","1","物流部倉庫","0","0.00","0.00","4.00","4.00","4866.00","19464","自社","2026/09","4.00","0","0","0","0","0","0","0","0","0.00"
"ｱｲｽﾋﾟｯｸSG","ISWN1A","CT","54","ＩＳＷ－Ｎ１－Ａ","ｺﾖｰﾃﾀﾝ","プロパー","1","物流部倉庫","0","0.00","0.00","3.00","3.00","4866.00","14598","自社","2026/09","3.00","0","0","0","0","0","0","0","0","0.00"
"ｱｲｽﾋﾟｯｸSG","ISWN1A","OD","51","ＩＳＷ－Ｎ１－Ａ","ｵﾘｰﾌﾞﾄﾞﾗﾌﾞ","プロパー","1","物流部倉庫","0","0.00","0.00","4.00","4.00","4866.00","19464","自社","2026/09","4.00","0","0","0","0","0","0","0","0","0.00"
"ｱｲｽﾋﾟｯｸSG","ISWN1A","OD","54","ＩＳＷ－Ｎ１－Ａ","ｵﾘｰﾌﾞﾄﾞﾗﾌﾞ","プロパー","1","物流部倉庫","0","0.00","0.00","3.00","3.00","4866.00","14598","自社","2026/09","3.00","0","0","0","0","0","0","0","0","0.00"
"ｱｲｽﾋﾟｯｸSG","ISWN2","CT","51","ＩＳＷ－Ｎ２","ｺﾖｰﾃﾀﾝ","プロパー","1","物流部倉庫","0","0.00","0.00","2.00","2.00","4866.00","9732","自社","2026/09","2.00","0","0","0","0","0","0","0","0","0.00"
"ｱｲｽﾋﾟｯｸSG","ISWN2","OD","48","ＩＳＷ－Ｎ２","ｵﾘｰﾌﾞﾄﾞﾗﾌﾞ","プロパー","1","物流部倉庫","0","0.00","0.00","1.00","1.00","4866.00","4866","自社","2026/09","1.00","0","0","0","0","0","0","0","0","0.00"
"ｱｲｽﾋﾟｯｸSG","ISWN2A","BK","48","ＩＳＷ－Ｎ２－Ａ","ﾌﾞﾗｯｸ","プロパー","1","物流部倉庫","0","0.00","0.00","5.00","5.00","4866.00","24330","自社","2026/09","5.00","0","0","0","0","0","0","0","0","0.00"
"ｱｲｽﾋﾟｯｸSG","ISWN2A","BK","51","ＩＳＷ－Ｎ２－Ａ","ﾌﾞﾗｯｸ","プロパー","1","物流部倉庫","0","0.00","0.00","5.00","5.00","4866.00","24330","自社","2026/09","5.00","0","0","0","0","0","0","0","0","0.00"
"ｱｲｽﾋﾟｯｸSG","ISWN2A","CT","51","ＩＳＷ－Ｎ２－Ａ","ｺﾖｰﾃﾀﾝ","プロパー","1","物流部倉庫","0","0.00","0.00","4.00","4.00","4866.00","19464","自社","2026/09","4.00","0","0","0","0","0","0","0","0","0.00"
"ｱｲｽﾋﾟｯｸSG","ISWN2A","OD","48","ＩＳＷ－Ｎ２－Ａ","ｵﾘｰﾌﾞﾄﾞﾗﾌﾞ","プロパー","1","物流部倉庫","0","0.00","0.00","3.00","3.00","4866.00","14598","自社","2026/09","3.00","0","0","0","0","0","0","0","0","0.00"
"ｱｲｽﾋﾟｯｸSG","ISWN2A","OD","51","ＩＳＷ－Ｎ２－Ａ","ｵﾘｰﾌﾞﾄﾞﾗﾌﾞ","プロパー","1","物流部倉庫","0","0.00","0.00","5.00","5.00","4866.00","24330","自社","2026/09","5.00","0","0","0","0","0","0","0","0","0.00"
"ｱｲｽﾋﾟｯｸSG","ISWS2L","MB","0","ＩＳＷ－Ｓ２Ｌ","ﾏﾃﾘｱﾙﾌﾞﾗｯｸ","プロパー","1","物流部倉庫","0","0.00","0.00","2.00","2.00","6546.00","13092","自社","2026/09","2.00","0","0","0","0","0","0","0","0","0.00"
"ECｱｸｾ","JINEN","BEG","0","ＪＩＮＥＮ","ﾍﾞｰｼﾞｭ","プロパー","1","物流部倉庫","0","5.00","0.00","0.00","5.00","315.00","1575","自社","2026/09","5.00","0","0","0","0","0","0","0","0","0.00"
"ECｱｸｾ","KCASE","1","0","Ｋ－ＣＡＳＥ","ﾎﾜｲﾄ","プロパー","1","物流部倉庫","0","42.00","0.00","0.00","42.00","245.00","10290","自社","2026/09","45.00","0.00","0.00","0.00","3.00","0.00","0.00","0.00","0.00","0.00"
"ECｱｸｾ","KCASE","2","0","Ｋ－ＣＡＳＥ","ﾈｲﾋﾞｰ","プロパー","1","物流部倉庫","0","87.00","0.00","0.00","87.00","245.00","21315","自社","2026/09","92.00","0.00","0.00","0.00","5.00","0.00","0.00","0.00","0.00","0.00"
"ECｱｸｾ","KCASE","3","0","Ｋ－ＣＡＳＥ","ﾊﾟｽﾃﾙ","プロパー","1","物流部倉庫","0","34.00","0.00","0.00","34.00","245.00","8330","自社","2026/09","36.00","0.00","0.00","0.00","2.00","0.00","0.00","0.00","0.00","0.00"
"ECｱｸｾ","KCASE","5","0","Ｋ－ＣＡＳＥ","草原","プロパー","1","物流部倉庫","0","49.00","0.00","0.00","49.00","245.00","12005","自社","2026/09","65.00","0.00","0.00","0.00","16.00","0.00","0.00","0.00","0.00","0.00"
"ECｱｸｾ","KCASE","6","0","Ｋ－ＣＡＳＥ","FUKUI","プロパー","1","物流部倉庫","0","170.00","0.00","0.00","170.00","285.00","48450","自社","2026/09","186.00","0.00","0.00","0.00","16.00","0.00","0.00","0.00","0.00","0.00"
"ECｱｸｾ","KCLOTH","1","0","Ｋ－ＣＬＯＴＨ","ﾎﾜｲﾄ","プロパー","1","物流部倉庫","0","8.00","0.00","0.00","8.00","200.00","1600","自社","2026/09","11.00","0.00","0.00","0.00","3.00","0.00","0.00","0.00","0.00","0.00"
"ECｱｸｾ","KCLOTH","2","0","Ｋ－ＣＬＯＴＨ","ﾈｲﾋﾞｰ","プロパー","1","物流部倉庫","0","99.00","0.00","0.00","99.00","200.00","19800","自社","2026/09","100.00","0.00","1.00","0.00","0.00","0.00","0.00","0.00","0.00","0.00"
"ECｱｸｾ","KCLOTH","3","0","Ｋ－ＣＬＯＴＨ","ﾊﾟｽﾃﾙ","プロパー","1","物流部倉庫","0","30.00","0.00","0.00","30.00","200.00","6000","自社","2026/09","36.00","0.00","0.00","0.00","6.00","0.00","0.00","0.00","0.00","0.00"
"ECｱｸｾ","KCLOTH","5","0","Ｋ－ＣＬＯＴＨ","草原","プロパー","1","物流部倉庫","0","4.00","0.00","0.00","4.00","200.00","800","自社","2026/09","16.00","0.00","2.00","0.00","10.00","0.00","0.00","0.00","0.00","0.00"
"ECｱｸｾ","KIBIM","N1","0","ＫＩＢＩ－Ｍ","汐ﾌﾞﾗｯｸ","プロパー","1","物流部倉庫","0","14.00","0.00","0.00","14.00","645.00","9030","自社","2026/09","2.00","0.00","3.00","15.00","0.00","0.00","0.00","0.00","0.00","0.00"
"ECｱｸｾ","KIBIM","N2","0","ＫＩＢＩ－Ｍ","汐ｱｲﾎﾞﾘｰ","プロパー","1","物流部倉庫","0","11.00","0.00","0.00","11.00","645.00","7095","自社","2026/09","12.00","0.00","1.00","0.00","0.00","0.00","0.00","0.00","0.00","0.00"
"ECｱｸｾ","KIBIM","N3","0","ＫＩＢＩ－Ｍ","汐ｸﾞﾚｰ","プロパー","1","物流部倉庫","0","13.00","0.00","0.00","13.00","645.00","8385","自社","2026/09","14.00","0.00","1.00","0.00","0.00","0.00","0.00","0.00","0.00","0.00"
"ECｱｸｾ","KIBIM","N4","0","ＫＩＢＩ－Ｍ","汐ﾓｽｸﾞﾘｰﾝ","プロパー","1","物流部倉庫","0","10.00","0.00","0.00","10.00","645.00","6450","自社","2026/09","11.00","0.00","1.00","0.00","0.00","0.00","0.00","0.00","0.00","0.00"
"ECｱｸｾ","KIBIM","N5","0","ＫＩＢＩ－Ｍ","汐ﾌﾞﾙｰ","プロパー","1","物流部倉庫","0","15.00","0.00","0.00","15.00","645.00","9675","自社","2026/09","15.00","0","0","0","0","0","0","0","0","0.00"
"ECｱｸｾ","KIBIM","S1","0","ＫＩＢＩ－Ｍ","雫ﾌﾞﾗｯｸ","プロパー","1","物流部倉庫","0","11.00","0.00","0.00","11.00","645.00","7095","自社","2026/09","6.00","0.00","0.00","5.00","0.00","0.00","0.00","0.00","0.00","0.00"
"ECｱｸｾ","KIBIM","S2","0","ＫＩＢＩ－Ｍ","雫ｱｲﾎﾞﾘｰ","プロパー","1","物流部倉庫","0","11.00","0.00","0.00","11.00","645.00","7095","自社","2026/09","12.00","0.00","1.00","0.00","0.00","0.00","0.00","0.00","0.00","0.00"
"ECｱｸｾ","KIBIM","S3","0","ＫＩＢＩ－Ｍ","雫ｸﾞﾚｰ","プロパー","1","物流部倉庫","0","10.00","0.00","0.00","10.00","645.00","6450","自社","2026/09","10.00","0","0","0","0","0","0","0","0","0.00"
"ECｱｸｾ","KIBIM","S4","0","ＫＩＢＩ－Ｍ","雫ﾓｽｸﾞﾘｰﾝ","プロパー","1","物流部倉庫","0","13.00","0.00","0.00","13.00","645.00","8385","自社","2026/09","13.00","0","0","0","0","0","0","0","0","0.00"
"ECｱｸｾ","KIBIM","S5","0","ＫＩＢＩ－Ｍ","雫ﾌﾞﾙｰ","プロパー","1","物流部倉庫","0","15.00","0.00","0.00","15.00","645.00","9675","自社","2026/09","16.00","0.00","1.00","0.00","0.00","0.00","0.00","0.00","0.00","0.00"
"ECｱｸｾ","KIBIM","T1","0","ＫＩＢＩ－Ｍ","滝ﾌﾞﾗｯｸ","プロパー","1","物流部倉庫","0","11.00","0.00","0.00","11.00","430.00","4730","自社","2026/09","11.00","0","0","0","0","0","0","0","0","0.00"
"ECｱｸｾ","KIBIM","T2","0","ＫＩＢＩ－Ｍ","滝ｱｲﾎﾞﾘｰ","プロパー","1","物流部倉庫","0","13.00","0.00","0.00","13.00","430.00","5590","自社","2026/09","13.00","0","0","0","0","0","0","0","0","0.00"
"ECｱｸｾ","KIBIM","T3","0","ＫＩＢＩ－Ｍ","滝ｸﾞﾚｰ","プロパー","1","物流部倉庫","0","11.00","0.00","0.00","11.00","430.00","4730","自社","2026/09","11.00","0","0","0","0","0","0","0","0","0.00"
"ECｱｸｾ","KIBIM","T4","0","ＫＩＢＩ－Ｍ","滝ﾓｽｸﾞﾘｰﾝ","プロパー","1","物流部倉庫","0","10.00","0.00","0.00","10.00","430.00","4300","自社","2026/09","10.00","0","0","0","0","0","0","0","0","0.00"
"ECｱｸｾ","KIBIM","T5","0","ＫＩＢＩ－Ｍ","滝ﾌﾞﾙｰ","プロパー","1","物流部倉庫","0","13.00","0.00","0.00","13.00","430.00","5590","自社","2026/09","13.00","0","0","0","0","0","0","0","0","0.00"
"ECｱｸｾ","KIBIS","N1","0","ＫＩＢＩ－Ｓ","汐ﾌﾞﾗｯｸ","プロパー","1","物流部倉庫","0","10.00","0.00","0.00","10.00","387.00","3870","自社","2026/09","10.00","0","0","0","0","0","0","0","0","0.00"
"ECｱｸｾ","KIBIS","N2","0","ＫＩＢＩ－Ｓ","汐ｱｲﾎﾞﾘｰ","プロパー","1","物流部倉庫","0","11.00","0.00","0.00","11.00","387.00","4257","自社","2026/09","8.00","0.00","2.00","5.00","0.00","0.00","0.00","0.00","0.00","0.00"
"ECｱｸｾ","KIBIS","N3","0","ＫＩＢＩ－Ｓ","汐ｸﾞﾚｰ","プロパー","1","物流部倉庫","0","15.00","0.00","0.00","15.00","387.00","5805","自社","2026/09","0.00","0.00","0.00","15.00","0.00","0.00","0.00","0.00","0.00","0.00"
"ECｱｸｾ","KIBIS","N4","0","ＫＩＢＩ－Ｓ","汐ﾓｽｸﾞﾘｰﾝ","プロパー","1","物流部倉庫","0","14.00","0.00","0.00","14.00","387.00","5418","自社","2026/09","10.00","0.00","1.00","5.00","0.00","0.00","0.00","0.00","0.00","0.00"
"ECｱｸｾ","KIBIS","N5","0","ＫＩＢＩ－Ｓ","汐ﾌﾞﾙｰ","プロパー","1","物流部倉庫","0","12.00","0.00","0.00","12.00","387.00","4644","自社","2026/09","12.00","0","0","0","0","0","0","0","0","0.00"
"ECｱｸｾ","KIBIS","S1","0","ＫＩＢＩ－Ｓ","雫ﾌﾞﾗｯｸ","プロパー","1","物流部倉庫","0","14.00","0.00","0.00","14.00","387.00","5418","自社","2026/09","14.00","0","0","0","0","0","0","0","0","0.00"
"ECｱｸｾ","KIBIS","S2","0","ＫＩＢＩ－Ｓ","雫ｱｲﾎﾞﾘｰ","プロパー","1","物流部倉庫","0","12.00","0.00","0.00","12.00","387.00","4644","自社","2026/09","7.00","0.00","0.00","5.00","0.00","0.00","0.00","0.00","0.00","0.00"
"ECｱｸｾ","KIBIS","S3","0","ＫＩＢＩ－Ｓ","雫ｸﾞﾚｰ","プロパー","1","物流部倉庫","0","13.00","0.00","0.00","13.00","387.00","5031","自社","2026/09","3.00","0.00","0.00","10.00","0.00","0.00","0.00","0.00","0.00","0.00"
"ECｱｸｾ","KIBIS","S4","0","ＫＩＢＩ－Ｓ","雫ﾓｽｸﾞﾘｰﾝ","プロパー","1","物流部倉庫","0","10.00","0.00","0.00","10.00","387.00","3870","自社","2026/09","11.00","0.00","1.00","0.00","0.00","0.00","0.00","0.00","0.00","0.00"
"ECｱｸｾ","KIBIS","S5","0","ＫＩＢＩ－Ｓ","雫ﾌﾞﾙｰ","プロパー","1","物流部倉庫","0","13.00","0.00","0.00","13.00","387.00","5031","自社","2026/09","13.00","0","0","0","0","0","0","0","0","0.00"
"ECｱｸｾ","KIBIS","T1","0","ＫＩＢＩ－Ｓ","滝ﾌﾞﾗｯｸ","プロパー","1","物流部倉庫","0","14.00","0.00","0.00","14.00","366.00","5124","自社","2026/09","9.00","0.00","0.00","5.00","0.00","0.00","0.00","0.00","0.00","0.00"
"ECｱｸｾ","KIBIS","T2","0","ＫＩＢＩ－Ｓ","滝ｱｲﾎﾞﾘｰ","プロパー","1","物流部倉庫","0","12.00","0.00","0.00","12.00","366.00","4392","自社","2026/09","4.00","0.00","2.00","10.00","0.00","0.00","0.00","0.00","0.00","0.00"
"ECｱｸｾ","KIBIS","T3","0","ＫＩＢＩ－Ｓ","滝ｸﾞﾚｰ","プロパー","1","物流部倉庫","0","14.00","0.00","0.00","14.00","366.00","5124","自社","2026/09","16.00","0.00","2.00","0.00","0.00","0.00","0.00","0.00","0.00","0.00"
"ECｱｸｾ","KIBIS","T4","0","ＫＩＢＩ－Ｓ","滝ﾓｽｸﾞﾘｰﾝ","プロパー","1","物流部倉庫","0","12.00","0.00","0.00","12.00","366.00","4392","自社","2026/09","12.00","0","0","0","0","0","0","0","0","0.00"
"ECｱｸｾ","KIBIS","T5","0","ＫＩＢＩ－Ｓ","滝ﾌﾞﾙｰ","プロパー","1","物流部倉庫","0","15.00","0.00","0.00","15.00","366.00","5490","自社","2026/09","11.00","0.00","1.00","5.00","0.00","0.00","0.00","0.00","0.00","0.00"
"ECｱｸｾ","KMBPC1","A","0","ＫＭＢ－ＰＣ－１","ﾍﾞｰｼﾞｭ","プロパー","1","物流部倉庫","0","9.00","0.00","0.00","9.00","1380.00","12420","自社","2026/09","14.00","0.00","5.00","0.00","0.00","0.00","0.00","0.00","0.00","0.00"
"ECｱｸｾ","KMBPC2","B","0","ＫＭＢ－ＰＣ－２","ﾍﾞｰｼﾞｭ","プロパー","1","物流部倉庫","0","7.00","0.00","0.00","7.00","1500.00","10500","自社","2026/09","7.00","0","0","0","0","0","0","0","0","0.00"
"ECｱｸｾ","KMBPD12","A","0","ＫＭＢ－ＰＤ－１－２","しましま模様","プロパー","1","物流部倉庫","0","4.00","0.00","0.00","4.00","1620.00","6480","自社","2026/09","6.00","0.00","2.00","0.00","0.00","0.00","0.00","0.00","0.00","0.00"
"ECｱｸｾ","KMBPD12","B","0","ＫＭＢ－ＰＤ－１－２","はちわれ模様","プロパー","1","物流部倉庫","0","7.00","0.00","0.00","7.00","1620.00","11340","自社","2026/09","7.00","0","0","0","0","0","0","0","0","0.00"
"販 促 品","LCFBP25"," ","0","ﾙｺｯｸﾛｺﾞﾌﾟﾚｰﾄ25","　","プロパー","1","物流部倉庫","0","56.00","0.00","0.00","56.00","0.00","0","自社","2026/09","56.00","0","0","0","0","0","0","0","0","0.00"
"販 促 品","LCFMAT25"," ","0","ﾙｺｯｸﾏｯﾄ25","　","プロパー","1","物流部倉庫","0","88.00","0.00","0.00","88.00","0.00","0","自社","2026/09","88.00","0","0","0","0","0","0","0","0","0.00"
"ECｱｸｾ","LDW50","A2","0","ＬＤＷ－５０","藤　二段折り","プロパー","1","物流部倉庫","0","5.00","0.00","0.00","5.00","2500.00","12500","自社","2026/09","5.00","0","0","0","0","0","0","0","0","0.00"
"ECｱｸｾ","LDW50","A3","0","ＬＤＷ－５０","藤　三段折り","プロパー","1","物流部倉庫","0","6.00","0.00","0.00","6.00","2500.00","15000","自社","2026/09","6.00","0","0","0","0","0","0","0","0","0.00"
"ECｱｸｾ","LDW50","B2","0","ＬＤＷ－５０","ミモザ　二段折り","プロパー","1","物流部倉庫","0","6.00","0.00","0.00","6.00","2500.00","15000","自社","2026/09","6.00","0","0","0","0","0","0","0","0","0.00"
"ECｱｸｾ","LDW50","B3","0","ＬＤＷ－５０","ミモザ　三段折り","プロパー","1","物流部倉庫","0","7.00","0.00","0.00","7.00","2500.00","17500","自社","2026/09","7.00","0","0","0","0","0","0","0","0","0.00"
"ECｱｸｾ","LDW50","C2","0","ＬＤＷ－５０","花　二段折り","プロパー","1","物流部倉庫","0","9.00","0.00","0.00","9.00","2500.00","22500","自社","2026/09","9.00","0","0","0","0","0","0","0","0","0.00"
"ECｱｸｾ","LDW50","C3","0","ＬＤＷ－５０","花　三段折り","プロパー","1","物流部倉庫","0","9.00","0.00","0.00","9.00","2500.00","22500","自社","2026/09","9.00","0","0","0","0","0","0","0","0","0.00"
"ECｱｸｾ","LDW50","D2","0","ＬＤＷ－５０","あじさい　二段折り","プロパー","1","物流部倉庫","0","8.00","0.00","0.00","8.00","2500.00","20000","自社","2026/09","8.00","0","0","0","0","0","0","0","0","0.00"
"ECｱｸｾ","LDW50","D3","0","ＬＤＷ－５０","あじさい　三段折り","プロパー","1","物流部倉庫","0","7.00","0.00","0.00","7.00","2500.00","17500","自社","2026/09","7.00","0","0","0","0","0","0","0","0","0.00"
"ECｱｸｾ","LDW50","E2","0","ＬＤＷ－５０","金魚　二段折り","プロパー","1","物流部倉庫","0","8.00","0.00","0.00","8.00","2500.00","20000","自社","2026/09","8.00","0","0","0","0","0","0","0","0","0.00"
"ECｱｸｾ","LDW50","E3","0","ＬＤＷ－５０","金魚　三段折り","プロパー","1","物流部倉庫","0","9.00","0.00","0.00","9.00","2500.00","22500","自社","2026/09","9.00","0","0","0","0","0","0","0","0","0.00"
"ECｱｸｾ","LDW50","F2","0","ＬＤＷ－５０","ポピー　二段折り","プロパー","1","物流部倉庫","0","10.00","0.00","0.00","10.00","2500.00","25000","自社","2026/09","10.00","0","0","0","0","0","0","0","0","0.00"
"ECｱｸｾ","LDW50","F3","0","ＬＤＷ－５０","ポピー　三段折り","プロパー","1","物流部倉庫","0","9.00","0.00","0.00","9.00","2500.00","22500","自社","2026/09","9.00","0","0","0","0","0","0","0","0","0.00"
"ECｱｸｾ","LDW50","G2","0","ＬＤＷ－５０","ピンポンマム　二段折り","プロパー","1","物流部倉庫","0","4.00","0.00","0.00","4.00","2500.00","10000","自社","2026/09","4.00","0","0","0","0","0","0","0","0","0.00"
"ECｱｸｾ","LDW50","G3","0","ＬＤＷ－５０","ピンポンマム　三段折り","プロパー","1","物流部倉庫","0","3.00","0.00","0.00","3.00","2500.00","7500","自社","2026/09","3.00","0","0","0","0","0","0","0","0","0.00"
"ECｱｸｾ","LDW50","H3","0","ＬＤＷ－５０","菊　三段折り","プロパー","1","物流部倉庫","0","2.00","0.00","0.00","2.00","2500.00","5000","自社","2026/09","2.00","0","0","0","0","0","0","0","0","0.00"
"LUNA EARTH OEM SG ｴﾝﾄﾞﾚｽ","LE5336A","1","0","ＬＥ５３３６Ａ","ﾌﾞﾗｯｸ","OEM","1","物流部倉庫","0","0.00","0.00","2.00","2.00","392.70","785","自社","2026/09","4.00","0.00","2.00","0.00","0.00","0.00","0.00","0.00","0.00","0.00"
"LUNA EARTH OEM SG ｴﾝﾄﾞﾚｽ","LE5336A","2","0","ＬＥ５３３６Ａ","ﾌﾞﾗｳﾝﾃﾞﾐ","OEM","1","物流部倉庫","0","0.00","0.00","2.00","2.00","392.70","785","自社","2026/09","4.00","0.00","2.00","0.00","0.00","0.00","0.00","0.00","0.00","0.00"
"LUNA EARTH OEM SG ｴﾝﾄﾞﾚｽ","LE5336A","3","0","ＬＥ５３３６Ａ","ﾌﾞﾗｯｸ・ﾌﾞﾙｰ","OEM","1","物流部倉庫","0","0.00","0.00","2.00","2.00","392.70","785","自社","2026/09","4.00","0.00","2.00","0.00","0.00","0.00","0.00","0.00","0.00","0.00"
"LUNA EARTH OEM SG ｴﾝﾄﾞﾚｽ","LE5606","1","0","ＬＥ５６０６","ﾌﾞﾗｯｸ","OEM","1","物流部倉庫","0","0.00","0.00","2.00","2.00","255.75","512","自社","2026/09","4.00","0.00","2.00","0.00","0.00","0.00","0.00","0.00","0.00","0.00"
"LUNA EARTH OEM SG ｴﾝﾄﾞﾚｽ","LE5606","2","0","ＬＥ５６０６","ﾌﾞﾗｯｸ/ ﾌﾞﾙｰ","OEM","1","物流部倉庫","0","0.00","0.00","2.00","2.00","255.75","512","自社","2026/09","4.00","0.00","2.00","0.00","0.00","0.00","0.00","0.00","0.00","0.00"
"LUNA EARTH OEM SG ｴﾝﾄﾞﾚｽ","LE5606","3","0","ＬＥ５６０６","ﾌﾞﾗｯｸ","OEM","1","物流部倉庫","0","0.00","0.00","2.00","2.00","255.75","512","自社","2026/09","4.00","0.00","2.00","0.00","0.00","0.00","0.00","0.00","0.00","0.00"
"LUNA EARTH OEM SG ｴﾝﾄﾞﾚｽ","LE5751A","1","0","ＬＥ５７５１Ａ","ﾌﾞﾗｯｸ","OEM","1","物流部倉庫","0","0.00","0.00","2.00","2.00","313.50","627","自社","2026/09","4.00","0.00","2.00","0.00","0.00","0.00","0.00","0.00","0.00","0.00"
"LUNA EARTH OEM SG ｴﾝﾄﾞﾚｽ","LE5751A","2","0","ＬＥ５７５１Ａ","ﾌﾞﾗｳﾝﾃﾞﾐ","OEM","1","物流部倉庫","0","0.00","0.00","2.00","2.00","346.50","693","自社","2026/09","4.00","0.00","2.00","0.00","0.00","0.00","0.00","0.00","0.00","0.00"
"LUNA EARTH OEM SG ｴﾝﾄﾞﾚｽ","LE7006","1","0","ＬＥ７００６","ﾌﾞﾗｯｸ","OEM","1","物流部倉庫","0","0.00","0.00","2.00","2.00","280.50","561","自社","2026/09","4.00","0.00","2.00","0.00","0.00","0.00","0.00","0.00","0.00","0.00"
"LUNA EARTH OEM SG ｴﾝﾄﾞﾚｽ","LE7006","2","0","ＬＥ７００６","ﾌﾞﾗｯｸ・ﾌﾞﾙｰ","OEM","1","物流部倉庫","0","0.00","0.00","2.00","2.00","280.50","561","自社","2026/09","4.00","0.00","2.00","0.00","0.00","0.00","0.00","0.00","0.00","0.00"
"LUNA EARTH OEM SG ｴﾝﾄﾞﾚｽ","LE7006","3","0","ＬＥ７００６","ﾌﾞﾗｳﾝﾃﾞﾐ","OEM","1","物流部倉庫","0","0.00","0.00","2.00","2.00","305.25","611","自社","2026/09","4.00","0.00","2.00","0.00","0.00","0.00","0.00","0.00","0.00","0.00"
"一般SG","LR5099","2","0","ＬＲ５０９９","ﾌﾞﾗｳﾝﾃﾞﾐ","プロパー","1","物流部倉庫","0","1.00","0.00","0.00","1.00","359.70","360","自社","2026/09","1.00","0","0","0","0","0","0","0","0","0.00"
"ECｱｸｾ","MEH10","00","0","ＭＥＨ－１０","ﾏｯﾄﾌﾞﾗｯｸ","プロパー","1","物流部倉庫","0","5.00","0.00","2.00","7.00","1200.00","8400","自社","2026/09","7.00","0","0","0","0","0","0","0","0","0.00"
"ECｱｸｾ","MEH10","01","0","ＭＥＨ－１０","ﾏｯﾄﾚｯﾄﾞ","プロパー","1","物流部倉庫","0","5.00","0.00","2.00","7.00","1200.00","8400","自社","2026/09","7.00","0","0","0","0","0","0","0","0","0.00"
"ECｱｸｾ","MEH10","02","0","ＭＥＨ－１０","ｸﾘｱｵﾚﾝｼﾞ","プロパー","1","物流部倉庫","0","7.00","0.00","2.00","9.00","1200.00","10800","自社","2026/09","9.00","0","0","0","0","0","0","0","0","0.00"
"ECｱｸｾ","MEH10","03","0","ＭＥＨ－１０","ｸﾘｱﾊﾟｰﾌﾟﾙ","プロパー","1","物流部倉庫","0","6.00","0.00","2.00","8.00","1200.00","9600","自社","2026/09","8.00","0","0","0","0","0","0","0","0","0.00"
"ECｱｸｾ","MEH10","04","0","ＭＥＨ－１０","ｸﾘｱﾀｰｺｲｽﾞ","プロパー","1","物流部倉庫","0","1.00","0.00","1.00","2.00","1200.00","2400","自社","2026/09","2.00","0","0","0","0","0","0","0","0","0.00"
"ECｱｸｾ","MEH10","05","0","ＭＥＨ－１０","ﾏｯﾄﾎﾜｲﾄ","プロパー","1","物流部倉庫","0","4.00","0.00","2.00","6.00","1200.00","7200","自社","2026/09","6.00","0","0","0","0","0","0","0","0","0.00"
"ECｱｸｾ","MEH20","00","0","ＭＥＨ－２０","ｸﾞﾘｰﾝ/ﾎﾜｲﾄ","プロパー","1","物流部倉庫","0","4.00","0.00","2.00","6.00","1200.00","7200","自社","2026/09","6.00","0","0","0","0","0","0","0","0","0.00"
"ECｱｸｾ","MEH20","01","0","ＭＥＨ－２０","ﾗｲﾄﾌﾞﾙｰ/ﾋﾟﾝｸ","プロパー","1","物流部倉庫","0","2.00","0.00","2.00","4.00","1200.00","4800","自社","2026/09","5.00","0.00","1.00","0.00","0.00","0.00","0.00","0.00","0.00","0.00"
"ECｱｸｾ","MEH20","02","0","ＭＥＨ－２０","ﾎﾜｲﾄ/ﾏｯﾄﾌﾞﾙｰ","プロパー","1","物流部倉庫","0","4.00","0.00","2.00","6.00","1200.00","7200","自社","2026/09","6.00","0","0","0","0","0","0","0","0","0.00"
"ECｱｸｾ","MEH20","03","0","ＭＥＨ－２０","ﾏｯﾄﾎﾜｲﾄ/ﾚｯﾄﾞ","プロパー","1","物流部倉庫","0","3.00","0.00","2.00","5.00","1200.00","6000","自社","2026/09","5.00","0","0","0","0","0","0","0","0","0.00"
"ECｱｸｾ","MEH20","04","0","ＭＥＨ－２０","ｸﾘｱ/ｵﾚﾝｼﾞ","プロパー","1","物流部倉庫","0","4.00","0.00","2.00","6.00","1200.00","7200","自社","2026/09","6.00","0","0","0","0","0","0","0","0","0.00"
"ECｱｸｾ","MEH20","05","0","ＭＥＨ－２０","ﾌﾞﾗｯｸ/ﾎﾜｲﾄ","プロパー","1","物流部倉庫","0","2.00","0.00","2.00","4.00","1200.00","4800","自社","2026/09","4.00","0","0","0","0","0","0","0","0","0.00"
"販 促 品","MFBOX24"," ","0","ﾏｻｷﾄﾗﾝｸｼｮｰBOX24","　","プロパー","1","物流部倉庫","0","12.00","0.00","0.00","12.00","0.00","0","自社","2026/09","12.00","0","0","0","0","0","0","0","0","0.00"
"販 促 品","MFBP23"," ","0","ﾏｻｷﾛｺﾞﾌﾟﾚｰﾄ(白黒)23","　","プロパー","1","物流部倉庫","0","105.00","0.00","12.00","117.00","0.00","0","自社","2026/09","124.00","0.00","6.00","0.00","0.00","0.00","0.00","1.00","0.00","0.00"
"販 促 品","MFDSP23"," ","0","ﾏｻｷ立体ﾃﾞｨｽﾌﾟﾚｲ(白黒)23","　","プロパー","1","物流部倉庫","0","0.00","6.00","7.00","13.00","0.00","0","自社","2026/09","13.00","0","0","0","0","0","0","0","0","0.00"
"販 促 品","MFTRY23"," ","0","ﾏｻｷﾄﾚｲ(白黒)23","　","プロパー","1","物流部倉庫","0","83.00","0.00","5.00","88.00","0.00","0","自社","2026/09","93.00","0.00","5.00","0.00","0.00","0.00","0.00","0.00","0.00","0.00"
"ECｱｸｾ","MI20","1","0","ＭＩ－２０","ﾌﾞﾙｰ","プロパー","1","物流部倉庫","0","7.00","0.00","0.00","7.00","650.00","4550","自社","2026/09","7.00","0","0","0","0","0","0","0","0","0.00"
"ECｱｸｾ","MI20","2","0","ＭＩ－２０","ﾋﾟﾝｸ","プロパー","1","物流部倉庫","0","14.00","0.00","0.00","14.00","650.00","9100","自社","2026/09","14.00","0","0","0","0","0","0","0","0","0.00"
"ECｱｸｾ","MI20","3","0","ＭＩ－２０","ﾊﾟｰﾌﾟﾙ","プロパー","1","物流部倉庫","0","10.00","0.00","0.00","10.00","650.00","6500","自社","2026/09","10.00","0","0","0","0","0","0","0","0","0.00"
"ECｱｸｾ","MI20","4","0","ＭＩ－２０","ﾌﾞﾗｯｸ","プロパー","1","物流部倉庫","0","13.00","0.00","0.00","13.00","650.00","8450","自社","2026/09","13.00","0","0","0","0","0","0","0","0","0.00"
"販 促 品","MLFBP26"," ","0","ＭＬＦﾛｺﾞﾌﾟﾚｰﾄ26","　","プロパー","1","物流部倉庫","0","104.00","0.00","0.00","104.00","0.00","0","自社","2026/09","108.00","0.00","4.00","0.00","0.00","0.00","0.00","0.00","0.00","0.00"
"ECｱｸｾ","OBSTN","1","0","ＯＢＳＴＮ","ﾋﾟﾝｸ","プロパー","1","物流部倉庫","0","2.00","0.00","0.00","2.00","750.00","1500","自社","2026/09","2.00","0","0","0","0","0","0","0","0","0.00"
"ECｱｸｾ","OBSTN","2","0","ＯＢＳＴＮ","ﾌﾞﾙｰ","プロパー","1","物流部倉庫","0","7.00","0.00","0.00","7.00","750.00","5250","自社","2026/09","8.00","0.00","1.00","0.00","0.00","0.00","0.00","0.00","0.00","0.00"
"ECｱｸｾ","OBSTN","4","0","ＯＢＳＴＮ","ｸﾞﾚｰ","プロパー","1","物流部倉庫","0","3.00","0.00","0.00","3.00","750.00","2250","自社","2026/09","3.00","0","0","0","0","0","0","0","0","0.00"
"ECｱｸｾ","OHARI1","1","0","ＯＨＡＲＩ－１","山中塗　朱","プロパー","1","物流部倉庫","0","10.00","0.00","2.00","12.00","1700.00","20400","自社","2026/09","18.00","0.00","6.00","0.00","0.00","0.00","0.00","0.00","0.00","0.00"
"ECｱｸｾ","OHARI1","2","0","ＯＨＡＲＩ－１","山中塗　黒","プロパー","1","物流部倉庫","0","12.00","0.00","2.00","14.00","1700.00","23800","自社","2026/09","15.00","0.00","1.00","0.00","0.00","0.00","0.00","0.00","0.00","0.00"
"ECｱｸｾ","OHARI2","1","0","ＯＨＡＲＩ－２","麻の葉","プロパー","1","物流部倉庫","0","4.00","0.00","1.00","5.00","1500.00","7500","自社","2026/09","12.00","0.00","7.00","0.00","0.00","0.00","0.00","0.00","0.00","0.00"
"ECｱｸｾ","OHARI2","2","0","ＯＨＡＲＩ－２","青海波","プロパー","1","物流部倉庫","0","11.00","0.00","2.00","13.00","1500.00","19500","自社","2026/09","17.00","0.00","4.00","0.00","0.00","0.00","0.00","0.00","0.00","0.00"
"ECｱｸｾ","P3","BLK","0","Ｐ３","ﾌﾞﾗｯｸ","プロパー","1","物流部倉庫","0","3.00","0.00","0.00","3.00","160.00","480","自社","2026/09","3.00","0","0","0","0","0","0","0","0","0.00"
"ECｱｸｾ","P367","BLK","0","Ｐ３６７","ﾌﾞﾗｯｸ","プロパー","1","物流部倉庫","0","1.00","0.00","0.00","1.00","109.00","109","自社","2026/09","1.00","0","0","0","0","0","0","0","0","0.00"
"ECｱｸｾ","P370PU","BLK","0","Ｐ３７０ＰＵ","ﾌﾞﾗｯｸ","プロパー","1","物流部倉庫","0","12.00","0.00","0.00","12.00","112.00","1344","自社","2026/09","13.00","0.00","1.00","0.00","0.00","0.00","0.00","0.00","0.00","0.00"
"ECｱｸｾ","PENDORA","WHT","0","ＰＥＮＤＯＲＡ","ﾎﾜｲﾄ","プロパー","1","物流部倉庫","0","8.00","0.00","0.00","8.00","135.00","1080","自社","2026/09","3.00","0.00","5.00","10.00","0.00","0.00","0.00","0.00","0.00","0.00"
"一般SG","PH5011","1","0","ＰＨ５０１１","ﾌﾞﾗｯｸ","プロパー","1","物流部倉庫","0","1.00","0.00","0.00","1.00","585.75","586","自社","2026/09","1.00","0","0","0","0","0","0","0","0","0.00"
"一般SG","PH5011","2","0","ＰＨ５０１１","ﾌﾞﾗｯｸ","プロパー","1","物流部倉庫","0","1.00","0.00","0.00","1.00","575.85","576","自社","2026/09","1.00","0","0","0","0","0","0","0","0","0.00"
"一般SG","PH5012","1","0","ＰＨ５０１２","ﾌﾞﾗｯｸ","プロパー","1","物流部倉庫","0","1.00","0.00","254.00","255.00","404.25","103084","自社","2026/09","256.00","0.00","2.00","1.00","0.00","0.00","0.00","0.00","0.00","0.00"
"一般SG","PH5012","2","0","ＰＨ５０１２","ﾌﾞﾗｳﾝﾃﾞﾐ","プロパー","1","物流部倉庫","0","0.00","0.00","155.00","155.00","432.30","67007","自社","2026/09","168.00","0.00","12.00","0.00","1.00","0.00","0.00","0.00","0.00","0.00"
"一般SG","PH5099","1","0","ＰＨ５０９９","ﾌﾞﾗｯｸ","プロパー","1","物流部倉庫","0","0.00","1.00","294.00","295.00","623.70","183992","自社","2026/09","420.00","0.00","118.00","1.00","8.00","0.00","0.00","0.00","0.00","0.00"
"一般SG","PH5099","12","0","ＰＨ５０９９","ﾌﾞﾗｳﾝﾃﾞﾐ","プロパー","1","物流部倉庫","0","161.00","0.00","417.00","578.00","623.70","360499","自社","2026/09","644.00","0.00","60.00","2.00","8.00","0.00","0.00","0.00","0.00","0.00"
"一般SG","PH5099","1B","0","ＰＨ５０９９","ﾌﾞﾗｯｸ","プロパー","1","物流部倉庫","0","0.00","0.00","2.00","2.00","623.70","1247","自社","2026/09","2.00","0","0","0","0","0","0","0","0","0.00"
"一般SG","PH5099","2","0","ＰＨ５０９９","ﾌﾞﾗｯｸ","プロパー","1","物流部倉庫","0","207.00","0.00","267.00","474.00","623.70","295634","自社","2026/09","487.00","0.00","9.00","2.00","6.00","0.00","0.00","0.00","0.00","0.00"
"一般SG","PH5606","1","0","ＰＨ５６０６","ﾌﾞﾗｯｸ","プロパー","1","物流部倉庫","0","0.00","0.00","120.00","120.00","404.25","48510","自社","2026/09","136.00","0.00","14.00","1.00","3.00","0.00","0.00","0.00","0.00","0.00"
"一般SG","PH5606","11","0","ＰＨ５６０６","ｽﾓｰｸｸﾘｱ","プロパー","1","物流部倉庫","0","1.00","0.00","91.00","92.00","404.25","37191","自社","2026/09","94.00","0.00","1.00","1.00","2.00","0.00","0.00","0.00","0.00","0.00"
"一般SG","PH5606","12","0","ＰＨ５６０６","ﾌﾞﾗｳﾝｸﾘｱ","プロパー","1","物流部倉庫","0","0.00","0.00","71.00","71.00","404.25","28702","自社","2026/09","72.00","0.00","0.00","2.00","3.00","0.00","0.00","0.00","0.00","0.00"
"一般SG","PH5606","1B","0","ＰＨ５６０６","ﾌﾞﾗｳﾝﾃﾞﾐ","プロパー","1","物流部倉庫","0","7.00","0.00","0.00","7.00","404.25","2830","自社","2026/09","7.00","0","0","0","0","0","0","0","0","0.00"
"一般SG","PH5606","2","0","ＰＨ５６０６","ﾌﾞﾗｯｸ","プロパー","1","物流部倉庫","0","0.00","0.00","53.00","53.00","404.25","21425","自社","2026/09","70.00","0.00","0.00","0.00","17.00","0.00","0.00","0.00","0.00","0.00"
"一般SG","PH5606","3","0","ＰＨ５６０６","ﾌﾞﾗｯｸ","プロパー","1","物流部倉庫","0","64.00","0.00","0.00","64.00","404.25","25872","自社","2026/09","64.00","0","0","0","0","0","0","0","0","0.00"
"一般SG","PH5606K&P","1","0","ＰＨ５６０６Ｋ＆Ｐ","ｽﾓｰｸｸﾘｱ","OEM","1","物流部倉庫","0","10.00","0.00","0.00","10.00","392.70","3927","自社","2026/09","32.00","0.00","0.00","0.00","22.00","0.00","0.00","0.00","0.00","0.00"
"ECｱｸｾ","POLLINL","1","0","ＰＯＬＬＩＮ－Ｌ","ﾁｮｺ","プロパー","1","物流部倉庫","0","1.00","0.00","1.00","2.00","2340.00","4680","自社","2026/09","2.00","0","0","0","0","0","0","0","0","0.00"
"ECｱｸｾ","POLLINL","2","0","ＰＯＬＬＩＮ－Ｌ","ｸﾞﾘｰﾝ","プロパー","1","物流部倉庫","0","1.00","0.00","1.00","2.00","2340.00","4680","自社","2026/09","2.00","0","0","0","0","0","0","0","0","0.00"
"ECｱｸｾ","POLLINL","3","0","ＰＯＬＬＩＮ－Ｌ","ﾈｲﾋﾞｰ","プロパー","1","物流部倉庫","0","1.00","0.00","1.00","2.00","2340.00","4680","自社","2026/09","2.00","0","0","0","0","0","0","0","0","0.00"
"ECｱｸｾ","POLLINL","4","0","ＰＯＬＬＩＮ－Ｌ","ﾗｲﾄﾌﾞﾙｰ","プロパー","1","物流部倉庫","0","0.00","0.00","1.00","1.00","2340.00","2340","自社","2026/09","1.00","0","0","0","0","0","0","0","0","0.00"
"ECｱｸｾ","POLLINM","1M","0","ＰＯＬＬＩＮ－Ｍ","ﾁｮｺ","プロパー","1","物流部倉庫","0","0.00","0.00","1.00","1.00","2100.00","2100","自社","2026/09","1.00","0","0","0","0","0","0","0","0","0.00"
"ECｱｸｾ","POLLINM","2M","0","ＰＯＬＬＩＮ－Ｍ","ｸﾞﾘｰﾝ","プロパー","1","物流部倉庫","0","1.00","0.00","1.00","2.00","2100.00","4200","自社","2026/09","2.00","0","0","0","0","0","0","0","0","0.00"
"ECｱｸｾ","POLLINM","3M","0","ＰＯＬＬＩＮ－Ｍ","ﾈｲﾋﾞｰ","プロパー","1","物流部倉庫","0","0.00","0.00","1.00","1.00","2100.00","2100","自社","2026/09","1.00","0","0","0","0","0","0","0","0","0.00"
"ECｱｸｾ","POLLINM","4M","0","ＰＯＬＬＩＮ－Ｍ","ﾗｲﾄﾌﾞﾙｰ","プロパー","1","物流部倉庫","0","0.00","0.00","1.00","1.00","2100.00","2100","自社","2026/09","1.00","0","0","0","0","0","0","0","0","0.00"
"ECｱｸｾ","POLLINS","1","0","ＰＯＬＬＩＮ－Ｓ","ﾁｮｺ","プロパー","1","物流部倉庫","0","0.00","0.00","1.00","1.00","2100.00","2100","自社","2026/09","1.00","0","0","0","0","0","0","0","0","0.00"
"ECｱｸｾ","POLLINS","2","0","ＰＯＬＬＩＮ－Ｓ","ｸﾞﾘｰﾝ","プロパー","1","物流部倉庫","0","1.00","0.00","1.00","2.00","2100.00","4200","自社","2026/09","2.00","0","0","0","0","0","0","0","0","0.00"
"ECｱｸｾ","POLLINS","3","0","ＰＯＬＬＩＮ－Ｓ","ﾈｲﾋﾞｰ","プロパー","1","物流部倉庫","0","1.00","0.00","1.00","2.00","2100.00","4200","自社","2026/09","2.00","0","0","0","0","0","0","0","0","0.00"
"ECｱｸｾ","POLLINS","4","0","ＰＯＬＬＩＮ－Ｓ","ﾗｲﾄﾌﾞﾙｰ","プロパー","1","物流部倉庫","0","1.00","0.00","1.00","2.00","2100.00","4200","自社","2026/09","2.00","0","0","0","0","0","0","0","0","0.00"
"ﾙﾌﾚSG","RF001","1","0","ＲＦ－００１","ｶﾌｪﾌﾞﾗｳﾝｻｻ/ﾏｯﾄﾎﾜｲﾄｺﾞｰﾙﾄﾞ","プロパー","1","物流部倉庫","0","0.00","0.00","3.00","3.00","4075.50","12227","自社","2026/09","3.00","0","0","0","0","0","0","0","0","0.00"
"ﾙﾌﾚSG","RF001","2","0","ＲＦ－００１","ﾌﾞﾗｳﾝﾃﾞﾐ/ﾏｯﾄｺﾞｰﾙﾄﾞ","プロパー","1","物流部倉庫","0","103.00","0.00","25.00","128.00","4075.50","521664","自社","2026/09","128.00","0","0","0","0","0","0","0","0","0.00"
"ﾙﾌﾚSG","RF002","1","0","ＲＦ－００２","ﾗｲﾄｸﾞﾚｰ(ｽﾓｰｷｰﾜｲﾝ)","プロパー","1","物流部倉庫","0","0.00","0.00","2.00","2.00","4818.00","9636","自社","2026/09","2.00","0","0","0","0","0","0","0","0","0.00"
"ﾙﾌﾚSG","RF002","2","0","ＲＦ－００２","ｺﾞｰﾙﾄﾞ(ｸﾘｱﾌﾞﾗｳﾝ)","プロパー","1","物流部倉庫","0","61.00","0.00","28.00","89.00","4818.00","428802","自社","2026/09","90.00","0.00","1.00","0.00","0.00","0.00","0.00","0.00","0.00","0.00"
"ﾙﾌﾚSG","RF003","1","0","ＲＦ－００３","ｼﾙﾊﾞｰ","プロパー","1","物流部倉庫","0","0.00","0.00","11.00","11.00","3960.00","43560","自社","2026/09","11.00","0","0","0","0","0","0","0","0","0.00"
"ﾙﾌﾚSG","RF003","2","0","ＲＦ－００３","ｺﾞｰﾙﾄﾞ","プロパー","1","物流部倉庫","0","0.00","0.00","2.00","2.00","3960.00","7920","自社","2026/09","2.00","0","0","0","0","0","0","0","0","0.00"
"ﾙﾌﾚ老眼","RF01","1","10","ＲＦ０１","ﾌﾞﾗｳﾝﾃﾞﾐ/ｺﾞｰﾙﾄﾞﾏｯﾄ","プロパー","1","物流部倉庫","0","0.00","0.00","58.00","58.00","1014.75","58856","自社","2026/09","46.00","0.00","23.00","36.00","1.00","0.00","0.00","0.00","0.00","0.00"
"ﾙﾌﾚ老眼","RF01","1","15","ＲＦ０１","ﾌﾞﾗｳﾝﾃﾞﾐ/ｺﾞｰﾙﾄﾞﾏｯﾄ","プロパー","1","物流部倉庫","0","0.00","0.00","82.00","82.00","1014.75","83210","自社","2026/09","68.00","0.00","26.00","40.00","0.00","0.00","0.00","0.00","0.00","0.00"
"ﾙﾌﾚ老眼","RF01","1","20","ＲＦ０１","ﾌﾞﾗｳﾝﾃﾞﾐ/ｺﾞｰﾙﾄﾞﾏｯﾄ","プロパー","1","物流部倉庫","0","0.00","0.00","85.00","85.00","1014.75","86254","自社","2026/09","69.00","0.00","24.00","40.00","0.00","0.00","0.00","0.00","0.00","0.00"
"ﾙﾌﾚ老眼","RF01","1","25","ＲＦ０１","ﾌﾞﾗｳﾝﾃﾞﾐ/ｺﾞｰﾙﾄﾞﾏｯﾄ","プロパー","1","物流部倉庫","0","0.00","0.00","38.00","38.00","1014.75","38561","自社","2026/09","28.00","0.00","0.00","10.00","0.00","0.00","0.00","0.00","0.00","0.00"
"ﾙﾌﾚ老眼","RF01","2","10","ＲＦ０１","ｾﾋﾟｱｸﾞﾚｰｼﾞｭ/ｼﾙﾊﾞｰ","プロパー","1","物流部倉庫","0","0.00","0.00","63.00","63.00","1014.75","63929","自社","2026/09","48.00","0.00","0.00","16.00","1.00","0.00","0.00","0.00","0.00","0.00"
"ﾙﾌﾚ老眼","RF01","2","15","ＲＦ０１","ｾﾋﾟｱｸﾞﾚｰｼﾞｭ/ｼﾙﾊﾞｰ","プロパー","1","物流部倉庫","0","0.00","0.00","88.00","88.00","1014.75","89298","自社","2026/09","67.00","0.00","0.00","21.00","0.00","0.00","0.00","0.00","0.00","0.00"
"ﾙﾌﾚ老眼","RF01","2","20","ＲＦ０１","ｾﾋﾟｱｸﾞﾚｰｼﾞｭ/ｼﾙﾊﾞｰ","プロパー","1","物流部倉庫","0","0.00","0.00","78.00","78.00","1014.75","79151","自社","2026/09","65.00","0.00","1.00","14.00","0.00","0.00","0.00","0.00","0.00","0.00"
"ﾙﾌﾚ老眼","RF01","2","25","ＲＦ０１","ｾﾋﾟｱｸﾞﾚｰｼﾞｭ/ｼﾙﾊﾞｰ","プロパー","1","物流部倉庫","0","0.00","0.00","36.00","36.00","1014.75","36531","自社","2026/09","26.00","0.00","0.00","10.00","0.00","0.00","0.00","0.00","0.00","0.00"
"ﾙﾌﾚ老眼","RF01","3","10","ＲＦ０１","ｸﾘｱﾌﾞﾗｳﾝ/ｸﾘｱﾍﾞｰｼﾞｭ","プロパー","1","物流部倉庫","0","0.00","0.00","62.00","62.00","1014.75","62915","自社","2026/09","49.00","0.00","22.00","36.00","1.00","0.00","0.00","0.00","0.00","0.00"
"ﾙﾌﾚ老眼","RF01","3","15","ＲＦ０１","ｸﾘｱﾌﾞﾗｳﾝ/ｸﾘｱﾍﾞｰｼﾞｭ","プロパー","1","物流部倉庫","0","0.00","0.00","80.00","80.00","1014.75","81180","自社","2026/09","68.00","0.00","28.00","40.00","0.00","0.00","0.00","0.00","0.00","0.00"
"ﾙﾌﾚ老眼","RF01","3","20","ＲＦ０１","ｸﾘｱﾌﾞﾗｳﾝ/ｸﾘｱﾍﾞｰｼﾞｭ","プロパー","1","物流部倉庫","0","0.00","0.00","82.00","82.00","1014.75","83210","自社","2026/09","70.00","0.00","28.00","40.00","0.00","0.00","0.00","0.00","0.00","0.00"
"ﾙﾌﾚ老眼","RF01","3","25","ＲＦ０１","ｸﾘｱﾌﾞﾗｳﾝ/ｸﾘｱﾍﾞｰｼﾞｭ","プロパー","1","物流部倉庫","0","0.00","0.00","41.00","41.00","1014.75","41605","自社","2026/09","31.00","0.00","0.00","10.00","0.00","0.00","0.00","0.00","0.00","0.00"
"ﾙﾌﾚ老眼","RF02","1","10","ＲＦ０２","ﾁｬｺｰﾙｸﾞﾚｰ/ﾋﾟｭｱﾌﾞﾗｯｸ","プロパー","1","物流部倉庫","0","0.00","0.00","50.00","50.00","1188.00","59400","自社","2026/09","50.00","0","0","0","0","0","0","0","0","0.00"
"ﾙﾌﾚ老眼","RF02","1","15","ＲＦ０２","ﾁｬｺｰﾙｸﾞﾚｰ/ﾋﾟｭｱﾌﾞﾗｯｸ","プロパー","1","物流部倉庫","0","0.00","0.00","67.00","67.00","1188.00","79596","自社","2026/09","67.00","0","0","0","0","0","0","0","0","0.00"
"ﾙﾌﾚ老眼","RF02","1","20","ＲＦ０２","ﾁｬｺｰﾙｸﾞﾚｰ/ﾋﾟｭｱﾌﾞﾗｯｸ","プロパー","1","物流部倉庫","0","0.00","0.00","70.00","70.00","1188.00","83160","自社","2026/09","69.00","0.00","0.00","1.00","0.00","0.00","0.00","0.00","0.00","0.00"
"ﾙﾌﾚ老眼","RF02","1","25","ＲＦ０２","ﾁｬｺｰﾙｸﾞﾚｰ/ﾋﾟｭｱﾌﾞﾗｯｸ","プロパー","1","物流部倉庫","0","0.00","0.00","31.00","31.00","1188.00","36828","自社","2026/09","31.00","0","0","0","0","0","0","0","0","0.00"
"ﾙﾌﾚ老眼","RF02","2","10","ＲＦ０２","ｸﾘｱｼｮｺﾗ/ｱｲﾎﾞﾘｰ","プロパー","1","物流部倉庫","0","0.00","0.00","50.00","50.00","1188.00","59400","自社","2026/09","50.00","0","0","0","0","0","0","0","0","0.00"
"ﾙﾌﾚ老眼","RF02","2","15","ＲＦ０２","ｸﾘｱｼｮｺﾗ/ｱｲﾎﾞﾘｰ","プロパー","1","物流部倉庫","0","0.00","0.00","71.00","71.00","1188.00","84348","自社","2026/09","71.00","0","0","0","0","0","0","0","0","0.00"
"ﾙﾌﾚ老眼","RF02","2","20","ＲＦ０２","ｸﾘｱｼｮｺﾗ/ｱｲﾎﾞﾘｰ","プロパー","1","物流部倉庫","0","0.00","0.00","70.00","70.00","1188.00","83160","自社","2026/09","70.00","0","0","0","0","0","0","0","0","0.00"
"ﾙﾌﾚ老眼","RF02","2","25","ＲＦ０２","ｸﾘｱｼｮｺﾗ/ｱｲﾎﾞﾘｰ","プロパー","1","物流部倉庫","0","0.00","0.00","28.00","28.00","1188.00","33264","自社","2026/09","27.00","0.00","0.00","1.00","0.00","0.00","0.00","0.00","0.00","0.00"
"ﾙﾌﾚ老眼","RF02","3","10","ＲＦ０２","ｾﾋﾟｱｸﾞﾚｰｼﾞｭ/ｽﾓｰｸｸﾞﾚｰ","プロパー","1","物流部倉庫","0","0.00","0.00","45.00","45.00","1188.00","53460","自社","2026/09","45.00","0.00","0.00","1.00","1.00","0.00","0.00","0.00","0.00","0.00"
"ﾙﾌﾚ老眼","RF02","3","15","ＲＦ０２","ｾﾋﾟｱｸﾞﾚｰｼﾞｭ/ｽﾓｰｸｸﾞﾚｰ","プロパー","1","物流部倉庫","0","0.00","0.00","69.00","69.00","1188.00","81972","自社","2026/09","69.00","0","0","0","0","0","0","0","0","0.00"
"ﾙﾌﾚ老眼","RF02","3","20","ＲＦ０２","ｾﾋﾟｱｸﾞﾚｰｼﾞｭ/ｽﾓｰｸｸﾞﾚｰ","プロパー","1","物流部倉庫","0","0.00","0.00","68.00","68.00","1188.00","80784","自社","2026/09","69.00","0.00","1.00","0.00","0.00","0.00","0.00","0.00","0.00","0.00"
"ﾙﾌﾚ老眼","RF02","3","25","ＲＦ０２","ｾﾋﾟｱｸﾞﾚｰｼﾞｭ/ｽﾓｰｸｸﾞﾚｰ","プロパー","1","物流部倉庫","0","0.00","0.00","23.00","23.00","1188.00","27324","自社","2026/09","23.00","0","0","0","0","0","0","0","0","0.00"
"ﾙﾌﾚ老眼","RF03","1","10","ＲＦ０３","ｸﾘｱｵﾘｰﾌﾞ/ｺﾞｰﾙﾄﾞ","プロパー","1","物流部倉庫","0","0.00","0.00","63.00","63.00","1260.60","79418","自社","2026/09","47.00","0.00","0.00","16.00","0.00","0.00","0.00","0.00","0.00","0.00"
"ﾙﾌﾚ老眼","RF03","1","15","ＲＦ０３","ｸﾘｱｵﾘｰﾌﾞ/ｺﾞｰﾙﾄﾞ","プロパー","1","物流部倉庫","0","0.00","0.00","86.00","86.00","1260.60","108412","自社","2026/09","66.00","0.00","0.00","20.00","0.00","0.00","0.00","0.00","0.00","0.00"
"ﾙﾌﾚ老眼","RF03","1","20","ＲＦ０３","ｸﾘｱｵﾘｰﾌﾞ/ｺﾞｰﾙﾄﾞ","プロパー","1","物流部倉庫","0","0.00","0.00","82.00","82.00","1260.60","103369","自社","2026/09","68.00","0.00","0.00","15.00","1.00","0.00","0.00","0.00","0.00","0.00"
"ﾙﾌﾚ老眼","RF03","1","25","ＲＦ０３","ｸﾘｱｵﾘｰﾌﾞ/ｺﾞｰﾙﾄﾞ","プロパー","1","物流部倉庫","0","0.00","0.00","36.00","36.00","1260.60","45382","自社","2026/09","26.00","0.00","0.00","10.00","0.00","0.00","0.00","0.00","0.00","0.00"
"ﾙﾌﾚ老眼","RF03","2","10","ＲＦ０３","ｾﾋﾟｱｸﾞﾚｰｼﾞｭ/ｼﾙﾊﾞｰ","プロパー","1","物流部倉庫","0","0.00","0.00","55.00","55.00","1260.60","69333","自社","2026/09","50.00","0.00","30.00","35.00","0.00","0.00","0.00","0.00","0.00","0.00"
"ﾙﾌﾚ老眼","RF03","2","15","ＲＦ０３","ｾﾋﾟｱｸﾞﾚｰｼﾞｭ/ｼﾙﾊﾞｰ","プロパー","1","物流部倉庫","0","0.00","0.00","75.00","75.00","1260.60","94545","自社","2026/09","68.00","0.00","33.00","41.00","1.00","0.00","0.00","0.00","0.00","0.00"
"ﾙﾌﾚ老眼","RF03","2","20","ＲＦ０３","ｾﾋﾟｱｸﾞﾚｰｼﾞｭ/ｼﾙﾊﾞｰ","プロパー","1","物流部倉庫","0","0.00","0.00","76.00","76.00","1260.60","95806","自社","2026/09","70.00","0.00","34.00","40.00","0.00","0.00","0.00","0.00","0.00","0.00"
"ﾙﾌﾚ老眼","RF03","2","25","ＲＦ０３","ｾﾋﾟｱｸﾞﾚｰｼﾞｭ/ｼﾙﾊﾞｰ","プロパー","1","物流部倉庫","0","0.00","0.00","41.00","41.00","1260.60","51685","自社","2026/09","31.00","0.00","0.00","10.00","0.00","0.00","0.00","0.00","0.00","0.00"
"ﾙﾌﾚ老眼","RF03","3","10","ＲＦ０３","ｽﾓｰｸｸﾘｱﾏｯﾄ/ｼﾙﾊﾞｰﾏｯﾄ","プロパー","1","物流部倉庫","0","0.00","0.00","62.00","62.00","1260.60","78157","自社","2026/09","52.00","0.00","24.00","35.00","1.00","0.00","0.00","0.00","0.00","0.00"
"ﾙﾌﾚ老眼","RF03","3","15","ＲＦ０３","ｽﾓｰｸｸﾘｱﾏｯﾄ/ｼﾙﾊﾞｰﾏｯﾄ","プロパー","1","物流部倉庫","0","1.00","0.00","80.00","81.00","1260.60","102109","自社","2026/09","70.00","0.00","29.00","40.00","0.00","0.00","0.00","0.00","0.00","0.00"
"ﾙﾌﾚ老眼","RF03","3","20","ＲＦ０３","ｽﾓｰｸｸﾘｱﾏｯﾄ/ｼﾙﾊﾞｰﾏｯﾄ","プロパー","1","物流部倉庫","0","0.00","0.00","80.00","80.00","1260.60","100848","自社","2026/09","68.00","0.00","28.00","40.00","0.00","0.00","0.00","0.00","0.00","0.00"
"ﾙﾌﾚ老眼","RF03","3","25","ＲＦ０３","ｽﾓｰｸｸﾘｱﾏｯﾄ/ｼﾙﾊﾞｰﾏｯﾄ","プロパー","1","物流部倉庫","0","0.00","0.00","37.00","37.00","1260.60","46642","自社","2026/09","28.00","0.00","0.00","9.00","0.00","0.00","0.00","0.00","0.00","0.00"
"SHIORI(しおり)老眼","SI01SA","1A","15","ＳＩ－０１ＳＡ","ﾌﾞﾗｯｸ","OEM","1","物流部倉庫","0","0.00","0.00","94.00","94.00","836.55","78636","自社","2026/09","110.00","0.00","4.00","0.00","12.00","0.00","0.00","0.00","0.00","0.00"
"SHIORI(しおり)老眼","SI01SA","1A","20","ＳＩ－０１ＳＡ","ﾌﾞﾗｯｸ","OEM","1","物流部倉庫","0","0.00","0.00","110.00","110.00","836.55","92021","自社","2026/09","127.00","0.00","5.00","0.00","12.00","0.00","0.00","0.00","0.00","0.00"
"SHIORI(しおり)老眼","SI01SA","1A","25","ＳＩ－０１ＳＡ","ﾌﾞﾗｯｸ","OEM","1","物流部倉庫","0","0.00","0.00","7.00","7.00","836.55","5856","自社","2026/09","8.00","0.00","1.00","0.00","0.00","0.00","0.00","0.00","0.00","0.00"
"SHIORI(しおり)老眼","SI01SA","1A","30","ＳＩ－０１ＳＡ","ﾌﾞﾗｯｸ","OEM","1","物流部倉庫","0","0.00","0.00","11.00","11.00","836.55","9202","自社","2026/09","11.00","0","0","0","0","0","0","0","0","0.00"
"SHIORI(しおり)老眼","SI01SA","2A","15","ＳＩ－０１ＳＡ","ﾜｲﾝ","OEM","1","物流部倉庫","0","0.00","0.00","33.00","33.00","836.55","27606","自社","2026/09","47.00","0.00","0.00","0.00","14.00","0.00","0.00","0.00","0.00","0.00"
"SHIORI(しおり)老眼","SI01SA","2A","20","ＳＩ－０１ＳＡ","ﾜｲﾝ","OEM","1","物流部倉庫","0","0.00","0.00","23.00","23.00","836.55","19241","自社","2026/09","43.00","0.00","1.00","0.00","19.00","0.00","0.00","0.00","0.00","0.00"
"SHIORI(しおり)老眼","SI01SA","2A","25","ＳＩ－０１ＳＡ","ﾜｲﾝ","OEM","1","物流部倉庫","0","0.00","0.00","1.00","1.00","836.55","837","自社","2026/09","1.00","0","0","0","0","0","0","0","0","0.00"
"SHIORI(しおり)老眼","SI01SA","2A","30","ＳＩ－０１ＳＡ","ﾜｲﾝ","OEM","1","物流部倉庫","0","0.00","0.00","5.00","5.00","836.55","4183","自社","2026/09","6.00","0.00","1.00","0.00","0.00","0.00","0.00","0.00","0.00","0.00"
"SHIORI(しおり)老眼","SI01SA","3A","15","ＳＩ－０１ＳＡ","ﾋﾟﾝｸ","OEM","1","物流部倉庫","0","0.00","0.00","65.00","65.00","836.55","54376","自社","2026/09","71.00","0.00","0.00","0.00","6.00","0.00","0.00","0.00","0.00","0.00"
"SHIORI(しおり)老眼","SI01SA","3A","20","ＳＩ－０１ＳＡ","ﾋﾟﾝｸ","OEM","1","物流部倉庫","0","0.00","0.00","11.00","11.00","836.55","9202","自社","2026/09","13.00","0.00","2.00","0.00","0.00","0.00","0.00","0.00","0.00","0.00"
"SHIORI(しおり)老眼","SI01SA","3A","25","ＳＩ－０１ＳＡ","ﾋﾟﾝｸ","OEM","1","物流部倉庫","0","0.00","0.00","4.00","4.00","836.55","3346","自社","2026/09","4.00","0","0","0","0","0","0","0","0","0.00"
"SHIORI(しおり)老眼","SI01SA","3A","30","ＳＩ－０１ＳＡ","ﾋﾟﾝｸ","OEM","1","物流部倉庫","0","0.00","0.00","2.00","2.00","836.55","1673","自社","2026/09","3.00","0.00","1.00","0.00","0.00","0.00","0.00","0.00","0.00","0.00"
"SHIORI(しおり)老眼","SI01SA","4","30","ＳＩ－０１ＳＡ","ﾌﾞﾙｰ","プロパー","1","物流部倉庫","0","1.00","0.00","0.00","1.00","821.70","822","自社","2026/09","1.00","0","0","0","0","0","0","0","0","0.00"
"SHIORI(しおり)老眼","SI02SA","1","30","ＳＩ－０２ＳＡ","ｶﾞﾝﾒﾀﾙﾏｯﾄ","プロパー","1","物流部倉庫","0","0.00","0.00","3.00","3.00","817.55","2453","自社","2026/09","3.00","0","0","0","0","0","0","0","0","0.00"
"SHIORI(しおり)老眼","SI02SA","3","25","ＳＩ－０２ＳＡ","ｼﾙﾊﾞｰ","プロパー","1","物流部倉庫","0","0.00","0.00","1.00","1.00","817.55","818","自社","2026/09","1.00","0","0","0","0","0","0","0","0","0.00"
"SHIORI(しおり)老眼","SI02SA","3","30","ＳＩ－０２ＳＡ","ｼﾙﾊﾞｰ","プロパー","1","物流部倉庫","0","0.00","0.00","7.00","7.00","817.55","5723","自社","2026/09","8.00","0.00","1.00","0.00","0.00","0.00","0.00","0.00","0.00","0.00"
"SHIORI(しおり)老眼","SI03","1","15","ＳＩ－０３","ｼﾙﾊﾞｰ","プロパー","1","物流部倉庫","0","1.00","0.00","0.00","1.00","1042.80","1043","自社","2026/09","1.00","0.00","1.00","1.00","0.00","0.00","0.00","0.00","0.00","0.00"
"SHIORI(しおり)老眼","SI03","1","20","ＳＩ－０３","ｼﾙﾊﾞｰ","プロパー","1","物流部倉庫","0","1.00","0.00","0.00","1.00","1042.80","1043","自社","2026/09","0.00","0.00","0.00","1.00","0.00","0.00","0.00","0.00","0.00","0.00"
"SHIORI(しおり)老眼","SI03","1","25","ＳＩ－０３","ｼﾙﾊﾞｰ","プロパー","1","物流部倉庫","0","2.00","0.00","0.00","2.00","1042.80","2086","自社","2026/09","0.00","0.00","0.00","2.00","0.00","0.00","0.00","0.00","0.00","0.00"
"SHIORI(しおり)老眼","SI03","1","30","ＳＩ－０３","ｼﾙﾊﾞｰ","プロパー","1","物流部倉庫","0","0.00","0.00","10.00","10.00","1042.80","10428","自社","2026/09","15.00","0.00","5.00","0.00","0.00","0.00","0.00","0.00","0.00","0.00"
"SHIORI(しおり)老眼","SI03","2","25","ＳＩ－０３","ﾗｲﾄｺﾞｰﾙﾄﾞ","プロパー","1","物流部倉庫","0","2.00","0.00","0.00","2.00","993.30","1987","自社","2026/09","0.00","0.00","0.00","2.00","0.00","0.00","0.00","0.00","0.00","0.00"
"SHIORI(しおり)老眼","SI03","2","30","ＳＩ－０３","ﾗｲﾄｺﾞｰﾙﾄﾞ","プロパー","1","物流部倉庫","0","0.00","0.00","3.00","3.00","993.30","2980","自社","2026/09","20.00","0.00","17.00","0.00","0.00","0.00","0.00","0.00","0.00","0.00"
"SHIORI(しおり)老眼","SI03","3","10","ＳＩ－０３","ﾜｲﾝ","プロパー","1","物流部倉庫","0","0.00","0.00","2.00","2.00","993.30","1987","自社","2026/09","12.00","0.00","9.00","0.00","1.00","0.00","0.00","0.00","0.00","0.00"
"SHIORI(しおり)老眼","SI03","3","15","ＳＩ－０３","ﾜｲﾝ","プロパー","1","物流部倉庫","0","2.00","0.00","1.00","3.00","993.30","2980","自社","2026/09","14.00","0.00","13.00","2.00","0.00","0.00","0.00","0.00","0.00","0.00"
"SHIORI(しおり)老眼","SI03","3","20","ＳＩ－０３","ﾜｲﾝ","プロパー","1","物流部倉庫","0","2.00","0.00","0.00","2.00","993.30","1987","自社","2026/09","0.00","0.00","0.00","2.00","0.00","0.00","0.00","0.00","0.00","0.00"
"SHIORI(しおり)老眼","SI03","3","25","ＳＩ－０３","ﾜｲﾝ","プロパー","1","物流部倉庫","0","1.00","0.00","0.00","1.00","993.30","993","自社","2026/09","1.00","0.00","1.00","1.00","0.00","0.00","0.00","0.00","0.00","0.00"
"SHIORI(しおり)老眼","SI07A","1","15","ＳＩ－０７Ａ","ｼﾙﾊﾞｰﾏｯﾄ","プロパー","1","物流部倉庫","0","1.00","0.00","43.00","44.00","1113.75","49005","自社","2026/09","61.00","0.00","7.00","0.00","10.00","0.00","0.00","0.00","0.00","0.00"
"SHIORI(しおり)老眼","SI07A","1","20","ＳＩ－０７Ａ","ｼﾙﾊﾞｰﾏｯﾄ","プロパー","1","物流部倉庫","0","0.00","0.00","42.00","42.00","1113.75","46778","自社","2026/09","57.00","0.00","5.00","0.00","10.00","0.00","0.00","0.00","0.00","0.00"
"SHIORI(しおり)老眼","SI07A","1","25","ＳＩ－０７Ａ","ｼﾙﾊﾞｰﾏｯﾄ","プロパー","1","物流部倉庫","0","0.00","0.00","29.00","29.00","1113.75","32299","自社","2026/09","34.00","0.00","0.00","0.00","5.00","0.00","0.00","0.00","0.00","0.00"
"SHIORI(しおり)老眼","SI07A","1","30","ＳＩ－０７Ａ","ｼﾙﾊﾞｰﾏｯﾄ","プロパー","1","物流部倉庫","0","0.00","0.00","75.00","75.00","1113.75","83531","自社","2026/09","76.00","0.00","1.00","0.00","0.00","0.00","0.00","0.00","0.00","0.00"
"SHIORI(しおり)老眼","SI07A","2","15","ＳＩ－０７Ａ","ｺﾞｰﾙﾄﾞﾏｯﾄ","プロパー","1","物流部倉庫","0","0.00","0.00","51.00","51.00","1113.75","56801","自社","2026/09","60.00","0.00","1.00","0.00","8.00","0.00","0.00","0.00","0.00","0.00"
"SHIORI(しおり)老眼","SI07A","2","20","ＳＩ－０７Ａ","ｺﾞｰﾙﾄﾞﾏｯﾄ","プロパー","1","物流部倉庫","0","0.00","0.00","44.00","44.00","1113.75","49005","自社","2026/09","57.00","0.00","1.00","0.00","12.00","0.00","0.00","0.00","0.00","0.00"
"SHIORI(しおり)老眼","SI07A","2","25","ＳＩ－０７Ａ","ｺﾞｰﾙﾄﾞﾏｯﾄ","プロパー","1","物流部倉庫","0","0.00","0.00","108.00","108.00","1113.75","120285","自社","2026/09","109.00","0.00","1.00","0.00","0.00","0.00","0.00","0.00","0.00","0.00"
"SHIORI(しおり)老眼","SI07A","2","30","ＳＩ－０７Ａ","ｺﾞｰﾙﾄﾞﾏｯﾄ","プロパー","1","物流部倉庫","0","0.00","0.00","40.00","40.00","1113.75","44550","自社","2026/09","42.00","0.00","0.00","0.00","2.00","0.00","0.00","0.00","0.00","0.00"
"SHIORI(しおり)老眼","SI08","1","15","ＳＩ－０８","ｱﾝﾃｨｰｸｼﾙﾊﾞｰ","プロパー","1","物流部倉庫","0","1.00","0.00","73.00","74.00","1102.20","81563","自社","2026/09","78.00","0.00","0.00","1.00","5.00","0.00","0.00","0.00","0.00","0.00"
"SHIORI(しおり)老眼","SI08","1","20","ＳＩ－０８","ｱﾝﾃｨｰｸｼﾙﾊﾞｰ","プロパー","1","物流部倉庫","0","0.00","0.00","10.00","10.00","1102.20","11022","自社","2026/09","14.00","0.00","0.00","0.00","4.00","0.00","0.00","0.00","0.00","0.00"
"SHIORI(しおり)老眼","SI08","1","25","ＳＩ－０８","ｱﾝﾃｨｰｸｼﾙﾊﾞｰ","プロパー","1","物流部倉庫","0","0.00","0.00","46.00","46.00","1102.20","50701","自社","2026/09","51.00","0.00","0.00","0.00","5.00","0.00","0.00","0.00","0.00","0.00"
"SHIORI(しおり)老眼","SI08","1","30","ＳＩ－０８","ｱﾝﾃｨｰｸｼﾙﾊﾞｰ","プロパー","1","物流部倉庫","0","0.00","0.00","10.00","10.00","1074.15","10742","自社","2026/09","10.00","0","0","0","0","0","0","0","0","0.00"
"SHIORI(しおり)老眼","SI08","2","15","ＳＩ－０８","ﾃﾞﾐ転写","プロパー","1","物流部倉庫","0","0.00","0.00","36.00","36.00","1102.20","39679","自社","2026/09","51.00","0.00","7.00","0.00","8.00","0.00","0.00","0.00","0.00","0.00"
"SHIORI(しおり)老眼","SI08","2","20","ＳＩ－０８","ﾃﾞﾐ転写","プロパー","1","物流部倉庫","0","2.00","0.00","40.00","42.00","1102.20","46292","自社","2026/09","48.00","0.00","0.00","2.00","8.00","0.00","0.00","0.00","0.00","0.00"
"SHIORI(しおり)老眼","SI08","2","30","ＳＩ－０８","ﾃﾞﾐ転写","プロパー","1","物流部倉庫","0","0.00","0.00","7.00","7.00","1074.15","7519","自社","2026/09","7.00","0","0","0","0","0","0","0","0","0.00"
"SHIORI(しおり)老眼","SI08","3","15","ＳＩ－０８","ﾌﾞﾗｯｸ七宝","プロパー","1","物流部倉庫","0","0.00","0.00","22.00","22.00","1102.20","24248","自社","2026/09","28.00","0.00","1.00","0.00","5.00","0.00","0.00","0.00","0.00","0.00"
"SHIORI(しおり)老眼","SI08","3","20","ＳＩ－０８","ﾌﾞﾗｯｸ七宝","プロパー","1","物流部倉庫","0","0.00","0.00","47.00","47.00","1102.20","51803","自社","2026/09","55.00","0.00","0.00","0.00","8.00","0.00","0.00","0.00","0.00","0.00"
"SHIORI(しおり)老眼","SI08","3","25","ＳＩ－０８","ﾌﾞﾗｯｸ七宝","プロパー","1","物流部倉庫","0","0.00","0.00","9.00","9.00","1102.20","9920","自社","2026/09","10.00","0.00","0.00","0.00","1.00","0.00","0.00","0.00","0.00","0.00"
"SHIORI(しおり)老眼","SI08R","1","15","ＳＩ－０８Ｒ","ｱﾝﾃｨｰｸｼﾙﾊﾞｰ","プロパー","1","物流部倉庫","0","0.00","0.00","14.00","14.00","1643.40","23008","自社","2026/09","18.00","0.00","0.00","0.00","4.00","0.00","0.00","0.00","0.00","0.00"
"SHIORI(しおり)老眼","SI08R","1","20","ＳＩ－０８Ｒ","ｱﾝﾃｨｰｸｼﾙﾊﾞｰ","プロパー","1","物流部倉庫","0","0.00","0.00","13.00","13.00","1643.40","21364","自社","2026/09","19.00","0.00","0.00","0.00","6.00","0.00","0.00","0.00","0.00","0.00"
"SHIORI(しおり)老眼","SI08R","1","25","ＳＩ－０８Ｒ","ｱﾝﾃｨｰｸｼﾙﾊﾞｰ","プロパー","1","物流部倉庫","0","0.00","0.00","7.00","7.00","1643.40","11504","自社","2026/09","11.00","0.00","1.00","0.00","3.00","0.00","0.00","0.00","0.00","0.00"
"SHIORI(しおり)老眼","SI08R","2","15","ＳＩ－０８Ｒ","ﾃﾞﾐ転写","プロパー","1","物流部倉庫","0","0.00","0.00","59.00","59.00","1643.40","96961","自社","2026/09","67.00","0.00","0.00","0.00","8.00","0.00","0.00","0.00","0.00","0.00"
"SHIORI(しおり)老眼","SI08R","2","20","ＳＩ－０８Ｒ","ﾃﾞﾐ転写","プロパー","1","物流部倉庫","0","0.00","0.00","48.00","48.00","1643.40","78883","自社","2026/09","53.00","0.00","0.00","0.00","5.00","0.00","0.00","0.00","0.00","0.00"
"SHIORI(しおり)老眼","SI08R","2","25","ＳＩ－０８Ｒ","ﾃﾞﾐ転写","プロパー","1","物流部倉庫","0","0.00","0.00","38.00","38.00","1643.40","62449","自社","2026/09","44.00","0.00","0.00","0.00","6.00","0.00","0.00","0.00","0.00","0.00"
"SHIORI(しおり)老眼","SI08R","3","15","ＳＩ－０８Ｒ","ﾌﾞﾗｯｸ七宝","プロパー","1","物流部倉庫","0","6.00","0.00","13.00","19.00","1643.40","31225","自社","2026/09","19.00","0","0","0","0","0","0","0","0","0.00"
"SHIORI(しおり)老眼","SI08R","3","20","ＳＩ－０８Ｒ","ﾌﾞﾗｯｸ七宝","プロパー","1","物流部倉庫","0","9.00","0.00","39.00","48.00","1643.40","78883","自社","2026/09","49.00","0.00","1.00","0.00","0.00","0.00","0.00","0.00","0.00","0.00"
"SHIORI(しおり)老眼","SI08R","3","25","ＳＩ－０８Ｒ","ﾌﾞﾗｯｸ七宝","プロパー","1","物流部倉庫","0","4.00","0.00","18.00","22.00","1643.40","36155","自社","2026/09","27.00","0.00","0.00","0.00","5.00","0.00","0.00","0.00","0.00","0.00"
"SHIORI(しおり)老眼","SI09","1","15","ＳＩ－０９","ｼﾙﾊﾞｰ","プロパー","1","物流部倉庫","0","0.00","0.00","10.00","10.00","886.05","8861","自社","2026/09","37.00","0.00","12.00","1.00","16.00","0.00","0.00","0.00","0.00","0.00"
"SHIORI(しおり)老眼","SI09","1","20","ＳＩ－０９","ｼﾙﾊﾞｰ","プロパー","1","物流部倉庫","0","0.00","0.00","11.00","11.00","858.00","9438","自社","2026/09","11.00","0","0","0","0","0","0","0","0","0.00"
"SHIORI(しおり)老眼","SI09","1","30","ＳＩ－０９","ｼﾙﾊﾞｰ","プロパー","1","物流部倉庫","0","0.00","0.00","25.00","25.00","858.00","21450","自社","2026/09","25.00","0","0","0","0","0","0","0","0","0.00"
"SHIORI(しおり)老眼","SI09","2","15","ＳＩ－０９","ﾍｱﾗｲﾝﾌﾞﾗｳﾝ","プロパー","1","物流部倉庫","0","0.00","2.00","39.00","41.00","886.05","36328","自社","2026/09","72.00","0.00","21.00","0.00","10.00","0.00","0.00","0.00","0.00","0.00"
"SHIORI(しおり)老眼","SI09","2","20","ＳＩ－０９","ﾍｱﾗｲﾝﾌﾞﾗｳﾝ","プロパー","1","物流部倉庫","0","0.00","1.00","28.00","29.00","886.05","25695","自社","2026/09","29.00","0.00","0.00","1.00","1.00","0.00","0.00","0.00","0.00","0.00"
"SHIORI(しおり)老眼","SI09","2","25","ＳＩ－０９","ﾍｱﾗｲﾝﾌﾞﾗｳﾝ","プロパー","1","物流部倉庫","0","2.00","0.00","18.00","20.00","886.05","17721","自社","2026/09","18.00","0.00","0.00","2.00","0.00","0.00","0.00","0.00","0.00","0.00"
"SHIORI(しおり)老眼","SI09","2","30","ＳＩ－０９","ﾍｱﾗｲﾝﾌﾞﾗｳﾝ","プロパー","1","物流部倉庫","0","0.00","0.00","14.00","14.00","858.00","12012","自社","2026/09","16.00","0.00","2.00","0.00","0.00","0.00","0.00","0.00","0.00","0.00"
"SHIORI(しおり)老眼","SI09","3","15","ＳＩ－０９","ﾌﾞﾗｳﾝﾃﾞﾐ","プロパー","1","物流部倉庫","0","0.00","0.00","45.00","45.00","966.90","43511","自社","2026/09","72.00","0.00","17.00","0.00","10.00","0.00","0.00","0.00","0.00","0.00"
"SHIORI(しおり)老眼","SI09","3","20","ＳＩ－０９","ﾌﾞﾗｳﾝﾃﾞﾐ","プロパー","1","物流部倉庫","0","2.00","0.00","59.00","61.00","966.90","58981","自社","2026/09","82.00","0.00","3.00","2.00","20.00","0.00","0.00","0.00","0.00","0.00"
"SHIORI(しおり)老眼","SI09","3","25","ＳＩ－０９","ﾌﾞﾗｳﾝﾃﾞﾐ","プロパー","1","物流部倉庫","0","1.00","0.00","59.00","60.00","966.90","58014","自社","2026/09","69.00","0.00","0.00","3.00","12.00","0.00","0.00","0.00","0.00","0.00"
"SHIORI(しおり)老眼","SI09","3","30","ＳＩ－０９","ﾌﾞﾗｳﾝﾃﾞﾐ","プロパー","1","物流部倉庫","0","0.00","0.00","10.00","10.00","938.85","9389","自社","2026/09","10.00","0","0","0","0","0","0","0","0","0.00"
"SHIORI(しおり)老眼","SI10","1","15","ＳＩ－１０","ﾋﾟﾝｸﾏｯﾄ","プロパー","1","物流部倉庫","0","3.00","0.00","159.00","162.00","1349.70","218651","自社","2026/09","102.00","0.00","5.00","74.00","9.00","0.00","0.00","0.00","0.00","0.00"
"SHIORI(しおり)老眼","SI10","1","20","ＳＩ－１０","ﾋﾟﾝｸﾏｯﾄ","プロパー","1","物流部倉庫","0","3.00","0.00","104.00","107.00","1349.70","144418","自社","2026/09","55.00","0.00","14.00","73.00","7.00","0.00","0.00","0.00","0.00","0.00"
"SHIORI(しおり)老眼","SI10","1","25","ＳＩ－１０","ﾋﾟﾝｸﾏｯﾄ","プロパー","1","物流部倉庫","0","2.00","0.00","105.00","107.00","1349.70","144418","自社","2026/09","47.00","0.00","8.00","82.00","14.00","0.00","0.00","0.00","0.00","0.00"
"SHIORI(しおり)老眼","SI10","1","30","ＳＩ－１０","ﾋﾟﾝｸﾏｯﾄ","プロパー","1","物流部倉庫","0","2.00","0.00","107.00","109.00","1349.70","147117","自社","2026/09","42.00","0.00","6.00","80.00","7.00","0.00","0.00","0.00","0.00","0.00"
"SHIORI(しおり)老眼","SI10","2","20","ＳＩ－１０","ﾏﾛﾝﾏｯﾄ","プロパー","1","物流部倉庫","0","4.00","2.00","28.00","34.00","1161.60","39494","自社","2026/09","49.00","0.00","5.00","6.00","16.00","0.00","0.00","0.00","0.00","0.00"
"SHIORI(しおり)老眼","SI10","2","25","ＳＩ－１０","ﾏﾛﾝﾏｯﾄ","プロパー","1","物流部倉庫","0","6.00","1.00","18.00","25.00","1161.60","29040","自社","2026/09","35.00","0.00","1.00","0.00","9.00","0.00","0.00","0.00","0.00","0.00"
"SHIORI(しおり)老眼","SI10","2","30","ＳＩ－１０","ﾏﾛﾝﾏｯﾄ","プロパー","1","物流部倉庫","0","0.00","0.00","11.00","11.00","1161.60","12778","自社","2026/09","11.00","0","0","0","0","0","0","0","0","0.00"
"SHIORI(しおり)老眼","SI10","3","15","ＳＩ－１０","ｱｯﾌﾟﾙｸﾞﾘｰﾝﾏｯﾄ","プロパー","1","物流部倉庫","0","2.00","0.00","47.00","49.00","1349.70","66135","自社","2026/09","57.00","0.00","1.00","2.00","9.00","0.00","0.00","0.00","0.00","0.00"
"SHIORI(しおり)老眼","SI10","3","20","ＳＩ－１０","ｱｯﾌﾟﾙｸﾞﾘｰﾝﾏｯﾄ","プロパー","1","物流部倉庫","0","1.00","0.00","45.00","46.00","1349.70","62086","自社","2026/09","54.00","0.00","5.00","1.00","4.00","0.00","0.00","0.00","0.00","0.00"
"SHIORI(しおり)老眼","SI10","3","25","ＳＩ－１０","ｱｯﾌﾟﾙｸﾞﾘｰﾝﾏｯﾄ","プロパー","1","物流部倉庫","0","10.00","0.00","47.00","57.00","1349.70","76933","自社","2026/09","60.00","0.00","0.00","3.00","6.00","0.00","0.00","0.00","0.00","0.00"
"SHIORI(しおり)老眼","SI10","3","30","ＳＩ－１０","ｱｯﾌﾟﾙｸﾞﾘｰﾝﾏｯﾄ","プロパー","1","物流部倉庫","0","0.00","0.00","40.00","40.00","1349.70","53988","自社","2026/09","42.00","0.00","2.00","0.00","0.00","0.00","0.00","0.00","0.00","0.00"
"SHIORI(しおり)老眼","SI10","4","15","ＳＩ－１０","ﾜｲﾝ","プロパー","1","物流部倉庫","0","1.00","0.00","91.00","92.00","1161.60","106867","自社","2026/09","104.00","0.00","6.00","1.00","7.00","0.00","0.00","0.00","0.00","0.00"
"SHIORI(しおり)老眼","SI10","4","20","ＳＩ－１０","ﾜｲﾝ","プロパー","1","物流部倉庫","0","0.00","0.00","37.00","37.00","1161.60","42979","自社","2026/09","44.00","0.00","5.00","0.00","2.00","0.00","0.00","0.00","0.00","0.00"
"SHIORI(しおり)老眼","SI10","4","25","ＳＩ－１０","ﾜｲﾝ","プロパー","1","物流部倉庫","0","2.00","0.00","49.00","51.00","1161.60","59242","自社","2026/09","53.00","0.00","1.00","1.00","2.00","0.00","0.00","0.00","0.00","0.00"
"SHIORI(しおり)老眼","SI10","4","30","ＳＩ－１０","ﾜｲﾝ","プロパー","1","物流部倉庫","0","0.00","0.00","46.00","46.00","1161.60","53434","自社","2026/09","46.00","0.00","0.00","1.00","1.00","0.00","0.00","0.00","0.00","0.00"
"SHIORI(しおり)老眼","SI11","1","10","ＳＩ－１１","ﾌﾞﾗｯｸﾏｯﾄ","プロパー","1","物流部倉庫","0","0.00","0.00","62.00","62.00","1174.80","72838","自社","2026/09","63.00","0.00","2.00","1.00","0.00","0.00","0.00","0.00","0.00","0.00"
"SHIORI(しおり)老眼","SI11","1","15","ＳＩ－１１","ﾌﾞﾗｯｸﾏｯﾄ","プロパー","1","物流部倉庫","0","0.00","0.00","10.00","10.00","1174.80","11748","自社","2026/09","12.00","0.00","2.00","0.00","0.00","0.00","0.00","0.00","0.00","0.00"
"SHIORI(しおり)老眼","SI11","1","20","ＳＩ－１１","ﾌﾞﾗｯｸﾏｯﾄ","プロパー","1","物流部倉庫","0","0.00","0.00","105.00","105.00","1174.80","123354","自社","2026/09","107.00","0.00","2.00","0.00","0.00","0.00","0.00","0.00","0.00","0.00"
"SHIORI(しおり)老眼","SI11","1","25","ＳＩ－１１","ﾌﾞﾗｯｸﾏｯﾄ","プロパー","1","物流部倉庫","0","3.00","0.00","75.00","78.00","1174.80","91634","自社","2026/09","75.00","0.00","0.00","3.00","0.00","0.00","0.00","0.00","0.00","0.00"
"SHIORI(しおり)老眼","SI11","2","10","ＳＩ－１１","ﾌﾞﾗｳﾝﾃﾞﾐﾏｯﾄ","プロパー","1","物流部倉庫","0","0.00","0.00","33.00","33.00","1174.80","38768","自社","2026/09","45.00","0.00","13.00","1.00","0.00","0.00","0.00","0.00","0.00","0.00"
"SHIORI(しおり)老眼","SI11","2","15","ＳＩ－１１","ﾌﾞﾗｳﾝﾃﾞﾐﾏｯﾄ","プロパー","1","物流部倉庫","0","0.00","0.00","89.00","89.00","1174.80","104557","自社","2026/09","92.00","0.00","3.00","0.00","0.00","0.00","0.00","0.00","0.00","0.00"
"SHIORI(しおり)老眼","SI11","2","20","ＳＩ－１１","ﾌﾞﾗｳﾝﾃﾞﾐﾏｯﾄ","プロパー","1","物流部倉庫","0","3.00","0.00","98.00","101.00","1174.80","118655","自社","2026/09","102.00","0.00","4.00","3.00","0.00","0.00","0.00","0.00","0.00","0.00"
"SHIORI(しおり)老眼","SI11","2","25","ＳＩ－１１","ﾌﾞﾗｳﾝﾃﾞﾐﾏｯﾄ","プロパー","1","物流部倉庫","0","2.00","0.00","64.00","66.00","1174.80","77537","自社","2026/09","75.00","0.00","11.00","2.00","0.00","0.00","0.00","0.00","0.00","0.00"
"SHIORI(しおり)老眼","SI11","3","10","ＳＩ－１１","ｽﾓｰｸｸﾘｱﾏｯﾄ","プロパー","1","物流部倉庫","0","0.00","0.00","53.00","53.00","1174.80","62264","自社","2026/09","57.00","0.00","4.00","0.00","0.00","0.00","0.00","0.00","0.00","0.00"
"SHIORI(しおり)老眼","SI11","3","15","ＳＩ－１１","ｽﾓｰｸｸﾘｱﾏｯﾄ","プロパー","1","物流部倉庫","0","0.00","0.00","91.00","91.00","1174.80","106907","自社","2026/09","97.00","0.00","6.00","0.00","0.00","0.00","0.00","0.00","0.00","0.00"
"SHIORI(しおり)老眼","SI11","3","20","ＳＩ－１１","ｽﾓｰｸｸﾘｱﾏｯﾄ","プロパー","1","物流部倉庫","0","0.00","0.00","116.00","116.00","1174.80","136277","自社","2026/09","119.00","0.00","3.00","1.00","1.00","0.00","0.00","0.00","0.00","0.00"
"SHIORI(しおり)老眼","SI11","3","25","ＳＩ－１１","ｽﾓｰｸｸﾘｱﾏｯﾄ","プロパー","1","物流部倉庫","0","3.00","0.00","83.00","86.00","1174.80","101033","自社","2026/09","84.00","0.00","1.00","3.00","0.00","0.00","0.00","0.00","0.00","0.00"
"SHIORI(しおり)老眼","SI11PH","1","10","ＳＩ－１１ＰＨ","ﾌﾞﾗｯｸﾏｯﾄ","プロパー","1","物流部倉庫","0","0.00","0.00","36.00","36.00","1539.45","55420","自社","2026/09","36.00","0","0","0","0","0","0","0","0","0.00"
"SHIORI(しおり)老眼","SI11PH","1","15","ＳＩ－１１ＰＨ","ﾌﾞﾗｯｸﾏｯﾄ","プロパー","1","物流部倉庫","0","0.00","0.00","14.00","14.00","1539.45","21552","自社","2026/09","17.00","0.00","1.00","0.00","2.00","0.00","0.00","0.00","0.00","0.00"
"SHIORI(しおり)老眼","SI11PH","1","20","ＳＩ－１１ＰＨ","ﾌﾞﾗｯｸﾏｯﾄ","プロパー","1","物流部倉庫","0","0.00","0.00","21.00","21.00","1539.45","32328","自社","2026/09","21.00","0","0","0","0","0","0","0","0","0.00"
"SHIORI(しおり)老眼","SI11PH","2","10","ＳＩ－１１ＰＨ","ﾌﾞﾗｳﾝﾃﾞﾐﾏｯﾄ","プロパー","1","物流部倉庫","0","0.00","0.00","22.00","22.00","1539.45","33868","自社","2026/09","24.00","0.00","0.00","0.00","2.00","0.00","0.00","0.00","0.00","0.00"
"SHIORI(しおり)老眼","SI11PH","2","15","ＳＩ－１１ＰＨ","ﾌﾞﾗｳﾝﾃﾞﾐﾏｯﾄ","プロパー","1","物流部倉庫","0","0.00","0.00","14.00","14.00","1539.45","21552","自社","2026/09","17.00","0.00","1.00","0.00","2.00","0.00","0.00","0.00","0.00","0.00"
"SHIORI(しおり)老眼","SI11PH","2","20","ＳＩ－１１ＰＨ","ﾌﾞﾗｳﾝﾃﾞﾐﾏｯﾄ","プロパー","1","物流部倉庫","0","0.00","0.00","14.00","14.00","1539.45","21552","自社","2026/09","19.00","0.00","3.00","0.00","2.00","0.00","0.00","0.00","0.00","0.00"
"SHIORI(しおり)老眼","SI11PH","3","10","ＳＩ－１１ＰＨ","ｽﾓｰｸｸﾘｱﾏｯﾄ","プロパー","1","物流部倉庫","0","0.00","0.00","19.00","19.00","1539.45","29250","自社","2026/09","19.00","0","0","0","0","0","0","0","0","0.00"
"SHIORI(しおり)老眼","SI11PH","3","15","ＳＩ－１１ＰＨ","ｽﾓｰｸｸﾘｱﾏｯﾄ","プロパー","1","物流部倉庫","0","0.00","0.00","17.00","17.00","1539.45","26171","自社","2026/09","19.00","0.00","2.00","0.00","0.00","0.00","0.00","0.00","0.00","0.00"
"SHIORI(しおり)老眼","SI11PH","3","20","ＳＩ－１１ＰＨ","ｽﾓｰｸｸﾘｱﾏｯﾄ","プロパー","1","物流部倉庫","0","0.00","0.00","12.00","12.00","1539.45","18473","自社","2026/09","13.00","0.00","1.00","0.00","0.00","0.00","0.00","0.00","0.00","0.00"
"SHIORI(しおり)老眼","SI11R","1","10","ＳＩ－１１Ｒ","ﾌﾞﾗｯｸﾏｯﾄ","プロパー","1","物流部倉庫","0","0.00","0.00","22.00","22.00","1204.50","26499","自社","2026/09","22.00","0","0","0","0","0","0","0","0","0.00"
"SHIORI(しおり)老眼","SI11R","1","15","ＳＩ－１１Ｒ","ﾌﾞﾗｯｸﾏｯﾄ","プロパー","1","物流部倉庫","0","0.00","0.00","20.00","20.00","1204.50","24090","自社","2026/09","20.00","0","0","0","0","0","0","0","0","0.00"
"SHIORI(しおり)老眼","SI11R","1","20","ＳＩ－１１Ｒ","ﾌﾞﾗｯｸﾏｯﾄ","プロパー","1","物流部倉庫","0","0.00","0.00","10.00","10.00","1204.50","12045","自社","2026/09","10.00","0","0","0","0","0","0","0","0","0.00"
"SHIORI(しおり)老眼","SI11R","1","25","ＳＩ－１１Ｒ","ﾌﾞﾗｯｸﾏｯﾄ","プロパー","1","物流部倉庫","0","0.00","0.00","2.00","2.00","1204.50","2409","自社","2026/09","3.00","0.00","1.00","0.00","0.00","0.00","0.00","0.00","0.00","0.00"
"SHIORI(しおり)老眼","SI11R","2","10","ＳＩ－１１Ｒ","ﾌﾞﾗｳﾝﾃﾞﾐﾏｯﾄ","プロパー","1","物流部倉庫","0","0.00","0.00","16.00","16.00","1204.50","19272","自社","2026/09","16.00","0","0","0","0","0","0","0","0","0.00"
"SHIORI(しおり)老眼","SI11R","2","15","ＳＩ－１１Ｒ","ﾌﾞﾗｳﾝﾃﾞﾐﾏｯﾄ","プロパー","1","物流部倉庫","0","0.00","0.00","7.00","7.00","1204.50","8432","自社","2026/09","8.00","0.00","1.00","0.00","0.00","0.00","0.00","0.00","0.00","0.00"
"SHIORI(しおり)老眼","SI11R","2","20","ＳＩ－１１Ｒ","ﾌﾞﾗｳﾝﾃﾞﾐﾏｯﾄ","プロパー","1","物流部倉庫","0","0.00","0.00","1.00","1.00","1204.50","1205","自社","2026/09","1.00","0","0","0","0","0","0","0","0","0.00"
"SHIORI(しおり)老眼","SI11R","2","25","ＳＩ－１１Ｒ","ﾌﾞﾗｳﾝﾃﾞﾐﾏｯﾄ","プロパー","1","物流部倉庫","0","0.00","0.00","3.00","3.00","1204.50","3614","自社","2026/09","4.00","0.00","1.00","0.00","0.00","0.00","0.00","0.00","0.00","0.00"
"SHIORI(しおり)老眼","SI11R","3","15","ＳＩ－１１Ｒ","ｽﾓｰｸｸﾘｱﾏｯﾄ","プロパー","1","物流部倉庫","0","0.00","0.00","1.00","1.00","1204.50","1205","自社","2026/09","4.00","0.00","2.00","0.00","1.00","0.00","0.00","0.00","0.00","0.00"
"SHIORI(しおり)老眼","SI11R","3","20","ＳＩ－１１Ｒ","ｽﾓｰｸｸﾘｱﾏｯﾄ","プロパー","1","物流部倉庫","0","0.00","0.00","2.00","2.00","1204.50","2409","自社","2026/09","2.00","0","0","0","0","0","0","0","0","0.00"
"SHIORI(しおり)老眼","SI12","1","15","ＳＩ－１２","ｼﾙﾊﾞｰﾏｯﾄ","プロパー","1","物流部倉庫","0","1.00","0.00","69.00","70.00","1120.35","78425","自社","2026/09","78.00","0.00","7.00","1.00","2.00","0.00","0.00","0.00","0.00","0.00"
"SHIORI(しおり)老眼","SI12","1","20","ＳＩ－１２","ｼﾙﾊﾞｰﾏｯﾄ","プロパー","1","物流部倉庫","0","31.00","0.00","76.00","107.00","1120.35","119877","自社","2026/09","111.00","0.00","1.00","0.00","3.00","0.00","0.00","0.00","0.00","0.00"
"SHIORI(しおり)老眼","SI12","1","25","ＳＩ－１２","ｼﾙﾊﾞｰﾏｯﾄ","プロパー","1","物流部倉庫","0","39.00","0.00","108.00","147.00","1120.35","164691","自社","2026/09","148.00","0.00","1.00","0.00","0.00","0.00","0.00","0.00","0.00","0.00"
"SHIORI(しおり)老眼","SI12","1","30","ＳＩ－１２","ｼﾙﾊﾞｰﾏｯﾄ","プロパー","1","物流部倉庫","0","29.00","0.00","48.00","77.00","1120.35","86267","自社","2026/09","77.00","0","0","0","0","0","0","0","0","0.00"
"SHIORI(しおり)老眼","SI12","2","15","ＳＩ－１２","ﾌﾞﾗｳﾝﾃﾞﾐ・ｺﾞｰﾙﾄﾞﾏｯﾄ","プロパー","1","物流部倉庫","0","0.00","0.00","18.00","18.00","1201.20","21622","自社","2026/09","34.00","0.00","16.00","0.00","0.00","0.00","0.00","0.00","0.00","0.00"
"SHIORI(しおり)老眼","SI12","2","20","ＳＩ－１２","ﾌﾞﾗｳﾝﾃﾞﾐ・ｺﾞｰﾙﾄﾞﾏｯﾄ","プロパー","1","物流部倉庫","0","0.00","1.00","36.00","37.00","1201.20","44444","自社","2026/09","39.00","0.00","2.00","0.00","0.00","0.00","0.00","0.00","0.00","0.00"
"SHIORI(しおり)老眼","SI12","2","25","ＳＩ－１２","ﾌﾞﾗｳﾝﾃﾞﾐ・ｺﾞｰﾙﾄﾞﾏｯﾄ","プロパー","1","物流部倉庫","0","0.00","0.00","62.00","62.00","1201.20","74474","自社","2026/09","69.00","0.00","4.00","1.00","4.00","0.00","0.00","0.00","0.00","0.00"
"SHIORI(しおり)老眼","SI12","2","30","ＳＩ－１２","ﾌﾞﾗｳﾝﾃﾞﾐ・ｺﾞｰﾙﾄﾞﾏｯﾄ","プロパー","1","物流部倉庫","0","0.00","0.00","54.00","54.00","1201.20","64865","自社","2026/09","59.00","0.00","2.00","0.00","3.00","0.00","0.00","0.00","0.00","0.00"
"SHIORI(しおり)老眼","SI12","3","15","ＳＩ－１２","ﾎﾞﾙﾄﾞｰﾏｯﾄ","プロパー","1","物流部倉庫","0","0.00","10.00","86.00","96.00","1120.35","107554","自社","2026/09","96.00","0","0","0","0","0","0","0","0","0.00"
"SHIORI(しおり)老眼","SI12","3","20","ＳＩ－１２","ﾎﾞﾙﾄﾞｰﾏｯﾄ","プロパー","1","物流部倉庫","0","14.00","0.00","100.00","114.00","1120.35","127720","自社","2026/09","118.00","0.00","3.00","0.00","1.00","0.00","0.00","0.00","0.00","0.00"
"SHIORI(しおり)老眼","SI12","3","25","ＳＩ－１２","ﾎﾞﾙﾄﾞｰﾏｯﾄ","プロパー","1","物流部倉庫","0","35.00","0.00","96.00","131.00","1120.35","146766","自社","2026/09","132.00","0.00","1.00","0.00","0.00","0.00","0.00","0.00","0.00","0.00"
"SHIORI(しおり)老眼","SI12","3","30","ＳＩ－１２","ﾎﾞﾙﾄﾞｰﾏｯﾄ","プロパー","1","物流部倉庫","0","119.00","0.00","47.00","166.00","1120.35","185978","自社","2026/09","166.00","0.00","1.00","1.00","0.00","0.00","0.00","0.00","0.00","0.00"
"SHIORI(しおり)老眼","SI13","1","15","ＳＩ－１３","ｼﾙﾊﾞｰ","プロパー","1","物流部倉庫","0","10.00","0.00","111.00","121.00","1257.30","152133","自社","2026/09","64.00","0.00","8.00","79.00","14.00","0.00","0.00","0.00","0.00","0.00"
"SHIORI(しおり)老眼","SI13","1","20","ＳＩ－１３","ｼﾙﾊﾞｰ","プロパー","1","物流部倉庫","0","10.00","0.00","102.00","112.00","1257.30","140818","自社","2026/09","61.00","0.00","13.00","80.00","16.00","0.00","0.00","0.00","0.00","0.00"
"SHIORI(しおり)老眼","SI13","1","25","ＳＩ－１３","ｼﾙﾊﾞｰ","プロパー","1","物流部倉庫","0","29.00","0.00","102.00","131.00","1257.30","164706","自社","2026/09","68.00","0.00","4.00","81.00","14.00","0.00","0.00","0.00","0.00","0.00"
"SHIORI(しおり)老眼","SI13","1","30","ＳＩ－１３","ｼﾙﾊﾞｰ","プロパー","1","物流部倉庫","0","15.00","0.00","53.00","68.00","1257.30","85496","自社","2026/09","41.00","0.00","1.00","35.00","7.00","0.00","0.00","0.00","0.00","0.00"
"SHIORI(しおり)老眼","SI13","2","10","ＳＩ－１３","ﾌﾞﾗｳﾝﾃﾞﾐ","プロパー","1","物流部倉庫","0","20.00","0.00","0.00","20.00","1361.25","27225","自社","2026/09","20.00","0","0","0","0","0","0","0","0","0.00"
"SHIORI(しおり)老眼","SI13","2","15","ＳＩ－１３","ﾌﾞﾗｳﾝﾃﾞﾐ","プロパー","1","物流部倉庫","0","6.00","0.00","98.00","104.00","1361.25","141570","自社","2026/09","67.00","0.00","32.00","80.00","11.00","0.00","0.00","0.00","0.00","0.00"
"SHIORI(しおり)老眼","SI13","2","20","ＳＩ－１３","ﾌﾞﾗｳﾝﾃﾞﾐ","プロパー","1","物流部倉庫","0","14.00","0.00","111.00","125.00","1361.25","170156","自社","2026/09","72.00","0.00","12.00","81.00","16.00","0.00","0.00","0.00","0.00","0.00"
"SHIORI(しおり)老眼","SI13","2","25","ＳＩ－１３","ﾌﾞﾗｳﾝﾃﾞﾐ","プロパー","1","物流部倉庫","0","17.00","0.00","119.00","136.00","1361.25","185130","自社","2026/09","83.00","0.00","11.00","79.00","15.00","0.00","0.00","0.00","0.00","0.00"
"SHIORI(しおり)老眼","SI13","2","30","ＳＩ－１３","ﾌﾞﾗｳﾝﾃﾞﾐ","プロパー","1","物流部倉庫","0","12.00","0.00","28.00","40.00","1361.25","54450","自社","2026/09","34.00","0.00","1.00","25.00","18.00","0.00","0.00","0.00","0.00","0.00"
"SHIORI(しおり)老眼","SI13","3","15","ＳＩ－１３","ｱｯﾌﾟﾙｸﾞﾘｰﾝﾏｯﾄ","プロパー","1","物流部倉庫","0","14.00","0.00","97.00","111.00","1310.10","145421","自社","2026/09","55.00","0.00","23.00","90.00","11.00","0.00","0.00","0.00","0.00","0.00"
"SHIORI(しおり)老眼","SI13","3","20","ＳＩ－１３","ｱｯﾌﾟﾙｸﾞﾘｰﾝﾏｯﾄ","プロパー","1","物流部倉庫","0","32.00","1.00","119.00","152.00","1310.10","199135","自社","2026/09","85.00","0.00","7.00","91.00","17.00","0.00","0.00","0.00","0.00","0.00"
"SHIORI(しおり)老眼","SI13","3","25","ＳＩ－１３","ｱｯﾌﾟﾙｸﾞﾘｰﾝﾏｯﾄ","プロパー","1","物流部倉庫","0","27.00","0.00","141.00","168.00","1310.10","220097","自社","2026/09","96.00","0.00","10.00","90.00","8.00","0.00","0.00","0.00","0.00","0.00"
"SHIORI(しおり)老眼","SI13","3","30","ＳＩ－１３","ｱｯﾌﾟﾙｸﾞﾘｰﾝﾏｯﾄ","プロパー","1","物流部倉庫","0","2.00","0.00","58.00","60.00","1310.10","78606","自社","2026/09","56.00","0.00","1.00","20.00","15.00","0.00","0.00","0.00","0.00","0.00"
"SHIORI(しおり)老眼","SI13PH","1","10","ＳＩ－１３ＰＨ","ｼﾙﾊﾞｰ","プロパー","1","物流部倉庫","0","0.00","0.00","10.00","10.00","1702.80","17028","自社","2026/09","12.00","0.00","2.00","0.00","0.00","0.00","0.00","0.00","0.00","0.00"
"SHIORI(しおり)老眼","SI13PH","1","15","ＳＩ－１３ＰＨ","ｼﾙﾊﾞｰ","プロパー","1","物流部倉庫","0","0.00","0.00","58.00","58.00","1702.80","98762","自社","2026/09","65.00","0.00","1.00","0.00","6.00","0.00","0.00","0.00","0.00","0.00"
"SHIORI(しおり)老眼","SI13PH","1","20","ＳＩ－１３ＰＨ","ｼﾙﾊﾞｰ","プロパー","1","物流部倉庫","0","0.00","0.00","27.00","27.00","1702.80","45976","自社","2026/09","30.00","0.00","0.00","0.00","3.00","0.00","0.00","0.00","0.00","0.00"
"SHIORI(しおり)老眼","SI13PH","2","10","ＳＩ－１３ＰＨ","ﾌﾞﾗｳﾝﾃﾞﾐ","プロパー","1","物流部倉庫","0","0.00","0.00","18.00","18.00","1780.35","32046","自社","2026/09","26.00","0.00","0.00","0.00","8.00","0.00","0.00","0.00","0.00","0.00"
"SHIORI(しおり)老眼","SI13PH","2","15","ＳＩ－１３ＰＨ","ﾌﾞﾗｳﾝﾃﾞﾐ","プロパー","1","物流部倉庫","0","0.00","0.00","43.00","43.00","1780.35","76555","自社","2026/09","44.00","0.00","1.00","0.00","0.00","0.00","0.00","0.00","0.00","0.00"
"SHIORI(しおり)老眼","SI13PH","2","20","ＳＩ－１３ＰＨ","ﾌﾞﾗｳﾝﾃﾞﾐ","プロパー","1","物流部倉庫","0","0.00","0.00","15.00","15.00","1780.35","26705","自社","2026/09","15.00","0","0","0","0","0","0","0","0","0.00"
"SHIORI(しおり)老眼","SI13PH","3","10","ＳＩ－１３ＰＨ","ｱｯﾌﾟﾙｸﾞﾘｰﾝﾏｯﾄ","プロパー","1","物流部倉庫","0","0.00","0.00","12.00","12.00","1753.95","21047","自社","2026/09","14.00","0.00","2.00","0.00","0.00","0.00","0.00","0.00","0.00","0.00"
"SHIORI(しおり)老眼","SI13PH","3","15","ＳＩ－１３ＰＨ","ｱｯﾌﾟﾙｸﾞﾘｰﾝﾏｯﾄ","プロパー","1","物流部倉庫","0","0.00","0.00","42.00","42.00","1753.95","73666","自社","2026/09","43.00","0.00","1.00","0.00","0.00","0.00","0.00","0.00","0.00","0.00"
"SHIORI(しおり)老眼","SI13PH","3","20","ＳＩ－１３ＰＨ","ｱｯﾌﾟﾙｸﾞﾘｰﾝﾏｯﾄ","プロパー","1","物流部倉庫","0","0.00","0.00","11.00","11.00","1753.95","19293","自社","2026/09","15.00","0.00","2.00","0.00","2.00","0.00","0.00","0.00","0.00","0.00"
"SHIORI(しおり)老眼","SI14","1","10","ＳＩ－１４","ｼﾙﾊﾞｰ","プロパー","1","物流部倉庫","0","0.00","0.00","8.00","8.00","1348.05","10784","自社","2026/09","8.00","0","0","0","0","0","0","0","0","0.00"
"SHIORI(しおり)老眼","SI14","1","15","ＳＩ－１４","ｼﾙﾊﾞｰ","プロパー","1","物流部倉庫","0","0.00","0.00","23.00","23.00","1348.05","31005","自社","2026/09","23.00","0","0","0","0","0","0","0","0","0.00"
"SHIORI(しおり)老眼","SI14","1","20","ＳＩ－１４","ｼﾙﾊﾞｰ","プロパー","1","物流部倉庫","0","0.00","0.00","16.00","16.00","1348.05","21569","自社","2026/09","19.00","0.00","3.00","0.00","0.00","0.00","0.00","0.00","0.00","0.00"
"SHIORI(しおり)老眼","SI14","1","25","ＳＩ－１４","ｼﾙﾊﾞｰ","プロパー","1","物流部倉庫","0","0.00","0.00","13.00","13.00","1348.05","17525","自社","2026/09","18.00","0.00","5.00","1.00","1.00","0.00","0.00","0.00","0.00","0.00"
"SHIORI(しおり)老眼","SI14","1","30","ＳＩ－１４","ｼﾙﾊﾞｰ","プロパー","1","物流部倉庫","0","12.00","0.00","22.00","34.00","1348.05","45834","自社","2026/09","45.00","0.00","0.00","0.00","11.00","0.00","0.00","0.00","0.00","0.00"
"SHIORI(しおり)老眼","SI14","2","10","ＳＩ－１４","ﾌﾞﾗｳﾝ","プロパー","1","物流部倉庫","0","0.00","0.00","5.00","5.00","1348.05","6740","自社","2026/09","9.00","0.00","3.00","0.00","1.00","0.00","0.00","0.00","0.00","0.00"
"SHIORI(しおり)老眼","SI14","2","15","ＳＩ－１４","ﾌﾞﾗｳﾝ","プロパー","1","物流部倉庫","0","0.00","0.00","11.00","11.00","1348.05","14829","自社","2026/09","15.00","0.00","3.00","0.00","1.00","0.00","0.00","0.00","0.00","0.00"
"SHIORI(しおり)老眼","SI14","2","20","ＳＩ－１４","ﾌﾞﾗｳﾝ","プロパー","1","物流部倉庫","0","0.00","0.00","18.00","18.00","1348.05","24265","自社","2026/09","19.00","0.00","0.00","1.00","2.00","0.00","0.00","0.00","0.00","0.00"
"SHIORI(しおり)老眼","SI14","2","25","ＳＩ－１４","ﾌﾞﾗｳﾝ","プロパー","1","物流部倉庫","0","0.00","0.00","15.00","15.00","1348.05","20221","自社","2026/09","27.00","0.00","11.00","0.00","1.00","0.00","0.00","0.00","0.00","0.00"
"SHIORI(しおり)老眼","SI14","2","30","ＳＩ－１４","ﾌﾞﾗｳﾝ","プロパー","1","物流部倉庫","0","10.00","0.00","35.00","45.00","1348.05","60662","自社","2026/09","48.00","0.00","3.00","0.00","0.00","0.00","0.00","0.00","0.00","0.00"
"SHIORI(しおり)老眼","SI14","3","10","ＳＩ－１４","ｶﾞﾝﾒﾀﾙ","プロパー","1","物流部倉庫","0","0.00","0.00","6.00","6.00","1348.05","8088","自社","2026/09","12.00","0.00","5.00","0.00","1.00","0.00","0.00","0.00","0.00","0.00"
"SHIORI(しおり)老眼","SI14","3","15","ＳＩ－１４","ｶﾞﾝﾒﾀﾙ","プロパー","1","物流部倉庫","0","0.00","0.00","15.00","15.00","1348.05","20221","自社","2026/09","16.00","0.00","0.00","0.00","1.00","0.00","0.00","0.00","0.00","0.00"
"SHIORI(しおり)老眼","SI14","3","20","ＳＩ－１４","ｶﾞﾝﾒﾀﾙ","プロパー","1","物流部倉庫","0","0.00","0.00","17.00","17.00","1348.05","22917","自社","2026/09","18.00","0.00","0.00","0.00","1.00","0.00","0.00","0.00","0.00","0.00"
"SHIORI(しおり)老眼","SI14","3","25","ＳＩ－１４","ｶﾞﾝﾒﾀﾙ","プロパー","1","物流部倉庫","0","0.00","0.00","15.00","15.00","1348.05","20221","自社","2026/09","19.00","0.00","3.00","0.00","1.00","0.00","0.00","0.00","0.00","0.00"
"SHIORI(しおり)老眼","SI14","3","30","ＳＩ－１４","ｶﾞﾝﾒﾀﾙ","プロパー","1","物流部倉庫","0","11.00","0.00","26.00","37.00","1348.05","49878","自社","2026/09","42.00","0.00","5.00","1.00","1.00","0.00","0.00","0.00","0.00","0.00"
"SHIORI(しおり)老眼","SI16","1","10","ＳＩ－１６","ｼﾙﾊﾞｰ","プロパー","1","物流部倉庫","0","0.00","0.00","96.00","96.00","1498.20","143827","自社","2026/09","104.00","0.00","2.00","1.00","7.00","0.00","0.00","0.00","0.00","0.00"
"SHIORI(しおり)老眼","SI16","1","15","ＳＩ－１６","ｼﾙﾊﾞｰ","プロパー","1","物流部倉庫","0","0.00","0.00","178.00","178.00","1498.20","266680","自社","2026/09","195.00","0.00","13.00","0.00","4.00","0.00","0.00","0.00","0.00","0.00"
"SHIORI(しおり)老眼","SI16","1","20","ＳＩ－１６","ｼﾙﾊﾞｰ","プロパー","1","物流部倉庫","0","0.00","0.00","136.00","136.00","1498.20","203755","自社","2026/09","145.00","0.00","3.00","0.00","6.00","0.00","0.00","0.00","0.00","0.00"
"SHIORI(しおり)老眼","SI16","1","25","ＳＩ－１６","ｼﾙﾊﾞｰ","プロパー","1","物流部倉庫","0","0.00","0.00","77.00","77.00","1498.20","115361","自社","2026/09","78.00","0.00","0.00","0.00","1.00","0.00","0.00","0.00","0.00","0.00"
"SHIORI(しおり)老眼","SI16","2","10","ＳＩ－１６","ﾌﾞﾗｳﾝﾃﾞﾐ/ｺﾞｰﾙﾄﾞﾏｯﾄ","プロパー","1","物流部倉庫","0","0.00","0.00","99.00","99.00","1574.10","155836","自社","2026/09","102.00","0.00","0.00","0.00","3.00","0.00","0.00","0.00","0.00","0.00"
"SHIORI(しおり)老眼","SI16","2","15","ＳＩ－１６","ﾌﾞﾗｳﾝﾃﾞﾐ/ｺﾞｰﾙﾄﾞﾏｯﾄ","プロパー","1","物流部倉庫","0","0.00","0.00","94.00","94.00","1574.10","147965","自社","2026/09","113.00","0.00","17.00","1.00","3.00","0.00","0.00","0.00","0.00","0.00"
"SHIORI(しおり)老眼","SI16","2","20","ＳＩ－１６","ﾌﾞﾗｳﾝﾃﾞﾐ/ｺﾞｰﾙﾄﾞﾏｯﾄ","プロパー","1","物流部倉庫","0","0.00","0.00","98.00","98.00","1574.10","154262","自社","2026/09","114.00","0.00","12.00","0.00","4.00","0.00","0.00","0.00","0.00","0.00"
"SHIORI(しおり)老眼","SI16","2","25","ＳＩ－１６","ﾌﾞﾗｳﾝﾃﾞﾐ/ｺﾞｰﾙﾄﾞﾏｯﾄ","プロパー","1","物流部倉庫","0","0.00","0.00","15.00","15.00","1574.10","23612","自社","2026/09","23.00","0.00","2.00","0.00","6.00","0.00","0.00","0.00","0.00","0.00"
"SHIORI(しおり)老眼","SI16","3","10","ＳＩ－１６","ﾌﾞﾗｳﾝ/ｺﾞｰﾙﾄﾞ","プロパー","1","物流部倉庫","0","0.00","0.00","98.00","98.00","1547.70","151675","自社","2026/09","105.00","0.00","4.00","0.00","3.00","0.00","0.00","0.00","0.00","0.00"
"SHIORI(しおり)老眼","SI16","3","15","ＳＩ－１６","ﾌﾞﾗｳﾝ/ｺﾞｰﾙﾄﾞ","プロパー","1","物流部倉庫","0","0.00","0.00","147.00","147.00","1547.70","227512","自社","2026/09","154.00","0.00","5.00","0.00","2.00","0.00","0.00","0.00","0.00","0.00"
"SHIORI(しおり)老眼","SI16","3","20","ＳＩ－１６","ﾌﾞﾗｳﾝ/ｺﾞｰﾙﾄﾞ","プロパー","1","物流部倉庫","0","0.00","0.00","148.00","148.00","1547.70","229060","自社","2026/09","154.00","0.00","3.00","1.00","4.00","0.00","0.00","0.00","0.00","0.00"
"SHIORI(しおり)老眼","SI16","3","25","ＳＩ－１６","ﾌﾞﾗｳﾝ/ｺﾞｰﾙﾄﾞ","プロパー","1","物流部倉庫","0","0.00","0.00","79.00","79.00","1547.70","122268","自社","2026/09","81.00","0.00","1.00","0.00","1.00","0.00","0.00","0.00","0.00","0.00"
"SHIORI(しおり)老眼","SIF01","1","20","ＳＩＦ－０１","ﾌﾞﾗｯｸ","プロパー","1","物流部倉庫","0","2.00","0.00","0.00","2.00","2154.00","4308","自社","2026/09","0.00","0.00","0.00","2.00","0.00","0.00","0.00","0.00","0.00","0.00"
"SHIORI(しおり)老眼","SIF01","1","25","ＳＩＦ－０１","ﾌﾞﾗｯｸ","プロパー","1","物流部倉庫","0","2.00","0.00","13.00","15.00","2154.00","32310","自社","2026/09","13.00","0.00","0.00","2.00","0.00","0.00","0.00","0.00","0.00","0.00"
"SHIORI(しおり)老眼","SIF01","1","30","ＳＩＦ－０１","ﾌﾞﾗｯｸ","プロパー","1","物流部倉庫","0","0.00","0.00","16.00","16.00","2154.00","34464","自社","2026/09","17.00","0.00","1.00","0.00","0.00","0.00","0.00","0.00","0.00","0.00"
"SHIORI(しおり)老眼","SIF01","2","15","ＳＩＦ－０１","ｸﾞﾚｰ","プロパー","1","物流部倉庫","0","2.00","0.00","0.00","2.00","2104.00","4208","自社","2026/09","2.00","0.00","2.00","2.00","0.00","0.00","0.00","0.00","0.00","0.00"
"SHIORI(しおり)老眼","SIF01","2","20","ＳＩＦ－０１","ｸﾞﾚｰ","プロパー","1","物流部倉庫","0","3.00","0.00","0.00","3.00","2104.00","6312","自社","2026/09","0.00","0.00","0.00","3.00","0.00","0.00","0.00","0.00","0.00","0.00"
"SHIORI(しおり)老眼","SIF01","2","25","ＳＩＦ－０１","ｸﾞﾚｰ","プロパー","1","物流部倉庫","0","1.00","0.00","10.00","11.00","2104.00","23144","自社","2026/09","10.00","0.00","0.00","1.00","0.00","0.00","0.00","0.00","0.00","0.00"
"SHIORI(しおり)老眼","SIF01","2","30","ＳＩＦ－０１","ｸﾞﾚｰ","プロパー","1","物流部倉庫","0","0.00","0.00","25.00","25.00","2104.00","52600","自社","2026/09","26.00","0.00","1.00","0.00","0.00","0.00","0.00","0.00","0.00","0.00"
"SHIORI(しおり)老眼","SIF02","1","15","ＳＩＦ－０２","ﾗｲﾄﾌﾞﾗｳﾝ","プロパー","1","物流部倉庫","0","0.00","0.00","7.00","7.00","2416.45","16915","自社","2026/09","7.00","0","0","0","0","0","0","0","0","0.00"
"SHIORI(しおり)老眼","SIF02","1","20","ＳＩＦ－０２","ﾗｲﾄﾌﾞﾗｳﾝ","プロパー","1","物流部倉庫","0","2.00","0.00","3.00","5.00","2416.45","12082","自社","2026/09","3.00","0.00","0.00","3.00","1.00","0.00","0.00","0.00","0.00","0.00"
"SHIORI(しおり)老眼","SIF02","1","25","ＳＩＦ－０２","ﾗｲﾄﾌﾞﾗｳﾝ","プロパー","1","物流部倉庫","0","3.00","0.00","56.00","59.00","2249.05","132694","自社","2026/09","68.00","0.00","6.00","2.00","5.00","0.00","0.00","0.00","0.00","0.00"
"SHIORI(しおり)老眼","SIF02","1","30","ＳＩＦ－０２","ﾗｲﾄﾌﾞﾗｳﾝ","プロパー","1","物流部倉庫","0","1.00","0.00","61.00","62.00","2104.00","130448","自社","2026/09","70.00","0.00","1.00","2.00","9.00","0.00","0.00","0.00","0.00","0.00"
"SHIORI(しおり)老眼","SIF02","2","15","ＳＩＦ－０２","ﾊﾟｰﾌﾟﾙ","プロパー","1","物流部倉庫","0","2.00","0.00","13.00","15.00","2473.80","37107","自社","2026/09","13.00","0.00","0.00","3.00","1.00","0.00","0.00","0.00","0.00","0.00"
"SHIORI(しおり)老眼","SIF02","2","20","ＳＩＦ－０２","ﾊﾟｰﾌﾟﾙ","プロパー","1","物流部倉庫","0","2.00","0.00","20.00","22.00","2473.80","54424","自社","2026/09","20.00","0.00","0.00","4.00","2.00","0.00","0.00","0.00","0.00","0.00"
"SHIORI(しおり)老眼","SIF02","2","25","ＳＩＦ－０２","ﾊﾟｰﾌﾟﾙ","プロパー","1","物流部倉庫","0","3.00","0.00","48.00","51.00","2303.30","117468","自社","2026/09","60.00","0.00","4.00","3.00","8.00","0.00","0.00","0.00","0.00","0.00"
"ECｱｸｾ","SIFGC","BRN","0","ＳＩＦＧＣ","ﾌﾞﾗｳﾝ","プロパー","1","物流部倉庫","0","5.00","0.00","0.00","5.00","450.00","2250","自社","2026/09","5.00","0","0","0","0","0","0","0","0","0.00"
"SHIORI(しおり)老眼","SIP01","1","10","ＳＩＰ－０１","ｼﾙﾊﾞｰ","プロパー","1","物流部倉庫","0","0.00","0.00","73.00","73.00","1320.00","96360","自社","2026/09","75.00","0.00","1.00","1.00","2.00","0.00","0.00","0.00","0.00","0.00"
"SHIORI(しおり)老眼","SIP01","1","15","ＳＩＰ－０１","ｼﾙﾊﾞｰ","プロパー","1","物流部倉庫","0","0.00","0.00","30.00","30.00","1320.00","39600","自社","2026/09","31.00","0.00","1.00","0.00","0.00","0.00","0.00","0.00","0.00","0.00"
"SHIORI(しおり)老眼","SIP01","1","20","ＳＩＰ－０１","ｼﾙﾊﾞｰ","プロパー","1","物流部倉庫","0","0.00","0.00","87.00","87.00","1320.00","114840","自社","2026/09","88.00","0.00","1.00","0.00","0.00","0.00","0.00","0.00","0.00","0.00"
"SHIORI(しおり)老眼","SIP01","1","25","ＳＩＰ－０１","ｼﾙﾊﾞｰ","プロパー","1","物流部倉庫","0","0.00","0.00","72.00","72.00","1320.00","95040","自社","2026/09","74.00","0.00","2.00","0.00","0.00","0.00","0.00","0.00","0.00","0.00"
"SHIORI(しおり)老眼","SIP01","2","10","ＳＩＰ－０１","ﾌﾞﾗｳﾝﾃﾞﾐ","プロパー","1","物流部倉庫","0","0.00","0.00","51.00","51.00","1395.90","71191","自社","2026/09","55.00","0.00","5.00","1.00","0.00","0.00","0.00","0.00","0.00","0.00"
"SHIORI(しおり)老眼","SIP01","2","15","ＳＩＰ－０１","ﾌﾞﾗｳﾝﾃﾞﾐ","プロパー","1","物流部倉庫","0","0.00","0.00","21.00","21.00","1395.90","29314","自社","2026/09","21.00","0","0","0","0","0","0","0","0","0.00"
"SHIORI(しおり)老眼","SIP01","2","20","ＳＩＰ－０１","ﾌﾞﾗｳﾝﾃﾞﾐ","プロパー","1","物流部倉庫","0","0.00","0.00","31.00","31.00","1395.90","43273","自社","2026/09","36.00","0.00","5.00","0.00","0.00","0.00","0.00","0.00","0.00","0.00"
"SHIORI(しおり)老眼","SIP01","2","25","ＳＩＰ－０１","ﾌﾞﾗｳﾝﾃﾞﾐ","プロパー","1","物流部倉庫","0","0.00","0.00","36.00","36.00","1395.90","50252","自社","2026/09","37.00","0.00","1.00","0.00","0.00","0.00","0.00","0.00","0.00","0.00"
"SHIORI(しおり)老眼","SIP01","3","10","ＳＩＰ－０１","ｶﾞﾝﾒﾀﾙ","プロパー","1","物流部倉庫","0","0.00","0.00","45.00","45.00","1320.00","59400","自社","2026/09","52.00","0.00","3.00","0.00","4.00","0.00","0.00","0.00","0.00","0.00"
"SHIORI(しおり)老眼","SIP01","3","15","ＳＩＰ－０１","ｶﾞﾝﾒﾀﾙ","プロパー","1","物流部倉庫","0","0.00","0.00","28.00","28.00","1320.00","36960","自社","2026/09","30.00","0.00","2.00","0.00","0.00","0.00","0.00","0.00","0.00","0.00"
"SHIORI(しおり)老眼","SIP01","3","20","ＳＩＰ－０１","ｶﾞﾝﾒﾀﾙ","プロパー","1","物流部倉庫","0","0.00","0.00","79.00","79.00","1320.00","104280","自社","2026/09","80.00","0.00","2.00","1.00","0.00","0.00","0.00","0.00","0.00","0.00"
"SHIORI(しおり)老眼","SIP01","3","25","ＳＩＰ－０１","ｶﾞﾝﾒﾀﾙ","プロパー","1","物流部倉庫","0","0.00","0.00","55.00","55.00","1320.00","72600","自社","2026/09","55.00","0","0","0","0","0","0","0","0","0.00"
"SHIORI(しおり)老眼","SIP01","4","10","ＳＩＰ－０１","ﾚｯﾄﾞ","プロパー","1","物流部倉庫","0","0.00","0.00","53.00","53.00","1320.00","69960","自社","2026/09","53.00","0","0","0","0","0","0","0","0","0.00"
"SHIORI(しおり)老眼","SIP01","4","15","ＳＩＰ－０１","ﾚｯﾄﾞ","プロパー","1","物流部倉庫","0","0.00","0.00","16.00","16.00","1320.00","21120","自社","2026/09","19.00","0.00","2.00","0.00","1.00","0.00","0.00","0.00","0.00","0.00"
"SHIORI(しおり)老眼","SIP01","4","20","ＳＩＰ－０１","ﾚｯﾄﾞ","プロパー","1","物流部倉庫","0","0.00","0.00","40.00","40.00","1320.00","52800","自社","2026/09","43.00","0.00","3.00","0.00","0.00","0.00","0.00","0.00","0.00","0.00"
"SHIORI(しおり)老眼","SIP01","4","25","ＳＩＰ－０１","ﾚｯﾄﾞ","プロパー","1","物流部倉庫","0","0.00","0.00","26.00","26.00","1320.00","34320","自社","2026/09","26.00","0.00","1.00","1.00","0.00","0.00","0.00","0.00","0.00","0.00"
"SHIORI(しおり)老眼","SIP01","5","10","ＳＩＰ－０１","ﾌﾞﾙｰ","プロパー","1","物流部倉庫","0","0.00","0.00","47.00","47.00","1320.00","62040","自社","2026/09","46.00","0.00","0.00","1.00","0.00","0.00","0.00","0.00","0.00","0.00"
"SHIORI(しおり)老眼","SIP01","5","15","ＳＩＰ－０１","ﾌﾞﾙｰ","プロパー","1","物流部倉庫","0","0.00","0.00","36.00","36.00","1320.00","47520","自社","2026/09","36.00","0","0","0","0","0","0","0","0","0.00"
"SHIORI(しおり)老眼","SIP01","5","20","ＳＩＰ－０１","ﾌﾞﾙｰ","プロパー","1","物流部倉庫","0","0.00","0.00","50.00","50.00","1320.00","66000","自社","2026/09","50.00","0","0","0","0","0","0","0","0","0.00"
"SHIORI(しおり)老眼","SIP01","5","25","ＳＩＰ－０１","ﾌﾞﾙｰ","プロパー","1","物流部倉庫","0","0.00","0.00","34.00","34.00","1320.00","44880","自社","2026/09","34.00","0","0","0","0","0","0","0","0","0.00"
"SHIORI(しおり)老眼","SIP01","6","10","ＳＩＰ－０１","ﾎﾜｲﾄ","プロパー","1","物流部倉庫","0","0.00","0.00","31.00","31.00","1320.00","40920","自社","2026/09","31.00","0","0","0","0","0","0","0","0","0.00"
"SHIORI(しおり)老眼","SIP01","6","15","ＳＩＰ－０１","ﾎﾜｲﾄ","プロパー","1","物流部倉庫","0","0.00","0.00","16.00","16.00","1320.00","21120","自社","2026/09","16.00","0.00","1.00","1.00","0.00","0.00","0.00","0.00","0.00","0.00"
"SHIORI(しおり)老眼","SIP01","6","20","ＳＩＰ－０１","ﾎﾜｲﾄ","プロパー","1","物流部倉庫","0","0.00","0.00","34.00","34.00","1320.00","44880","自社","2026/09","35.00","0.00","1.00","0.00","0.00","0.00","0.00","0.00","0.00","0.00"
"SHIORI(しおり)老眼","SIP01","6","25","ＳＩＰ－０１","ﾎﾜｲﾄ","プロパー","1","物流部倉庫","0","0.00","0.00","28.00","28.00","1320.00","36960","自社","2026/09","29.00","0.00","1.00","0.00","0.00","0.00","0.00","0.00","0.00","0.00"
"SHIORI(しおり)老眼","SIW01","1","10","ＳＩＷ－０１","ｼﾙﾊﾞｰ/ﾒｰﾌﾟﾙ","プロパー","1","物流部倉庫","0","0.00","0.00","40.00","40.00","2265.45","90618","自社","2026/09","40.00","0.00","1.00","1.00","0.00","0.00","0.00","0.00","0.00","0.00"
"SHIORI(しおり)老眼","SIW01","1","15","ＳＩＷ－０１","ｼﾙﾊﾞｰ/ﾒｰﾌﾟﾙ","プロパー","1","物流部倉庫","0","0.00","0.00","38.00","38.00","2265.45","86087","自社","2026/09","43.00","0.00","5.00","0.00","0.00","0.00","0.00","0.00","0.00","0.00"
"SHIORI(しおり)老眼","SIW01","1","20","ＳＩＷ－０１","ｼﾙﾊﾞｰ/ﾒｰﾌﾟﾙ","プロパー","1","物流部倉庫","0","0.00","0.00","35.00","35.00","2265.45","79291","自社","2026/09","38.00","0.00","3.00","0.00","0.00","0.00","0.00","0.00","0.00","0.00"
"SHIORI(しおり)老眼","SIW01","1","25","ＳＩＷ－０１","ｼﾙﾊﾞｰ/ﾒｰﾌﾟﾙ","プロパー","1","物流部倉庫","0","0.00","0.00","24.00","24.00","2265.45","54371","自社","2026/09","25.00","0.00","1.00","0.00","0.00","0.00","0.00","0.00","0.00","0.00"
"SHIORI(しおり)老眼","SIW01","2","10","ＳＩＷ－０１","ｺﾞｰﾙﾄﾞﾏｯﾄ/花梨","プロパー","1","物流部倉庫","0","9.00","0.00","14.00","23.00","2747.25","63187","自社","2026/09","34.00","0.00","12.00","1.00","0.00","0.00","0.00","0.00","0.00","0.00"
"SHIORI(しおり)老眼","SIW01","2","15","ＳＩＷ－０１","ｺﾞｰﾙﾄﾞﾏｯﾄ/花梨","プロパー","1","物流部倉庫","0","0.00","0.00","26.00","26.00","2747.25","71429","自社","2026/09","33.00","0.00","4.00","0.00","3.00","0.00","0.00","0.00","0.00","0.00"
"SHIORI(しおり)老眼","SIW01","2","20","ＳＩＷ－０１","ｺﾞｰﾙﾄﾞﾏｯﾄ/花梨","プロパー","1","物流部倉庫","0","0.00","0.00","24.00","24.00","2747.25","65934","自社","2026/09","31.00","0.00","2.00","0.00","5.00","0.00","0.00","0.00","0.00","0.00"
"SHIORI(しおり)老眼","SIW01","2","25","ＳＩＷ－０１","ｺﾞｰﾙﾄﾞﾏｯﾄ/花梨","プロパー","1","物流部倉庫","0","0.00","0.00","12.00","12.00","2747.25","32967","自社","2026/09","15.00","0.00","1.00","0.00","2.00","0.00","0.00","0.00","0.00","0.00"
"ECｱｸｾ","SIWABOX09","1","0","ＳＩＷＡ－ＢＯＸ０９","ﾌﾞﾗｳﾝ","プロパー","1","物流部倉庫","0","3.00","0.00","0.00","3.00","840.00","2520","自社","2026/09","3.00","0","0","0","0","0","0","0","0","0.00"
"ECｱｸｾ","SIWABOX09","2","0","ＳＩＷＡ－ＢＯＸ０９","ﾌﾞﾗｯｸ","プロパー","1","物流部倉庫","0","3.00","0.00","0.00","3.00","840.00","2520","自社","2026/09","3.00","0","0","0","0","0","0","0","0","0.00"
"ECｱｸｾ","SIWABOX13","1","0","ＳＩＷＡ－ＢＯＸ１３","ﾌﾞﾗｳﾝ","プロパー","1","物流部倉庫","0","3.00","0.00","0.00","3.00","1080.00","3240","自社","2026/09","3.00","0","0","0","0","0","0","0","0","0.00"
"ECｱｸｾ","SIWABOX13","2","0","ＳＩＷＡ－ＢＯＸ１３","ﾌﾞﾗｯｸ","プロパー","1","物流部倉庫","0","3.00","0.00","0.00","3.00","1080.00","3240","自社","2026/09","3.00","0","0","0","0","0","0","0","0","0.00"
"ECｱｸｾ","SIWACASE01","1","0","ＳＩＷＡ－ＣＡＳＥ０１","ﾌﾞﾗｳﾝ","プロパー","1","物流部倉庫","0","6.00","0.00","0.00","6.00","1200.00","7200","自社","2026/09","6.00","0","0","0","0","0","0","0","0","0.00"
"ECｱｸｾ","SIWACASE01","2","0","ＳＩＷＡ－ＣＡＳＥ０１","ﾌﾞﾗｯｸ","プロパー","1","物流部倉庫","0","6.00","0.00","0.00","6.00","1200.00","7200","自社","2026/09","6.00","0","0","0","0","0","0","0","0","0.00"
"ECｱｸｾ","SIWACASE01","3","0","ＳＩＷＡ－ＣＡＳＥ０１","ｸﾞﾚｰ","プロパー","1","物流部倉庫","0","6.00","0.00","0.00","6.00","1200.00","7200","自社","2026/09","6.00","0","0","0","0","0","0","0","0","0.00"
"ｽｶﾝｼﾞﾅﾋﾞｱﾝﾊﾟﾀﾝｺﾚｸｼｮﾝ","SPC004","1","15","ＳＰＣ－００４","ﾌﾞﾗｯｸ・ﾋﾟﾝｸﾌﾞﾗｳﾝ(柄)","OEM","1","物流部倉庫","0","2.00","0.00","0.00","2.00","688.05","1376","自社","2026/09","2.00","0","0","0","0","0","0","0","0","0.00"
"ｽｶﾝｼﾞﾅﾋﾞｱﾝﾊﾟﾀﾝｺﾚｸｼｮﾝ","SPC004","2","15","ＳＰＣ－００４","ﾌﾞﾗｳﾝﾃﾞﾐ・ﾌﾞﾗｳﾝ(柄)","OEM","1","物流部倉庫","0","1.00","0.00","0.00","1.00","688.05","688","自社","2026/09","1.00","0","0","0","0","0","0","0","0","0.00"
"ｽｶﾝｼﾞﾅﾋﾞｱﾝﾊﾟﾀﾝｺﾚｸｼｮﾝ","SPC006","1","10","ＳＰＣ－００６","ｸﾘｱｳｫｰﾑｸﾞﾚｰ/ﾌﾞﾙｰｸﾞﾚｰ","プロパー","1","物流部倉庫","0","0.00","0.00","25.00","25.00","594.00","14850","自社","2026/09","74.00","0.00","38.00","0.00","11.00","0.00","0.00","0.00","0.00","0.00"
"ｽｶﾝｼﾞﾅﾋﾞｱﾝﾊﾟﾀﾝｺﾚｸｼｮﾝ","SPC006","1","15","ＳＰＣ－００６","ｸﾘｱｳｫｰﾑｸﾞﾚｰ/ﾌﾞﾙｰｸﾞﾚｰ","プロパー","1","物流部倉庫","0","0.00","0.00","54.00","54.00","594.00","32076","自社","2026/09","140.00","0.00","47.00","0.00","39.00","0.00","0.00","0.00","0.00","0.00"
"ｽｶﾝｼﾞﾅﾋﾞｱﾝﾊﾟﾀﾝｺﾚｸｼｮﾝ","SPC006","1","20","ＳＰＣ－００６","ｸﾘｱｳｫｰﾑｸﾞﾚｰ/ﾌﾞﾙｰｸﾞﾚｰ","プロパー","1","物流部倉庫","0","0.00","-3.00","47.00","44.00","594.00","26136","自社","2026/09","142.00","0.00","59.00","0.00","39.00","0.00","0.00","0.00","0.00","0.00"
"ｽｶﾝｼﾞﾅﾋﾞｱﾝﾊﾟﾀﾝｺﾚｸｼｮﾝ","SPC006","1","25","ＳＰＣ－００６","ｸﾘｱｳｫｰﾑｸﾞﾚｰ/ﾌﾞﾙｰｸﾞﾚｰ","プロパー","1","物流部倉庫","0","1.00","0.00","47.00","48.00","594.00","28512","自社","2026/09","69.00","0.00","9.00","1.00","13.00","0.00","0.00","0.00","0.00","0.00"
"ｽｶﾝｼﾞﾅﾋﾞｱﾝﾊﾟﾀﾝｺﾚｸｼｮﾝ","SPC006","2","10","ＳＰＣ－００６","ｸﾘｱﾜｲﾝ/ﾌﾞﾗｳﾝ","プロパー","1","物流部倉庫","0","0.00","0.00","52.00","52.00","594.00","30888","自社","2026/09","52.00","0","0","0","0","0","0","0","0","0.00"
"ｽｶﾝｼﾞﾅﾋﾞｱﾝﾊﾟﾀﾝｺﾚｸｼｮﾝ","SPC006","2","15","ＳＰＣ－００６","ｸﾘｱﾜｲﾝ/ﾌﾞﾗｳﾝ","プロパー","1","物流部倉庫","0","0.00","0.00","68.00","68.00","594.00","40392","自社","2026/09","69.00","0.00","1.00","0.00","0.00","0.00","0.00","0.00","0.00","0.00"
"ｽｶﾝｼﾞﾅﾋﾞｱﾝﾊﾟﾀﾝｺﾚｸｼｮﾝ","SPC006","2","20","ＳＰＣ－００６","ｸﾘｱﾜｲﾝ/ﾌﾞﾗｳﾝ","プロパー","1","物流部倉庫","0","0.00","0.00","86.00","86.00","594.00","51084","自社","2026/09","87.00","0.00","1.00","0.00","0.00","0.00","0.00","0.00","0.00","0.00"
"ｽｶﾝｼﾞﾅﾋﾞｱﾝﾊﾟﾀﾝｺﾚｸｼｮﾝ","SPC006","3","10","ＳＰＣ－００６","ﾌﾞﾗｳﾝﾃﾞﾐ/ﾌﾞﾗｳﾝﾍﾞｰｼﾞｭ","プロパー","1","物流部倉庫","0","0.00","0.00","2.00","2.00","594.00","1188","自社","2026/09","3.00","0.00","0.00","0.00","1.00","0.00","0.00","0.00","0.00","0.00"
"ｽｶﾝｼﾞﾅﾋﾞｱﾝﾊﾟﾀﾝｺﾚｸｼｮﾝ","SPC006","3","15","ＳＰＣ－００６","ﾌﾞﾗｳﾝﾃﾞﾐ/ﾌﾞﾗｳﾝﾍﾞｰｼﾞｭ","プロパー","1","物流部倉庫","0","1.00","0.00","1.00","2.00","594.00","1188","自社","2026/09","1.00","0.00","0.00","5.00","4.00","0.00","0.00","0.00","0.00","0.00"
"ｽｶﾝｼﾞﾅﾋﾞｱﾝﾊﾟﾀﾝｺﾚｸｼｮﾝ","SPC006","3","20","ＳＰＣ－００６","ﾌﾞﾗｳﾝﾃﾞﾐ/ﾌﾞﾗｳﾝﾍﾞｰｼﾞｭ","プロパー","1","物流部倉庫","0","1.00","0.00","7.00","8.00","594.00","4752","自社","2026/09","6.00","0.00","0.00","6.00","4.00","0.00","0.00","0.00","0.00","0.00"
"ｽｶﾝｼﾞﾅﾋﾞｱﾝﾊﾟﾀﾝｺﾚｸｼｮﾝ","SPC006","3","25","ＳＰＣ－００６","ﾌﾞﾗｳﾝﾃﾞﾐ/ﾌﾞﾗｳﾝﾍﾞｰｼﾞｭ","プロパー","1","物流部倉庫","0","3.00","0.00","6.00","9.00","594.00","5346","自社","2026/09","7.00","0.00","0.00","3.00","1.00","0.00","0.00","0.00","0.00","0.00"
"ｽｶﾝｼﾞﾅﾋﾞｱﾝﾊﾟﾀﾝｺﾚｸｼｮﾝ","SPC007","2","10","ＳＰＣ－００７","ｸﾘｱｱﾌﾟﾘｺｯﾄ/ﾍﾞｰｼﾞｭ","プロパー","1","物流部倉庫","0","0.00","0.00","91.00","91.00","701.25","63814","自社","2026/09","129.00","0.00","8.00","1.00","31.00","0.00","0.00","0.00","0.00","0.00"
"ｽｶﾝｼﾞﾅﾋﾞｱﾝﾊﾟﾀﾝｺﾚｸｼｮﾝ","SPC007","2","15","ＳＰＣ－００７","ｸﾘｱｱﾌﾟﾘｺｯﾄ/ﾍﾞｰｼﾞｭ","プロパー","1","物流部倉庫","0","0.00","0.00","134.00","134.00","701.25","93968","自社","2026/09","179.00","0.00","13.00","0.00","32.00","0.00","0.00","0.00","0.00","0.00"
"ｽｶﾝｼﾞﾅﾋﾞｱﾝﾊﾟﾀﾝｺﾚｸｼｮﾝ","SPC007","2","20","ＳＰＣ－００７","ｸﾘｱｱﾌﾟﾘｺｯﾄ/ﾍﾞｰｼﾞｭ","プロパー","1","物流部倉庫","0","0.00","0.00","131.00","131.00","701.25","91864","自社","2026/09","168.00","0.00","10.00","0.00","27.00","0.00","0.00","0.00","0.00","0.00"
"ｽｶﾝｼﾞﾅﾋﾞｱﾝﾊﾟﾀﾝｺﾚｸｼｮﾝ","SPC007","2","25","ＳＰＣ－００７","ｸﾘｱｱﾌﾟﾘｺｯﾄ/ﾍﾞｰｼﾞｭ","プロパー","1","物流部倉庫","0","0.00","0.00","6.00","6.00","701.25","4208","自社","2026/09","22.00","0.00","16.00","0.00","0.00","0.00","0.00","0.00","0.00","0.00"
"ｽｶﾝｼﾞﾅﾋﾞｱﾝﾊﾟﾀﾝｺﾚｸｼｮﾝ","SPC007","3","10","ＳＰＣ－００７","ﾌﾞﾗｯｸ/ﾋﾟﾝｸﾍﾞｰｼﾞｭ","プロパー","1","物流部倉庫","0","5.00","0.00","55.00","60.00","701.25","42075","自社","2026/09","83.00","0.00","20.00","0.00","3.00","0.00","0.00","0.00","0.00","0.00"
"ｽｶﾝｼﾞﾅﾋﾞｱﾝﾊﾟﾀﾝｺﾚｸｼｮﾝ","SPC007","3","15","ＳＰＣ－００７","ﾌﾞﾗｯｸ/ﾋﾟﾝｸﾍﾞｰｼﾞｭ","プロパー","1","物流部倉庫","0","0.00","0.00","43.00","43.00","701.25","30154","自社","2026/09","73.00","0.00","27.00","0.00","3.00","0.00","0.00","0.00","0.00","0.00"
"ｽｶﾝｼﾞﾅﾋﾞｱﾝﾊﾟﾀﾝｺﾚｸｼｮﾝ","SPC007","3","20","ＳＰＣ－００７","ﾌﾞﾗｯｸ/ﾋﾟﾝｸﾍﾞｰｼﾞｭ","プロパー","1","物流部倉庫","0","0.00","0.00","1.00","1.00","701.25","701","自社","2026/09","17.00","0.00","15.00","0.00","1.00","0.00","0.00","0.00","0.00","0.00"
"ｽｶﾝｼﾞﾅﾋﾞｱﾝﾊﾟﾀﾝｺﾚｸｼｮﾝ","SPC007","3","25","ＳＰＣ－００７","ﾌﾞﾗｯｸ/ﾋﾟﾝｸﾍﾞｰｼﾞｭ","プロパー","1","物流部倉庫","0","3.00","0.00","12.00","15.00","701.25","10519","自社","2026/09","16.00","0.00","1.00","1.00","1.00","0.00","0.00","0.00","0.00","0.00"
"ｽｶﾝｼﾞﾅﾋﾞｱﾝﾊﾟﾀﾝｺﾚｸｼｮﾝ","SPC009","1","10","ＳＰＣ－００９","ﾌﾞﾗｳﾝﾃﾞﾐ/ｺﾞｰﾙﾄﾞ","プロパー","1","物流部倉庫","0","0.00","0.00","3.00","3.00","783.75","2351","自社","2026/09","3.00","0","0","0","0","0","0","0","0","0.00"
"ｽｶﾝｼﾞﾅﾋﾞｱﾝﾊﾟﾀﾝｺﾚｸｼｮﾝ","SPC009","1","15","ＳＰＣ－００９","ﾌﾞﾗｳﾝﾃﾞﾐ/ｺﾞｰﾙﾄﾞ","プロパー","1","物流部倉庫","0","0.00","0.00","1.00","1.00","783.75","784","自社","2026/09","1.00","0.00","1.00","1.00","0.00","0.00","0.00","0.00","0.00","0.00"
"ｽｶﾝｼﾞﾅﾋﾞｱﾝﾊﾟﾀﾝｺﾚｸｼｮﾝ","SPC009","1","20","ＳＰＣ－００９","ﾌﾞﾗｳﾝﾃﾞﾐ/ｺﾞｰﾙﾄﾞ","プロパー","1","物流部倉庫","0","0.00","0.00","2.00","2.00","783.75","1568","自社","2026/09","3.00","0.00","1.00","0.00","0.00","0.00","0.00","0.00","0.00","0.00"
"ｽｶﾝｼﾞﾅﾋﾞｱﾝﾊﾟﾀﾝｺﾚｸｼｮﾝ","SPC009","1","25","ＳＰＣ－００９","ﾌﾞﾗｳﾝﾃﾞﾐ/ｺﾞｰﾙﾄﾞ","プロパー","1","物流部倉庫","0","0.00","0.00","3.00","3.00","783.75","2351","自社","2026/09","3.00","0","0","0","0","0","0","0","0","0.00"
"ｽｶﾝｼﾞﾅﾋﾞｱﾝﾊﾟﾀﾝｺﾚｸｼｮﾝ","SPC009","2","10","ＳＰＣ－００９","ﾐﾙｷｰﾍﾞｰｼﾞｭ/ｺﾞｰﾙﾄﾞ","プロパー","1","物流部倉庫","0","0.00","0.00","18.00","18.00","783.75","14108","自社","2026/09","28.00","0.00","10.00","0.00","0.00","0.00","0.00","0.00","0.00","0.00"
"ｽｶﾝｼﾞﾅﾋﾞｱﾝﾊﾟﾀﾝｺﾚｸｼｮﾝ","SPC009","2","15","ＳＰＣ－００９","ﾐﾙｷｰﾍﾞｰｼﾞｭ/ｺﾞｰﾙﾄﾞ","プロパー","1","物流部倉庫","0","0.00","0.00","3.00","3.00","783.75","2351","自社","2026/09","7.00","0.00","4.00","1.00","1.00","0.00","0.00","0.00","0.00","0.00"
"ｽｶﾝｼﾞﾅﾋﾞｱﾝﾊﾟﾀﾝｺﾚｸｼｮﾝ","SPC009","2","20","ＳＰＣ－００９","ﾐﾙｷｰﾍﾞｰｼﾞｭ/ｺﾞｰﾙﾄﾞ","プロパー","1","物流部倉庫","0","0.00","0.00","1.00","1.00","783.75","784","自社","2026/09","5.00","0.00","2.00","0.00","2.00","0.00","0.00","0.00","0.00","0.00"
"ｽｶﾝｼﾞﾅﾋﾞｱﾝﾊﾟﾀﾝｺﾚｸｼｮﾝ","SPC009","2","25","ＳＰＣ－００９","ﾐﾙｷｰﾍﾞｰｼﾞｭ/ｺﾞｰﾙﾄﾞ","プロパー","1","物流部倉庫","0","0.00","0.00","2.00","2.00","783.75","1568","自社","2026/09","2.00","0","0","0","0","0","0","0","0","0.00"
"ECｱｸｾ","STANDENPITSU","GRN","0","ＳＴＡＮＤＥＮＰＩＴＳＵ","ｸﾞﾘｰﾝ","プロパー","1","物流部倉庫","0","2.00","0.00","0.00","2.00","380.00","760","自社","2026/09","0.00","0.00","1.00","3.00","0.00","0.00","0.00","0.00","0.00","0.00"
"ECｱｸｾ","STANDENPITSU","L/BLU","0","ＳＴＡＮＤＥＮＰＩＴＳＵ","ﾗｲﾄﾌﾞﾙｰ","プロパー","1","物流部倉庫","0","1.00","0.00","0.00","1.00","380.00","380","自社","2026/09","1.00","0.00","2.00","2.00","0.00","0.00","0.00","0.00","0.00","0.00"
"ECｱｸｾ","STANDENPITSU","PNK","0","ＳＴＡＮＤＥＮＰＩＴＳＵ","ﾋﾟﾝｸ","プロパー","1","物流部倉庫","0","2.00","0.00","0.00","2.00","380.00","760","自社","2026/09","2.00","0.00","1.00","1.00","0.00","0.00","0.00","0.00","0.00","0.00"
"ｵﾘｴﾝﾀﾙﾗﾝﾄﾞOEM SG","TDR19MM5","5","0","ＴＤＲ－１９ＭＭ－５","シルバー","OEM","1","物流部倉庫","0","1070.00","0.00","0.00","1070.00","733.68","785038","自社","2026/09","1070.00","0","0","0","0","0","0","0","0","0.00"
"ｵﾘｴﾝﾀﾙﾗﾝﾄﾞOEM SG","TDR19POH1","1","0","ＴＤＲ－１９ＰＯＨ－１","ｼﾙﾊﾞｰ","OEM","1","物流部倉庫","0","299.00","0.00","0.00","299.00","798.48","238746","自社","2026/09","279.00","0.00","3360.00","3380.00","0.00","0.00","0.00","0.00","0.00","0.00"
"ｵﾘｴﾝﾀﾙﾗﾝﾄﾞOEM SG","TDR23MM1","1","0","ＴＤＲ－２３ＭＭ－１","ガン","OEM","1","物流部倉庫","0","6571.00","0.00","0.00","6571.00","662.40","4352630","自社","2026/09","1146.00","0.00","0.00","5425.00","0.00","0.00","0.00","0.00","0.00","0.00"
"ｵﾘｴﾝﾀﾙﾗﾝﾄﾞOEM SG","TDR23MM2","2","0","ＴＤＲ－２３ＭＭ－２","ピンクゴールド","OEM","1","物流部倉庫","0","13334.00","0.00","0.00","13334.00","748.08","9974899","自社","2026/09","926.00","0.00","0.00","12408.00","0.00","0.00","0.00","0.00","0.00","0.00"
"ｵﾘｴﾝﾀﾙﾗﾝﾄﾞOEM SG","TDR23MM3","3","0","ＴＤＲ－２３ＭＭ－３","ブルー","OEM","1","物流部倉庫","0","5743.00","0.00","0.00","5743.00","767.04","4405111","自社","2026/09","693.00","0.00","0.00","5050.00","0.00","0.00","0.00","0.00","0.00","0.00"
"ｵﾘｴﾝﾀﾙﾗﾝﾄﾞOEM SG","TDR23MM4","4","0","ＴＤＲ－２３ＭＭ－４","シルバーゴールド","OEM","1","物流部倉庫","0","10722.00","0.00","0.00","10722.00","666.72","7148572","自社","2026/09","662.00","0.00","0.00","10060.00","0.00","0.00","0.00","0.00","0.00","0.00"
"ｵﾘｴﾝﾀﾙﾗﾝﾄﾞOEM SG","TDR24MM1","1","0","ＴＤＲ－２４ＭＭ－１","パープル","OEM","1","物流部倉庫","0","136.00","0.00","0.00","136.00","685.25","93194","自社","2026/09","116.00","0.00","5040.00","5060.00","0.00","0.00","0.00","0.00","0.00","0.00"
"ｵﾘｴﾝﾀﾙﾗﾝﾄﾞOEM SG","TDR25RBN1","1","0","ＴＤＲ－２５ＲＢＮ－１","ピンク","OEM","1","物流部倉庫","0","15250.00","0.00","0.00","15250.00","708.50","10804625","自社","2026/09","150.00","0.00","0.00","15100.00","0.00","0.00","0.00","0.00","0.00","0.00"
"ｵﾘｴﾝﾀﾙﾗﾝﾄﾞOEM SG","TDRFT1","1","0","ＴＤＲ－ＦＴ－１","ブラック","OEM","1","物流部倉庫","0","79.00","0.00","0.00","79.00","620.40","49012","自社","2026/09","79.00","0","0","0","0","0","0","0","0","0.00"
"ｵﾘｴﾝﾀﾙﾗﾝﾄﾞOEM SG","TDRHTBLK1","1","0","ＴＤＲ－ＨＴＢＬＫ－１","ブラック","OEM","1","物流部倉庫","0","100.00","0.00","0.00","100.00","519.75","51975","自社","2026/09","100.00","0","0","0","0","0","0","0","0","0.00"
"ｵﾘｴﾝﾀﾙﾗﾝﾄﾞOEM SG","TDRJC","1","0","ＴＤＲ－ＪＣ","ブラック","OEM","1","物流部倉庫","0","9112.00","0.00","0.00","9112.00","579.84","5283502","自社","2026/09","12.00","0.00","0.00","9100.00","0.00","0.00","0.00","0.00","0.00","0.00"
"ｵﾘｴﾝﾀﾙﾗﾝﾄﾞOEM SG","TDRS25A1","1","0","ＴＤＲ－Ｓ２５Ａ－１","ジュビリーブルー","OEM","1","物流部倉庫","0","13.00","0.00","0.00","13.00","557.52","7248","自社","2026/09","13.00","0","0","0","0","0","0","0","0","0.00"
"ｵﾘｴﾝﾀﾙﾗﾝﾄﾞOEM SG","TDRSL1","1","0","ＴＤＲ－ＳＬ－１","シルバー","OEM","1","物流部倉庫","0","179.00","0.00","0.00","179.00","778.25","139307","自社","2026/09","159.00","0.00","4400.00","4420.00","0.00","0.00","0.00","0.00","0.00","0.00"
"ｵﾘｴﾝﾀﾙﾗﾝﾄﾞOEM SG","TDRX26O1","1","0","ＴＤＲ－Ｘ２６Ｏ－１","ブラック","OEM","1","物流部倉庫","0","100.00","0.00","0.00","100.00","759.00","75900","自社","2026/09","100.00","0","0","0","0","0","0","0","0","0.00"
"ECｱｸｾ","TOFU1B","1","0","ＴＯＦＵ－１Ｂ","SHIRO","プロパー","1","物流部倉庫","0","3.00","0.00","0.00","3.00","2520.00","7560","自社","2026/09","3.00","0","0","0","0","0","0","0","0","0.00"
"ECｱｸｾ","TOFU1B","2","0","ＴＯＦＵ－１Ｂ","KURO","プロパー","1","物流部倉庫","0","3.00","0.00","0.00","3.00","2520.00","7560","自社","2026/09","3.00","0","0","0","0","0","0","0","0","0.00"
"ECｱｸｾ","TOFU2B","1","0","ＴＯＦＵ－２Ｂ","SHIRO","プロパー","1","物流部倉庫","0","2.00","0.00","0.00","2.00","2640.00","5280","自社","2026/09","3.00","0.00","1.00","0.00","0.00","0.00","0.00","0.00","0.00","0.00"
"ECｱｸｾ","TOFU2B","2","0","ＴＯＦＵ－２Ｂ","KURO","プロパー","1","物流部倉庫","0","2.00","0.00","0.00","2.00","2640.00","5280","自社","2026/09","4.00","0.00","2.00","0.00","0.00","0.00","0.00","0.00","0.00","0.00"
"ECｱｸｾ","TOFU4B","1","0","ＴＯＦＵ－４Ｂ","SHIRO","プロパー","1","物流部倉庫","0","2.00","0.00","0.00","2.00","3120.00","6240","自社","2026/09","2.00","0","0","0","0","0","0","0","0","0.00"
"ECｱｸｾ","TOFU4B","2","0","ＴＯＦＵ－４Ｂ","KURO","プロパー","1","物流部倉庫","0","4.00","0.00","0.00","4.00","3120.00","12480","自社","2026/09","4.00","0","0","0","0","0","0","0","0","0.00"
"ECｱｸｾ","TOFU5B","1","0","ＴＯＦＵ－５Ｂ","SHIRO","プロパー","1","物流部倉庫","0","4.00","0.00","0.00","4.00","3240.00","12960","自社","2026/09","4.00","0","0","0","0","0","0","0","0","0.00"
"ECｱｸｾ","TOFU5B","2","0","ＴＯＦＵ－５Ｂ","KURO","プロパー","1","物流部倉庫","0","4.00","0.00","0.00","4.00","3240.00","12960","自社","2026/09","4.00","0","0","0","0","0","0","0","0","0.00"
"ECｱｸｾ","TWIG1","01M","0","ｔｗｉｇ１","ﾏﾙ","プロパー","1","物流部倉庫","0","10.00","0.00","0.00","10.00","1500.00","15000","自社","2026/09","10.00","0","0","0","0","0","0","0","0","0.00"
"ECｱｸｾ","TWIG1","02R","0","ｔｗｉｇ１","ﾛｯｶｸ","プロパー","1","物流部倉庫","0","9.00","0.00","0.00","9.00","1500.00","13500","自社","2026/09","10.00","0.00","1.00","0.00","0.00","0.00","0.00","0.00","0.00","0.00"
"ECｱｸｾ","TWIG1","03S","0","ｔｗｉｇ１","ｼｶｸ","プロパー","1","物流部倉庫","0","8.00","0.00","0.00","8.00","1500.00","12000","自社","2026/09","8.00","0","0","0","0","0","0","0","0","0.00"
"ECｱｸｾ","TWIG2","01M","0","ｔｗｉｇ２","ﾏﾙ","プロパー","1","物流部倉庫","0","38.00","0.00","0.00","38.00","600.00","22800","自社","2026/09","29.00","0.00","21.00","30.00","0.00","0.00","0.00","0.00","0.00","0.00"
"ECｱｸｾ","TWIG2","02R","0","ｔｗｉｇ２","ﾛｯｶｸ","プロパー","1","物流部倉庫","0","36.00","0.00","0.00","36.00","600.00","21600","自社","2026/09","33.00","0.00","7.00","10.00","0.00","0.00","0.00","0.00","0.00","0.00"
"ECｱｸｾ","TWIG2","03S","0","ｔｗｉｇ２","ｼｶｸ","プロパー","1","物流部倉庫","0","14.00","0.00","0.00","14.00","600.00","8400","自社","2026/09","17.00","0.00","3.00","0.00","0.00","0.00","0.00","0.00","0.00","0.00"
"ECｱｸｾ","TWIG3","01","0","ｔｗｉｇ３","ﾏﾙﾁ","プロパー","1","物流部倉庫","0","5.00","0.00","0.00","5.00","900.00","4500","自社","2026/09","1.00","0.00","6.00","10.00","0.00","0.00","0.00","0.00","0.00","0.00"
"優軽(うかる)F","UK001","1","0","ＵＫ－００１","ﾌﾞﾗｯｸ","プロパー","1","物流部倉庫","0","0.00","0.00","57.00","57.00","2354.20","134189","自社","2026/09","59.00","0.00","2.00","0.00","0.00","0.00","0.00","0.00","0.00","0.00"
"優軽(うかる)F","UK001","2","0","ＵＫ－００１","ｸﾘｱﾗｲﾄﾌﾞﾗｳﾝ","プロパー","1","物流部倉庫","0","0.00","0.00","19.00","19.00","2354.20","44730","自社","2026/09","21.00","0.00","1.00","0.00","1.00","0.00","0.00","0.00","0.00","0.00"
"優軽(うかる)F","UK002","1","0","ＵＫ－００２","ﾌﾞﾗｯｸ","プロパー","1","物流部倉庫","0","0.00","0.00","16.00","16.00","2354.20","37667","自社","2026/09","20.00","0.00","4.00","0.00","0.00","0.00","0.00","0.00","0.00","0.00"
"一般SG","VJ015","1","0","ＶＪ－０１５","ﾌﾞﾗｯｸ","OEM","1","物流部倉庫","0","8.00","0.00","0.00","8.00","5500.00","44000","自社","2026/09","0.00","0.00","0.00","8.00","0.00","0.00","0.00","0.00","0.00","0.00"
"一般SG","VR3039","1","0","ＶＲ－３０３９","ﾌﾞﾗｯｸ","プロパー","1","物流部倉庫","0","5.00","0.00","0.00","5.00","12000.00","60000","自社","2026/09","5.00","0","0","0","0","0","0","0","0","0.00"
"ECｱｸｾ","WAKAN1","1","0","ＷＡＫＡＮ－１","ﾅﾁｭﾗﾙ","プロパー","1","物流部倉庫","0","20.00","0.00","0.00","20.00","1080.00","21600","自社","2026/09","11.00","0.00","5.00","14.00","0.00","0.00","0.00","0.00","0.00","0.00"
"ECｱｸｾ","WAKANBATHGIFT","1","0","ＷＡＫＡＮ－ＢＡＴＨＧＩＦＴ","ﾖﾓｷﾞ","プロパー","1","物流部倉庫","0","11.00","0.00","0.00","11.00","2100.00","23100","自社","2026/09","2.00","0.00","0.00","9.00","0.00","0.00","0.00","0.00","0.00","0.00"
"XLARGE SG","XLTYPE01","1","46","ＸＬ－ＴＹＰＥ０１","ﾌﾞﾗｯｸ","OEM","1","物流部倉庫","0","6.00","0.00","0.00","6.00","1815.00","10890","自社","2026/09","5.00","0.00","0.00","1.00","0.00","0.00","0.00","0.00","0.00","0.00"
"XLARGE SG","XLTYPE01","2","46","ＸＬ－ＴＹＰＥ０１","ｲｴﾛｰﾃﾞﾐ","OEM","1","物流部倉庫","0","3.00","0.00","0.00","3.00","1815.00","5445","自社","2026/09","2.00","0.00","0.00","1.00","0.00","0.00","0.00","0.00","0.00","0.00"
"XLARGE SG","XLTYPE02","1","52","ＸＬ－ＴＹＰＥ０２","ﾌﾞﾗｯｸ","OEM","1","物流部倉庫","0","11.00","0.00","0.00","11.00","1815.00","19965","自社","2026/09","11.00","0","0","0","0","0","0","0","0","0.00"
"XLARGE SG","XLTYPE02","2","52","ＸＬ－ＴＹＰＥ０２","ﾎﾜｲﾄ","OEM","1","物流部倉庫","0","6.00","0.00","0.00","6.00","1815.00","10890","自社","2026/09","6.00","0","0","0","0","0","0","0","0","0.00"
"XLARGE SG","XLTYPE02","3","52","ＸＬ－ＴＹＰＥ０２","ﾌﾞﾗｳﾝ","OEM","1","物流部倉庫","0","9.00","0.00","0.00","9.00","1815.00","16335","自社","2026/09","9.00","0","0","0","0","0","0","0","0","0.00"
"XLARGE SG","XLTYPE02","4","52","ＸＬ－ＴＹＰＥ０２","ﾌﾞﾙｰ","OEM","1","物流部倉庫","0","9.00","0.00","0.00","9.00","1815.00","16335","自社","2026/09","8.00","0.00","0.00","1.00","0.00","0.00","0.00","0.00","0.00","0.00"
"XLARGE SG","XLTYPE02","5","52","ＸＬ－ＴＹＰＥ０２","ﾊﾟｰﾌﾟﾙﾌﾞﾗｯｸ/ｼﾙﾊﾞｰ","OEM","1","物流部倉庫","0","0.00","0.00","106.00","106.00","1815.00","192390","自社","2026/09","106.00","0","0","0","0","0","0","0","0","0.00"
"XLARGE SG","XLTYPE03","1","50","ＸＬ－ＴＹＰＥ０３","ﾌﾞﾗｯｸ","OEM","1","物流部倉庫","0","9.00","0.00","0.00","9.00","1815.00","16335","自社","2026/09","9.00","0","0","0","0","0","0","0","0","0.00"
"XLARGE SG","XLTYPE03","2","50","ＸＬ－ＴＹＰＥ０３","ﾍﾞｰｼﾞｭ","OEM","1","物流部倉庫","0","6.00","0.00","0.00","6.00","1815.00","10890","自社","2026/09","6.00","0","0","0","0","0","0","0","0","0.00"
"XLARGE SG","XLTYPE03","3","50","ＸＬ－ＴＹＰＥ０３","ﾌﾞﾗｳﾝ","OEM","1","物流部倉庫","0","7.00","0.00","0.00","7.00","1815.00","12705","自社","2026/09","7.00","0","0","0","0","0","0","0","0","0.00"
"XLARGE SG","XLTYPE03","4","50","ＸＬ－ＴＹＰＥ０３","ｸﾞﾘｰﾝﾃﾞﾐ","OEM","1","物流部倉庫","0","10.00","0.00","0.00","10.00","1815.00","18150","自社","2026/09","9.00","0.00","0.00","1.00","0.00","0.00","0.00","0.00","0.00","0.00"
"販 促 品","XWBP24"," ","0","XWﾛｺﾞﾌﾟﾚｰﾄ24","　","プロパー","1","物流部倉庫","0","48.00","6.00","0.00","54.00","0.00","0","自社","2026/09","57.00","0.00","3.00","0.00","0.00","0.00","0.00","0.00","0.00","0.00"
"販 促 品","XWPV24"," ","0","ｴｸｽﾜｲｱPVﾃﾞｰﾀ24","　","プロパー","1","物流部倉庫","0","30.00","0.00","0.00","30.00","0.00","0","自社","2026/09","31.00","0.00","1.00","0.00","0.00","0.00","0.00","0.00","0.00","0.00"
"販 促 品","XWTRY24"," ","0","XWﾄﾚｲ24","　","プロパー","1","物流部倉庫","0","133.00","0.00","0.00","133.00","0.00","0","自社","2026/09","133.00","0","0","0","0","0","0","0","0","0.00"
"荷造包装費(販管)","Z12D"," ","0","セリート・ケース","　","プロパー","1","物流部倉庫","0","723.00","0.00","0.00","723.00","0.00","0","自社","2026/09","723.00","0","0","0","0","0","0","0","0","0.00"
"荷造包装費(販管)","Z12F"," ","0","ＯＰＰ（得意先）","　","プロパー","1","物流部倉庫","0","470.00","0.00","0.00","470.00","0.00","0","自社","2026/09","470.00","0","0","0","0","0","0","0","0","0.00"
"発送配達費(販管)","Z13"," ","0","送料","　","プロパー","1","物流部倉庫","0","9.00","0.00","0.00","9.00","0.00","0","自社","2026/09","9.00","0","0","0","0","0","0","0","0","0.00"
"広告宣伝費(販管)","Z14"," ","0","広告宣伝費  Z14","　","プロパー","1","物流部倉庫","0","32174.00","1.00","0.00","32175.00","0.00","0","自社","2026/09","32183.00","0.00","8.00","0.00","0.00","0.00","0.00","0.00","0.00","0.00"
"広告宣伝費(販管)","Z14A"," ","0","ディスプレー","　","プロパー","1","物流部倉庫","0","18606.00","60.00","0.00","18666.00","0.00","0","自社","2026/09","18733.00","0.00","21.00","0.00","46.00","0.00","0.00","0.00","0.00","0.00"
"ｸﾗﾌｼｽF","CRF300","1","50","ＣＲＦ－３００","ﾌﾞﾗｯｸ/ﾌﾞﾗｯｸ･ｸﾘｱ","プロパー","1","物流部倉庫","002A010","98.00","0.00","5.00","103.00","6177.00","636231","自社","2026/09","109.00","0.00","0.00","1.00","7.00","0.00","0.00","0.00","0.00","0.00"
"ｸﾗﾌｼｽF","CRF300","2","50","ＣＲＦ－３００","ｲｴﾛｰﾃﾞﾐ","プロパー","1","物流部倉庫","002A010","38.00","0.00","5.00","43.00","6177.00","265611","自社","2026/09","49.00","0.00","1.00","1.00","6.00","0.00","0.00","0.00","0.00","0.00"
"ｸﾗﾌｼｽF","CRF300","3","50","ＣＲＦ－３００","ｸﾘｱﾌﾞﾗｳﾝ","プロパー","1","物流部倉庫","002A010","76.00","0.00","5.00","81.00","6177.00","500337","自社","2026/09","87.00","0.00","1.00","1.00","6.00","0.00","0.00","0.00","0.00","0.00"
"ｸﾗﾌｼｽF","CRF301","1","53","ＣＲＦ－３０１","ﾌﾞﾗｯｸ/ｸﾘｱ･ﾌﾞﾗｯｸ","プロパー","1","物流部倉庫","002A010","77.00","0.00","5.00","82.00","6177.00","506514","自社","2026/09","89.00","0.00","1.00","1.00","7.00","0.00","0.00","0.00","0.00","0.00"
"ｸﾗﾌｼｽF","CRF301","2","53","ＣＲＦ－３０１","ﾌﾞﾗｳﾝﾃﾞﾐ","プロパー","1","物流部倉庫","002A010","71.00","0.00","5.00","76.00","6177.00","469452","自社","2026/09","81.00","0.00","0.00","1.00","6.00","0.00","0.00","0.00","0.00","0.00"
"ｸﾗﾌｼｽF","CRF301","3","53","ＣＲＦ－３０１","ｸﾞﾚｰｻｻ","プロパー","1","物流部倉庫","002A010","72.00","0.00","5.00","77.00","6177.00","475629","自社","2026/09","80.00","0.00","0.00","1.00","4.00","0.00","0.00","0.00","0.00","0.00"
"ｸﾗﾌｼｽF","CRF302","1","49","ＣＲＦ－３０２","ﾌﾞﾗｯｸ/ﾌﾞﾗｯｸ･ｸﾘｱ","プロパー","1","物流部倉庫","002A010","96.00","0.00","3.00","99.00","6224.00","616176","自社","2026/09","104.00","0.00","1.00","1.00","5.00","0.00","0.00","0.00","0.00","0.00"
"ｸﾗﾌｼｽF","CRF302","2","49","ＣＲＦ－３０２","ｲｴﾛｰﾃﾞﾐ","プロパー","1","物流部倉庫","002A010","60.00","0.00","3.00","63.00","6224.00","392112","自社","2026/09","67.00","0.00","1.00","1.00","4.00","0.00","0.00","0.00","0.00","0.00"
"ｸﾗﾌｼｽF","CRF302","3","49","ＣＲＦ－３０２","ｸﾞﾚｰﾃﾞﾐ","プロパー","1","物流部倉庫","002A010","98.00","0.00","3.00","101.00","6224.00","628624","自社","2026/09","108.00","0.00","1.00","1.00","7.00","0.00","0.00","0.00","0.00","0.00"
"ｸﾗﾌｼｽF","CRF303","1","50","ＣＲＦ－３０３","ﾌﾞﾗｯｸ","プロパー","1","物流部倉庫","002A010","109.00","0.00","3.00","112.00","5766.00","645792","自社","2026/09","117.00","0.00","0.00","1.00","6.00","0.00","0.00","0.00","0.00","0.00"
"ｸﾗﾌｼｽF","CRF303","2","50","ＣＲＦ－３０３","ﾌﾞﾗｳﾝﾃﾞﾐ","プロパー","1","物流部倉庫","002A010","89.00","0.00","3.00","92.00","5766.00","530472","自社","2026/09","96.00","0.00","1.00","1.00","4.00","0.00","0.00","0.00","0.00","0.00"
"ｸﾗﾌｼｽF","CRF303","3","50","ＣＲＦ－３０３","ｵﾘｰﾌﾞｻｻ","プロパー","1","物流部倉庫","002A010","54.00","0.00","3.00","57.00","5766.00","328662","自社","2026/09","64.00","0.00","1.00","1.00","7.00","0.00","0.00","0.00","0.00","0.00"
"海外ｵｰｳﾞｧﾙﾀｸﾐﾃﾞｻﾞｲﾝF","T1070M","3","0","１０７０Ｍ","ｶﾞﾝﾒﾀﾙ","プロパー","1","物流部倉庫","002A010","1.00","0.00","0.00","1.00","1500.00","1500","自社","2026/09","1.00","0","0","0","0","0","0","0","0","0.00"
"海外ｵｰｳﾞｧﾙﾀｸﾐﾃﾞｻﾞｲﾝF","T1071M","1","59","１０７１Ｍ","ﾀﾞｰｸｸﾞﾚｰ(ﾀﾞｰｸﾌﾞﾗｳﾝ)","プロパー","1","物流部倉庫","002A010","6.00","0.00","0.00","6.00","735.00","4410","自社","2026/09","6.00","0","0","0","0","0","0","0","0","0.00"
"海外ｵｰｳﾞｧﾙﾀｸﾐﾃﾞｻﾞｲﾝF","T1071M","2","59","１０７１Ｍ","ﾀﾞｰｸｸﾞﾚｰ(ｽﾓｰｸ)","プロパー","1","物流部倉庫","002A010","21.00","0.00","0.00","21.00","735.00","15435","自社","2026/09","21.00","0","0","0","0","0","0","0","0","0.00"
"海外ｵｰｳﾞｧﾙﾀｸﾐﾃﾞｻﾞｲﾝF","T1071M","3","59","１０７１Ｍ","ﾀﾞｰｸｸﾞﾚｰ(ｸﾞﾘｰﾝ)","プロパー","1","物流部倉庫","002A010","4.00","0.00","0.00","4.00","735.00","2940","自社","2026/09","4.00","0","0","0","0","0","0","0","0","0.00"
"海外ｵｰｳﾞｧﾙﾀｸﾐﾃﾞｻﾞｲﾝF","T1071M","4","59","１０７１Ｍ","ﾀﾞｰｸｸﾞﾚｰ(ﾀﾞｰｸｽﾓｰｸ)","プロパー","1","物流部倉庫","002A010","3.00","0.00","0.00","3.00","735.00","2205","自社","2026/09","3.00","0","0","0","0","0","0","0","0","0.00"
"海外ｵｰｳﾞｧﾙﾀｸﾐﾃﾞｻﾞｲﾝF","T1072M","2","58","１０７２Ｍ","ﾀﾞｰｸｸﾞﾚｰ(ｸﾞﾘｰﾝ)","プロパー","1","物流部倉庫","002A010","12.00","0.00","0.00","12.00","735.00","8820","自社","2026/09","12.00","0","0","0","0","0","0","0","0","0.00"
"海外ｵｰｳﾞｧﾙﾀｸﾐﾃﾞｻﾞｲﾝF","T1072M","3","58","１０７２Ｍ","ﾀﾞｰｸｸﾞﾚｰ(ｽﾓｰｸ)","プロパー","1","物流部倉庫","002A010","3.00","0.00","0.00","3.00","735.00","2205","自社","2026/09","3.00","0","0","0","0","0","0","0","0","0.00"
"海外ｵｰｳﾞｧﾙﾀｸﾐﾃﾞｻﾞｲﾝF","T1073M","2","59","１０７３Ｍ","ﾀﾞｰｸｸﾞﾚｰ(ﾀﾞｰｸﾌﾞﾗｳﾝ)","プロパー","1","物流部倉庫","002A010","1.00","0.00","0.00","1.00","735.00","735","自社","2026/09","1.00","0","0","0","0","0","0","0","0","0.00"
"海外ｵｰｳﾞｧﾙﾀｸﾐﾃﾞｻﾞｲﾝF","T1073M","3","59","１０７３Ｍ","ﾀﾞｰｸｸﾞﾚｰ(ｸﾞﾘｰﾝ)","プロパー","1","物流部倉庫","002A010","12.00","0.00","0.00","12.00","735.00","8820","自社","2026/09","12.00","0","0","0","0","0","0","0","0","0.00"
"海外ｵｰｳﾞｧﾙﾀｸﾐﾃﾞｻﾞｲﾝF","T1073M","4","59","１０７３Ｍ","ﾀﾞｰｸｸﾞﾚｰ(ﾀﾞｰｸｽﾓｰｸ)","プロパー","1","物流部倉庫","002A010","4.00","0.00","0.00","4.00","735.00","2940","自社","2026/09","4.00","0","0","0","0","0","0","0","0","0.00"
"海外ｵｰｳﾞｧﾙﾀｸﾐﾃﾞｻﾞｲﾝF","T1073M","5","59","１０７３Ｍ","ﾀﾞｰｸｸﾞﾚｰ(ｽﾓｰｸ)","プロパー","1","物流部倉庫","002A010","5.00","0.00","0.00","5.00","735.00","3675","自社","2026/09","5.00","0","0","0","0","0","0","0","0","0.00"
"海外ｵｰｳﾞｧﾙﾀｸﾐﾃﾞｻﾞｲﾝF","T1074M","1","57","１０７４Ｍ","ﾌﾞﾗｳﾝ","プロパー","1","物流部倉庫","002A010","6.00","0.00","0.00","6.00","1218.00","7308","自社","2026/09","6.00","0","0","0","0","0","0","0","0","0.00"
"海外ｵｰｳﾞｧﾙﾀｸﾐﾃﾞｻﾞｲﾝF","T1074M","2","57","１０７４Ｍ","ﾍｱﾗｲﾝｸﾞﾚｰ","プロパー","1","物流部倉庫","002A010","5.00","0.00","0.00","5.00","1218.00","6090","自社","2026/09","5.00","0","0","0","0","0","0","0","0","0.00"
"海外ｵｰｳﾞｧﾙﾀｸﾐﾃﾞｻﾞｲﾝF","T1074M","3","57","１０７４Ｍ","ｶﾞﾝﾒﾀﾙ","プロパー","1","物流部倉庫","002A010","3.00","0.00","0.00","3.00","1218.00","3654","自社","2026/09","3.00","0","0","0","0","0","0","0","0","0.00"
"海外ｵｰｳﾞｧﾙﾀｸﾐﾃﾞｻﾞｲﾝF","T1074M","5","57","１０７４Ｍ","ﾍｱﾗｲﾝｺﾞｰﾙﾄﾞ","プロパー","1","物流部倉庫","002A010","2.00","0.00","0.00","2.00","1218.00","2436","自社","2026/09","2.00","0","0","0","0","0","0","0","0","0.00"
"海外ｵｰｳﾞｧﾙﾀｸﾐﾃﾞｻﾞｲﾝF","T1075M","1","51","１０７５Ｍ","ﾍｱﾗｲﾝﾌﾞﾗｳﾝﾏｯﾄ","プロパー","1","物流部倉庫","002A010","14.00","0.00","0.00","14.00","1334.00","18676","自社","2026/09","15.00","0.00","0.00","0.00","1.00","0.00","0.00","0.00","0.00","0.00"
"海外ｵｰｳﾞｧﾙﾀｸﾐﾃﾞｻﾞｲﾝF","T1075M","2","51","１０７５Ｍ","ﾍｱﾗｲﾝﾗｲﾄｸﾞﾚｰ","プロパー","1","物流部倉庫","002A010","6.00","0.00","0.00","6.00","1334.00","8004","自社","2026/09","6.00","0","0","0","0","0","0","0","0","0.00"
"海外ｵｰｳﾞｧﾙﾀｸﾐﾃﾞｻﾞｲﾝF","T1075M","3","51","１０７５Ｍ","ﾌﾞﾗｯｸ","プロパー","1","物流部倉庫","002A010","3.00","0.00","0.00","3.00","1334.00","4002","自社","2026/09","3.00","0","0","0","0","0","0","0","0","0.00"
"海外ｵｰｳﾞｧﾙﾀｸﾐﾃﾞｻﾞｲﾝF","T1076M","1","57","１０７６Ｍ","ﾀﾞｰｸﾈｲﾋﾞｰ","プロパー","1","物流部倉庫","002A010","0.00","1.00","0.00","1.00","1380.00","1380","自社","2026/09","0.00","0.00","0.00","1.00","0.00","0.00","0.00","0.00","0.00","0.00"
"海外ｵｰｳﾞｧﾙﾀｸﾐﾃﾞｻﾞｲﾝF","T1076M","2","57","１０７６Ｍ","ｸﾞﾚｰﾏｯﾄ","プロパー","1","物流部倉庫","002A010","0.00","1.00","0.00","1.00","1380.00","1380","自社","2026/09","0.00","0.00","0.00","1.00","0.00","0.00","0.00","0.00","0.00","0.00"
"海外ｵｰｳﾞｧﾙﾀｸﾐﾃﾞｻﾞｲﾝF","T1076M","3","57","１０７６Ｍ","ｶﾞﾝﾒﾀﾙ","プロパー","1","物流部倉庫","002A010","0.00","1.00","0.00","1.00","1380.00","1380","自社","2026/09","0.00","0.00","0.00","1.00","0.00","0.00","0.00","0.00","0.00","0.00"
"海外ｵｰｳﾞｧﾙﾀｸﾐﾃﾞｻﾞｲﾝF","T1077M","1","53","１０７７Ｍ","ﾍｱﾗｲﾝｺﾞｰﾙﾄﾞ","プロパー","1","物流部倉庫","002A010","1.00","11.00","0.00","12.00","1334.00","16008","自社","2026/09","11.00","0.00","0.00","1.00","0.00","0.00","0.00","0.00","0.00","0.00"
"海外ｵｰｳﾞｧﾙﾀｸﾐﾃﾞｻﾞｲﾝF","T1077M","2","53","１０７７Ｍ","ﾍｱﾗｲﾝﾗｲﾄｸﾞﾚｰ","プロパー","1","物流部倉庫","002A010","1.00","26.00","0.00","27.00","1334.00","36018","自社","2026/09","26.00","0.00","0.00","1.00","0.00","0.00","0.00","0.00","0.00","0.00"
"海外ｵｰｳﾞｧﾙﾀｸﾐﾃﾞｻﾞｲﾝF","T1077M","3","53","１０７７Ｍ","ﾌﾞﾗｯｸ","プロパー","1","物流部倉庫","002A010","0.00","1.00","0.00","1.00","1334.00","1334","自社","2026/09","0.00","0.00","0.00","1.00","0.00","0.00","0.00","0.00","0.00","0.00"
"海外ｵｰｳﾞｧﾙﾀｸﾐﾃﾞｻﾞｲﾝF","T1078M","1","56","１０７８Ｍ","ﾍｱﾗｲﾝｸﾞﾚｰ","プロパー","1","物流部倉庫","002A010","0.00","1.00","0.00","1.00","1334.00","1334","自社","2026/09","0.00","0.00","0.00","1.00","0.00","0.00","0.00","0.00","0.00","0.00"
"海外ｵｰｳﾞｧﾙﾀｸﾐﾃﾞｻﾞｲﾝF","T1078M","2","56","１０７８Ｍ","ﾌﾞﾗｳﾝ","プロパー","1","物流部倉庫","002A010","0.00","9.00","0.00","9.00","1334.00","12006","自社","2026/09","8.00","0.00","0.00","1.00","0.00","0.00","0.00","0.00","0.00","0.00"
"海外ｵｰｳﾞｧﾙﾀｸﾐﾃﾞｻﾞｲﾝF","T1078M","3","56","１０７８Ｍ","ｶﾞﾝﾒﾀﾙ","プロパー","1","物流部倉庫","002A010","0.00","16.00","0.00","16.00","1334.00","21344","自社","2026/09","15.00","0.00","0.00","1.00","0.00","0.00","0.00","0.00","0.00","0.00"
"海外ｵｰｳﾞｧﾙﾀｸﾐﾃﾞｻﾞｲﾝF","T1079M","1","54","１０７９Ｍ","ｸﾞﾚｰ","プロパー","1","物流部倉庫","002A010","15.00","0.00","0.00","15.00","1403.00","21045","自社","2026/09","17.00","0.00","2.00","1.00","1.00","0.00","0.00","0.00","0.00","0.00"
"海外ｵｰｳﾞｧﾙﾀｸﾐﾃﾞｻﾞｲﾝF","T1079M","2","54","１０７９Ｍ","ｺﾞｰﾙﾄﾞ","プロパー","1","物流部倉庫","002A010","6.00","0.00","0.00","6.00","1403.00","8418","自社","2026/09","8.00","0.00","2.00","1.00","1.00","0.00","0.00","0.00","0.00","0.00"
"海外ｵｰｳﾞｧﾙﾀｸﾐﾃﾞｻﾞｲﾝF","T1079M","3","54","１０７９Ｍ","ﾌﾞﾗｯｸ","プロパー","1","物流部倉庫","002A010","7.00","0.00","0.00","7.00","1403.00","9821","自社","2026/09","7.00","0.00","0.00","1.00","1.00","0.00","0.00","0.00","0.00","0.00"
"海外ｵｰｳﾞｧﾙﾀｸﾐﾃﾞｻﾞｲﾝF","T1080M","1","58","１０８０Ｍ","ｸﾞﾚｰ","プロパー","1","物流部倉庫","002A010","1.00","1.00","0.00","2.00","1500.00","3000","自社","2026/09","0.00","0.00","4.00","8.00","2.00","0.00","0.00","0.00","0.00","0.00"
"海外ｵｰｳﾞｧﾙﾀｸﾐﾃﾞｻﾞｲﾝF","T1080M","2","58","１０８０Ｍ","ﾍｱﾗｲﾝｺﾞｰﾙﾄﾞ","プロパー","1","物流部倉庫","002A010","0.00","1.00","0.00","1.00","1500.00","1500","自社","2026/09","0.00","0.00","4.00","7.00","2.00","0.00","0.00","0.00","0.00","0.00"
"海外ｵｰｳﾞｧﾙﾀｸﾐﾃﾞｻﾞｲﾝF","T1080M","3","58","１０８０Ｍ","ｼﾙﾊﾞｰ","プロパー","1","物流部倉庫","002A010","0.00","1.00","0.00","1.00","1500.00","1500","自社","2026/09","0.00","0.00","4.00","7.00","2.00","0.00","0.00","0.00","0.00","0.00"
"海外ｵｰｳﾞｧﾙﾀｸﾐﾃﾞｻﾞｲﾝF","T1080M","4","58","１０８０Ｍ","ﾌﾞﾗｯｸ","プロパー","1","物流部倉庫","002A010","1.00","1.00","0.00","2.00","1500.00","3000","自社","2026/09","0.00","0.00","4.00","8.00","2.00","0.00","0.00","0.00","0.00","0.00"
"海外ｵｰｳﾞｧﾙﾀｸﾐﾃﾞｻﾞｲﾝF","T1081M","1","59","１０８１Ｍ","ﾗｲﾄｸﾞﾚｰ","プロパー","1","物流部倉庫","002A010","0.00","1.00","0.00","1.00","1600.00","1600","自社","2026/09","0.00","0.00","4.00","7.00","2.00","0.00","0.00","0.00","0.00","0.00"
"海外ｵｰｳﾞｧﾙﾀｸﾐﾃﾞｻﾞｲﾝF","T1081M","2","59","１０８１Ｍ","ﾏｯﾄﾌﾞﾗｳﾝ","プロパー","1","物流部倉庫","002A010","0.00","1.00","0.00","1.00","1600.00","1600","自社","2026/09","0.00","0.00","4.00","7.00","2.00","0.00","0.00","0.00","0.00","0.00"
"海外ｵｰｳﾞｧﾙﾀｸﾐﾃﾞｻﾞｲﾝF","T1081M","3","59","１０８１Ｍ","ｶﾞﾝﾒﾀﾙ","プロパー","1","物流部倉庫","002A010","1.00","1.00","0.00","2.00","1600.00","3200","自社","2026/09","0.00","0.00","4.00","8.00","2.00","0.00","0.00","0.00","0.00","0.00"
"海外ｵｰｳﾞｧﾙﾀｸﾐﾃﾞｻﾞｲﾝF","T1081M","4","59","１０８１Ｍ","ﾏｯﾄﾌﾞﾗｯｸ","プロパー","1","物流部倉庫","002A010","1.00","1.00","0.00","2.00","1600.00","3200","自社","2026/09","0.00","0.00","4.00","8.00","2.00","0.00","0.00","0.00","0.00","0.00"
"海外ｸﾗﾌｼｽF","TCRF100","1","47","ＣＲＦ－１００","ｼｬｰﾘﾝｸﾞｺﾞｰﾙﾄﾞ","プロパー","1","物流部倉庫","002A010","2.00","0.00","0.00","2.00","4650.00","9300","自社","2026/09","2.00","0","0","0","0","0","0","0","0","0.00"
"海外ｸﾗﾌｼｽF","TCRF100","2","47","ＣＲＦ－１００","ｼｬｰﾘﾝｸﾞｼﾙﾊﾞｰ","プロパー","1","物流部倉庫","002A010","1.00","0.00","0.00","1.00","4570.00","4570","自社","2026/09","1.00","0","0","0","0","0","0","0","0","0.00"
"海外ｸﾗﾌｼｽF","TCRF100","3","47","ＣＲＦ－１００","ｱﾝﾃｨｰｸｺﾞｰﾙﾄﾞ","プロパー","1","物流部倉庫","002A010","2.00","0.00","0.00","2.00","4640.00","9280","自社","2026/09","2.00","0","0","0","0","0","0","0","0","0.00"
"海外ｸﾗﾌｼｽF","TCRF100","4","47","ＣＲＦ－１００","ｱﾝﾃｨｰｸﾌﾞﾗｳﾝ","プロパー","1","物流部倉庫","002A010","1.00","0.00","0.00","1.00","4330.00","4330","自社","2026/09","1.00","0","0","0","0","0","0","0","0","0.00"
"海外ｸﾗﾌｼｽF","TCRF101","1","47","ＣＲＦ－１０１","ｼｬｰﾘﾝｸﾞｺﾞｰﾙﾄﾞ","プロパー","1","物流部倉庫","002A010","1.00","0.00","0.00","1.00","4650.00","4650","自社","2026/09","1.00","0","0","0","0","0","0","0","0","0.00"
"海外ｸﾗﾌｼｽF","TCRF101","2","47","ＣＲＦ－１０１","ｼｬｰﾘﾝｸﾞｼﾙﾊﾞｰ","プロパー","1","物流部倉庫","002A010","1.00","0.00","0.00","1.00","4310.00","4310","自社","2026/09","1.00","0","0","0","0","0","0","0","0","0.00"
"海外ｸﾗﾌｼｽF","TCRF101","3","47","ＣＲＦ－１０１","ｱﾝﾃｨｰｸｺﾞｰﾙﾄﾞ","プロパー","1","物流部倉庫","002A010","1.00","0.00","0.00","1.00","4640.00","4640","自社","2026/09","1.00","0","0","0","0","0","0","0","0","0.00"
"海外ｸﾗﾌｼｽF","TCRF101","4","47","ＣＲＦ－１０１","ｱﾝﾃｨｰｸｸﾞﾚｰ","プロパー","1","物流部倉庫","002A010","1.00","0.00","0.00","1.00","4470.00","4470","自社","2026/09","1.00","0","0","0","0","0","0","0","0","0.00"
"海外ｸﾗﾌｼｽF","TCRF106","2","48","ＣＲＦ－１０６","ｼｬｰﾘﾝｸﾞｺﾞｰﾙﾄﾞ/ﾌﾞﾗｳﾝﾃﾞﾐ","プロパー","1","物流部倉庫","002A010","2.00","0.00","0.00","2.00","7060.00","14120","自社","2026/09","2.00","0","0","0","0","0","0","0","0","0.00"
"海外ｸﾗﾌｼｽF","TCRF106","3","48","ＣＲＦ－１０６","ｼﾙﾊﾞｰ/ｸﾞﾚｰｻｻ","プロパー","1","物流部倉庫","002A010","2.00","0.00","0.00","2.00","6900.00","13800","自社","2026/09","2.00","0","0","0","0","0","0","0","0","0.00"
"海外ｸﾗﾌｼｽF","TCRF117","2","48","ＣＲＦ－１１７","ｸﾞﾚｰｻｻ/ｸﾞﾚｰ","プロパー","1","物流部倉庫","002A010","1.00","0.00","0.00","1.00","7268.00","7268","自社","2026/09","1.00","0","0","0","0","0","0","0","0","0.00"
"海外ｸﾗﾌｼｽF","TCRF117","3","48","ＣＲＦ－１１７","ﾌﾞﾗｳﾝﾃﾞﾐﾊｰﾌ/ﾌﾞﾗｳﾝ","プロパー","1","物流部倉庫","002A010","1.00","0.00","0.00","1.00","7418.00","7418","自社","2026/09","1.00","0","0","0","0","0","0","0","0","0.00"
"海外ｸﾗﾌｼｽF","TCRF119","1","49","ＣＲＦ－１１９","ﾎﾜｲﾄｺﾞｰﾙﾄﾞ(ｸﾘｱｸﾞﾚｰ)","プロパー","1","物流部倉庫","002A010","1.00","0.00","0.00","1.00","6483.00","6483","自社","2026/09","1.00","0","0","0","0","0","0","0","0","0.00"
"海外ｸﾗﾌｼｽF","TCRF119","2","49","ＣＲＦ－１１９","ｼｬｰﾘﾝｸﾞｼﾙﾊﾞｰ(ﾌﾞﾙｰﾃﾞﾐ)","プロパー","1","物流部倉庫","002A010","1.00","0.00","0.00","1.00","6615.00","6615","自社","2026/09","1.00","0","0","0","0","0","0","0","0","0.00"
"海外ｸﾗﾌｼｽF","TCRF119","3","49","ＣＲＦ－１１９","ﾌﾞﾗｯｸ(ﾏｯﾄﾌﾞﾗｯｸ)","プロパー","1","物流部倉庫","002A010","1.00","0.00","0.00","1.00","6505.00","6505","自社","2026/09","1.00","0","0","0","0","0","0","0","0","0.00"
"海外ｸﾗﾌｼｽF","TCRF119","4","49","ＣＲＦ－１１９","ｼｬｰﾘﾝｸﾞｺﾞｰﾙﾄﾞ(ｷﾊｸ)","プロパー","1","物流部倉庫","002A010","1.00","0.00","0.00","1.00","6675.00","6675","自社","2026/09","1.00","0","0","0","0","0","0","0","0","0.00"
"海外ｸﾗﾌｼｽF","TCRF125","1","51","ＣＲＦ－１２５","ｺﾞｰﾙﾄﾞ","プロパー","1","物流部倉庫","002A010","1.00","0.00","0.00","1.00","6400.00","6400","自社","2026/09","1.00","0","0","0","0","0","0","0","0","0.00"
"海外ｸﾗﾌｼｽF","TCRF125","2","51","ＣＲＦ－１２５","ｸﾞﾚｰ","プロパー","1","物流部倉庫","002A010","1.00","0.00","0.00","1.00","6260.00","6260","自社","2026/09","1.00","0","0","0","0","0","0","0","0","0.00"
"海外ｸﾗﾌｼｽF","TCRF125","4","51","ＣＲＦ－１２５","ｼｬｰﾘﾝｸﾞｼﾙﾊﾞｰ","プロパー","1","物流部倉庫","002A010","1.00","0.00","0.00","1.00","6470.00","6470","自社","2026/09","1.00","0","0","0","0","0","0","0","0","0.00"
"海外ｸﾗﾌｼｽF","TCRF127","3","50","ＣＲＦ－１２７","ｸﾞﾚｰ(ｸﾘｱｸﾞﾚｰ)","プロパー","1","物流部倉庫","002A010","1.00","0.00","0.00","1.00","6990.00","6990","自社","2026/09","1.00","0","0","0","0","0","0","0","0","0.00"
"海外ｸﾗﾌｼｽF","TCRF127","4","50","ＣＲＦ－１２７","ﾌﾞﾗｯｸ(ﾏｯﾄﾌﾞﾗｯｸ)","プロパー","1","物流部倉庫","002A010","1.00","0.00","0.00","1.00","7150.00","7150","自社","2026/09","1.00","0","0","0","0","0","0","0","0","0.00"
"海外ｸﾗﾌｼｽF","TCRF128","2","48","ＣＲＦ－１２８","ｼｬｰﾘﾝｸﾞｼﾙﾊﾞｰ(ﾌﾞﾙｰﾃﾞﾐ)","プロパー","1","物流部倉庫","002A010","1.00","0.00","0.00","1.00","7700.00","7700","自社","2026/09","1.00","0","0","0","0","0","0","0","0","0.00"
"海外ｸﾗﾌｼｽF","TCRF128","4","48","ＣＲＦ－１２８","ｼｬｰﾘﾝｸﾞｺﾞｰﾙﾄﾞ(ﾌﾞﾗｳﾝﾃﾞﾐ)","プロパー","1","物流部倉庫","002A010","1.00","0.00","0.00","1.00","7760.00","7760","自社","2026/09","1.00","0","0","0","0","0","0","0","0","0.00"
"海外ｸﾗﾌｼｽF","TCRF129","1","50","ＣＲＦ－１２９","ﾌﾞﾗｳﾝﾃﾞﾐ/ｺﾞｰﾙﾄﾞ","プロパー","1","物流部倉庫","002A010","1.00","0.00","0.00","1.00","6050.00","6050","自社","2026/09","1.00","0","0","0","0","0","0","0","0","0.00"
"海外ｸﾗﾌｼｽF","TCRF130","2","48","ＣＲＦ－１３０","ﾀﾞｰｸｸﾞﾚｰ(ﾏｯﾄﾀﾞｰｸﾈｲﾋﾞｰ)","プロパー","1","物流部倉庫","002A010","1.00","0.00","0.00","1.00","4540.00","4540","自社","2026/09","1.00","0","0","0","0","0","0","0","0","0.00"
"海外ｸﾗﾌｼｽF","TCRF131","2","50","ＣＲＦ－１３１","ｸﾞﾚｰ(ｸﾞﾚｰｻｻ)","プロパー","1","物流部倉庫","002A010","1.00","0.00","0.00","1.00","7306.00","7306","自社","2026/09","1.00","0","0","0","0","0","0","0","0","0.00"
"海外ｸﾗﾌｼｽF","TCRF131","3","50","ＣＲＦ－１３１","ｼｬｰﾘﾝｸﾞｺﾞｰﾙﾄﾞ(ｸﾞﾚｰｻｻ)","プロパー","1","物流部倉庫","002A010","2.00","0.00","0.00","2.00","7696.00","15392","自社","2026/09","2.00","0","0","0","0","0","0","0","0","0.00"
"海外ｸﾗﾌｼｽF","TCRF131","4","50","ＣＲＦ－１３１","ﾌﾞﾗｯｸ(ﾌﾞﾗｳﾝﾃﾞﾐ)","プロパー","1","物流部倉庫","002A010","1.00","0.00","0.00","1.00","7456.00","7456","自社","2026/09","1.00","0","0","0","0","0","0","0","0","0.00"
"海外ｸﾗﾌｼｽF","TCRF132","2","47","ＣＲＦ－１３２","ｸﾞﾚｰ(ｸﾘｱｸﾞﾚｰ)","プロパー","1","物流部倉庫","002A010","1.00","0.00","0.00","1.00","6094.00","6094","自社","2026/09","1.00","0","0","0","0","0","0","0","0","0.00"
"海外ｸﾗﾌｼｽF","TCRF132","4","47","ＣＲＦ－１３２","ﾀﾞｰｸｸﾞﾚｰ(ｸﾞﾚｰｻｻ)","プロパー","1","物流部倉庫","002A010","1.00","0.00","0.00","1.00","6204.00","6204","自社","2026/09","1.00","0","0","0","0","0","0","0","0","0.00"
"海外ｸﾗﾌｼｽF","TCRF134","1","52","ＣＲＦ－１３４","ｺﾞｰﾙﾄﾞ･ﾌﾞﾗｯｸ","プロパー","1","物流部倉庫","002A010","24.00","1.00","0.00","25.00","4092.00","102300","自社","2026/09","28.00","0.00","0.00","0.00","3.00","0.00","0.00","0.00","0.00","-2.00"
"海外ｸﾗﾌｼｽF","TCRF134","2","52","ＣＲＦ－１３４","ﾍｱﾗｲﾝｺﾞｰﾙﾄﾞ･ﾏｯﾄﾌﾞﾗｯｸ","プロパー","1","物流部倉庫","002A010","33.00","1.00","0.00","34.00","4692.00","159528","自社","2026/09","37.00","0.00","0.00","0.00","3.00","0.00","0.00","0.00","0.00","-2.00"
"海外ｸﾗﾌｼｽF","TCRF134","4","52","ＣＲＦ－１３４","ﾀﾞｰｸｸﾞﾚｰ･ﾌﾞﾗｯｸ","プロパー","1","物流部倉庫","002A010","5.00","1.00","0.00","6.00","4632.00","27792","自社","2026/09","8.00","0.00","0.00","0.00","2.00","0.00","0.00","0.00","0.00","-2.00"
"海外ｸﾗﾌｼｽF","TCRF134","5","52","ＣＲＦ－１３４","ｺﾞｰﾙﾄﾞ(ﾌﾞﾗｳﾝﾃﾞﾐ)","プロパー","1","物流部倉庫","002A010","36.00","1.00","0.00","37.00","3982.00","147334","自社","2026/09","40.00","0.00","0.00","0.00","3.00","0.00","0.00","0.00","0.00","-2.00"
"海外ｸﾗﾌｼｽF","TCRF134","6","52","ＣＲＦ－１３４","ﾍｱﾗｲﾝｸﾞﾚｰ(ﾌﾞﾗｯｸ)","プロパー","1","物流部倉庫","002A010","23.00","1.00","0.00","24.00","3932.00","94368","自社","2026/09","27.00","0.00","0.00","0.00","3.00","0.00","0.00","0.00","0.00","-2.00"
"海外ｸﾗﾌｼｽF","TCRF135","6","50","ＣＲＦ－１３５","ﾍｱﾗｲﾝｼﾙﾊﾞｰ(ﾌﾞﾗｯｸ)","プロパー","1","物流部倉庫","002A010","1.00","0.00","0.00","1.00","3678.00","3678","自社","2026/09","1.00","0","0","0","0","0","0","0","0","0.00"
"海外ｸﾗﾌｼｽF","TCRF136","3","51","ＣＲＦ－１３６","IPｸﾞﾚｰ･IPｶﾞﾝﾒﾀﾙ","プロパー","1","物流部倉庫","002A010","2.00","0.00","0.00","2.00","4453.00","8906","自社","2026/09","2.00","0","0","0","0","0","0","0","0","0.00"
"海外ｸﾗﾌｼｽF","TCRF137","5","52","ＣＲＦ－１３７","ｺﾞｰﾙﾄﾞ(ﾌﾞﾗｳﾝﾃﾞﾐ)","プロパー","1","物流部倉庫","002A010","11.00","0.00","0.00","11.00","4827.00","53097","自社","2026/09","13.00","0.00","0.00","0.00","2.00","0.00","0.00","0.00","0.00","0.00"
"海外ｸﾗﾌｼｽF","TCRF138","3","48","ＣＲＦ－１３８","ｼｬｰﾘﾝｸﾞｺﾞｰﾙﾄﾞ","プロパー","1","物流部倉庫","002A010","1.00","0.00","0.00","1.00","6813.00","6813","自社","2026/09","1.00","0","0","0","0","0","0","0","0","0.00"
"海外ｸﾗﾌｼｽF","TCRF140","3","48","ＣＲＦ－１４０","ﾀﾞｰｸｸﾞﾚｰ(ﾏｯﾄﾌﾞﾗｯｸ)","プロパー","1","物流部倉庫","002A010","1.00","0.00","0.00","1.00","7347.00","7347","自社","2026/09","1.00","0","0","0","0","0","0","0","0","0.00"
"海外ｸﾗﾌｼｽF","TCRF141","2","54","ＣＲＦ－１４１","ｼｬｰﾘﾝｸﾞｺﾞｰﾙﾄﾞ","プロパー","1","物流部倉庫","002A010","8.00","0.00","0.00","8.00","3600.00","28800","自社","2026/09","8.00","0","0","0","0","0","0","0","0","0.00"
"海外ｸﾗﾌｼｽF","TCRF143R","1","48","ＣＲＦ－１４３Ｒ","ﾎﾜｲﾄｺﾞｰﾙﾄﾞ(ﾌﾞﾗｯｸ)","プロパー","1","物流部倉庫","002A010","19.00","1.00","0.00","20.00","3889.00","77780","自社","2026/09","24.00","0.00","0.00","0.00","4.00","0.00","0.00","0.00","0.00","0.00"
"海外ｸﾗﾌｼｽF","TCRF143R","2","48","ＣＲＦ－１４３Ｒ","ﾀﾞｰｸｸﾞﾚｰ(ﾌﾞﾗｯｸ)","プロパー","1","物流部倉庫","002A010","30.00","1.00","0.00","31.00","3759.00","116529","自社","2026/09","33.00","0.00","0.00","0.00","2.00","0.00","0.00","0.00","0.00","0.00"
"海外ｸﾗﾌｼｽF","TCRF143R","3","48","ＣＲＦ－１４３Ｒ","ｼｬｰﾘﾝｸﾞｺﾞｰﾙﾄﾞ(ﾀﾞｰｸﾌﾞﾗｳﾝ)","プロパー","1","物流部倉庫","002A010","30.00","1.00","0.00","31.00","3909.00","121179","自社","2026/09","33.00","0.00","0.00","0.00","2.00","0.00","0.00","0.00","0.00","0.00"
"海外ｸﾗﾌｼｽF","TCRF143R","4","48","ＣＲＦ－１４３Ｒ","ｼｬｰﾘﾝｸﾞｼﾙﾊﾞｰ(ﾀﾞｰｸﾈｲﾋﾞｰ)","プロパー","1","物流部倉庫","002A010","21.00","1.00","0.00","22.00","3859.00","84898","自社","2026/09","26.00","0.00","1.00","0.00","3.00","0.00","0.00","0.00","0.00","0.00"
"海外ｸﾗﾌｼｽF","TCRF143R","5","48","ＣＲＦ－１４３Ｒ","ﾎﾜｲﾄｺﾞｰﾙﾄﾞ","プロパー","1","物流部倉庫","002A010","47.00","1.00","0.00","48.00","3689.00","177072","自社","2026/09","51.00","0.00","0.00","0.00","3.00","0.00","0.00","0.00","0.00","0.00"
"海外ｸﾗﾌｼｽF","TCRF143R","6","48","ＣＲＦ－１４３Ｒ","ｼﾙﾊﾞｰ","プロパー","1","物流部倉庫","002A010","41.00","1.00","0.00","42.00","3589.00","150738","自社","2026/09","45.00","0.00","0.00","0.00","3.00","0.00","0.00","0.00","0.00","0.00"
"海外ｸﾗﾌｼｽF","TCRF144","1","47","ＣＲＦ－１４４","ｺﾞｰﾙﾄﾞ･ﾏｯﾄﾌﾞﾗｯｸ","プロパー","1","物流部倉庫","002A010","2.00","0.00","0.00","2.00","4295.00","8590","自社","2026/09","2.00","0","0","0","0","0","0","0","0","-2.00"
"海外ｸﾗﾌｼｽF","TCRF144","2","47","ＣＲＦ－１４４","ｼｬｰﾘﾝｸﾞｺﾞｰﾙﾄﾞ","プロパー","1","物流部倉庫","002A010","29.00","0.00","0.00","29.00","3425.00","99325","自社","2026/09","32.00","0.00","1.00","0.00","2.00","0.00","0.00","0.00","0.00","-2.00"
"海外ｸﾗﾌｼｽF","TCRF146","4","48","ＣＲＦ－１４６","ｼｬｰﾘﾝｸﾞｼﾙﾊﾞｰ(ｸﾘｱｸﾞﾚｰ)","プロパー","1","物流部倉庫","002A010","1.00","0.00","0.00","1.00","7335.00","7335","自社","2026/09","1.00","0","0","0","0","0","0","0","0","0.00"
"海外ｸﾗﾌｼｽF","TCRF151","2","53","ＣＲＦ－１５１","ｺﾞｰﾙﾄﾞ(ﾗｲﾄﾌﾞﾗｳﾝ)","プロパー","1","物流部倉庫","002A010","7.00","0.00","0.00","7.00","4345.00","30415","自社","2026/09","9.00","0.00","0.00","0.00","2.00","0.00","0.00","0.00","0.00","0.00"
"海外ｸﾗﾌｼｽF","TCRF152","1","48","ＣＲＦ－１５２","ﾌﾞﾗｯｸ/ｸﾘｱ･ﾌﾞﾗｯｸ","プロパー","1","物流部倉庫","002A010","31.00","17.00","3.00","51.00","5369.00","273819","自社","2026/09","54.00","0.00","0.00","0.00","3.00","0.00","0.00","0.00","0.00","0.00"
"海外ｸﾗﾌｼｽF","TCRF152","2","48","ＣＲＦ－１５２","ｸﾘｱｸﾞﾚｰ","プロパー","1","物流部倉庫","002A010","1.00","2.00","1.00","4.00","5721.00","22884","自社","2026/09","6.00","0.00","0.00","0.00","2.00","0.00","0.00","0.00","0.00","0.00"
"海外ｸﾗﾌｼｽF","TCRF152","3","48","ＣＲＦ－１５２","ｸﾞﾚｰｻｻ","プロパー","1","物流部倉庫","002A010","33.00","17.00","3.00","53.00","5790.00","306870","自社","2026/09","56.00","0.00","0.00","1.00","4.00","0.00","0.00","0.00","0.00","0.00"
"海外ｸﾗﾌｼｽF","TCRF152","5","48","ＣＲＦ－１５２","ｸﾘｱ","プロパー","1","物流部倉庫","002A010","23.00","17.00","3.00","43.00","6020.00","258860","自社","2026/09","45.00","0.00","0.00","0.00","2.00","0.00","0.00","0.00","0.00","0.00"
"海外ｸﾗﾌｼｽF","TCRF153","1","53","ＣＲＦ－１５３","ﾌﾞﾗｯｸ/ｸﾘｱ･ﾌﾞﾗｯｸ","プロパー","1","物流部倉庫","002A010","8.00","18.00","3.00","29.00","5139.00","149031","自社","2026/09","33.00","0.00","1.00","0.00","3.00","0.00","0.00","0.00","0.00","0.00"
"海外ｸﾗﾌｼｽF","TCRF153","2","53","ＣＲＦ－１５３","ｸﾘｱｸﾞﾚｰ","プロパー","1","物流部倉庫","002A010","1.00","6.00","1.00","8.00","5571.00","44568","自社","2026/09","11.00","0.00","0.00","0.00","3.00","0.00","0.00","0.00","0.00","0.00"
"海外ｸﾗﾌｼｽF","TCRF153","3","53","ＣＲＦ－１５３","ﾌﾞﾗｳﾝｻｻ","プロパー","1","物流部倉庫","002A010","25.00","16.00","3.00","44.00","6020.00","264880","自社","2026/09","47.00","0.00","0.00","0.00","3.00","0.00","0.00","0.00","0.00","0.00"
"海外ｸﾗﾌｼｽF","TCRF153","4","53","ＣＲＦ－１５３","ｸﾘｱ","プロパー","1","物流部倉庫","002A010","25.00","16.00","3.00","44.00","6020.00","264880","自社","2026/09","48.00","0.00","0.00","0.00","4.00","0.00","0.00","0.00","0.00","0.00"
"海外ｸﾗﾌｼｽF","TCRF153","5","53","ＣＲＦ－１５３","ｸﾘｱﾈｲﾋﾞｰ","プロパー","1","物流部倉庫","002A010","14.00","16.00","3.00","33.00","5790.00","191070","自社","2026/09","35.00","0.00","0.00","0.00","2.00","0.00","0.00","0.00","0.00","0.00"
"海外ｸﾗﾌｼｽF","TCRF154","2","50","ＣＲＦ－１５４","ｲｴﾛｰｺﾞｰﾙﾄﾞ","プロパー","1","物流部倉庫","002A010","2.00","1.00","0.00","3.00","4048.00","12144","自社","2026/09","7.00","0.00","0.00","0.00","4.00","0.00","0.00","0.00","0.00","0.00"
"海外ｸﾗﾌｼｽF","TCRF154","3","50","ＣＲＦ－１５４","ｼｬｰﾘﾝｸﾞｼﾙﾊﾞｰ","プロパー","1","物流部倉庫","002A010","11.00","1.00","0.00","12.00","4023.00","48276","自社","2026/09","16.00","0.00","0.00","0.00","4.00","0.00","0.00","0.00","0.00","0.00"
"海外ｸﾗﾌｼｽF","TCRF154","4","50","ＣＲＦ－１５４","ｼｬｰﾘﾝｸﾞｸﾞﾚｰ","プロパー","1","物流部倉庫","002A010","11.00","1.00","0.00","12.00","4023.00","48276","自社","2026/09","14.00","0.00","0.00","0.00","2.00","0.00","0.00","0.00","0.00","0.00"
"海外ｸﾗﾌｼｽF","TCRF154","5","50","ＣＲＦ－１５４","ｼｬｰﾘﾝｸﾞﾎﾜｲﾄｺﾞｰﾙﾄﾞ","プロパー","1","物流部倉庫","002A010","16.00","1.00","0.00","17.00","4108.00","69836","自社","2026/09","19.00","0.00","0.00","0.00","2.00","0.00","0.00","0.00","0.00","0.00"
"海外ｸﾗﾌｼｽF","TCRF155","1","50","ＣＲＦ－１５５","ｼｬｰﾘﾝｸﾞｺﾞｰﾙﾄﾞ","プロパー","1","物流部倉庫","002A010","19.00","1.00","0.00","20.00","4108.00","82160","自社","2026/09","23.00","0.00","0.00","0.00","3.00","0.00","0.00","0.00","0.00","0.00"
"海外ｸﾗﾌｼｽF","TCRF155","2","50","ＣＲＦ－１５５","ｼｬｰﾘﾝｸﾞｼﾙﾊﾞｰ","プロパー","1","物流部倉庫","002A010","6.00","1.00","0.00","7.00","4023.00","28161","自社","2026/09","9.00","0.00","0.00","0.00","2.00","0.00","0.00","0.00","0.00","0.00"
"海外ｸﾗﾌｼｽF","TCRF155","3","50","ＣＲＦ－１５５","ｸﾞﾚｰ","プロパー","1","物流部倉庫","002A010","12.00","1.00","0.00","13.00","3927.00","51051","自社","2026/09","16.00","0.00","0.00","0.00","3.00","0.00","0.00","0.00","0.00","0.00"
"海外ｸﾗﾌｼｽF","TCRF155","4","50","ＣＲＦ－１５５","ﾌﾞﾗｳﾝ","プロパー","1","物流部倉庫","002A010","1.00","0.00","0.00","1.00","3927.00","3927","自社","2026/09","1.00","0","0","0","0","0","0","0","0","0.00"
"海外ｸﾗﾌｼｽF","TCRF156","1","52","ＣＲＦ－１５６","ｺﾞｰﾙﾄﾞ･ﾏｯﾄﾌﾞﾗｯｸ","プロパー","1","物流部倉庫","002A010","1.00","10.00","0.00","11.00","6133.00","67463","自社","2026/09","13.00","0.00","0.00","0.00","2.00","0.00","0.00","0.00","0.00","0.00"
"海外ｸﾗﾌｼｽF","TCRF156","2","52","ＣＲＦ－１５６","ｼｬｰﾘﾝｸﾞﾗｽﾀｰ･無垢","プロパー","1","物流部倉庫","002A010","3.00","11.00","0.00","14.00","5163.00","72282","自社","2026/09","16.00","0.00","0.00","0.00","2.00","0.00","0.00","0.00","0.00","0.00"
"海外ｸﾗﾌｼｽF","TCRF156","3","52","ＣＲＦ－１５６","ｼｬｰﾘﾝｸﾞｼﾙﾊﾞｰ･ﾏｯﾄﾈｲﾋﾞｰ","プロパー","1","物流部倉庫","002A010","2.00","5.00","0.00","7.00","6283.00","43981","自社","2026/09","9.00","0.00","0.00","0.00","2.00","0.00","0.00","0.00","0.00","0.00"
"海外ｸﾗﾌｼｽF","TCRF156","4","52","ＣＲＦ－１５６","ﾙﾃﾆｳﾑｸﾞﾚｰ･ﾏｯﾄﾀﾞｰｸｸﾞﾚｰ","プロパー","1","物流部倉庫","002A010","0.00","5.00","0.00","5.00","6423.00","32115","自社","2026/09","6.00","0.00","1.00","0.00","0.00","0.00","0.00","0.00","0.00","0.00"
"海外ｸﾗﾌｼｽF","TCRF157","1","49","ＣＲＦ－１５７","ﾎﾜｲﾄｺﾞｰﾙﾄﾞ･ｼｬｰﾘﾝｸﾞｲｴﾛｰｺﾞｰﾙﾄﾞ","プロパー","1","物流部倉庫","002A010","38.00","8.00","0.00","46.00","4995.00","229770","自社","2026/09","49.00","0.00","1.00","0.00","2.00","0.00","0.00","0.00","0.00","0.00"
"海外ｸﾗﾌｼｽF","TCRF157","2","49","ＣＲＦ－１５７","ﾏｯﾄﾈｲﾋﾞｰ･ﾎﾜｲﾄｺﾞｰﾙﾄﾞ","プロパー","1","物流部倉庫","002A010","29.00","3.00","0.00","32.00","5065.00","162080","自社","2026/09","35.00","0.00","0.00","0.00","3.00","0.00","0.00","0.00","0.00","0.00"
"海外ｸﾗﾌｼｽF","TCRF157","3","49","ＣＲＦ－１５７","ｼｬｰﾘﾝｸﾞｼﾙﾊﾞｰ･ﾏｯﾄﾌﾞﾗｯｸ","プロパー","1","物流部倉庫","002A010","30.00","16.00","0.00","46.00","4905.00","225630","自社","2026/09","51.00","0.00","0.00","0.00","5.00","0.00","0.00","0.00","0.00","0.00"
"海外ｸﾗﾌｼｽF","TCRF157","4","49","ＣＲＦ－１５７","ｼｬｰﾘﾝｸﾞﾀﾞｰｸｸﾞﾚｰ･ﾙﾃﾆｳﾑｸﾞﾚｰ","プロパー","1","物流部倉庫","002A010","25.00","8.00","0.00","33.00","5185.00","171105","自社","2026/09","36.00","0.00","0.00","0.00","3.00","0.00","0.00","0.00","0.00","0.00"
"海外ｸﾗﾌｼｽF","TCRF157","5","49","ＣＲＦ－１５７","ｼｬｰﾘﾝｸﾞｺﾞｰﾙﾄﾞ･ｼﾙﾊﾞｰ","プロパー","1","物流部倉庫","002A010","21.00","1.00","0.00","22.00","4845.00","106590","自社","2026/09","24.00","0.00","0.00","0.00","2.00","0.00","0.00","0.00","0.00","0.00"
"海外ｸﾗﾌｼｽF","TCRF157","6","49","ＣＲＦ－１５７","ﾐｽﾄﾌﾞﾗｯｸ･ﾎﾜｲﾄｺﾞｰﾙﾄﾞ","プロパー","1","物流部倉庫","002A010","21.00","1.00","0.00","22.00","5545.00","121990","自社","2026/09","25.00","0.00","0.00","0.00","3.00","0.00","0.00","0.00","0.00","0.00"
"海外ｸﾗﾌｼｽF","TCRF158","1","49","ＣＲＦ－１５８","ｺﾞｰﾙﾄﾞ(ｸﾘｱｽﾓｰｸ)","プロパー","1","物流部倉庫","002A010","10.00","5.00","3.00","18.00","4537.00","81666","自社","2026/09","20.00","0.00","0.00","0.00","2.00","0.00","0.00","0.00","0.00","0.00"
"海外ｸﾗﾌｼｽF","TCRF158","2","49","ＣＲＦ－１５８","ｼｬｰﾘﾝｸﾞｺﾞｰﾙﾄﾞ(ﾏｯﾄﾌﾞﾗｯｸ)","プロパー","1","物流部倉庫","002A010","26.00","12.00","3.00","41.00","4637.00","190117","自社","2026/09","44.00","0.00","0.00","0.00","3.00","0.00","0.00","0.00","0.00","0.00"
"海外ｸﾗﾌｼｽF","TCRF158","3","49","ＣＲＦ－１５８","IPｸﾞﾚｰ(ｸﾘｱﾌﾞﾙｰｸﾞﾚｰ)","プロパー","1","物流部倉庫","002A010","18.00","12.00","3.00","33.00","4487.00","148071","自社","2026/09","38.00","0.00","0.00","0.00","5.00","0.00","0.00","0.00","0.00","0.00"
"海外ｸﾗﾌｼｽF","TCRF158","4","49","ＣＲＦ－１５８","ｾﾐﾏｯﾄﾌﾞﾗｯｸ(ｸﾘｱﾌﾞﾗｳﾝ)","プロパー","1","物流部倉庫","002A010","19.00","13.00","3.00","35.00","4527.00","158445","自社","2026/09","39.00","0.00","0.00","0.00","4.00","0.00","0.00","0.00","0.00","0.00"
"海外ｸﾗﾌｼｽF","TCRF158","5","49","ＣＲＦ－１５８","ﾛｰｽﾞｺﾞｰﾙﾄﾞ(ｸﾘｱﾗｲﾄｸﾞﾚｰ)","プロパー","1","物流部倉庫","002A010","16.00","1.00","3.00","20.00","5097.00","101940","自社","2026/09","22.00","0.00","0.00","0.00","2.00","0.00","0.00","0.00","0.00","0.00"
"海外ｸﾗﾌｼｽF","TCRF158","6","49","ＣＲＦ－１５８","ｼｬｰﾘﾝｸﾞｼﾙﾊﾞｰ(ｸﾘｱｶｰｷ)","プロパー","1","物流部倉庫","002A010","9.00","1.00","3.00","13.00","4602.00","59826","自社","2026/09","15.00","0.00","0.00","0.00","2.00","0.00","0.00","0.00","0.00","0.00"
"海外ｸﾗﾌｼｽF","TCRF159","1","49","ＣＲＦ－１５９","ﾏｯﾄﾌﾞﾗｯｸ/ｺﾞｰﾙﾄﾞ","プロパー","1","物流部倉庫","002A010","29.00","20.00","0.00","49.00","5120.00","250880","自社","2026/09","52.00","0.00","0.00","0.00","3.00","0.00","0.00","0.00","0.00","0.00"
"海外ｸﾗﾌｼｽF","TCRF159","2","49","ＣＲＦ－１５９","ｸﾘｱｽﾓｰｸ/ｼｬｰﾘﾝｸﾞｺﾞｰﾙﾄﾞ","プロパー","1","物流部倉庫","002A010","31.00","11.00","0.00","42.00","5270.00","221340","自社","2026/09","48.00","0.00","1.00","0.00","5.00","0.00","0.00","0.00","0.00","0.00"
"海外ｸﾗﾌｼｽF","TCRF159","3","49","ＣＲＦ－１５９","ｸﾘｱﾌﾞﾙｰｸﾞﾚｰ/IPｼｬｰﾘﾝｸﾞｼﾙﾊﾞｰ","プロパー","1","物流部倉庫","002A010","36.00","17.00","0.00","53.00","5045.00","267385","自社","2026/09","56.00","0.00","0.00","0.00","3.00","0.00","0.00","0.00","0.00","0.00"
"海外ｸﾗﾌｼｽF","TCRF159","4","49","ＣＲＦ－１５９","ﾌﾞﾗｯｸﾌﾞﾗｳﾝﾃﾞﾐﾊｰﾌ/IPｸﾞﾚｰ","プロパー","1","物流部倉庫","002A010","28.00","7.00","0.00","35.00","4949.00","173215","自社","2026/09","40.00","0.00","0.00","0.00","5.00","0.00","0.00","0.00","0.00","0.00"
"海外ｸﾗﾌｼｽF","TCRF159","5","49","ＣＲＦ－１５９","ｸﾘｱ/ｺﾞｰﾙﾄﾞ","プロパー","1","物流部倉庫","002A010","20.00","1.00","0.00","21.00","5180.00","108780","自社","2026/09","23.00","0.00","0.00","0.00","2.00","0.00","0.00","0.00","0.00","0.00"
"海外ｸﾗﾌｼｽF","TCRF160","1","47","ＣＲＦ－１６０","ﾎﾜｲﾄｺﾞｰﾙﾄﾞ･ｼｬｰﾘﾝｸﾞｲｴﾛｰｺﾞｰﾙﾄﾞ","プロパー","1","物流部倉庫","002A010","6.00","13.00","0.00","19.00","5338.00","101422","自社","2026/09","23.00","0.00","0.00","0.00","4.00","0.00","0.00","0.00","0.00","0.00"
"海外ｸﾗﾌｼｽF","TCRF160","2","47","ＣＲＦ－１６０","ｼﾙﾊﾞｰ･ｺﾞｰﾙﾄﾞ","プロパー","1","物流部倉庫","002A010","7.00","3.00","0.00","10.00","4988.00","49880","自社","2026/09","14.00","0.00","0.00","0.00","4.00","0.00","0.00","0.00","0.00","0.00"
"海外ｸﾗﾌｼｽF","TCRF160","3","47","ＣＲＦ－１６０","ｼｬｰﾘﾝｸﾞﾀﾞｰｸﾌﾞﾙｰｸﾞﾚｰ･ｼﾙﾊﾞｰ","プロパー","1","物流部倉庫","002A010","0.00","12.00","0.00","12.00","4988.00","59856","自社","2026/09","17.00","0.00","0.00","0.00","5.00","0.00","0.00","0.00","0.00","0.00"
"海外ｸﾗﾌｼｽF","TCRF160","4","47","ＣＲＦ－１６０","ﾏｯﾄﾌﾞﾗｯｸ･ｺﾞｰﾙﾄﾞ","プロパー","1","物流部倉庫","002A010","0.00","11.00","0.00","11.00","5298.00","58278","自社","2026/09","14.00","0.00","0.00","0.00","3.00","0.00","0.00","0.00","0.00","0.00"
"海外ｸﾗﾌｼｽF","TCRF161","1","48","ＣＲＦ－１６１","ｼｬｰﾘﾝｸﾞｺﾞｰﾙﾄﾞ","プロパー","1","物流部倉庫","002A010","4.00","12.00","0.00","16.00","4752.00","76032","自社","2026/09","20.00","0.00","0.00","0.00","4.00","0.00","0.00","0.00","0.00","0.00"
"海外ｸﾗﾌｼｽF","TCRF161","2","48","ＣＲＦ－１６１","ﾐｽﾄｸﾞﾚｰ･ﾍﾟﾝﾀｸﾞﾚｰ","プロパー","1","物流部倉庫","002A010","9.00","19.00","0.00","28.00","4982.00","139496","自社","2026/09","32.00","0.00","1.00","0.00","3.00","0.00","0.00","0.00","0.00","0.00"
"海外ｸﾗﾌｼｽF","TCRF161","3","48","ＣＲＦ－１６１","ﾐｽﾄｸﾞﾚｰﾈｲﾋﾞｰ･ｼｬｰﾘﾝｸﾞｼﾙﾊﾞｰ","プロパー","1","物流部倉庫","002A010","8.00","19.00","0.00","27.00","5082.00","137214","自社","2026/09","32.00","0.00","1.00","0.00","4.00","0.00","0.00","0.00","0.00","0.00"
"海外ｸﾗﾌｼｽF","TCRF161","4","48","ＣＲＦ－１６１","ﾐｽﾄﾌﾞﾗｯｸ･ｺﾞｰﾙﾄﾞ","プロパー","1","物流部倉庫","002A010","15.00","19.00","0.00","34.00","5112.00","173808","自社","2026/09","39.00","0.00","0.00","0.00","5.00","0.00","0.00","0.00","0.00","0.00"
"海外ｸﾗﾌｼｽF","TCRF162","1","49","ＣＲＦ－１６２","ﾐｽﾄﾌﾞﾗｯｸ･ｺﾞｰﾙﾄﾞ/ｺﾞｰﾙﾄﾞ","プロパー","1","物流部倉庫","002A010","20.00","2.00","0.00","22.00","5282.00","116204","自社","2026/09","25.00","0.00","0.00","0.00","3.00","0.00","0.00","0.00","0.00","0.00"
"海外ｸﾗﾌｼｽF","TCRF162","2","49","ＣＲＦ－１６２","ｼｬｰﾘﾝｸﾞｼﾙﾊﾞｰ･ｼｬｰﾘﾝｸﾞﾛｰｽﾞｺﾞｰﾙﾄﾞ/ｼｬｰﾘﾝｸﾞﾛｰｽﾞｺﾞｰﾙﾄﾞ","プロパー","1","物流部倉庫","002A010","15.00","2.00","0.00","17.00","4952.00","84184","自社","2026/09","20.00","0.00","0.00","0.00","3.00","0.00","0.00","0.00","0.00","0.00"
"海外ｸﾗﾌｼｽF","TCRF162","3","49","ＣＲＦ－１６２","ﾐｽﾄﾌﾞﾗｳﾝ･ｼｬｰﾘﾝｸﾞｼﾙﾊﾞｰ/ｼｬｰﾘﾝｸﾞｼﾙﾊﾞｰ","プロパー","1","物流部倉庫","002A010","17.00","2.00","0.00","19.00","5102.00","96938","自社","2026/09","22.00","0.00","0.00","0.00","3.00","0.00","0.00","0.00","0.00","0.00"
"海外ｸﾗﾌｼｽF","TCRF162","4","49","ＣＲＦ－１６２","ｼｬｰﾘﾝｸﾞﾗｽﾀｰ･ﾗｲﾄｸﾞﾚｰ/ﾗｲﾄｸﾞﾚｰ","プロパー","1","物流部倉庫","002A010","39.00","2.00","0.00","41.00","4952.00","203032","自社","2026/09","46.00","0.00","0.00","0.00","5.00","0.00","0.00","0.00","0.00","0.00"
"海外ｸﾗﾌｼｽF","TCRF163","1","48","ＣＲＦ－１６３","ｺﾞｰﾙﾄﾞ(ﾌﾞﾗｯｸﾌﾞﾗｳﾝﾃﾞﾐﾊｰﾌ)","プロパー","1","物流部倉庫","002A010","0.00","0.00","3.00","3.00","4648.00","13944","自社","2026/09","4.00","0.00","1.00","0.00","0.00","0.00","0.00","0.00","0.00","0.00"
"海外ｸﾗﾌｼｽF","TCRF163","2","48","ＣＲＦ－１６３","ｼｬｰﾘﾝｸﾞｺﾞｰﾙﾄﾞ(ｸﾘｱｽﾓｰｸ)","プロパー","1","物流部倉庫","002A010","1.00","8.00","6.00","15.00","4768.00","71520","自社","2026/09","17.00","0.00","0.00","0.00","2.00","0.00","0.00","0.00","0.00","0.00"
"海外ｸﾗﾌｼｽF","TCRF163","4","48","ＣＲＦ－１６３","IPｸﾞﾚｰ(ｸﾘｱﾌﾞﾙｰｸﾞﾚｰ)","プロパー","1","物流部倉庫","002A010","2.00","17.00","2.00","21.00","4498.00","94458","自社","2026/09","25.00","0.00","0.00","0.00","4.00","0.00","0.00","0.00","0.00","0.00"
"海外ｸﾗﾌｼｽF","TCRF164","1","49","ＣＲＦ－１６４","ﾏｯﾄﾎﾜｲﾄｺﾞｰﾙﾄﾞ･ﾏｯﾄﾈｲﾋﾞｰ","プロパー","1","物流部倉庫","002A010","29.00","7.00","3.00","39.00","5025.00","195975","自社","2026/09","45.00","0.00","2.00","0.00","4.00","0.00","0.00","0.00","0.00","0.00"
"海外ｸﾗﾌｼｽF","TCRF164","2","49","ＣＲＦ－１６４","ｺﾞｰﾙﾄﾞ","プロパー","1","物流部倉庫","002A010","36.00","17.00","7.00","60.00","4045.00","242700","自社","2026/09","62.00","0.00","0.00","0.00","2.00","0.00","0.00","0.00","0.00","0.00"
"海外ｸﾗﾌｼｽF","TCRF164","3","49","ＣＲＦ－１６４","ﾙﾃﾆｳﾑｸﾞﾚｰ","プロパー","1","物流部倉庫","002A010","29.00","18.00","7.00","54.00","4805.00","259470","自社","2026/09","58.00","0.00","0.00","0.00","4.00","0.00","0.00","0.00","0.00","0.00"
"海外ｸﾗﾌｼｽF","TCRF164","4","49","ＣＲＦ－１６４","ｼｬｰﾘﾝｸﾞﾀﾞｰｸｸﾞﾚｰ･ﾏｯﾄﾌﾞﾗｯｸ","プロパー","1","物流部倉庫","002A010","33.00","10.00","4.00","47.00","5325.00","250275","自社","2026/09","51.00","0.00","1.00","0.00","3.00","0.00","0.00","0.00","0.00","0.00"
"海外ｸﾗﾌｼｽF","TCRF164","5","49","ＣＲＦ－１６４","ｺﾞｰﾙﾄﾞ･ﾌﾞﾗｯｸ","プロパー","1","物流部倉庫","002A010","30.00","1.00","0.00","31.00","5125.00","158875","自社","2026/09","34.00","0.00","1.00","0.00","2.00","0.00","0.00","0.00","0.00","0.00"
"海外ｸﾗﾌｼｽF","TCRF164","6","49","ＣＲＦ－１６４","ｼﾙﾊﾞｰ･ﾏｯﾄﾌﾞﾗｳﾝ","プロパー","1","物流部倉庫","002A010","21.00","0.00","0.00","21.00","5025.00","105525","自社","2026/09","24.00","0.00","1.00","0.00","2.00","0.00","0.00","0.00","0.00","0.00"
"海外ｸﾗﾌｼｽF","TCRF165","1","51","ＣＲＦ－１６５","ｼｬｰﾘﾝｸﾞﾎﾜｲﾄｺﾞｰﾙﾄﾞ･ｼｬｰﾘﾝｸﾞｲｴﾛｰｺﾞｰﾙﾄﾞ","プロパー","1","物流部倉庫","002A010","45.00","23.00","0.00","68.00","4866.00","330888","自社","2026/09","73.00","0.00","0.00","0.00","5.00","0.00","0.00","0.00","0.00","0.00"
"海外ｸﾗﾌｼｽF","TCRF165","2","51","ＣＲＦ－１６５","ﾎﾜｲﾄｺﾞｰﾙﾄﾞ･ﾏｯﾄﾌﾞﾗｯｸ","プロパー","1","物流部倉庫","002A010","1.00","4.00","0.00","5.00","5196.00","25980","自社","2026/09","7.00","0.00","0.00","0.00","2.00","0.00","0.00","0.00","0.00","0.00"
"海外ｸﾗﾌｼｽF","TCRF165","3","51","ＣＲＦ－１６５","ｼｬｰﾘﾝｸﾞｼﾙﾊﾞｰ(ﾀﾞｰｸﾌﾞﾙｰｸﾞﾚｰ)","プロパー","1","物流部倉庫","002A010","4.00","6.00","0.00","10.00","4616.00","46160","自社","2026/09","16.00","0.00","0.00","0.00","6.00","0.00","0.00","0.00","0.00","0.00"
"海外ｸﾗﾌｼｽF","TCRF165","4","51","ＣＲＦ－１６５","ﾙﾃﾆｳﾑｸﾞﾚｰ(ﾏｯﾄｸﾞﾚｰ)","プロパー","1","物流部倉庫","002A010","15.00","2.00","0.00","17.00","4776.00","81192","自社","2026/09","22.00","0.00","0.00","0.00","5.00","0.00","0.00","0.00","0.00","0.00"
"海外ｸﾗﾌｼｽF","TCRF166","1","49","ＣＲＦ－１６６","ﾏｯﾄﾌﾞﾗｯｸ/ｼｬｰﾘﾝｸﾞｺﾞｰﾙﾄﾞ(ﾏｯﾄﾌﾞﾗｯｸ)","プロパー","1","物流部倉庫","002A010","5.00","10.00","0.00","15.00","7510.00","112650","自社","2026/09","19.00","0.00","0.00","0.00","4.00","0.00","0.00","0.00","0.00","0.00"
"海外ｸﾗﾌｼｽF","TCRF166","2","49","ＣＲＦ－１６６","ｸﾘｱｸﾞﾚｰ/ｼｬｰﾘﾝｸﾞｸﾞﾚｰ(ﾏｯﾄﾌﾞﾗｯｸ)","プロパー","1","物流部倉庫","002A010","4.00","12.00","0.00","16.00","6814.00","109024","自社","2026/09","19.00","0.00","0.00","0.00","3.00","0.00","0.00","0.00","0.00","0.00"
"海外ｸﾗﾌｼｽF","TCRF166","3","49","ＣＲＦ－１６６","ｸﾘｱ/ｼｬｰﾘﾝｸﾞｺﾞｰﾙﾄﾞ(ﾏｯﾄﾌﾞﾗｯｸ)","プロパー","1","物流部倉庫","002A010","6.00","13.00","0.00","19.00","7410.00","140790","自社","2026/09","23.00","0.00","1.00","0.00","3.00","0.00","0.00","0.00","0.00","0.00"
"海外ｸﾗﾌｼｽF","TCRF167","1","50","ＣＲＦ－１６７","ｺﾞｰﾙﾄﾞ(ﾌﾞﾗｯｸ)","プロパー","1","物流部倉庫","002A010","4.00","1.00","0.00","5.00","3934.00","19670","自社","2026/09","8.00","0.00","0.00","0.00","3.00","0.00","0.00","0.00","0.00","0.00"
"海外ｸﾗﾌｼｽF","TCRF167","2","50","ＣＲＦ－１６７","ﾏｯﾄﾎﾜｲﾄｺﾞｰﾙﾄﾞ","プロパー","1","物流部倉庫","002A010","1.00","1.00","0.00","2.00","3774.00","7548","自社","2026/09","2.00","0","0","0","0","0","0","0","0","0.00"
"海外ｸﾗﾌｼｽF","TCRF167","3","50","ＣＲＦ－１６７","ｼｬｰﾘﾝｸﾞｼﾙﾊﾞｰ(ﾌﾞﾗｯｸ)","プロパー","1","物流部倉庫","002A010","4.00","1.00","0.00","5.00","3864.00","19320","自社","2026/09","5.00","0","0","0","0","0","0","0","0","0.00"
"海外ｸﾗﾌｼｽF","TCRF168","1","54","ＣＲＦ－１６８","ｺﾞｰﾙﾄﾞ･ﾌﾞﾗｯｸ/ｺﾞｰﾙﾄﾞ","プロパー","1","物流部倉庫","002A010","25.00","4.00","0.00","29.00","4905.00","142245","自社","2026/09","31.00","0.00","0.00","0.00","2.00","0.00","0.00","0.00","0.00","0.00"
"海外ｸﾗﾌｼｽF","TCRF168","2","54","ＣＲＦ－１６８","ｼｬｰﾘﾝｸﾞﾎﾜｲﾄｺﾞｰﾙﾄﾞ","プロパー","1","物流部倉庫","002A010","10.00","2.00","0.00","12.00","4075.00","48900","自社","2026/09","16.00","0.00","0.00","0.00","4.00","0.00","0.00","0.00","0.00","0.00"
"海外ｸﾗﾌｼｽF","TCRF168","3","54","ＣＲＦ－１６８","IPｼﾙﾊﾞｰ","プロパー","1","物流部倉庫","002A010","9.00","2.00","0.00","11.00","3975.00","43725","自社","2026/09","14.00","0.00","1.00","0.00","2.00","0.00","0.00","0.00","0.00","0.00"
"海外ｸﾗﾌｼｽF","TCRF168","4","54","ＣＲＦ－１６８","IPｼｬｰﾘﾝｸﾞｸﾞﾚｰ(ﾌﾞﾗｯｸ)","プロパー","1","物流部倉庫","002A010","24.00","2.00","0.00","26.00","4270.00","111020","自社","2026/09","32.00","0.00","1.00","0.00","5.00","0.00","0.00","0.00","0.00","0.00"
"海外ｸﾗﾌｼｽF","TCRF169","1","49","ＣＲＦ－１６９","ｼｬｰﾘﾝｸﾞｺﾞｰﾙﾄﾞ(ｸﾘｱｽﾓｰｸ)","プロパー","1","物流部倉庫","002A010","16.00","4.00","3.00","23.00","4533.00","104259","自社","2026/09","25.00","0.00","0.00","0.00","2.00","0.00","0.00","0.00","0.00","0.00"
"海外ｸﾗﾌｼｽF","TCRF169","2","49","ＣＲＦ－１６９","ﾏｯﾄﾎﾜｲﾄｺﾞｰﾙﾄﾞ(ｸﾘｱﾌﾞﾙｰｸﾞﾚｰ)","プロパー","1","物流部倉庫","002A010","33.00","3.00","3.00","39.00","4413.00","172107","自社","2026/09","43.00","0.00","1.00","0.00","3.00","0.00","0.00","0.00","0.00","0.00"
"海外ｸﾗﾌｼｽF","TCRF169","3","49","ＣＲＦ－１６９","IPｼﾙﾊﾞｰ(ｸﾘｱ)","プロパー","1","物流部倉庫","002A010","35.00","3.00","3.00","41.00","4213.00","172733","自社","2026/09","45.00","0.00","0.00","0.00","4.00","0.00","0.00","0.00","0.00","0.00"
"海外ｸﾗﾌｼｽF","TCRF169","4","49","ＣＲＦ－１６９","IPｸﾞﾚｰ(ｸﾘｱｶｰｷ)","プロパー","1","物流部倉庫","002A010","24.00","4.00","3.00","31.00","4213.00","130603","自社","2026/09","34.00","0.00","0.00","1.00","4.00","0.00","0.00","0.00","0.00","0.00"
"海外ｸﾗﾌｼｽF","TCRF170","2","50","ＣＲＦ－１７０","ｼｬｰﾘﾝｸﾞｼﾙﾊﾞｰ","プロパー","1","物流部倉庫","002A010","1.00","0.00","0.00","1.00","3961.00","3961","自社","2026/09","1.00","0","0","0","0","0","0","0","0","0.00"
"海外ｸﾗﾌｼｽF","TCRF170","3","50","ＣＲＦ－１７０","IPｸﾞﾚｰ","プロパー","1","物流部倉庫","002A010","8.00","0.00","0.00","8.00","3861.00","30888","自社","2026/09","12.00","0.00","0.00","0.00","4.00","0.00","0.00","0.00","0.00","0.00"
"海外ｸﾗﾌｼｽF","TCRF171","1","52","ＣＲＦ－１７１","ﾎﾜｲﾄｺﾞｰﾙﾄﾞ(ﾌﾞﾗｯｸ)","プロパー","1","物流部倉庫","002A010","60.00","2.00","0.00","62.00","5046.00","312852","自社","2026/09","64.00","0.00","0.00","0.00","2.00","0.00","0.00","0.00","0.00","0.00"
"海外ｸﾗﾌｼｽF","TCRF171","2","52","ＣＲＦ－１７１","ﾏｯﾄﾎﾜｲﾄｺﾞｰﾙﾄﾞ","プロパー","1","物流部倉庫","002A010","39.00","2.00","0.00","41.00","4866.00","199506","自社","2026/09","44.00","0.00","0.00","0.00","3.00","0.00","0.00","0.00","0.00","0.00"
"海外ｸﾗﾌｼｽF","TCRF171","3","52","ＣＲＦ－１７１","IPｼｬｰﾘﾝｸﾞｼﾙﾊﾞｰ","プロパー","1","物流部倉庫","002A010","38.00","2.00","0.00","40.00","4526.00","181040","自社","2026/09","43.00","0.00","1.00","0.00","2.00","0.00","0.00","0.00","0.00","0.00"
"海外ｸﾗﾌｼｽF","TCRF171","4","52","ＣＲＦ－１７１","IPｸﾞﾚｰ(ﾏｯﾄﾀﾞｰｸﾈｲﾋﾞｰ)","プロパー","1","物流部倉庫","002A010","45.00","2.00","0.00","47.00","4566.00","214602","自社","2026/09","52.00","0.00","1.00","0.00","4.00","0.00","0.00","0.00","0.00","0.00"
"海外ｸﾗﾌｼｽF","TCRF172","1","53","ＣＲＦ－１７２","ﾎﾜｲﾄｺﾞｰﾙﾄﾞ･ﾏｯﾄﾌﾞﾗｯｸ/ﾎﾜｲﾄｺﾞｰﾙﾄﾞ","プロパー","1","物流部倉庫","002A010","37.00","2.00","0.00","39.00","6264.00","244296","自社","2026/09","41.00","0.00","0.00","0.00","2.00","0.00","0.00","0.00","0.00","0.00"
"海外ｸﾗﾌｼｽF","TCRF172","2","53","ＣＲＦ－１７２","ｼｬｰﾘﾝｸﾞﾎﾜｲﾄｺﾞｰﾙﾄﾞ","プロパー","1","物流部倉庫","002A010","48.00","2.00","0.00","50.00","5164.00","258200","自社","2026/09","53.00","0.00","0.00","0.00","3.00","0.00","0.00","0.00","0.00","0.00"
"海外ｸﾗﾌｼｽF","TCRF172","3","53","ＣＲＦ－１７２","IPｼｬｰﾘﾝｸﾞｼﾙﾊﾞｰ(ﾏｯﾄﾀﾞｰｸﾌﾞﾙｰｸﾞﾚｰ)","プロパー","1","物流部倉庫","002A010","32.00","2.00","0.00","34.00","5084.00","172856","自社","2026/09","37.00","0.00","0.00","0.00","3.00","0.00","0.00","0.00","0.00","0.00"
"海外ｸﾗﾌｼｽF","TCRF172","4","53","ＣＲＦ－１７２","IPｸﾞﾚｰ(ﾏｯﾄｸﾞﾚｰ)","プロパー","1","物流部倉庫","002A010","14.00","2.00","0.00","16.00","4914.00","78624","自社","2026/09","19.00","0.00","0.00","0.00","3.00","0.00","0.00","0.00","0.00","0.00"
"海外ｸﾗﾌｼｽF","TCRF174","1","51","ＣＲＦ－１７４","ﾌﾞﾗｯｸ/ﾎﾜｲﾄｺﾞｰﾙﾄﾞ","プロパー","1","物流部倉庫","002A010","9.00","1.00","0.00","10.00","4547.00","45470","自社","2026/09","2.00","0.00","3.00","15.00","4.00","0.00","0.00","0.00","0.00","0.00"
"海外ｸﾗﾌｼｽF","TCRF174","2","51","ＣＲＦ－１７４","ｸﾞﾘｰﾝ/ｼｬｰﾘﾝｸﾞｺﾞｰﾙﾄﾞ","プロパー","1","物流部倉庫","002A010","9.00","1.00","0.00","10.00","4597.00","45970","自社","2026/09","2.00","0.00","3.00","15.00","4.00","0.00","0.00","0.00","0.00","0.00"
"海外ｸﾗﾌｼｽF","TCRF174","3","51","ＣＲＦ－１７４","ｸﾘｱ/IPｼﾙﾊﾞｰ","プロパー","1","物流部倉庫","002A010","9.00","1.00","0.00","10.00","4563.00","45630","自社","2026/09","2.00","0.00","3.00","15.00","4.00","0.00","0.00","0.00","0.00","0.00"
"海外ｸﾗﾌｼｽF","TCRF174","4","51","ＣＲＦ－１７４","ﾁｬｺｰﾙﾌﾞﾗｳﾝ/IPｸﾞﾚｰ","プロパー","1","物流部倉庫","002A010","9.00","1.00","0.00","10.00","4563.00","45630","自社","2026/09","2.00","0.00","3.00","15.00","4.00","0.00","0.00","0.00","0.00","0.00"
"海外ｸﾗﾌｼｽF","TCRF175","1","52","ＣＲＦ－１７５","ﾌﾞﾗｯｸ/ｸﾘｱ･ﾌﾞﾗｯｸ","プロパー","1","物流部倉庫","002A010","2.00","0.00","0.00","2.00","6359.00","12718","自社","2026/09","2.00","0.00","3.00","7.00","4.00","0.00","0.00","0.00","0.00","0.00"
"海外ｸﾗﾌｼｽF","TCRF175","2","52","ＣＲＦ－１７５","ｸﾘｱｸﾞﾚｰ","プロパー","1","物流部倉庫","002A010","2.00","0.00","0.00","2.00","6149.00","12298","自社","2026/09","2.00","0.00","3.00","7.00","4.00","0.00","0.00","0.00","0.00","0.00"
"海外ｸﾗﾌｼｽF","TCRF175","3","52","ＣＲＦ－１７５","ﾌﾞﾗｳﾝ,ﾗｲﾄﾌﾞﾗｳﾝﾊｰﾌ","プロパー","1","物流部倉庫","002A010","2.00","0.00","0.00","2.00","6359.00","12718","自社","2026/09","2.00","0.00","3.00","7.00","4.00","0.00","0.00","0.00","0.00","0.00"
"海外ｸﾗﾌｼｽF","TCRF175E","1","52","ＣＲＦ－１７５Ｅ","ﾌﾞﾗｯｸ/ｸﾘｱ･ﾌﾞﾗｯｸ","プロパー","1","物流部倉庫","002A010","7.00","1.00","0.00","8.00","5653.00","45224","自社","2026/09","2.00","0.00","0.00","8.00","2.00","0.00","0.00","0.00","0.00","0.00"
"海外ｸﾗﾌｼｽF","TCRF175E","2","52","ＣＲＦ－１７５Ｅ","ｸﾘｱｸﾞﾚｰ","プロパー","1","物流部倉庫","002A010","7.00","1.00","0.00","8.00","5443.00","43544","自社","2026/09","2.00","0.00","0.00","8.00","2.00","0.00","0.00","0.00","0.00","0.00"
"海外ｸﾗﾌｼｽF","TCRF175E","3","52","ＣＲＦ－１７５Ｅ","ﾌﾞﾗｳﾝ,ﾗｲﾄﾌﾞﾗｳﾝﾊｰﾌ","プロパー","1","物流部倉庫","002A010","7.00","1.00","0.00","8.00","5653.00","45224","自社","2026/09","2.00","0.00","0.00","8.00","2.00","0.00","0.00","0.00","0.00","0.00"
"海外ｸﾗﾌｼｽF","TCRF176","1","51","ＣＲＦ－１７６","ﾌﾞﾗｯｸ/ﾌﾞﾗｯｸ･ｸﾘｱ","プロパー","1","物流部倉庫","002A010","2.00","0.00","0.00","2.00","5857.00","11714","自社","2026/09","2.00","0.00","3.00","7.00","4.00","0.00","0.00","0.00","0.00","0.00"
"海外ｸﾗﾌｼｽF","TCRF176","2","51","ＣＲＦ－１７６","ｸﾘｱｶｰｷ","プロパー","1","物流部倉庫","002A010","2.00","0.00","0.00","2.00","6067.00","12134","自社","2026/09","2.00","0.00","3.00","7.00","4.00","0.00","0.00","0.00","0.00","0.00"
"海外ｸﾗﾌｼｽF","TCRF176","3","51","ＣＲＦ－１７６","ﾊﾊﾞﾅ","プロパー","1","物流部倉庫","002A010","2.00","0.00","0.00","2.00","5857.00","11714","自社","2026/09","2.00","0.00","3.00","7.00","4.00","0.00","0.00","0.00","0.00","0.00"
"海外ｸﾗﾌｼｽF","TCRF176E","1","51","ＣＲＦ－１７６Ｅ","ﾌﾞﾗｯｸ/ﾌﾞﾗｯｸ･ｸﾘｱ","プロパー","1","物流部倉庫","002A010","7.00","1.00","0.00","8.00","5151.00","41208","自社","2026/09","2.00","0.00","0.00","8.00","2.00","0.00","0.00","0.00","0.00","0.00"
"海外ｸﾗﾌｼｽF","TCRF176E","2","51","ＣＲＦ－１７６Ｅ","ｸﾘｱｶｰｷ","プロパー","1","物流部倉庫","002A010","7.00","1.00","0.00","8.00","5361.00","42888","自社","2026/09","2.00","0.00","0.00","8.00","2.00","0.00","0.00","0.00","0.00","0.00"
"海外ｸﾗﾌｼｽF","TCRF176E","3","51","ＣＲＦ－１７６Ｅ","ﾊﾊﾞﾅ","プロパー","1","物流部倉庫","002A010","7.00","1.00","0.00","8.00","5151.00","41208","自社","2026/09","2.00","0.00","0.00","8.00","2.00","0.00","0.00","0.00","0.00","0.00"
"海外ｸﾗﾌｼｽF","TCRF500F","1","49","ＣＲＦ－５００Ｆ","ﾌﾞﾗｯｸ","プロパー","1","物流部倉庫","002A010","2.00","8.00","0.00","10.00","5792.00","57920","自社","2026/09","13.00","0.00","0.00","1.00","4.00","0.00","0.00","0.00","0.00","0.00"
"海外ｸﾗﾌｼｽF","TCRF500F","2","49","ＣＲＦ－５００Ｆ","ﾗｲﾄｸﾞﾚｰ","プロパー","1","物流部倉庫","002A010","7.00","12.00","0.00","19.00","5832.00","110808","自社","2026/09","21.00","0.00","0.00","1.00","3.00","0.00","0.00","0.00","0.00","0.00"
"海外ｸﾗﾌｼｽF","TCRF500F","3","49","ＣＲＦ－５００Ｆ","Brown","プロパー","1","物流部倉庫","002A010","2.00","8.00","0.00","10.00","5772.00","57720","自社","2026/09","13.00","0.00","0.00","0.00","3.00","0.00","0.00","0.00","0.00","0.00"
"海外ｸﾗﾌｼｽF","TCRF500H","1","49","ＣＲＦ－５００Ｈ","ﾀﾞｰｸｸﾞﾚｰ","プロパー","1","物流部倉庫","002A010","0.00","2.00","0.00","2.00","5942.00","11884","自社","2026/09","2.00","0","0","0","0","0","0","0","0","0.00"
"海外ｸﾗﾌｼｽF","TCRF500H","2","49","ＣＲＦ－５００Ｈ","ﾈｲﾋﾞｰ","プロパー","1","物流部倉庫","002A010","6.00","5.00","0.00","11.00","6012.00","66132","自社","2026/09","13.00","0.00","0.00","1.00","3.00","0.00","0.00","0.00","0.00","0.00"
"海外ｸﾗﾌｼｽF","TCRF500H","3","49","ＣＲＦ－５００Ｈ","Black","プロパー","1","物流部倉庫","002A010","1.00","0.00","0.00","1.00","5902.00","5902","自社","2026/09","1.00","0","0","0","0","0","0","0","0","0.00"
"海外ｸﾗﾌｼｽF","TCRF501F","1","48","ＣＲＦ－５０１Ｆ","ﾀﾞｰｸｸﾞﾚｰ","プロパー","1","物流部倉庫","002A010","25.00","16.00","0.00","41.00","6236.00","255676","自社","2026/09","44.00","0.00","0.00","2.00","5.00","0.00","0.00","0.00","0.00","0.00"
"海外ｸﾗﾌｼｽF","TCRF501F","2","48","ＣＲＦ－５０１Ｆ","ﾌﾞﾗｳﾝ","プロパー","1","物流部倉庫","002A010","9.00","16.00","0.00","25.00","6136.00","153400","自社","2026/09","28.00","0.00","0.00","2.00","5.00","0.00","0.00","0.00","0.00","0.00"
"海外ｸﾗﾌｼｽF","TCRF501F","3","48","ＣＲＦ－５０１Ｆ","Black","プロパー","1","物流部倉庫","002A010","20.00","16.00","0.00","36.00","6026.00","216936","自社","2026/09","39.00","0.00","0.00","0.00","3.00","0.00","0.00","0.00","0.00","0.00"
"海外ｸﾗﾌｼｽF","TCRF501H","1","48","ＣＲＦ－５０１Ｈ","ﾌﾞﾗｯｸ","プロパー","1","物流部倉庫","002A010","9.00","16.00","0.00","25.00","6056.00","151400","自社","2026/09","29.00","0.00","0.00","2.00","6.00","0.00","0.00","0.00","0.00","0.00"
"海外ｸﾗﾌｼｽF","TCRF501H","2","48","ＣＲＦ－５０１Ｈ","ﾗｲﾄｸﾞﾚｰ","プロパー","1","物流部倉庫","002A010","19.00","17.00","0.00","36.00","5996.00","215856","自社","2026/09","39.00","0.00","0.00","2.00","5.00","0.00","0.00","0.00","0.00","0.00"
"海外ｸﾗﾌｼｽF","TCRF501H","3","48","ＣＲＦ－５０１Ｈ","Navy","プロパー","1","物流部倉庫","002A010","12.00","16.00","0.00","28.00","6346.00","177688","自社","2026/09","32.00","0.00","0.00","0.00","4.00","0.00","0.00","0.00","0.00","0.00"
"海外ｸﾗﾌｼｽF","TCRF502F","1","49","ＣＲＦ－５０２Ｆ","ﾌﾞﾗｯｸ","プロパー","1","物流部倉庫","002A010","17.00","16.00","0.00","33.00","5645.00","186285","自社","2026/09","38.00","0.00","0.00","1.00","6.00","0.00","0.00","0.00","0.00","0.00"
"海外ｸﾗﾌｼｽF","TCRF502F","2","49","ＣＲＦ－５０２Ｆ","ﾀﾞｰｸｸﾞﾚｰ","プロパー","1","物流部倉庫","002A010","14.00","16.00","0.00","30.00","6125.00","183750","自社","2026/09","35.00","0.00","0.00","1.00","6.00","0.00","0.00","0.00","0.00","0.00"
"海外ｸﾗﾌｼｽF","TCRF502F","3","49","ＣＲＦ－５０２Ｆ","Navy","プロパー","1","物流部倉庫","002A010","12.00","16.00","0.00","28.00","6025.00","168700","自社","2026/09","33.00","0.00","1.00","0.00","4.00","0.00","0.00","0.00","0.00","0.00"
"海外ｸﾗﾌｼｽF","TCRF502H","1","49","ＣＲＦ－５０２Ｈ","ﾀﾞｰｸｸﾞﾚｰ","プロパー","1","物流部倉庫","002A010","28.00","16.00","0.00","44.00","5875.00","258500","自社","2026/09","46.00","0.00","0.00","2.00","4.00","0.00","0.00","0.00","0.00","0.00"
"海外ｸﾗﾌｼｽF","TCRF502H","2","49","ＣＲＦ－５０２Ｈ","ﾎﾜｲﾄ","プロパー","1","物流部倉庫","002A010","12.00","17.00","0.00","29.00","5815.00","168635","自社","2026/09","33.00","0.00","0.00","1.00","5.00","0.00","0.00","0.00","0.00","0.00"
"海外ｸﾗﾌｼｽF","TCRF502H","3","49","ＣＲＦ－５０２Ｈ","Black","プロパー","1","物流部倉庫","002A010","27.00","16.00","0.00","43.00","5895.00","253485","自社","2026/09","47.00","0.00","0.00","0.00","4.00","0.00","0.00","0.00","0.00","0.00"
"海外ｸﾗﾌｼｽF","TCRF503F","1","47","ＣＲＦ－５０３Ｆ","ﾌﾞﾗｯｸ","プロパー","1","物流部倉庫","002A010","15.00","18.00","0.00","33.00","6376.00","210408","自社","2026/09","38.00","0.00","1.00","1.00","5.00","0.00","0.00","0.00","0.00","0.00"
"海外ｸﾗﾌｼｽF","TCRF503F","2","47","ＣＲＦ－５０３Ｆ","ﾎﾜｲﾄ","プロパー","1","物流部倉庫","002A010","15.00","17.00","0.00","32.00","6196.00","198272","自社","2026/09","36.00","0.00","0.00","1.00","5.00","0.00","0.00","0.00","0.00","0.00"
"海外ｸﾗﾌｼｽF","TCRF503F","3","47","ＣＲＦ－５０３Ｆ","Navy","プロパー","1","物流部倉庫","002A010","29.00","16.00","0.00","45.00","6436.00","289620","自社","2026/09","49.00","0.00","0.00","0.00","4.00","0.00","0.00","0.00","0.00","0.00"
"海外ｸﾗﾌｼｽF","TCRF503H","1","47","ＣＲＦ－５０３Ｈ","ｿﾘｯﾄﾞ","プロパー","1","物流部倉庫","002A010","13.00","16.00","0.00","29.00","6376.00","184904","自社","2026/09","32.00","0.00","0.00","2.00","5.00","0.00","0.00","0.00","0.00","0.00"
"海外ｸﾗﾌｼｽF","TCRF503H","2","47","ＣＲＦ－５０３Ｈ","ﾗｲﾄｸﾞﾚｰ","プロパー","1","物流部倉庫","002A010","24.00","17.00","0.00","41.00","6226.00","255266","自社","2026/09","43.00","0.00","0.00","2.00","4.00","0.00","0.00","0.00","0.00","0.00"
"海外ｸﾗﾌｼｽF","TCRF503H","3","47","ＣＲＦ－５０３Ｈ","Brown","プロパー","1","物流部倉庫","002A010","26.00","16.00","0.00","42.00","6196.00","260232","自社","2026/09","47.00","0.00","1.00","0.00","4.00","0.00","0.00","0.00","0.00","0.00"
"海外ｸﾗﾌｼｽF","TCRF504","1","42","ＣＲＦ－５０４","ﾌﾞﾗｯｸ･ｼｬｰﾘﾝｸﾞｺﾞｰﾙﾄﾞ(ﾏｯﾄﾌﾞﾗｯｸ)","プロパー","1","物流部倉庫","002A010","2.00","10.00","0.00","12.00","6322.00","75864","自社","2026/09","14.00","0.00","0.00","0.00","2.00","0.00","0.00","0.00","0.00","0.00"
"海外ｸﾗﾌｼｽF","TCRF504","2","42","ＣＲＦ－５０４","ｼｬｰﾘﾝｸﾞｺﾞｰﾙﾄﾞ･ﾏｯﾄﾈｲﾋﾞｰ(ﾏｯﾄｸﾞﾚｰ)","プロパー","1","物流部倉庫","002A010","5.00","15.00","1.00","21.00","5742.00","120582","自社","2026/09","25.00","0.00","0.00","0.00","4.00","0.00","0.00","0.00","0.00","0.00"
"海外ｸﾗﾌｼｽF","TCRF504","3","42","ＣＲＦ－５０４","ｸﾞﾚｰ･ﾌﾞﾗｯｸ(ﾏｯﾄﾌﾞﾗｯｸ)","プロパー","1","物流部倉庫","002A010","7.00","10.00","0.00","17.00","5692.00","96764","自社","2026/09","18.00","0.00","0.00","0.00","1.00","0.00","0.00","0.00","0.00","0.00"
"海外ｸﾗﾌｼｽF","TCRF505","1","42","ＣＲＦ－５０５","ﾌﾞﾗｯｸ･ｼｬｰﾘﾝｸﾞｺﾞｰﾙﾄﾞ(ﾏｯﾄﾌﾞﾗｯｸ)","プロパー","1","物流部倉庫","002A010","3.00","6.00","0.00","9.00","6322.00","56898","自社","2026/09","10.00","0.00","0.00","0.00","1.00","0.00","0.00","0.00","0.00","0.00"
"海外ｸﾗﾌｼｽF","TCRF505","2","42","ＣＲＦ－５０５","ｼｬｰﾘﾝｸﾞｼﾙﾊﾞｰ･ﾏｯﾄﾌﾞﾗｯｸ(ﾏｯﾄﾌﾞﾗｯｸ)","プロパー","1","物流部倉庫","002A010","6.00","6.00","0.00","12.00","5792.00","69504","自社","2026/09","14.00","0.00","0.00","0.00","2.00","0.00","0.00","0.00","0.00","0.00"
"海外ｸﾗﾌｼｽF","TCRF505","3","42","ＣＲＦ－５０５","ｼｬｰﾘﾝｸﾞﾀﾞｰｸﾈｲﾋﾞｰ･ｼｬｰﾘﾝｸﾞｼﾙﾊﾞｰ(ﾏｯﾄｸﾞﾚｰ)","プロパー","1","物流部倉庫","002A010","5.00","6.00","0.00","11.00","6342.00","69762","自社","2026/09","13.00","0.00","0.00","0.00","2.00","0.00","0.00","0.00","0.00","0.00"
"海外ｸﾗﾌｼｽF","TCRF506","1","46","ＣＲＦ－５０６","ｼｬｰﾘﾝｸﾞｺﾞｰﾙﾄﾞ･ﾌﾞﾗｯｸ(ﾏｯﾄﾌﾞﾗｯｸ)","プロパー","1","物流部倉庫","002A010","5.00","8.00","0.00","13.00","7214.00","93782","自社","2026/09","15.00","0.00","0.00","1.00","3.00","0.00","0.00","0.00","0.00","0.00"
"海外ｸﾗﾌｼｽF","TCRF506","2","46","ＣＲＦ－５０６","ｼｬｰﾘﾝｸﾞｼﾙﾊﾞｰ･ﾏｯﾄﾈｲﾋﾞｰ(ﾏｯﾄｸﾞﾚｰ)","プロパー","1","物流部倉庫","002A010","3.00","4.00","0.00","7.00","7074.00","49518","自社","2026/09","9.00","0.00","0.00","1.00","3.00","0.00","0.00","0.00","0.00","0.00"
"海外ｸﾗﾌｼｽF","TCRF506","3","46","ＣＲＦ－５０６","ｸﾞﾚｰ(ﾏｯﾄﾌﾞﾗｯｸ)","プロパー","1","物流部倉庫","002A010","1.00","5.00","0.00","6.00","6114.00","36684","自社","2026/09","7.00","0.00","0.00","1.00","2.00","0.00","0.00","0.00","0.00","0.00"
"海外ﾏｻｷﾏﾂｼﾏF","TMF014","1","57","ＭＦ－０１４","ﾌﾞﾗｯｸ･ｺﾞｰﾙﾄﾞ","プロパー","1","物流部倉庫","002A010","20.00","0.00","0.00","20.00","4985.00","99700","自社","2026/09","21.00","0.00","0.00","0.00","1.00","0.00","0.00","0.00","0.00","0.00"
"海外ﾏｻｷﾏﾂｼﾏF","TMF014","2","57","ＭＦ－０１４","ﾏｯﾄﾈｲﾋﾞｰ･ｼﾙﾊﾞｰ","プロパー","1","物流部倉庫","002A010","26.00","1.00","0.00","27.00","4985.00","134595","自社","2026/09","28.00","0.00","0.00","0.00","1.00","0.00","0.00","0.00","0.00","0.00"
"海外ﾏｻｷﾏﾂｼﾏF","TMF015","1","57","ＭＦ－０１５","ﾍｱﾗｲﾝｺﾞｰﾙﾄﾞ･ﾏｯﾄﾌﾞﾗｯｸ","プロパー","1","物流部倉庫","002A010","0.00","24.00","0.00","24.00","5026.00","120624","自社","2026/09","25.00","0.00","0.00","0.00","1.00","0.00","0.00","0.00","0.00","0.00"
"海外ﾏｻｷﾏﾂｼﾏF","TMF016","1","57","ＭＦ－０１６","ｶﾞﾝﾒﾀﾙ･ｺﾞｰﾙﾄﾞ","プロパー","1","物流部倉庫","002A010","36.00","0.00","0.00","36.00","4841.00","174276","自社","2026/09","37.00","0.00","0.00","0.00","1.00","0.00","0.00","0.00","0.00","0.00"
"海外ﾏｻｷﾏﾂｼﾏF","TMF016","3","57","ＭＦ－０１６","ﾌﾞﾗｯｸﾎﾞﾙﾄﾞｰ･ｸﾞﾚｰ","プロパー","1","物流部倉庫","002A010","12.00","0.00","0.00","12.00","4841.00","58092","自社","2026/09","13.00","0.00","0.00","0.00","1.00","0.00","0.00","0.00","0.00","0.00"
"海外ﾏｻｷﾏﾂｼﾏF","TMF016","4","57","ＭＦ－０１６","ﾌﾞﾙｰｸﾞﾚｰ･ｺﾞｰﾙﾄﾞ","プロパー","1","物流部倉庫","002A010","0.00","1.00","0.00","1.00","4841.00","4841","自社","2026/09","1.00","0","0","0","0","0","0","0","0","0.00"
"海外ﾏｻｷﾏﾂｼﾏF","TMF017","2","57","ＭＦ－０１７","ﾗｲﾄｸﾞﾚｰ･ﾌﾞﾗｯｸｸﾞﾗﾃﾞｰｼｮﾝ","プロパー","1","物流部倉庫","002A010","0.00","1.00","0.00","1.00","4580.00","4580","自社","2026/09","1.00","0","0","0","0","0","0","0","0","0.00"
"海外ﾏｻｷﾏﾂｼﾏF","TMFT5039","11","57","ＭＦＴ－５０３９","ｾﾋﾟｱ･ｸﾞﾚｰ","プロパー","1","物流部倉庫","002A010","8.00","5.00","0.00","13.00","3421.00","44473","自社","2026/09","14.00","0.00","0.00","0.00","1.00","0.00","0.00","0.00","0.00","0.00"
"海外ﾏｻｷﾏﾂｼﾏF","TMFT5039","4","57","ＭＦＴ－５０３９","ﾀﾞｰｸﾈｲﾋﾞｰ･ﾗｲﾄｸﾞﾚｰ/ｶﾞﾝﾒﾀﾙ","プロパー","1","物流部倉庫","002A010","1.00","4.00","0.00","5.00","3421.00","17105","自社","2026/09","6.00","0.00","0.00","0.00","1.00","0.00","0.00","0.00","0.00","0.00"
"海外ﾏｻｷﾏﾂｼﾏF","TMFT5059","3","56","ＭＦＴ－５０５９","ﾀﾞｰｸﾌﾞﾙｰ/ｸﾞﾚｰ","プロパー","1","物流部倉庫","002A010","0.00","1.00","0.00","1.00","3487.00","3487","自社","2026/09","1.00","0","0","0","0","0","0","0","0","0.00"
"海外ﾏｻｷﾏﾂｼﾏF","TMFT5059","7","56","ＭＦＴ－５０５９","ｾﾐﾏｯﾄﾌﾞﾗｯｸ/ﾗｲﾄｸﾞﾚｰ･ｾﾐﾏｯﾄﾌﾞﾗｯｸ","プロパー","1","物流部倉庫","002A010","0.00","1.00","0.00","1.00","3487.00","3487","自社","2026/09","1.00","0","0","0","0","0","0","0","0","0.00"
"海外ﾏｻｷﾏﾂｼﾏF","TMFT5067","1","57","ＭＦＴ－５０６７","ﾀﾞｰｸｸﾞﾚｰ/ｸﾞﾚｰ","プロパー","1","物流部倉庫","002A010","45.00","1.00","0.00","46.00","3950.00","181700","自社","2026/09","47.00","0.00","0.00","0.00","1.00","0.00","0.00","0.00","0.00","0.00"
"海外ﾏｻｷﾏﾂｼﾏF","TMFT5067","3","57","ＭＦＴ－５０６７","ﾃﾞｨｰﾌﾟﾈｲﾋﾞｰ･ｸﾞﾚｰ","プロパー","1","物流部倉庫","002A010","23.00","3.00","0.00","26.00","3950.00","102700","自社","2026/09","27.00","0.00","0.00","0.00","1.00","0.00","0.00","0.00","0.00","0.00"
"海外ﾏｻｷﾏﾂｼﾏF","TMFT5067","4","57","ＭＦＴ－５０６７","ﾌﾞﾗｯｸ･ﾏｯﾄﾌﾞﾗｯｸ/ｺﾞｰﾙﾄﾞ","プロパー","1","物流部倉庫","002A010","29.00","0.00","0.00","29.00","3950.00","114550","自社","2026/09","30.00","0.00","0.00","0.00","1.00","0.00","0.00","0.00","0.00","0.00"
"海外ﾏｻｷﾏﾂｼﾏF","TMFT5067","6","57","ＭＦＴ－５０６７","ｺﾞｰﾙﾄﾞ･ﾏｯﾄﾌﾞﾙｰｸﾞﾚｰ/ﾏｯﾄﾌﾞﾙｰｸﾞﾚｰ","プロパー","1","物流部倉庫","002A010","42.00","0.00","0.00","42.00","3950.00","165900","自社","2026/09","42.00","0.00","0.00","1.00","1.00","0.00","0.00","0.00","0.00","0.00"
"海外ﾏｻｷﾏﾂｼﾏF","TMFT5088","7","61","ＭＦＴ－５０８８","ﾍｱﾗｲﾝｼﾙﾊﾞｰ･ﾍｱﾗｲﾝｺﾞｰﾙﾄﾞ/ﾍｱﾗｲﾝｺﾞｰﾙﾄﾞ･ﾍｱﾗｲﾝｼﾙﾊﾞｰ","プロパー","1","物流部倉庫","002A010","4.00","1.00","0.00","5.00","3728.00","18640","自社","2026/09","5.00","0","0","0","0","0","0","0","0","0.00"
"海外ﾏｻｷﾏﾂｼﾏF","TMFT5092","1","54","ＭＦＴ－５０９２","ﾍｱﾗｲﾝｺﾞｰﾙﾄﾞ･ﾏｯﾄﾃﾞｨｰﾌﾟﾈｲﾋﾞｰ","プロパー","1","物流部倉庫","002A010","35.00","0.00","0.00","35.00","3647.00","127645","自社","2026/09","36.00","0.00","0.00","0.00","1.00","0.00","0.00","0.00","0.00","0.00"
"海外ﾏｻｷﾏﾂｼﾏF","TMFT5092","3","54","ＭＦＴ－５０９２","ﾏｯﾄｸﾞﾘｰﾝ･ﾏｯﾄﾌﾞﾗｯｸ/ﾏｯﾄｸﾞﾘｰﾝ","プロパー","1","物流部倉庫","002A010","24.00","0.00","0.00","24.00","3647.00","87528","自社","2026/09","25.00","0.00","0.00","0.00","1.00","0.00","0.00","0.00","0.00","0.00"
"海外ﾏｻｷﾏﾂｼﾏF","TMFT5092","4","54","ＭＦＴ－５０９２","ｸﾞﾚｰ･ﾌﾞﾗｯｸ","プロパー","1","物流部倉庫","002A010","18.00","0.00","0.00","18.00","3647.00","65646","自社","2026/09","19.00","0.00","0.00","0.00","1.00","0.00","0.00","0.00","0.00","0.00"
"海外ﾏｻｷﾏﾂｼﾏF","TMFT5092","6","54","ＭＦＴ－５０９２","ﾍｱﾗｲﾝｺﾞｰﾙﾄﾞ･ﾀﾞｰｸﾌﾞﾗｳﾝｸﾞﾗﾃﾞｰｼｮﾝ/ﾀﾞｰｸﾌﾞﾗｳﾝ","プロパー","1","物流部倉庫","002A010","18.00","0.00","0.00","18.00","3647.00","65646","自社","2026/09","18.00","0.00","0.00","1.00","1.00","0.00","0.00","0.00","0.00","0.00"
"海外ﾏｻｷﾏﾂｼﾏF","TMFT5094","5","55","ＭＦＴ－５０９４","ｺﾞｰﾙﾄﾞ･ｼﾙﾊﾞｰ","プロパー","1","物流部倉庫","002A010","14.00","0.00","0.00","14.00","3513.00","49182","自社","2026/09","14.00","0","0","0","0","0","0","0","0","0.00"
"海外ﾏｻｷﾏﾂｼﾏF","TMFT5095","1","57","ＭＦＴ－５０９５","ﾌﾞﾗｯｸ/ｺﾞｰﾙﾄﾞ･ﾌﾞﾗｯｸ","プロパー","1","物流部倉庫","002A010","39.00","0.00","0.00","39.00","3858.00","150462","自社","2026/09","39.00","0","0","0","0","0","0","0","0","0.00"
"海外ﾏｻｷﾏﾂｼﾏF","TMFT5095","3","57","ＭＦＴ－５０９５","ﾏｯﾄﾃﾞｨｰﾌﾟﾈｲﾋﾞｰ/ｸﾞﾚｰ･ﾏｯﾄﾃﾞｨｰﾌﾟﾈｲﾋﾞｰ","プロパー","1","物流部倉庫","002A010","27.00","0.00","0.00","27.00","3858.00","104166","自社","2026/09","28.00","0.00","0.00","0.00","1.00","0.00","0.00","0.00","0.00","0.00"
"海外ﾏｻｷﾏﾂｼﾏF","TMFT5095","4","57","ＭＦＴ－５０９５","ｾﾐﾏｯﾄﾌﾞﾗｯｸ/ﾗｲﾄｸﾞﾚｰ･ｾﾐﾏｯﾄﾌﾞﾗｯｸ","プロパー","1","物流部倉庫","002A010","0.00","14.00","0.00","14.00","3858.00","54012","自社","2026/09","15.00","0.00","0.00","0.00","1.00","0.00","0.00","0.00","0.00","0.00"
"海外ﾏｻｷﾏﾂｼﾏF","TMFT5095","6","57","ＭＦＴ－５０９５","ﾚｯﾄﾞ/ｸﾞﾚｰ･ﾚｯﾄﾞ","プロパー","1","物流部倉庫","002A010","0.00","1.00","0.00","1.00","3858.00","3858","自社","2026/09","0.00","0.00","0.00","1.00","0.00","0.00","0.00","0.00","0.00","0.00"
"海外ﾏｻｷﾏﾂｼﾏF","TMFT5101","2","56","ＭＦＴ－５１０１","ﾌﾞﾗｯｸ･ｸﾞﾚｰ/ｸﾞﾚｰ","プロパー","1","物流部倉庫","002A010","12.00","6.00","0.00","18.00","3676.00","66168","自社","2026/09","18.00","0","0","0","0","0","0","0","0","0.00"
"海外ﾏｻｷﾏﾂｼﾏF","TMFT5102","3","57","ＭＦＴ－５１０２","ﾍｱﾗｲﾝｺﾞｰﾙﾄﾞ/ﾍｱﾗｲﾝｺﾞｰﾙﾄﾞ･ﾍｱﾗｲﾝｼﾙﾊﾞｰ","プロパー","1","物流部倉庫","002A010","7.00","1.00","0.00","8.00","3484.00","27872","自社","2026/09","8.00","0","0","0","0","0","0","0","0","0.00"
"海外ﾏｻｷﾏﾂｼﾏF","TMFT5103","5","59","ＭＦＴ－５１０３","ﾚｯﾄﾞ･ｼﾙﾊﾞｰ","プロパー","1","物流部倉庫","002A010","1.00","0.00","0.00","1.00","3690.00","3690","自社","2026/09","1.00","0","0","0","0","0","0","0","0","0.00"
"海外ﾏｻｷﾏﾂｼﾏF","TMFT5103","7","59","ＭＦＴ－５１０３","ｺﾞｰﾙﾄﾞ/ｺﾞｰﾙﾄﾞ･無垢","プロパー","1","物流部倉庫","002A010","13.00","0.00","0.00","13.00","3690.00","47970","自社","2026/09","14.00","0.00","0.00","0.00","1.00","0.00","0.00","0.00","0.00","0.00"
"海外ﾏｻｷﾏﾂｼﾏF","TMFT5103","8","59","ＭＦＴ－５１０３","ｵﾚﾝｼﾞ･ﾗｲﾄｸﾞﾚｰ","プロパー","1","物流部倉庫","002A010","22.00","0.00","0.00","22.00","3690.00","81180","自社","2026/09","23.00","0.00","0.00","0.00","1.00","0.00","0.00","0.00","0.00","0.00"
"海外ﾏｻｷﾏﾂｼﾏF","TMFT5108","3","57","ＭＦＴ－５１０８","ﾗｲﾄｸﾞﾚｰ･ﾃﾞｨｰﾌﾟﾈｲﾋﾞｰ/ﾗｲﾄｸﾞﾚｰ","プロパー","1","物流部倉庫","002A010","0.00","5.00","0.00","5.00","3927.00","19635","自社","2026/09","5.00","0","0","0","0","0","0","0","0","0.00"
"海外ﾏｻｷﾏﾂｼﾏF","TMFT5108","5","57","ＭＦＴ－５１０８","ｼﾙﾊﾞｰ･ﾛｰｽﾞｺﾞｰﾙﾄﾞ/ﾛｰｽﾞｺﾞｰﾙﾄﾞ","プロパー","1","物流部倉庫","002A010","2.00","1.00","0.00","3.00","3927.00","11781","自社","2026/09","3.00","0","0","0","0","0","0","0","0","0.00"
"海外ﾏｻｷﾏﾂｼﾏF","TMFT5109","5","57","ＭＦＴ－５１０９","ｸﾞﾚｰ･ｾﾐﾏｯﾄﾌﾞﾗｯｸ/ｾﾐﾏｯﾄﾌﾞﾗｯｸ･ｸﾞﾚｰ","プロパー","1","物流部倉庫","002A010","0.00","3.00","0.00","3.00","4303.00","12909","自社","2026/09","3.00","0","0","0","0","0","0","0","0","0.00"
"海外ﾏｻｷﾏﾂｼﾏF","TMFT5110","1","51","ＭＦＴ－５１１０","ﾗｲﾄｸﾞﾚｰ･ﾌﾞﾗｯｸｸﾞﾗﾃﾞｰｼｮﾝ/ﾌﾞﾗｯｸ･ﾗｲﾄｸﾞﾚｰ","プロパー","1","物流部倉庫","002A010","29.00","0.00","0.00","29.00","4334.00","125686","自社","2026/09","31.00","0.00","1.00","0.00","1.00","0.00","0.00","0.00","0.00","0.00"
"海外ﾏｻｷﾏﾂｼﾏF","TMFT5110","2","51","ＭＦＴ－５１１０","ｺﾞｰﾙﾄﾞ･ﾏｯﾄﾌﾞﾗｳﾝｸﾞﾗﾃﾞｰｼｮﾝ/ﾏｯﾄﾌﾞﾗｳﾝ","プロパー","1","物流部倉庫","002A010","72.00","0.00","0.00","72.00","4334.00","312048","自社","2026/09","73.00","0.00","0.00","0.00","1.00","0.00","0.00","0.00","0.00","0.00"
"海外ﾏｻｷﾏﾂｼﾏF","TMFT5110","3","51","ＭＦＴ－５１１０","ﾍｱﾗｲﾝｼﾙﾊﾞｰ･ﾏｯﾄﾈｲﾋﾞｰ/ﾏｯﾄﾈｲﾋﾞｰ","プロパー","1","物流部倉庫","002A010","35.00","1.00","0.00","36.00","4334.00","156024","自社","2026/09","37.00","0.00","0.00","0.00","1.00","0.00","0.00","0.00","0.00","0.00"
"海外ﾏｻｷﾏﾂｼﾏF","TMFT5110","6","51","ＭＦＴ－５１１０","ﾛｰｽﾞｺﾞｰﾙﾄﾞ･ﾌﾞﾗｯｸ/ﾌﾞﾗｯｸ･ﾛｰｽﾞｺﾞｰﾙﾄﾞ","プロパー","1","物流部倉庫","002A010","22.00","0.00","0.00","22.00","4334.00","95348","自社","2026/09","22.00","0.00","0.00","1.00","1.00","0.00","0.00","0.00","0.00","0.00"
"海外ﾏｻｷﾏﾂｼﾏF","TMFT5111","1","58","ＭＦＴ－５１１１","ｸﾞﾚｰ/ｸﾞﾚｰ･ﾌﾞﾗｯｸｸﾞﾗﾃﾞｰｼｮﾝ","プロパー","1","物流部倉庫","002A010","14.00","0.00","0.00","14.00","4525.00","63350","自社","2026/09","15.00","0.00","0.00","0.00","1.00","0.00","0.00","0.00","0.00","0.00"
"海外ﾏｻｷﾏﾂｼﾏF","TMFT5111","2","58","ＭＦＴ－５１１１","ﾍｱﾗｲﾝｺﾞｰﾙﾄﾞ･ﾍｱﾗｲﾝｼﾙﾊﾞｰ","プロパー","1","物流部倉庫","002A010","21.00","1.00","0.00","22.00","4525.00","99550","自社","2026/09","23.00","0.00","0.00","0.00","1.00","0.00","0.00","0.00","0.00","0.00"
"海外ﾏｻｷﾏﾂｼﾏF","TMFT5111","5","58","ＭＦＴ－５１１１","ﾛｰｽﾞｺﾞｰﾙﾄﾞ･ﾏｯﾄﾀﾞｰｸﾌﾞﾗｳﾝ","プロパー","1","物流部倉庫","002A010","14.00","21.00","0.00","35.00","4525.00","158375","自社","2026/09","36.00","0.00","0.00","0.00","1.00","0.00","0.00","0.00","0.00","0.00"
"海外ﾏｻｷﾏﾂｼﾏF","TMFT5112","2","58","ＭＦＴ－５１１２","ﾌﾞﾗｯｸ･ｸﾞﾚｰ","プロパー","1","物流部倉庫","002A010","8.00","10.00","0.00","18.00","3858.00","69444","自社","2026/09","18.00","0","0","0","0","0","0","0","0","0.00"
"海外ﾏｻｷﾏﾂｼﾏF","TMFT5112","3","58","ＭＦＴ－５１１２","ﾃﾞｨｰﾌﾟﾈｲﾋﾞｰ･ｺﾞｰﾙﾄﾞ","プロパー","1","物流部倉庫","002A010","17.00","0.00","0.00","17.00","3858.00","65586","自社","2026/09","17.00","0","0","0","0","0","0","0","0","0.00"
"海外ﾏｻｷﾏﾂｼﾏF","TMFT5112","5","58","ＭＦＴ－５１１２","ｼﾙﾊﾞｰ･ｵﾚﾝｼﾞ","プロパー","1","物流部倉庫","002A010","20.00","0.00","0.00","20.00","3858.00","77160","自社","2026/09","20.00","0","0","0","0","0","0","0","0","0.00"
"海外ﾏｻｷﾏﾂｼﾏF","TMFT5112","6","58","ＭＦＴ－５１１２","ﾚｯﾄﾞ/ｸﾞﾚｰ･ﾚｯﾄﾞ","プロパー","1","物流部倉庫","002A010","4.00","0.00","0.00","4.00","3858.00","15432","自社","2026/09","3.00","0.00","0.00","1.00","0.00","0.00","0.00","0.00","0.00","0.00"
"海外ﾏｻｷﾏﾂｼﾏF","TMFT5114","1","51","ＭＦＴ－５１１４","ﾗｲﾄｸﾞﾚｰ･ｾﾐﾏｯﾄﾌﾞﾗｯｸｸﾞﾗﾃﾞｰｼｮﾝ","プロパー","1","物流部倉庫","002A010","21.00","2.00","0.00","23.00","3690.00","84870","自社","2026/09","26.00","0.00","2.00","0.00","1.00","0.00","0.00","0.00","0.00","0.00"
"海外ﾏｻｷﾏﾂｼﾏF","TMFT5114","5","51","ＭＦＴ－５１１４","ｺﾞｰﾙﾄﾞ･ﾌﾞﾗｯｸ","プロパー","1","物流部倉庫","002A010","9.00","0.00","0.00","9.00","3690.00","33210","自社","2026/09","10.00","0.00","0.00","0.00","1.00","0.00","0.00","0.00","0.00","0.00"
"海外ﾏｻｷﾏﾂｼﾏF","TMFT5115","3","57","ＭＦＴ－５１１５","ｺﾞｰﾙﾄﾞ･ﾌﾞﾗｯｸｸﾞﾗﾃﾞｰｼｮﾝ/ﾌﾞﾗｯｸ","プロパー","1","物流部倉庫","002A010","9.00","0.00","0.00","9.00","3589.00","32301","自社","2026/09","9.00","0","0","0","0","0","0","0","0","0.00"
"海外ﾏｻｷﾏﾂｼﾏF","TMFT5116","1","53","ＭＦＴ－５１１６","ｸﾞﾚｰ･ﾌﾞﾗｯｸ","プロパー","1","物流部倉庫","002A010","0.00","1.00","0.00","1.00","4283.00","4283","自社","2026/09","0.00","0.00","0.00","1.00","0.00","0.00","0.00","0.00","0.00","0.00"
"海外ﾏｻｷﾏﾂｼﾏF","TMFT5116","2","53","ＭＦＴ－５１１６","ﾏｯﾄﾈｲﾋﾞｰ･ｺﾞｰﾙﾄﾞ/ﾏｯﾄﾈｲﾋﾞｰ","プロパー","1","物流部倉庫","002A010","35.00","0.00","0.00","35.00","4283.00","149905","自社","2026/09","35.00","0.00","0.00","1.00","1.00","0.00","0.00","0.00","0.00","0.00"
"海外ﾏｻｷﾏﾂｼﾏF","TMFT5116","3","53","ＭＦＴ－５１１６","ﾌﾞﾗｯｸ/ｶﾞﾝﾒﾀﾙ","プロパー","1","物流部倉庫","002A010","0.00","5.00","0.00","5.00","4283.00","21415","自社","2026/09","4.00","0.00","0.00","1.00","0.00","0.00","0.00","0.00","0.00","0.00"
"海外ﾏｻｷﾏﾂｼﾏF","TMFT5116","4","53","ＭＦＴ－５１１６","ｵﾚﾝｼﾞ･ﾗｲﾄｸﾞﾚｰ","プロパー","1","物流部倉庫","002A010","5.00","2.00","0.00","7.00","4283.00","29981","自社","2026/09","6.00","0.00","0.00","1.00","0.00","0.00","0.00","0.00","0.00","0.00"
"海外ﾏｻｷﾏﾂｼﾏF","TMFT5117","1","53","ＭＦＴ－５１１７","ﾍｱﾗｲﾝｶﾞﾝﾒﾀﾙ/ﾌﾞﾗｯｸ","プロパー","1","物流部倉庫","002A010","0.00","1.00","0.00","1.00","3720.00","3720","自社","2026/09","0.00","0.00","0.00","1.00","0.00","0.00","0.00","0.00","0.00","0.00"
"海外ﾏｻｷﾏﾂｼﾏF","TMFT5117","2","53","ＭＦＴ－５１１７","ｼﾙﾊﾞｰ･ﾌﾞﾗｯｸｸﾞﾗﾃﾞｰｼｮﾝ/ｼﾙﾊﾞｰ","プロパー","1","物流部倉庫","002A010","1.00","0.00","0.00","1.00","3720.00","3720","自社","2026/09","0.00","0.00","0.00","1.00","0.00","0.00","0.00","0.00","0.00","0.00"
"海外ﾏｻｷﾏﾂｼﾏF","TMFT5117","3","53","ＭＦＴ－５１１７","ｺﾞｰﾙﾄﾞ･ﾌﾞﾙｰｸﾞﾚｰ/ｺﾞｰﾙﾄﾞ","プロパー","1","物流部倉庫","002A010","0.00","1.00","0.00","1.00","3720.00","3720","自社","2026/09","0.00","0.00","0.00","1.00","0.00","0.00","0.00","0.00","0.00","0.00"
"海外ﾏｻｷﾏﾂｼﾏF","TMFT5117","4","53","ＭＦＴ－５１１７","ﾌﾞﾗｯｸ/ｵﾚﾝｼﾞ","プロパー","1","物流部倉庫","002A010","7.00","0.00","0.00","7.00","3720.00","26040","自社","2026/09","6.00","0.00","0.00","1.00","0.00","0.00","0.00","0.00","0.00","0.00"
"海外ﾏｻｷﾏﾂｼﾏF","TMFT5118","1","61","ＭＦＴ－５１１８","ﾌﾞﾗｯｸ/ﾌﾞﾗｯｸ･ｺﾞｰﾙﾄﾞ","プロパー","1","物流部倉庫","002A010","0.00","1.00","0.00","1.00","4190.00","4190","自社","2026/09","0.00","0.00","0.00","1.00","0.00","0.00","0.00","0.00","0.00","0.00"
"海外ﾏｻｷﾏﾂｼﾏF","TMFT5118","2","61","ＭＦＴ－５１１８","ｶﾞﾝﾒﾀﾙ･ﾗｲﾄｸﾞﾚｰ/ｶﾞﾝﾒﾀﾙ","プロパー","1","物流部倉庫","002A010","0.00","1.00","0.00","1.00","4190.00","4190","自社","2026/09","0.00","0.00","0.00","1.00","0.00","0.00","0.00","0.00","0.00","0.00"
"海外ﾏｻｷﾏﾂｼﾏF","TMFT5118","3","61","ＭＦＴ－５１１８","ﾏｯﾄﾃﾞｨｰﾌﾟﾈｲﾋﾞｰ/ﾏｯﾄｸﾞﾚｰ","プロパー","1","物流部倉庫","002A010","0.00","2.00","0.00","2.00","4190.00","8380","自社","2026/09","1.00","0.00","0.00","1.00","0.00","0.00","0.00","0.00","0.00","0.00"
"海外ﾏｻｷﾏﾂｼﾏF","TMFT5118","4","61","ＭＦＴ－５１１８","ﾗｲﾄｸﾞﾚｰ･ｺﾞｰﾙﾄﾞ","プロパー","1","物流部倉庫","002A010","0.00","1.00","0.00","1.00","4190.00","4190","自社","2026/09","0.00","0.00","0.00","1.00","0.00","0.00","0.00","0.00","0.00","0.00"
"海外ﾏｻｷﾏﾂｼﾏF","TMFT5118","5","61","ＭＦＴ－５１１８","ｸﾞﾚｰ･ﾚｯﾄﾞ/ﾚｯﾄﾞ","プロパー","1","物流部倉庫","002A010","61.00","0.00","0.00","61.00","4190.00","255590","自社","2026/09","61.00","0.00","0.00","1.00","1.00","0.00","0.00","0.00","0.00","0.00"
"海外ﾏｻｷﾏﾂｼﾏF","TMFT5118","6","61","ＭＦＴ－５１１８","ｸﾞﾚｰ・ﾏｯﾄｸﾞﾘｰﾝ","プロパー","1","物流部倉庫","002A010","0.00","6.00","0.00","6.00","4190.00","25140","自社","2026/09","5.00","0.00","0.00","1.00","0.00","0.00","0.00","0.00","0.00","0.00"
"海外ﾏｻｷﾏﾂｼﾏF","TMFT5119","1","53","ＭＦＴ－５１１９","ﾛｰｽﾞｺﾞｰﾙﾄﾞ","プロパー","1","物流部倉庫","002A010","0.00","2.00","0.00","2.00","3834.00","7668","自社","2026/09","1.00","0.00","0.00","1.00","0.00","0.00","0.00","0.00","0.00","0.00"
"海外ﾏｻｷﾏﾂｼﾏF","TMFT5119","2","53","ＭＦＴ－５１１９","ｶﾞﾝﾒﾀﾙ","プロパー","1","物流部倉庫","002A010","0.00","1.00","0.00","1.00","3834.00","3834","自社","2026/09","0.00","0.00","0.00","1.00","0.00","0.00","0.00","0.00","0.00","0.00"
"海外ﾏｻｷﾏﾂｼﾏF","TMFT5119","3","53","ＭＦＴ－５１１９","ｸﾞﾚｰ(ﾌﾞﾗｯｸ)","プロパー","1","物流部倉庫","002A010","3.00","2.00","0.00","5.00","3834.00","19170","自社","2026/09","9.00","0.00","5.00","1.00","0.00","0.00","0.00","0.00","0.00","0.00"
"海外ﾏｻｷﾏﾂｼﾏF","TMFT5119","4","53","ＭＦＴ－５１１９","ﾈｲﾋﾞｰ/ﾗｲﾄｸﾞﾚｰ","プロパー","1","物流部倉庫","002A010","0.00","1.00","0.00","1.00","3834.00","3834","自社","2026/09","0.00","0.00","0.00","1.00","0.00","0.00","0.00","0.00","0.00","0.00"
"海外ﾏｻｷﾏﾂｼﾏF","TMFT5120","1","49","ＭＦＴ－５１２０","ﾀﾞｰｸｸﾞﾚｰ(ﾌﾞﾗｯｸ)/ﾀﾞｰｸｸﾞﾚｰ","プロパー","1","物流部倉庫","002A010","0.00","2.00","0.00","2.00","3841.00","7682","自社","2026/09","1.00","0.00","0.00","1.00","0.00","0.00","0.00","0.00","0.00","0.00"
"海外ﾏｻｷﾏﾂｼﾏF","TMFT5120","2","49","ＭＦＴ－５１２０","ﾗｲﾄｸﾞﾚｰ･ﾌﾞﾗｯｸｸﾞﾗﾃﾞｰｼｮﾝ","プロパー","1","物流部倉庫","002A010","12.00","13.00","0.00","25.00","3841.00","96025","自社","2026/09","30.00","0.00","6.00","1.00","0.00","0.00","0.00","0.00","0.00","0.00"
"海外ﾏｻｷﾏﾂｼﾏF","TMFT5120","3","49","ＭＦＴ－５１２０","ﾍｱﾗｲﾝｺﾞｰﾙﾄﾞ･ｼﾙﾊﾞｰ","プロパー","1","物流部倉庫","002A010","28.00","0.00","0.00","28.00","3841.00","107548","自社","2026/09","28.00","0.00","0.00","1.00","1.00","0.00","0.00","0.00","0.00","0.00"
"海外ﾏｻｷﾏﾂｼﾏF","TMFT5120","4","49","ＭＦＴ－５１２０","ｺﾞｰﾙﾄﾞ･ﾏｯﾄﾌﾞﾗｳﾝｸﾞﾗﾃﾞｰｼｮﾝ/ﾏｯﾄﾌﾞﾗｳﾝ","プロパー","1","物流部倉庫","002A010","28.00","1.00","0.00","29.00","3841.00","111389","自社","2026/09","30.00","0.00","1.00","1.00","1.00","0.00","0.00","0.00","0.00","0.00"
"海外ﾏｻｷﾏﾂｼﾏF","TMFT5121","1","54","ＭＦＴ－５１２１","ｶﾞﾝﾒﾀﾙ(ﾏｯﾄﾌﾞﾗｯｸ)/ｶﾞﾝﾒﾀﾙ","プロパー","1","物流部倉庫","002A010","0.00","2.00","0.00","2.00","4042.00","8084","自社","2026/09","1.00","0.00","0.00","1.00","0.00","0.00","0.00","0.00","0.00","0.00"
"海外ﾏｻｷﾏﾂｼﾏF","TMFT5121","2","54","ＭＦＴ－５１２１","ｾﾐﾏｯﾄﾌﾞﾗｯｸ(ｸﾘｱﾗｲﾄﾌﾞﾗｳﾝ)/ｾﾐﾏｯﾄﾌﾞﾗｯｸ･ﾀﾞｰｸﾌﾞﾗｳﾝ","プロパー","1","物流部倉庫","002A010","23.00","0.00","0.00","23.00","4042.00","92966","自社","2026/09","24.00","0.00","1.00","1.00","1.00","0.00","0.00","0.00","0.00","0.00"
"海外ﾏｻｷﾏﾂｼﾏF","TMFT5121","3","54","ＭＦＴ－５１２１","ﾎﾜｲﾄ(ﾀﾞｰｸｸﾞﾚｰ)/ｼﾙﾊﾞｰ","プロパー","1","物流部倉庫","002A010","29.00","0.00","0.00","29.00","4042.00","117218","自社","2026/09","29.00","0.00","0.00","1.00","1.00","0.00","0.00","0.00","0.00","0.00"
"海外ﾏｻｷﾏﾂｼﾏF","TMFT5121","4","54","ＭＦＴ－５１２１","ﾍｱﾗｲﾝｺﾞｰﾙﾄﾞ(ｸﾘｱﾗｲﾄｸﾞﾚｰ)/ﾍｱﾗｲﾝｺﾞｰﾙﾄﾞ･ﾍｱﾗｲﾝｸﾞﾚｰ","プロパー","1","物流部倉庫","002A010","0.00","13.00","0.00","13.00","4042.00","52546","自社","2026/09","13.00","0.00","0.00","1.00","1.00","0.00","0.00","0.00","0.00","0.00"
"海外ﾏｻｷﾏﾂｼﾏF","TMFT5122","1","57","ＭＦＴ－５１２２","ｸﾞﾚｰ･ﾌﾞﾗｯｸ","プロパー","1","物流部倉庫","002A010","0.00","4.00","0.00","4.00","4610.00","18440","自社","2026/09","4.00","0","0","0","0","0","0","0","0","0.00"
"海外ﾏｻｷﾏﾂｼﾏF","TMFT5122","2","57","ＭＦＴ－５１２２","ﾗｲﾄｸﾞﾚｰ/ﾗｲﾄｸﾞﾚｰ･ﾀﾞｰｸｸﾞﾘｰﾝ","プロパー","1","物流部倉庫","002A010","0.00","4.00","0.00","4.00","4610.00","18440","自社","2026/09","4.00","0","0","0","0","0","0","0","0","0.00"
"海外ﾏｻｷﾏﾂｼﾏF","TMFT5122","3","57","ＭＦＴ－５１２２","ｼｬｰﾘﾝｸﾞｺﾞｰﾙﾄﾞ/ﾀﾞｰｸｸﾞﾚｰ","プロパー","1","物流部倉庫","002A010","0.00","4.00","0.00","4.00","4610.00","18440","自社","2026/09","4.00","0","0","0","0","0","0","0","0","0.00"
"海外ﾏｻｷﾏﾂｼﾏF","TMFT5122","4","57","ＭＦＴ－５１２２","ｸﾞﾚｰ･ﾌﾞﾙｰｸﾞﾚｰ","プロパー","1","物流部倉庫","002A010","0.00","4.00","0.00","4.00","4610.00","18440","自社","2026/09","4.00","0","0","0","0","0","0","0","0","0.00"
"海外ﾏｻｷﾏﾂｼﾏF","TMFT5124","1","58","ＭＦＴ－５１２４","ｸﾞﾚｰ･ﾌﾞﾗｯｸ/ﾌﾞﾗｯｸ","プロパー","1","物流部倉庫","002A010","0.00","4.00","0.00","4.00","4415.00","17660","自社","2026/09","4.00","0","0","0","0","0","0","0","0","0.00"
"海外ﾏｻｷﾏﾂｼﾏF","TMFT5124","2","58","ＭＦＴ－５１２４","ｸﾞﾚｰ/ｸﾞﾚｰ･ｵﾚﾝｼﾞ","プロパー","1","物流部倉庫","002A010","0.00","4.00","0.00","4.00","4415.00","17660","自社","2026/09","4.00","0","0","0","0","0","0","0","0","0.00"
"海外ﾏｻｷﾏﾂｼﾏF","TMFT5124","3","58","ＭＦＴ－５１２４","ｼｬｰﾘﾝｸﾞｺﾞｰﾙﾄﾞ･ﾏｯﾄﾀﾞｰｸﾌﾞﾗｳﾝ","プロパー","1","物流部倉庫","002A010","0.00","4.00","0.00","4.00","4415.00","17660","自社","2026/09","4.00","0","0","0","0","0","0","0","0","0.00"
"海外ﾏｻｷﾏﾂｼﾏF","TMFT5124","4","58","ＭＦＴ－５１２４","ｺﾞｰﾙﾄﾞ･ﾌﾞﾙｰｸﾞﾚｰ","プロパー","1","物流部倉庫","002A010","0.00","4.00","0.00","4.00","4415.00","17660","自社","2026/09","4.00","0","0","0","0","0","0","0","0","0.00"
"海外ﾏｰｼﾞF","TMJT099","3","52","ＭＪＴ－０９９","ｼｬｰﾘﾝｸﾞｸﾞﾚｰ･ｼｬｰﾘﾝｸﾞﾈｲﾋﾞｰ","プロパー","1","物流部倉庫","002A010","20.00","0.00","0.00","20.00","3673.00","73460","自社","2026/09","22.00","0.00","1.00","0.00","1.00","0.00","0.00","0.00","0.00","0.00"
"海外ﾏｰｼﾞF","TMJT110","2","51","ＭＪＴ－１１０","IPｼｬｰﾘﾝｸﾞﾗｲﾄｸﾞﾚｰ(ﾈｲﾋﾞｰﾊｰﾌ)","プロパー","1","物流部倉庫","002A010","19.00","0.00","0.00","19.00","3887.50","73863","自社","2026/09","19.00","0","0","0","0","0","0","0","0","0.00"
"海外ﾏｰｼﾞF","TMJT111","4","50","ＭＪＴ－１１１","IPｼｬｰﾘﾝｸﾞｶﾞﾝﾒﾀﾙ･ﾌﾞﾗｯｸ","プロパー","1","物流部倉庫","002A010","0.00","1.00","0.00","1.00","3508.00","3508","自社","2026/09","1.00","0","0","0","0","0","0","0","0","0.00"
"海外ﾏｰｼﾞF","TMJT115","1","51","ＭＪＴ－１１５","IPｺﾞｰﾙﾄﾞ","プロパー","1","物流部倉庫","002A010","9.00","0.00","0.00","9.00","3161.50","28454","自社","2026/09","10.00","0.00","0.00","0.00","1.00","0.00","0.00","0.00","0.00","0.00"
"海外ﾏｰｼﾞF","TMJT115","2","51","ＭＪＴ－１１５","ｼｬｰﾘﾝｸﾞｼﾙﾊﾞｰ･ｼｬｰﾘﾝｸﾞﾎﾞﾙﾄﾞｰｸﾞﾗﾃﾞｰｼｮﾝ","プロパー","1","物流部倉庫","002A010","9.00","0.00","0.00","9.00","3755.50","33800","自社","2026/09","10.00","0.00","0.00","0.00","1.00","0.00","0.00","0.00","0.00","0.00"
"海外ﾏｰｼﾞF","TMJT118","1","50","ＭＪＴ－１１８","IPｺﾞｰﾙﾄﾞ","プロパー","1","物流部倉庫","002A010","0.00","2.00","0.00","2.00","3241.00","6482","自社","2026/09","2.00","0","0","0","0","0","0","0","0","0.00"
"海外ﾏｰｼﾞF","TMJT118","5","50","ＭＪＴ－１１８","ｼｬｰﾘﾝｸﾞﾀﾞｰｸﾈｲﾋﾞｰ","プロパー","1","物流部倉庫","002A010","54.00","0.00","0.00","54.00","3241.00","175014","自社","2026/09","55.00","0.00","0.00","0.00","1.00","0.00","0.00","0.00","0.00","0.00"
"海外ﾏｰｼﾞF","TMJT119","1","49","ＭＪＴ－１１９","ﾌﾞﾙｰｻｻ･ｸﾘｱﾗｲﾄﾌﾞﾙｰ/IPｼｬｰﾘﾝｸﾞﾗｲﾄｸﾞﾚｰ･ﾈｲﾋﾞｰﾌﾞﾙｰ","プロパー","1","物流部倉庫","002A010","10.00","10.00","0.00","20.00","3263.00","65260","自社","2026/09","21.00","0.00","0.00","0.00","1.00","0.00","0.00","0.00","0.00","0.00"
"海外ﾏｰｼﾞF","TMJT119","2","49","ＭＪＴ－１１９","ﾌﾞﾗｯｸ･ﾌﾞﾗｳﾝﾃﾞﾐ/IPｼｬｰﾘﾝｸﾞｺﾞｰﾙﾄﾞ･ｾﾐﾏｯﾄﾌﾞﾗｯｸ","プロパー","1","物流部倉庫","002A010","5.00","0.00","0.00","5.00","3263.00","16315","自社","2026/09","6.00","0.00","0.00","0.00","1.00","0.00","0.00","0.00","0.00","0.00"
"海外ﾏｰｼﾞF","TMJT119","3","49","ＭＪＴ－１１９","ﾗｲﾄﾚｯﾄﾞｻｻ･ﾗｲﾄﾋﾟﾝｸﾊﾟｰﾌﾟﾙ/IPｺﾞｰﾙﾄﾞ･ﾏｯﾄﾎﾞﾙﾄﾞｰ","プロパー","1","物流部倉庫","002A010","2.00","0.00","0.00","2.00","3263.00","6526","自社","2026/09","2.00","0","0","0","0","0","0","0","0","0.00"
"海外ﾏｰｼﾞF","TMJT119","4","49","ＭＪＴ－１１９","ｸﾘｱﾀﾞｰｸｸﾞﾚｰ･ｸﾘｱ/IPﾀﾞｰｸｸﾞﾚｰ･ﾌﾞﾗｯｸ","プロパー","1","物流部倉庫","002A010","0.00","5.00","0.00","5.00","3263.00","16315","自社","2026/09","6.00","0.00","0.00","0.00","1.00","0.00","0.00","0.00","0.00","0.00"
"海外ﾏｰｼﾞF","TMJT120","2","51","ＭＪＴ－１２０","IPｺﾞｰﾙﾄﾞ(IPｼﾙﾊﾞｰ)","プロパー","1","物流部倉庫","002A010","19.00","5.00","0.00","24.00","3755.50","90132","自社","2026/09","26.00","0.00","1.00","0.00","1.00","0.00","0.00","0.00","0.00","0.00"
"海外ﾏｰｼﾞF","TMJT120","3","51","ＭＪＴ－１２０","IPﾗｲﾄｸﾞﾚｰ(IPｺﾞｰﾙﾄﾞ)","プロパー","1","物流部倉庫","002A010","54.00","5.00","0.00","59.00","3755.50","221575","自社","2026/09","61.00","0.00","1.00","0.00","1.00","0.00","0.00","0.00","0.00","0.00"
"海外ﾏｰｼﾞF","TMJT120","4","51","ＭＪＴ－１２０","IPﾌﾞﾗｯｸ(IPｼｬｰﾘﾝｸﾞﾗｲﾄｸﾞﾚｰ)","プロパー","1","物流部倉庫","002A010","1.00","10.00","0.00","11.00","3590.50","39496","自社","2026/09","12.00","0.00","0.00","0.00","1.00","0.00","0.00","0.00","0.00","0.00"
"海外ﾏｰｼﾞF","TMJT121","1","49","ＭＪＴ－１２１","IPｼｬｰﾘﾝｸﾞｺﾞｰﾙﾄﾞ(ﾌﾞﾗｯｸ)","プロパー","1","物流部倉庫","002A010","33.00","0.00","0.00","33.00","4300.00","141900","自社","2026/09","34.00","0.00","0.00","0.00","1.00","0.00","0.00","0.00","0.00","0.00"
"海外ﾏｰｼﾞF","TMJT121","2","49","ＭＪＴ－１２１","IPｼｬｰﾘﾝｸﾞｼﾙﾊﾞｰ(ｸﾘｱ)","プロパー","1","物流部倉庫","002A010","6.00","10.00","0.00","16.00","4135.00","66160","自社","2026/09","17.00","0.00","0.00","0.00","1.00","0.00","0.00","0.00","0.00","0.00"
"海外ﾏｰｼﾞF","TMJT121","5","49","ＭＪＴ－１２１","ﾌﾞﾗｯｸ･IPﾏｯﾄﾀﾞｰｸｸﾞﾚｰ(ｸﾘｱﾀﾞｰｸｸﾞﾚｰ)","プロパー","1","物流部倉庫","002A010","4.00","0.00","0.00","4.00","4135.00","16540","自社","2026/09","10.00","0.00","5.00","0.00","1.00","0.00","0.00","0.00","0.00","0.00"
"海外ﾏｰｼﾞF","TMJT122","1","50","ＭＪＴ－１２２","IPｺﾞｰﾙﾄﾞ･ﾌﾞﾗｯｸ","プロパー","1","物流部倉庫","002A010","33.00","0.00","0.00","33.00","3242.00","106986","自社","2026/09","34.00","0.00","0.00","0.00","1.00","0.00","0.00","0.00","0.00","0.00"
"海外ﾏｰｼﾞF","TMJT122","2","50","ＭＪＴ－１２２","IPｼﾙﾊﾞｰ･ｺﾞｰﾙﾄﾞ","プロパー","1","物流部倉庫","002A010","16.00","0.00","0.00","16.00","3242.00","51872","自社","2026/09","18.00","0.00","1.00","0.00","1.00","0.00","0.00","0.00","0.00","0.00"
"海外ﾏｰｼﾞF","TMJT122","3","50","ＭＪＴ－１２２","IPﾀﾞｰｸｸﾞﾚｰ(ｾﾐﾏｯﾄﾌﾞﾗｯｸ)","プロパー","1","物流部倉庫","002A010","26.00","0.00","0.00","26.00","3242.00","84292","自社","2026/09","27.00","0.00","0.00","0.00","1.00","0.00","0.00","0.00","0.00","0.00"
"海外ﾏｰｼﾞF","TMJT122","4","50","ＭＪＴ－１２２","IPｼｬｰﾘﾝｸﾞｼﾙﾊﾞｰ･IPｼｬｰﾘﾝｸﾞｸﾞﾚｰ","プロパー","1","物流部倉庫","002A010","68.00","0.00","0.00","68.00","3242.00","220456","自社","2026/09","70.00","0.00","1.00","0.00","1.00","0.00","0.00","0.00","0.00","0.00"
"海外ﾏｰｼﾞF","TMJT123","1","53","ＭＪＴ－１２３","IPｺﾞｰﾙﾄﾞ(ｸﾘｱﾗｲﾄｸﾞﾚｰ)","プロパー","1","物流部倉庫","002A010","41.00","10.00","0.00","51.00","4160.00","212160","自社","2026/09","52.00","0.00","0.00","0.00","1.00","0.00","0.00","0.00","0.00","0.00"
"海外ﾏｰｼﾞF","TMJT123","3","53","ＭＪＴ－１２３","IPｼｬｰﾘﾝｸﾞﾗｲﾄｸﾞﾚｰ(ｸﾘｱﾌﾞﾙｰｸﾞﾚｰ)","プロパー","1","物流部倉庫","002A010","41.00","10.00","0.00","51.00","4160.00","212160","自社","2026/09","52.00","0.00","0.00","0.00","1.00","0.00","0.00","0.00","0.00","0.00"
"海外ﾏｰｼﾞF","TMJT123","4","53","ＭＪＴ－１２３","IPﾌﾞﾗｯｸ(ﾌﾞﾗｯｸﾌﾞﾗｳﾝﾃﾞﾐﾊｰﾌ)","プロパー","1","物流部倉庫","002A010","16.00","5.00","0.00","21.00","4160.00","87360","自社","2026/09","23.00","0.00","1.00","0.00","1.00","0.00","0.00","0.00","0.00","0.00"
"海外ﾏｰｼﾞF","TMJT124","4","49","ＭＪＴ－１２４","IPﾌﾞﾗｯｸ/ｼｬｰﾘﾝｸﾞﾗｲﾄﾌﾞﾙｰ","プロパー","1","物流部倉庫","002A010","40.00","5.00","0.00","45.00","3354.00","150930","自社","2026/09","46.00","0.00","0.00","0.00","1.00","0.00","0.00","0.00","0.00","0.00"
"海外ﾏｰｼﾞF","TMJT906","1","58","ＭＪＴ－９０６","ﾍｱﾗｲﾝｺﾞｰﾙﾄﾞ","プロパー","1","物流部倉庫","002A010","9.00","0.00","0.00","9.00","2691.00","24219","自社","2026/09","9.00","0","0","0","0","0","0","0","0","0.00"
"海外ﾏｰｼﾞF","TMJT906","2","58","ＭＪＴ－９０６","ﾌﾞﾗｯｸ","プロパー","1","物流部倉庫","002A010","9.00","0.00","0.00","9.00","2691.00","24219","自社","2026/09","9.00","0","0","0","0","0","0","0","0","0.00"
"海外ﾌﾟﾗｽM F","TPMJ059","2","50","ＰＭＪ－０５９","ﾋﾟﾝｸｺﾞｰﾙﾄﾞ(ﾌﾞﾗｳﾝﾃﾞﾐ)","プロパー","1","物流部倉庫","002A010","1.00","0.00","0.00","1.00","2282.00","2282","自社","2026/09","1.00","0","0","0","0","0","0","0","0","0.00"
"海外ﾌﾟﾗｽM F","TPMJ074","5","52","ＰＭＪ－０７４","IPｼｬｰﾘﾝｸﾞｺﾞｰﾙﾄﾞ","プロパー","1","物流部倉庫","002A010","0.00","1.00","0.00","1.00","2732.65","2733","自社","2026/09","1.00","0","0","0","0","0","0","0","0","0.00"
"海外ﾌﾟﾗｽM F","TPMJ104","4","50","ＰＭＪ－１０４","IPｾﾐﾏｯﾄﾌﾞﾗｯｸ","プロパー","1","物流部倉庫","002A010","10.00","0.00","0.00","10.00","2686.00","26860","自社","2026/09","11.00","0.00","1.00","0.00","0.00","0.00","0.00","0.00","0.00","0.00"
"海外ﾌﾟﾗｽM F","TPMJ112","3","48","ＰＭＪ－１１２","ﾋﾟﾝｸ･ｵﾚﾝｼﾞﾊｰﾌ/ﾋﾟﾝｸｺﾞｰﾙﾄﾞ","プロパー","1","物流部倉庫","002A010","14.00","0.00","0.00","14.00","3442.00","48188","自社","2026/09","15.00","0.00","0.00","0.00","1.00","0.00","0.00","0.00","0.00","0.00"
"海外ﾌﾟﾗｽM F","TPMJ112","4","48","ＰＭＪ－１１２","ﾀﾞｰｸﾌﾞﾙｰ･ﾗｲﾄﾌﾞﾙｰｸﾞﾗﾃﾞｰｼｮﾝ/IPｼｬｰﾘﾝｸﾞｸﾞﾚｰ","プロパー","1","物流部倉庫","002A010","5.00","0.00","0.00","5.00","3442.00","17210","自社","2026/09","6.00","0.00","0.00","0.00","1.00","0.00","0.00","0.00","0.00","0.00"
"海外ﾌﾟﾗｽM F","TPMJ112","5","48","ＰＭＪ－１１２","ﾀﾞｰｸﾌﾞﾗｳﾝ･ﾗｲﾄﾌﾞﾗｳﾝｸﾞﾗﾃﾞｰｼｮﾝ/IPｾﾐﾏｯﾄﾌﾞﾗｯｸ","プロパー","1","物流部倉庫","002A010","26.00","0.00","0.00","26.00","3442.00","89492","自社","2026/09","27.00","0.00","0.00","0.00","1.00","0.00","0.00","0.00","0.00","0.00"
"海外ﾌﾟﾗｽM F","TPMJ114","1","49","ＰＭＪ－１１４","IPｼｬｰﾘﾝｸﾞｺﾞｰﾙﾄﾞ(ﾀﾞｰｸﾌﾞﾙｰ･ﾗｲﾄﾌﾞﾙｰｸﾞﾗﾃﾞｰｼｮﾝ)","プロパー","1","物流部倉庫","002A010","0.00","1.00","0.00","1.00","3706.00","3706","自社","2026/09","1.00","0","0","0","0","0","0","0","0","0.00"
"海外ﾌﾟﾗｽM F","TPMJ114","3","49","ＰＭＪ－１１４","IPｼｬｰﾘﾝｸﾞｼﾙﾊﾞｰ(ｸﾘｱｶｰｷ)","プロパー","1","物流部倉庫","002A010","0.00","8.00","0.00","8.00","3541.00","28328","自社","2026/09","8.00","0","0","0","0","0","0","0","0","0.00"
"海外ﾌﾟﾗｽM F","TPMJ116","2","51","ＰＭＪ－１１６","ﾋﾟﾝｸｺﾞｰﾙﾄﾞ(ｱｲﾎﾞﾘｰ)","プロパー","1","物流部倉庫","002A010","0.00","7.00","0.00","7.00","2881.00","20167","自社","2026/09","7.00","0","0","0","0","0","0","0","0","0.00"
"海外ﾌﾟﾗｽM F","TPMJ118","4","51","ＰＭＪ－１１８","IPﾗｲﾄｸﾞﾚｰ･ｺﾞｰﾙﾄﾞ","プロパー","1","物流部倉庫","002A010","0.00","1.00","0.00","1.00","3032.00","3032","自社","2026/09","1.00","0","0","0","0","0","0","0","0","0.00"
"海外ﾌﾟﾗｽM F","TPMJ120","1","52","ＰＭＪ－１２０","IPｼｬｰﾘﾝｸﾞｺﾞｰﾙﾄﾞ･ﾌﾞﾗｯｸ","プロパー","1","物流部倉庫","002A010","0.00","1.00","0.00","1.00","3640.00","3640","自社","2026/09","1.00","0","0","0","0","0","0","0","0","0.00"
"海外ﾌﾟﾗｽM F","TPMJ120","2","52","ＰＭＪ－１２０","IPｼｬｰﾘﾝｸﾞｼﾙﾊﾞｰ･ｾﾐﾏｯﾄﾌﾞﾗｯｸ","プロパー","1","物流部倉庫","002A010","0.00","1.00","0.00","1.00","3640.00","3640","自社","2026/09","1.00","0","0","0","0","0","0","0","0","0.00"
"海外ﾌﾟﾗｽM F","TPMJ121","3","55","ＰＭＪ－１２１","IPｼｬｰﾘﾝｸﾞｸﾞﾚｰ","プロパー","1","物流部倉庫","002A010","0.00","1.00","0.00","1.00","3598.00","3598","自社","2026/09","1.00","0","0","0","0","0","0","0","0","0.00"
"海外ﾌﾟﾗｽM F","TPMJ123","1","51","ＰＭＪ－１２３","IPｺﾞｰﾙﾄﾞ･ﾌﾞﾗｯｸ","プロパー","1","物流部倉庫","002A010","25.00","0.00","0.00","25.00","3297.00","82425","自社","2026/09","25.00","0.00","0.00","1.00","1.00","0.00","0.00","0.00","0.00","0.00"
"海外ﾌﾟﾗｽM F","TPMJ123","2","51","ＰＭＪ－１２３","IPｼｬｰﾘﾝｸﾞﾗｲﾄｸﾞﾚｰ･ｼｬｰﾘﾝｸﾞﾓｶ","プロパー","1","物流部倉庫","002A010","30.00","0.00","0.00","30.00","3297.00","98910","自社","2026/09","30.00","0.00","0.00","1.00","1.00","0.00","0.00","0.00","0.00","0.00"
"海外ﾌﾟﾗｽM F","TPMJ123","3","51","ＰＭＪ－１２３","IPﾀﾞｰｸｸﾞﾚｰ(ｾﾐﾏｯﾄﾌﾞﾗｯｸ)","プロパー","1","物流部倉庫","002A010","16.00","0.00","0.00","16.00","3297.00","52752","自社","2026/09","17.00","0.00","1.00","1.00","1.00","0.00","0.00","0.00","0.00","0.00"
"海外ﾌﾟﾗｽM F","TPMJ123","4","51","ＰＭＪ－１２３","IPﾗｲﾄｸﾞﾚｰ/IPﾌﾞﾗｯｸ","プロパー","1","物流部倉庫","002A010","27.00","0.00","0.00","27.00","3297.00","89019","自社","2026/09","28.00","0.00","1.00","1.00","1.00","0.00","0.00","0.00","0.00","0.00"
"海外ﾌﾟﾗｽM F","TPMJ124","2","55","ＰＭＪ－１２４","ｱﾝﾃｨｰｸｼﾙﾊﾞｰ","プロパー","1","物流部倉庫","002A010","0.00","1.00","0.00","1.00","3442.00","3442","自社","2026/09","1.00","0.00","1.00","1.00","0.00","0.00","0.00","0.00","0.00","0.00"
"海外ﾌﾟﾗｽM F","TPMJ124","3","55","ＰＭＪ－１２４","IPﾗｲﾄｸﾞﾚｰ(ﾈｲﾋﾞｰ)","プロパー","1","物流部倉庫","002A010","33.00","0.00","0.00","33.00","3442.00","113586","自社","2026/09","33.00","0.00","0.00","1.00","1.00","0.00","0.00","0.00","0.00","0.00"
"海外ﾌﾟﾗｽM F","TPMJ124","4","55","ＰＭＪ－１２４","IPﾌﾞﾗｯｸ","プロパー","1","物流部倉庫","002A010","0.00","1.00","0.00","1.00","3442.00","3442","自社","2026/09","0.00","0.00","0.00","1.00","0.00","0.00","0.00","0.00","0.00","0.00"
"海外ﾌﾟﾗｽM F","TPMJ125","1","52","ＰＭＪ－１２５","ｺﾞｰﾙﾄﾞ･IPｼﾙﾊﾞｰ","プロパー","1","物流部倉庫","002A010","16.00","0.00","0.00","16.00","3260.50","52168","自社","2026/09","16.00","0.00","0.00","1.00","1.00","0.00","0.00","0.00","0.00","0.00"
"海外ﾌﾟﾗｽM F","TPMJ125","2","52","ＰＭＪ－１２５","ﾋﾟﾝｸｺﾞｰﾙﾄﾞ･ｵﾚﾝｼﾞﾜｲﾝ","プロパー","1","物流部倉庫","002A010","1.00","3.00","0.00","4.00","3095.50","12382","自社","2026/09","3.00","0.00","0.00","1.00","0.00","0.00","0.00","0.00","0.00","0.00"
"海外ﾌﾟﾗｽM F","TPMJ125","3","52","ＰＭＪ－１２５","IPｼﾙﾊﾞｰ･ｺﾞｰﾙﾄﾞ","プロパー","1","物流部倉庫","002A010","2.00","3.00","0.00","5.00","3260.50","16303","自社","2026/09","4.00","0.00","0.00","1.00","0.00","0.00","0.00","0.00","0.00","0.00"
"海外ﾌﾟﾗｽM F","TPMJ125","4","52","ＰＭＪ－１２５","IPﾗｲﾄｸﾞﾚｰ･ﾏｯﾄﾌﾞﾗｯｸ","プロパー","1","物流部倉庫","002A010","0.00","1.00","0.00","1.00","3095.50","3096","自社","2026/09","0.00","0.00","0.00","1.00","0.00","0.00","0.00","0.00","0.00","0.00"
"海外ﾌﾟﾗｽM F","TPMJ125","5","52","ＰＭＪ－１２５","IPﾗｲﾄｸﾞﾚｰ(ﾗｲﾄﾌﾞﾗｳﾝ)","プロパー","1","物流部倉庫","002A010","1.00","2.00","0.00","3.00","3095.50","9287","自社","2026/09","2.00","0.00","0.00","1.00","0.00","0.00","0.00","0.00","0.00","0.00"
"海外ﾌﾟﾗｽM F","TPMJ126","1","51","ＰＭＪ－１２６","ﾋﾟﾝｸｺﾞｰﾙﾄﾞ･ｵﾚﾝｼﾞﾜｲﾝ(ｸﾘｱ)","プロパー","1","物流部倉庫","002A010","0.00","1.00","0.00","1.00","3838.00","3838","自社","2026/09","0.00","0.00","0.00","1.00","0.00","0.00","0.00","0.00","0.00","0.00"
"海外ﾌﾟﾗｽM F","TPMJ126","2","51","ＰＭＪ－１２６","IPｼｬｰﾘﾝｸﾞｺﾞｰﾙﾄﾞ(ｸﾘｱﾀﾞｰｸｸﾞﾚｰ)","プロパー","1","物流部倉庫","002A010","1.00","5.00","0.00","6.00","3920.50","23523","自社","2026/09","6.00","0.00","0.00","1.00","1.00","0.00","0.00","0.00","0.00","0.00"
"海外ﾌﾟﾗｽM F","TPMJ126","3","51","ＰＭＪ－１２６","IPﾗｲﾄｸﾞﾚｰ･ﾏｯﾄﾀﾞｰｸﾌﾞﾗｳﾝ(ｸﾘｱﾓｶｻｻ)","プロパー","1","物流部倉庫","002A010","0.00","1.00","0.00","1.00","3838.00","3838","自社","2026/09","0.00","0.00","0.00","1.00","0.00","0.00","0.00","0.00","0.00","0.00"
"海外ﾌﾟﾗｽM F","TPMJ126","4","51","ＰＭＪ－１２６","IPｼｬｰﾘﾝｸﾞﾗｲﾄｸﾞﾚｰ(ｸﾘｱﾗｲﾄｸﾞﾚｰ)","プロパー","1","物流部倉庫","002A010","0.00","1.00","0.00","1.00","3755.50","3756","自社","2026/09","0.00","0.00","0.00","1.00","0.00","0.00","0.00","0.00","0.00","0.00"
"海外ﾌﾟﾗｽM F","TPMJ126","5","51","ＰＭＪ－１２６","IPﾌﾞﾗｳﾝ(ﾌﾞﾗｯｸ)","プロパー","1","物流部倉庫","002A010","3.00","10.00","0.00","13.00","3755.50","48822","自社","2026/09","18.00","0.00","5.00","1.00","1.00","0.00","0.00","0.00","0.00","0.00"
"海外ﾌﾟﾗｽM F","TPMJ127","1","51","ＰＭＪ－１２７","ﾌﾞﾗｯｸ/IPｺﾞｰﾙﾄﾞ","プロパー","1","物流部倉庫","002A010","0.00","1.00","0.00","1.00","3260.50","3261","自社","2026/09","0.00","0.00","0.00","1.00","0.00","0.00","0.00","0.00","0.00","0.00"
"海外ﾌﾟﾗｽM F","TPMJ127","2","51","ＰＭＪ－１２７","ｸﾘｱｶｰｷ/ｱﾝﾃｨｰｸｼﾙﾊﾞｰ","プロパー","1","物流部倉庫","002A010","0.00","5.00","0.00","5.00","3095.50","15478","自社","2026/09","4.00","0.00","0.00","1.00","0.00","0.00","0.00","0.00","0.00","0.00"
"海外ﾌﾟﾗｽM F","TPMJ127","3","51","ＰＭＪ－１２７","ｸﾘｱﾌﾞﾙｰｸﾞﾚｰ/IPﾗｲﾄｸﾞﾚｰ","プロパー","1","物流部倉庫","002A010","43.00","0.00","0.00","43.00","3095.50","133107","自社","2026/09","43.00","0.00","0.00","1.00","1.00","0.00","0.00","0.00","0.00","0.00"
"海外ﾌﾟﾗｽM F","TPMJ127","4","51","ＰＭＪ－１２７","ｸﾘｱﾀﾞｰｸｸﾞﾚｰﾗｲﾄｸﾞﾚｰﾊｰﾌ/IPｸﾞﾚｰ","プロパー","1","物流部倉庫","002A010","0.00","1.00","0.00","1.00","3095.50","3096","自社","2026/09","0.00","0.00","0.00","1.00","0.00","0.00","0.00","0.00","0.00","0.00"
"海外ﾌﾟﾗｽM F","TPMJ127","5","51","ＰＭＪ－１２７","ﾀﾞｰｸﾌﾞﾗｳﾝﾗｲﾄﾌﾞﾗｳﾝｻｻﾊｰﾌ/IPﾌﾞﾗｯｸ","プロパー","1","物流部倉庫","002A010","0.00","1.00","0.00","1.00","3095.50","3096","自社","2026/09","0.00","0.00","0.00","1.00","0.00","0.00","0.00","0.00","0.00","0.00"
"海外ｵｰｳﾞｧﾙﾀｸﾐﾃﾞｻﾞｲﾝF","TTO1074","4","56","ＴＯ－１０７４","ﾏｯﾄﾌﾞﾗｯｸ","プロパー","1","物流部倉庫","002A010","2.00","0.00","0.00","2.00","2121.00","4242","自社","2026/09","2.00","0","0","0","0","0","0","0","0","0.00"
"海外ｵｰｳﾞｧﾙﾀｸﾐﾃﾞｻﾞｲﾝF","TTO1074","5","56","ＴＯ－１０７４","ﾍｱﾗｲﾝｺﾞｰﾙﾄﾞ","プロパー","1","物流部倉庫","002A010","2.00","0.00","0.00","2.00","2121.00","4242","自社","2026/09","2.00","0","0","0","0","0","0","0","0","0.00"
"海外ｵｰｳﾞｧﾙﾀｸﾐﾃﾞｻﾞｲﾝF","TTO1075","1","50","ＴＯ－１０７５","ﾍｱﾗｲﾝﾌﾞﾗｳﾝﾏｯﾄ","プロパー","1","物流部倉庫","002A010","9.00","0.00","0.00","9.00","2346.00","21114","自社","2026/09","10.00","0.00","0.00","0.00","1.00","0.00","0.00","0.00","0.00","0.00"
"海外ｵｰｳﾞｧﾙﾀｸﾐﾃﾞｻﾞｲﾝF","TTO1075","2","50","ＴＯ－１０７５","ﾍｱﾗｲﾝﾗｲﾄｸﾞﾚｰ","プロパー","1","物流部倉庫","002A010","1.00","0.00","0.00","1.00","2346.00","2346","自社","2026/09","1.00","0","0","0","0","0","0","0","0","0.00"
"海外ｵｰｳﾞｧﾙﾀｸﾐﾃﾞｻﾞｲﾝF","TTO1076","1","55","ＴＯ－１０７６","ﾀﾞｰｸﾈｲﾋﾞｰ","プロパー","1","物流部倉庫","002A010","0.00","1.00","0.00","1.00","2300.00","2300","自社","2026/09","0.00","0.00","0.00","1.00","0.00","0.00","0.00","0.00","0.00","0.00"
"海外ｵｰｳﾞｧﾙﾀｸﾐﾃﾞｻﾞｲﾝF","TTO1076","2","55","ＴＯ－１０７６","ｸﾞﾚｰﾏｯﾄ","プロパー","1","物流部倉庫","002A010","0.00","1.00","0.00","1.00","2300.00","2300","自社","2026/09","0.00","0.00","0.00","1.00","0.00","0.00","0.00","0.00","0.00","0.00"
"海外ｵｰｳﾞｧﾙﾀｸﾐﾃﾞｻﾞｲﾝF","TTO1076","3","55","ＴＯ－１０７６","ｶﾞﾝﾒﾀﾙ","プロパー","1","物流部倉庫","002A010","0.00","1.00","0.00","1.00","2300.00","2300","自社","2026/09","0.00","0.00","0.00","1.00","0.00","0.00","0.00","0.00","0.00","0.00"
"海外ｵｰｳﾞｧﾙﾀｸﾐﾃﾞｻﾞｲﾝF","TTO1077","1","52","ＴＯ－１０７７","ﾍｱﾗｲﾝｺﾞｰﾙﾄﾞ","プロパー","1","物流部倉庫","002A010","1.00","11.00","0.00","12.00","2300.00","27600","自社","2026/09","11.00","0.00","0.00","1.00","0.00","0.00","0.00","0.00","0.00","0.00"
"海外ｵｰｳﾞｧﾙﾀｸﾐﾃﾞｻﾞｲﾝF","TTO1077","2","52","ＴＯ－１０７７","ﾍｱﾗｲﾝﾗｲﾄｸﾞﾚｰ","プロパー","1","物流部倉庫","002A010","1.00","26.00","0.00","27.00","2300.00","62100","自社","2026/09","26.00","0.00","0.00","1.00","0.00","0.00","0.00","0.00","0.00","0.00"
"海外ｵｰｳﾞｧﾙﾀｸﾐﾃﾞｻﾞｲﾝF","TTO1077","3","52","ＴＯ－１０７７","ﾌﾞﾗｯｸ","プロパー","1","物流部倉庫","002A010","0.00","1.00","0.00","1.00","2300.00","2300","自社","2026/09","0.00","0.00","0.00","1.00","0.00","0.00","0.00","0.00","0.00","0.00"
"海外ｵｰｳﾞｧﾙﾀｸﾐﾃﾞｻﾞｲﾝF","TTO1078","1","55","ＴＯ－１０７８","ﾍｱﾗｲﾝｸﾞﾚｰ","プロパー","1","物流部倉庫","002A010","0.00","1.00","0.00","1.00","2300.00","2300","自社","2026/09","0.00","0.00","0.00","1.00","0.00","0.00","0.00","0.00","0.00","0.00"
"海外ｵｰｳﾞｧﾙﾀｸﾐﾃﾞｻﾞｲﾝF","TTO1078","2","55","ＴＯ－１０７８","ﾌﾞﾗｳﾝ","プロパー","1","物流部倉庫","002A010","0.00","9.00","0.00","9.00","2300.00","20700","自社","2026/09","8.00","0.00","0.00","1.00","0.00","0.00","0.00","0.00","0.00","0.00"
"海外ｵｰｳﾞｧﾙﾀｸﾐﾃﾞｻﾞｲﾝF","TTO1078","3","55","ＴＯ－１０７８","ｶﾞﾝﾒﾀﾙ","プロパー","1","物流部倉庫","002A010","0.00","16.00","0.00","16.00","2300.00","36800","自社","2026/09","15.00","0.00","0.00","1.00","0.00","0.00","0.00","0.00","0.00","0.00"
"海外ｵｰｳﾞｧﾙﾀｸﾐﾃﾞｻﾞｲﾝF","TTO1079","1","53","ＴＯ－１０７９","ｸﾞﾚｰ","プロパー","1","物流部倉庫","002A010","15.00","0.00","0.00","15.00","2300.00","34500","自社","2026/09","17.00","0.00","2.00","1.00","1.00","0.00","0.00","0.00","0.00","0.00"
"海外ｵｰｳﾞｧﾙﾀｸﾐﾃﾞｻﾞｲﾝF","TTO1079","2","53","ＴＯ－１０７９","ｺﾞｰﾙﾄﾞ","プロパー","1","物流部倉庫","002A010","6.00","0.00","0.00","6.00","2300.00","13800","自社","2026/09","8.00","0.00","2.00","1.00","1.00","0.00","0.00","0.00","0.00","0.00"
"海外ｵｰｳﾞｧﾙﾀｸﾐﾃﾞｻﾞｲﾝF","TTO1079","3","53","ＴＯ－１０７９","ﾌﾞﾗｯｸ","プロパー","1","物流部倉庫","002A010","7.00","0.00","0.00","7.00","2300.00","16100","自社","2026/09","7.00","0.00","0.00","1.00","1.00","0.00","0.00","0.00","0.00","0.00"
"海外ｵｰｳﾞｧﾙﾀｸﾐﾃﾞｻﾞｲﾝF","TTO1080","1","56","ＴＯ－１０８０","ｸﾞﾚｰ","プロパー","1","物流部倉庫","002A010","1.00","1.00","0.00","2.00","2750.00","5500","自社","2026/09","0.00","0.00","4.00","8.00","2.00","0.00","0.00","0.00","0.00","0.00"
"海外ｵｰｳﾞｧﾙﾀｸﾐﾃﾞｻﾞｲﾝF","TTO1080","2","56","ＴＯ－１０８０","ﾍｱﾗｲﾝｺﾞｰﾙﾄﾞ","プロパー","1","物流部倉庫","002A010","0.00","1.00","0.00","1.00","2750.00","2750","自社","2026/09","0.00","0.00","4.00","7.00","2.00","0.00","0.00","0.00","0.00","0.00"
"海外ｵｰｳﾞｧﾙﾀｸﾐﾃﾞｻﾞｲﾝF","TTO1080","3","56","ＴＯ－１０８０","ｼﾙﾊﾞｰ","プロパー","1","物流部倉庫","002A010","0.00","1.00","0.00","1.00","2750.00","2750","自社","2026/09","0.00","0.00","4.00","7.00","2.00","0.00","0.00","0.00","0.00","0.00"
"海外ｵｰｳﾞｧﾙﾀｸﾐﾃﾞｻﾞｲﾝF","TTO1080","4","56","ＴＯ－１０８０","ﾌﾞﾗｯｸ","プロパー","1","物流部倉庫","002A010","1.00","1.00","0.00","2.00","2750.00","5500","自社","2026/09","0.00","0.00","4.00","8.00","2.00","0.00","0.00","0.00","0.00","0.00"
"海外ｵｰｳﾞｧﾙﾀｸﾐﾃﾞｻﾞｲﾝF","TTO1081","1","58","ＴＯ－１０８１","ﾗｲﾄｸﾞﾚｰ","プロパー","1","物流部倉庫","002A010","0.00","1.00","0.00","1.00","2750.00","2750","自社","2026/09","0.00","0.00","4.00","7.00","2.00","0.00","0.00","0.00","0.00","0.00"
"海外ｵｰｳﾞｧﾙﾀｸﾐﾃﾞｻﾞｲﾝF","TTO1081","2","58","ＴＯ－１０８１","ﾏｯﾄﾌﾞﾗｳﾝ","プロパー","1","物流部倉庫","002A010","0.00","1.00","0.00","1.00","2750.00","2750","自社","2026/09","0.00","0.00","4.00","7.00","2.00","0.00","0.00","0.00","0.00","0.00"
"海外ｵｰｳﾞｧﾙﾀｸﾐﾃﾞｻﾞｲﾝF","TTO1081","3","58","ＴＯ－１０８１","ｶﾞﾝﾒﾀﾙ","プロパー","1","物流部倉庫","002A010","1.00","1.00","0.00","2.00","2750.00","5500","自社","2026/09","0.00","0.00","4.00","8.00","2.00","0.00","0.00","0.00","0.00","0.00"
"海外ｵｰｳﾞｧﾙﾀｸﾐﾃﾞｻﾞｲﾝF","TTO1081","4","58","ＴＯ－１０８１","ﾏｯﾄﾌﾞﾗｯｸ","プロパー","1","物流部倉庫","002A010","1.00","1.00","0.00","2.00","2750.00","5500","自社","2026/09","0.00","0.00","4.00","8.00","2.00","0.00","0.00","0.00","0.00","0.00"
"ｹﾝ ｵｸﾔﾏF","KO106","6","55","ＫＯ－１０６","ﾍｱﾗｲﾝｺﾞｰﾙﾄﾞ･ﾍｱﾗｲﾝｼﾙﾊﾞｰ","プロパー","1","物流部倉庫","002A030","0.00","1.00","0.00","1.00","10090.00","10090","自社","2026/09","1.00","0","0","0","0","0","0","0","0","0.00"
"ｹﾝ ｵｸﾔﾏF","KO107","2","56","ＫＯ－１０７","ﾏｯﾄﾎﾞﾙﾄﾞｰ･ﾙﾃﾆｳﾑｸﾞﾚｰ","プロパー","1","物流部倉庫","002A030","0.00","1.00","0.00","1.00","9800.00","9800","自社","2026/09","1.00","0","0","0","0","0","0","0","0","0.00"
"ｹﾝ ｵｸﾔﾏF","KO110","11","57","ＫＯ－１１０","ﾌﾞﾙｰｸﾞﾚｰ･ｼﾙﾊﾞｰ","プロパー","1","物流部倉庫","002A030","0.00","1.00","0.00","1.00","10380.00","10380","自社","2026/09","1.00","0","0","0","0","0","0","0","0","0.00"
"ｹﾝ ｵｸﾔﾏF","KO110","2","57","ＫＯ－１１０","ﾍｱﾗｲﾝｺﾞｰﾙﾄﾞ･ｼﾙﾊﾞｰ","プロパー","1","物流部倉庫","002A030","0.00","0.00","6.00","6.00","10690.00","64140","自社","2026/09","22.00","0.00","14.00","0.00","2.00","0.00","0.00","0.00","0.00","3.00"
"ｹﾝ ｵｸﾔﾏF","KO110","4","57","ＫＯ－１１０","ﾏｯﾄﾌﾞﾗｯｸ･ﾙﾃﾆｳﾑｸﾞﾚｰ","プロパー","1","物流部倉庫","002A030","0.00","0.00","2.00","2.00","11940.00","23880","自社","2026/09","20.00","0.00","15.00","0.00","3.00","0.00","0.00","0.00","0.00","1.00"
"ｹﾝ ｵｸﾔﾏF","KO110","7","57","ＫＯ－１１０","ﾎﾜｲﾄ･ﾙﾃﾆｳﾑｸﾞﾚｰ","プロパー","1","物流部倉庫","002A030","0.00","0.00","1.00","1.00","10850.00","10850","自社","2026/09","1.00","0","0","0","0","0","0","0","0","0.00"
"ｹﾝ ｵｸﾔﾏF","KO112P","2","56","ＫＯ－１１２Ｐ","ﾚｯﾄﾞ･無垢","プロパー","1","物流部倉庫","002A030","1.00","0.00","0.00","1.00","10265.00","10265","自社","2026/09","1.00","0","0","0","0","0","0","0","0","0.00"
"ｹﾝ ｵｸﾔﾏF","KO112P","6","56","ＫＯ－１１２Ｐ","ｸﾞﾘｰﾝ･無垢","プロパー","1","物流部倉庫","002A030","0.00","0.00","1.00","1.00","10265.00","10265","自社","2026/09","1.00","0","0","0","0","0","0","0","0","0.00"
"ｹﾝ ｵｸﾔﾏF","KO113","4","56","ＫＯ－１１３","ﾏｯﾄﾌﾞﾗｯｸ","プロパー","1","物流部倉庫","002A030","19.00","0.00","0.00","19.00","11180.00","212420","自社","2026/09","18.00","0.00","0.00","2.00","1.00","0.00","0.00","0.00","0.00","3.00"
"ｹﾝ ｵｸﾔﾏF","KO113","6","56","ＫＯ－１１３","ﾏｯﾄｶﾞﾝﾒﾀﾙ","プロパー","1","物流部倉庫","002A030","1.00","4.00","0.00","5.00","11530.00","57650","自社","2026/09","4.00","0.00","0.00","1.00","0.00","0.00","0.00","0.00","0.00","0.00"
"ｹﾝ ｵｸﾔﾏF","KO114","1","56","ＫＯ－１１４","ﾏｯﾄｱﾝﾃｨｰｸｸﾞﾚｰ","プロパー","1","物流部倉庫","002A030","4.00","0.00","0.00","4.00","7207.00","28828","自社","2026/09","5.00","0.00","0.00","0.00","1.00","0.00","0.00","0.00","0.00","0.00"
"ｹﾝ ｵｸﾔﾏF","KO114","2","56","ＫＯ－１１４","ﾏｯﾄﾎﾞﾙﾄﾞｰ","プロパー","1","物流部倉庫","002A030","2.00","1.00","0.00","3.00","6452.00","19356","自社","2026/09","6.00","0.00","2.00","0.00","1.00","0.00","0.00","0.00","0.00","0.00"
"ｹﾝ ｵｸﾔﾏF","KO114","3","56","ＫＯ－１１４","ﾏｯﾄﾀﾞｰｸﾈｲﾋﾞｰ","プロパー","1","物流部倉庫","002A030","1.00","0.00","0.00","1.00","6452.00","6452","自社","2026/09","1.00","0","0","0","0","0","0","0","0","0.00"
"ｹﾝ ｵｸﾔﾏF","KO114","5","56","ＫＯ－１１４","ﾍｱﾗｲﾝｺﾞｰﾙﾄﾞ/ﾍｱﾗｲﾝｼﾙﾊﾞｰ","プロパー","1","物流部倉庫","002A030","2.00","0.00","0.00","2.00","6991.00","13982","自社","2026/09","3.00","0.00","0.00","0.00","1.00","0.00","0.00","0.00","0.00","0.00"
"ｹﾝ ｵｸﾔﾏF","KO115","3","55","ＫＯ－１１５","ﾈｲﾋﾞｰ/ﾙﾃﾆｳﾑｸﾞﾚｰ","プロパー","1","物流部倉庫","002A030","1.00","0.00","1.00","2.00","10330.00","20660","自社","2026/09","2.00","0","0","0","0","0","0","0","0","0.00"
"ｹﾝ ｵｸﾔﾏF","KO116","2","55","ＫＯ－１１６","ﾚｯﾄﾞ/ﾏｯﾄﾙﾃﾆｳﾑｸﾞﾚｰ","プロパー","1","物流部倉庫","002A030","42.00","0.00","0.00","42.00","8192.00","344064","自社","2026/09","45.00","0.00","1.00","0.00","2.00","0.00","0.00","0.00","0.00","1.00"
"ｹﾝ ｵｸﾔﾏF","KO116","3","55","ＫＯ－１１６","ﾈｲﾋﾞｰ","プロパー","1","物流部倉庫","002A030","11.00","0.00","0.00","11.00","8052.00","88572","自社","2026/09","12.00","0.00","0.00","0.00","1.00","0.00","0.00","0.00","0.00","0.00"
"ｹﾝ ｵｸﾔﾏF","KO116","4","55","ＫＯ－１１６","ﾏｯﾄﾌﾞﾗｯｸ","プロパー","1","物流部倉庫","002A030","41.00","0.00","0.00","41.00","7972.00","326852","自社","2026/09","42.00","0.00","0.00","0.00","1.00","0.00","0.00","0.00","0.00","2.00"
"ｹﾝ ｵｸﾔﾏF","KO116","5","55","ＫＯ－１１６","ﾎﾜｲﾄ","プロパー","1","物流部倉庫","002A030","2.00","0.00","1.00","3.00","8232.00","24696","自社","2026/09","5.00","0.00","0.00","0.00","2.00","0.00","0.00","0.00","0.00","1.00"
"ｹﾝ ｵｸﾔﾏF","KO116","6","55","ＫＯ－１１６","ﾌﾞﾙｰｸﾞﾚｰ","プロパー","1","物流部倉庫","002A030","13.00","0.00","1.00","14.00","8182.00","114548","自社","2026/09","15.00","0.00","0.00","0.00","1.00","0.00","0.00","0.00","0.00","0.00"
"ｹﾝ ｵｸﾔﾏF","KO117","000","56","ＫＯ－１１７","ｼﾙﾊﾞｰ/ｸﾞﾘｰﾝ","プロパー","1","物流部倉庫","002A030","5.00","0.00","0.00","5.00","8207.00","41035","自社","2026/09","7.00","0.00","0.00","0.00","2.00","0.00","0.00","0.00","0.00","2.00"
"ｹﾝ ｵｸﾔﾏF","KO117","1","56","ＫＯ－１１７","ﾍｱﾗｲﾝｸﾞﾚｰ/ﾀﾞｰｸﾊﾞｲｵﾚｯﾄ","プロパー","1","物流部倉庫","002A030","60.00","0.00","0.00","60.00","8297.00","497820","自社","2026/09","61.00","0.00","0.00","0.00","1.00","0.00","0.00","0.00","0.00","0.00"
"ｹﾝ ｵｸﾔﾏF","KO117","2","56","ＫＯ－１１７","ﾎﾞﾙﾄﾞｰ/ﾌﾞﾗｯｸ","プロパー","1","物流部倉庫","002A030","58.00","0.00","0.00","58.00","7947.00","460926","自社","2026/09","61.00","0.00","1.00","0.00","2.00","0.00","0.00","0.00","0.00","2.00"
"ｹﾝ ｵｸﾔﾏF","KO117","3","56","ＫＯ－１１７","ﾍｱﾗｲﾝｶﾞﾝﾒﾀﾙ/ﾍｱﾗｲﾝｼﾙﾊﾞｰ","プロパー","1","物流部倉庫","002A030","27.00","0.00","0.00","27.00","8737.00","235899","自社","2026/09","29.00","0.00","1.00","0.00","1.00","0.00","0.00","0.00","0.00","0.00"
"ｹﾝ ｵｸﾔﾏF","KO117","4","56","ＫＯ－１１７","ﾏｯﾄﾌﾞﾗｯｸ","プロパー","1","物流部倉庫","002A030","29.00","1.00","0.00","30.00","7947.00","238410","自社","2026/09","32.00","0.00","0.00","0.00","2.00","0.00","0.00","0.00","0.00","2.00"
"ｹﾝ ｵｸﾔﾏF","KO117","5","56","ＫＯ－１１７","ﾌﾞﾙｰｸﾞﾚｰ/ﾍｱﾗｲﾝｼﾙﾊﾞｰ","プロパー","1","物流部倉庫","002A030","42.00","0.00","0.00","42.00","8207.00","344694","自社","2026/09","43.00","0.00","0.00","0.00","1.00","0.00","0.00","0.00","0.00","1.00"
"ｹﾝ ｵｸﾔﾏF","KO118","1","56","ＫＯ－１１８","ﾍｱﾗｲﾝｼﾙﾊﾞｰ/ﾍｱﾗｲﾝｺﾞｰﾙﾄﾞ","プロパー","1","物流部倉庫","002A030","16.00","0.00","0.00","16.00","6889.00","110224","自社","2026/09","18.00","0.00","0.00","0.00","2.00","0.00","0.00","0.00","0.00","2.00"
"ｹﾝ ｵｸﾔﾏF","KO118","2","56","ＫＯ－１１８","ﾚｯﾄﾞ/ﾍｱﾗｲﾝﾙﾃﾆｳﾑｸﾞﾚｰ","プロパー","1","物流部倉庫","002A030","34.00","0.00","1.00","35.00","6914.00","241990","自社","2026/09","37.00","0.00","0.00","0.00","2.00","0.00","0.00","0.00","0.00","0.00"
"ｹﾝ ｵｸﾔﾏF","KO118","3","56","ＫＯ－１１８","ﾈｲﾋﾞｰ･ｸﾞﾚｰ","プロパー","1","物流部倉庫","002A030","30.00","0.00","0.00","30.00","7089.00","212670","自社","2026/09","32.00","0.00","0.00","0.00","2.00","0.00","0.00","0.00","0.00","2.00"
"ｹﾝ ｵｸﾔﾏF","KO118","4","56","ＫＯ－１１８","ﾏｯﾄﾌﾞﾗｯｸ･ﾏｯﾄｼﾙﾊﾞｰ","プロパー","1","物流部倉庫","002A030","2.00","0.00","0.00","2.00","7159.00","14318","自社","2026/09","3.00","0.00","0.00","0.00","1.00","0.00","0.00","0.00","0.00","2.00"
"ｹﾝ ｵｸﾔﾏF","KO118","5","56","ＫＯ－１１８","ﾌﾞﾙｰｸﾞﾚｰ･ｼﾙﾊﾞｰ","プロパー","1","物流部倉庫","002A030","1.00","0.00","0.00","1.00","7039.00","7039","自社","2026/09","1.00","0","0","0","0","0","0","0","0","0.00"
"ｹﾝ ｵｸﾔﾏF","KO119","4","56","ＫＯ－１１９","ﾏｯﾄﾌﾞﾙｰ/ﾏｯﾄﾙﾃﾆｳﾑｸﾞﾚｰ","プロパー","1","物流部倉庫","002A030","8.00","0.00","1.00","9.00","13330.00","119970","自社","2026/09","14.00","0.00","3.00","0.00","2.00","0.00","0.00","0.00","0.00","0.00"
"ｹﾝ ｵｸﾔﾏF","KO119","6","56","ＫＯ－１１９","ﾌﾞﾙｰｸﾞﾚｰ/ｼﾙﾊﾞｰ","プロパー","1","物流部倉庫","002A030","15.00","0.00","1.00","16.00","13050.00","208800","自社","2026/09","23.00","0.00","5.00","0.00","2.00","0.00","0.00","0.00","0.00","0.00"
"ｹﾝ ｵｸﾔﾏF","KO120","1","56","ＫＯ－１２０","ﾙﾃﾆｳﾑｸﾞﾚｰ/ﾚｯﾄﾞ","プロパー","1","物流部倉庫","002A030","0.00","0.00","2.00","2.00","11580.00","23160","自社","2026/09","3.00","0.00","0.00","0.00","1.00","0.00","0.00","0.00","0.00","1.00"
"ｹﾝ ｵｸﾔﾏF","KO120","2","56","ＫＯ－１２０","ﾎﾞﾙﾄﾞｰ･ﾍｱﾗｲﾝｺﾞｰﾙﾄﾞ","プロパー","1","物流部倉庫","002A030","4.00","0.00","2.00","6.00","12450.00","74700","自社","2026/09","10.00","0.00","2.00","0.00","2.00","0.00","0.00","0.00","0.00","0.00"
"ｹﾝ ｵｸﾔﾏF","KO120","3","56","ＫＯ－１２０","ﾀﾞｰｸﾊﾟｰﾌﾟﾙ･ﾗｲﾄｸﾞﾚｰ","プロパー","1","物流部倉庫","002A030","2.00","0.00","2.00","4.00","12400.00","49600","自社","2026/09","5.00","0.00","0.00","0.00","1.00","0.00","0.00","0.00","0.00","0.00"
"ｹﾝ ｵｸﾔﾏF","KO201M","12","57","ＫＯ－２０１Ｍ","ﾏｯﾄﾌﾞﾗｳﾝ","プロパー","1","物流部倉庫","002A030","5.00","0.00","0.00","5.00","7480.00","37400","自社","2026/09","5.00","0","0","0","0","0","0","0","0","0.00"
"ｹﾝ ｵｸﾔﾏF","KO201M","7","57","ＫＯ－２０１Ｍ","ﾏｯﾄｶﾞﾝﾒﾀﾙ","プロパー","1","物流部倉庫","002A030","3.00","0.00","0.00","3.00","7490.00","22470","自社","2026/09","3.00","0","0","0","0","0","0","0","0","0.00"
"ｹﾝ ｵｸﾔﾏF","KO201M","9","57","ＫＯ－２０１Ｍ","ｱﾝﾃｨｰｸﾎﾞﾙﾄﾞｰ","プロパー","1","物流部倉庫","002A030","6.00","0.00","0.00","6.00","7740.00","46440","自社","2026/09","6.00","0","0","0","0","0","0","0","0","0.00"
"ｹﾝ ｵｸﾔﾏF","KO208","10","54","ＫＯ－２０８","ﾏｯﾄﾌﾞﾗｯｸ･ｼﾙﾊﾞｰ/ﾏｯﾄﾌﾞﾗｯｸ","プロパー","1","物流部倉庫","002A030","17.00","1.00","0.00","18.00","10220.00","183960","自社","2026/09","22.00","0.00","2.00","1.00","3.00","0.00","0.00","0.00","0.00","2.00"
"ｹﾝ ｵｸﾔﾏF","KO208","11","54","ＫＯ－２０８","ﾏｯﾄﾈｲﾋﾞｰ･ｺﾞｰﾙﾄﾞ/ﾏｯﾄﾈｲﾋﾞｰ","プロパー","1","物流部倉庫","002A030","12.00","1.00","0.00","13.00","10740.00","139620","自社","2026/09","15.00","0.00","0.00","0.00","2.00","0.00","0.00","0.00","0.00","1.00"
"ｹﾝ ｵｸﾔﾏF","KO208","12","54","ＫＯ－２０８","ﾚｯﾄﾞ･ｺﾞｰﾙﾄﾞ/ｺﾞｰﾙﾄﾞ","プロパー","1","物流部倉庫","002A030","1.00","1.00","0.00","2.00","10570.00","21140","自社","2026/09","1.00","0.00","0.00","1.00","0.00","0.00","0.00","0.00","0.00","2.00"
"ｹﾝ ｵｸﾔﾏF","KO208","13","54","ＫＯ－２０８","ﾌﾞﾙｰｸﾞﾚｰ･ｼﾙﾊﾞｰ/ﾌﾞﾙｰｸﾞﾚｰ","プロパー","1","物流部倉庫","002A030","23.00","0.00","0.00","23.00","10610.00","244030","自社","2026/09","25.00","0.00","0.00","0.00","2.00","0.00","0.00","0.00","0.00","1.00"
"ｹﾝ ｵｸﾔﾏF","KO208","15","54","ＫＯ－２０８","ﾈｲﾋﾞｰ･ﾙﾃﾆｳﾑ/ﾙﾃﾆｳﾑ","プロパー","1","物流部倉庫","002A030","1.00","1.00","0.00","2.00","10510.00","21020","自社","2026/09","6.00","0.00","2.00","0.00","2.00","0.00","0.00","0.00","0.00","0.00"
"ｹﾝ ｵｸﾔﾏF","KO208","16","54","ＫＯ－２０８","ﾎﾜｲﾄ･ｼﾙﾊﾞｰ/ﾎﾜｲﾄ","プロパー","1","物流部倉庫","002A030","19.00","0.00","1.00","20.00","10550.00","211000","自社","2026/09","21.00","0.00","0.00","1.00","2.00","0.00","0.00","0.00","0.00","2.00"
"ｹﾝ ｵｸﾔﾏF","KO208","17","54","ＫＯ－２０８","ﾚｯﾄﾞ･ﾙﾃﾆｳﾑ/ﾙﾃﾆｳﾑ","プロパー","1","物流部倉庫","002A030","18.00","0.00","0.00","18.00","10520.00","189360","自社","2026/09","20.00","0.00","0.00","0.00","2.00","0.00","0.00","0.00","0.00","0.00"
"ｹﾝ ｵｸﾔﾏF","KO208","8","54","ＫＯ－２０８","ﾍｱﾗｲﾝｺｯﾊﾟｰ･ｺﾞｰﾙﾄﾞ/ﾍｱﾗｲﾝｺｯﾊﾟｰ","プロパー","1","物流部倉庫","002A030","0.00","1.00","0.00","1.00","10480.00","10480","自社","2026/09","1.00","0.00","0.00","1.00","1.00","0.00","0.00","0.00","0.00","2.00"
"ｹﾝ ｵｸﾔﾏF","KO208","9","54","ＫＯ－２０８","ﾌﾞﾗｯｸ･ｺﾞｰﾙﾄﾞ/ﾌﾞﾗｯｸ","プロパー","1","物流部倉庫","002A030","3.00","1.00","0.00","4.00","10390.00","41560","自社","2026/09","6.00","0.00","0.00","0.00","2.00","0.00","0.00","0.00","0.00","2.00"
"ｹﾝ ｵｸﾔﾏF","KO217","3","53","ＫＯ－２１７","ﾏｯﾄﾎﾞﾙﾄﾞｰ･ｼﾙﾊﾞｰ","プロパー","1","物流部倉庫","002A030","1.00","0.00","0.00","1.00","9800.00","9800","自社","2026/09","1.00","0","0","0","0","0","0","0","0","0.00"
"ｹﾝ ｵｸﾔﾏF","KO218","1","55","ＫＯ－２１８","ﾌﾞﾗｯｸ･ｼﾙﾊﾞｰ","プロパー","1","物流部倉庫","002A030","0.00","0.00","1.00","1.00","10660.00","10660","自社","2026/09","3.00","0.00","1.00","0.00","1.00","0.00","0.00","0.00","0.00","0.00"
"ｹﾝ ｵｸﾔﾏF","KO218","2","55","ＫＯ－２１８","ﾙﾃﾆｳﾑｸﾞﾚｰ","プロパー","1","物流部倉庫","002A030","1.00","0.00","2.00","3.00","10490.00","31470","自社","2026/09","6.00","0.00","2.00","0.00","1.00","0.00","0.00","0.00","0.00","0.00"
"ｹﾝ ｵｸﾔﾏF","KO218","4","55","ＫＯ－２１８","ﾈｲﾋﾞｰ･ｼﾙﾊﾞｰ","プロパー","1","物流部倉庫","002A030","1.00","1.00","0.00","2.00","10660.00","21320","自社","2026/09","3.00","0.00","0.00","0.00","1.00","0.00","0.00","0.00","0.00","0.00"
"ｹﾝ ｵｸﾔﾏF","KO218","8","55","ＫＯ－２１８","ﾏｯﾄﾎﾞﾙﾄﾞｰ･ｺﾞｰﾙﾄﾞ","プロパー","1","物流部倉庫","002A030","0.00","1.00","0.00","1.00","10820.00","10820","自社","2026/09","1.00","0","0","0","0","0","0","0","0","0.00"
"ｹﾝ ｵｸﾔﾏF","KO220","10","56","ＫＯ－２２０","ﾍｱﾗｲﾝｺﾞｰﾙﾄﾞ","プロパー","1","物流部倉庫","002A030","0.00","1.00","0.00","1.00","9580.00","9580","自社","2026/09","1.00","0","0","0","0","0","0","0","0","0.00"
"ｹﾝ ｵｸﾔﾏF","KO231","2","57","ＫＯ－２３１","ｸﾘｱﾌﾞﾙｰｸﾞﾚｰ･ﾍﾟｰﾙﾌﾞﾙｰ","プロパー","1","物流部倉庫","002A030","6.00","0.00","3.00","9.00","11400.00","102600","自社","2026/09","11.00","0.00","1.00","0.00","1.00","0.00","0.00","0.00","0.00","0.00"
"ｹﾝ ｵｸﾔﾏF","KO231","4","57","ＫＯ－２３１","ﾌﾞﾗｯｸ･ﾚｯﾄﾞ","プロパー","1","物流部倉庫","002A030","0.00","1.00","0.00","1.00","11040.00","11040","自社","2026/09","1.00","0","0","0","0","0","0","0","0","0.00"
"ｹﾝ ｵｸﾔﾏF","KO231","6","57","ＫＯ－２３１","ｸﾘｱﾈｲﾋﾞｰ･ﾙﾃﾆｳﾑｸﾞﾚｰ","プロパー","1","物流部倉庫","002A030","20.00","0.00","1.00","21.00","11140.00","233940","自社","2026/09","23.00","0.00","1.00","0.00","1.00","0.00","0.00","0.00","0.00","0.00"
"ｹﾝ ｵｸﾔﾏF","KO231","7","57","ＫＯ－２３１","ｸﾘｱﾌﾞﾙｰｸﾞﾗﾃﾞ･ﾏｯﾄﾌﾞﾗｯｸ","プロパー","1","物流部倉庫","002A030","0.00","0.00","1.00","1.00","11560.00","11560","自社","2026/09","1.00","0","0","0","0","0","0","0","0","0.00"
"ｹﾝ ｵｸﾔﾏF","KO231","8","57","ＫＯ－２３１","ｸﾘｱｸﾞﾚｰ･ﾀﾞｰｸﾊﾞｲｵﾚｯﾄ","プロパー","1","物流部倉庫","002A030","0.00","0.00","2.00","2.00","11350.00","22700","自社","2026/09","2.00","0","0","0","0","0","0","0","0","0.00"
"ｹﾝ ｵｸﾔﾏF","KO232","1","57","ＫＯ－２３２","ｺﾞｰﾙﾄﾞ","プロパー","1","物流部倉庫","002A030","1.00","0.00","1.00","2.00","12280.00","24560","自社","2026/09","2.00","0.00","1.00","1.00","0.00","0.00","0.00","0.00","0.00","0.00"
"ｹﾝ ｵｸﾔﾏF","KO232","2","57","ＫＯ－２３２","ﾌﾞﾙｰｸﾞﾚｰ","プロパー","1","物流部倉庫","002A030","5.00","0.00","3.00","8.00","12410.00","99280","自社","2026/09","15.00","0.00","0.00","5.00","12.00","0.00","0.00","0.00","0.00","0.00"
"ｹﾝ ｵｸﾔﾏF","KO232","3","57","ＫＯ－２３２","ﾀﾞｰｸﾌﾞﾗｳﾝ","プロパー","1","物流部倉庫","002A030","1.00","0.00","4.00","5.00","12230.00","61150","自社","2026/09","9.00","0.00","4.00","12.00","12.00","0.00","0.00","0.00","0.00","0.00"
"ｹﾝ ｵｸﾔﾏF","KO232","4","57","ＫＯ－２３２","ﾌﾞﾗｯｸ","プロパー","1","物流部倉庫","002A030","0.00","0.00","1.00","1.00","12460.00","12460","自社","2026/09","1.00","0","0","0","0","0","0","0","0","1.00"
"ｹﾝ ｵｸﾔﾏF","KO232","5","57","ＫＯ－２３２","ﾌﾞﾙｰ","プロパー","1","物流部倉庫","002A030","20.00","1.00","1.00","22.00","12380.00","272360","自社","2026/09","14.00","0.00","2.00","28.00","18.00","0.00","0.00","0.00","0.00","0.00"
"ｹﾝ ｵｸﾔﾏF","KO233","2","56","ＫＯ－２３３","ﾚｯﾄﾞ","プロパー","1","物流部倉庫","002A030","5.00","0.00","3.00","8.00","12210.00","97680","自社","2026/09","10.00","0.00","0.00","0.00","2.00","0.00","0.00","0.00","0.00","2.00"
"ｹﾝ ｵｸﾔﾏF","KO233","3","56","ＫＯ－２３３","ﾀﾞｰｸﾊﾞｲｵﾚｯﾄ","プロパー","1","物流部倉庫","002A030","23.00","0.00","8.00","31.00","11910.00","369210","自社","2026/09","32.00","0.00","0.00","1.00","2.00","0.00","0.00","0.00","0.00","2.00"
"ｹﾝ ｵｸﾔﾏF","KO233","4","56","ＫＯ－２３３","ﾏｯﾄﾌﾞﾗｯｸ","プロパー","1","物流部倉庫","002A030","35.00","1.00","8.00","44.00","12120.00","533280","自社","2026/09","45.00","0.00","0.00","1.00","2.00","0.00","0.00","0.00","0.00","2.00"
"ｹﾝ ｵｸﾔﾏF","KO234","1","56","ＫＯ－２３４","ｸﾘｱﾗｲﾄｸﾞﾚｰ･ﾎﾜｲﾄ","プロパー","1","物流部倉庫","002A030","14.00","0.00","6.00","20.00","11540.00","230800","自社","2026/09","20.00","0.00","0.00","1.00","1.00","0.00","0.00","0.00","0.00","0.00"
"ｹﾝ ｵｸﾔﾏF","KO234","2","56","ＫＯ－２３４","ｸﾘｱﾈｲﾋﾞｰ･ﾀﾞｰｸﾈｲﾋﾞｰ","プロパー","1","物流部倉庫","002A030","14.00","0.00","5.00","19.00","11460.00","217740","自社","2026/09","20.00","0.00","1.00","1.00","1.00","0.00","0.00","0.00","0.00","0.00"
"ｹﾝ ｵｸﾔﾏF","KO234","3","56","ＫＯ－２３４","ｸﾘｱﾓｽｸﾞﾚｰ･ﾀﾞｰｸｸﾞﾘｰﾝ","プロパー","1","物流部倉庫","002A030","14.00","0.00","5.00","19.00","11540.00","219260","自社","2026/09","20.00","0.00","1.00","1.00","1.00","0.00","0.00","0.00","0.00","0.00"
"ｹﾝ ｵｸﾔﾏF","KO234","4","56","ＫＯ－２３４","ｸﾘｱﾀﾞｰｸｸﾞﾚｰ･ﾏｯﾄﾌﾞﾗｯｸ","プロパー","1","物流部倉庫","002A030","13.00","0.00","6.00","19.00","11460.00","217740","自社","2026/09","20.00","0.00","1.00","1.00","1.00","0.00","0.00","0.00","0.00","0.00"
"ｹﾝ ｵｸﾔﾏF","KO307","1","55","ＫＯ－３０７","ｸﾞﾚｰ/ﾚｯﾄﾞ","プロパー","1","物流部倉庫","002A030","3.00","0.00","0.00","3.00","10035.00","30105","自社","2026/09","3.00","0","0","0","0","0","0","0","0","0.00"
"ｹﾝ ｵｸﾔﾏF","KO307","5","55","ＫＯ－３０７","ｼﾙﾊﾞｰ/ﾎﾜｲﾄ","プロパー","1","物流部倉庫","002A030","0.00","1.00","0.00","1.00","10285.00","10285","自社","2026/09","2.00","0.00","1.00","0.00","0.00","0.00","0.00","0.00","0.00","0.00"
"ｹﾝ ｵｸﾔﾏF","KO309","1","56","ＫＯ－３０９","ﾎﾞﾙﾄﾞｰ/ﾏｯﾄﾀﾞｰｸﾙﾃﾆｳﾑｸﾞﾚｰ","プロパー","1","物流部倉庫","002A030","34.00","1.00","1.00","36.00","10263.00","369468","自社","2026/09","38.00","0.00","0.00","0.00","2.00","0.00","0.00","0.00","0.00","2.00"
"ｹﾝ ｵｸﾔﾏF","KO309","2","56","ＫＯ－３０９","ﾈｲﾋﾞｰ/ﾙﾃﾆｳﾑｸﾞﾚｰ","プロパー","1","物流部倉庫","002A030","6.00","1.00","0.00","7.00","10570.00","73990","自社","2026/09","8.00","0.00","0.00","1.00","2.00","0.00","0.00","0.00","0.00","1.00"
"ｹﾝ ｵｸﾔﾏF","KO309","3","56","ＫＯ－３０９","ｶﾞﾝﾒﾀﾙ/ｺﾞｰﾙﾄﾞ","プロパー","1","物流部倉庫","002A030","12.00","0.00","0.00","12.00","10287.00","123444","自社","2026/09","14.00","0.00","0.00","0.00","2.00","0.00","0.00","0.00","0.00","2.00"
"ｹﾝ ｵｸﾔﾏF","KO309","4","56","ＫＯ－３０９","ﾏｯﾄﾌﾞﾗｯｸ/ﾀﾞｰｸﾙﾃﾆｳﾑｸﾞﾚｰ","プロパー","1","物流部倉庫","002A030","25.00","0.00","1.00","26.00","10223.00","265798","自社","2026/09","26.00","0.00","0.00","1.00","1.00","0.00","0.00","0.00","0.00","2.00"
"ｹﾝ ｵｸﾔﾏF","KO310","057","56","ＫＯ－３１０","ﾚｯﾄﾞ","プロパー","1","物流部倉庫","002A030","7.00","0.00","0.00","7.00","8877.00","62139","自社","2026/09","7.00","0","0","0","0","0","0","0","0","2.00"
"ｹﾝ ｵｸﾔﾏF","KO401","1","50","ＫＯ－４０１","ﾌﾞﾗｯｸ･ｼﾙﾊﾞｰ/ﾌﾞﾗｯｸ","プロパー","1","物流部倉庫","002A030","16.00","0.00","0.00","16.00","11070.00","177120","自社","2026/09","16.00","0","0","0","0","0","0","0","0","0.00"
"ｹﾝ ｵｸﾔﾏF","KO403","3","51","ＫＯ－４０３","ﾏｯﾄﾌﾞﾗｯｸ･ﾏｯﾄｼﾙﾊﾞｰ/ﾏｯﾄﾌﾞﾗｯｸ","プロパー","1","物流部倉庫","002A030","6.00","0.00","0.00","6.00","11440.00","68640","自社","2026/09","6.00","0","0","0","0","0","0","0","0","0.00"
"ｹﾝ ｵｸﾔﾏF","KO405","1","52","ＫＯ－４０５","ﾏｯﾄｺﾞｰﾙﾄﾞ","プロパー","1","物流部倉庫","002A030","62.00","0.00","1.00","63.00","11978.00","754614","自社","2026/09","65.00","0.00","0.00","0.00","2.00","0.00","0.00","0.00","0.00","2.00"
"ｹﾝ ｵｸﾔﾏF","KO405","2","52","ＫＯ－４０５","ﾍｱﾗｲﾝﾏｯﾄﾙﾃﾆｳﾑｸﾞﾚｰ","プロパー","1","物流部倉庫","002A030","39.00","0.00","1.00","40.00","12118.00","484720","自社","2026/09","42.00","0.00","0.00","0.00","2.00","0.00","0.00","0.00","0.00","2.00"
"ｹﾝ ｵｸﾔﾏF","KO405","3","52","ＫＯ－４０５","ﾏｯﾄﾌﾞﾗｳﾝ","プロパー","1","物流部倉庫","002A030","51.00","0.00","1.00","52.00","11858.00","616616","自社","2026/09","54.00","0.00","0.00","0.00","2.00","0.00","0.00","0.00","0.00","0.00"
"ｹﾝ ｵｸﾔﾏF","KO405","4","52","ＫＯ－４０５","ﾏｯﾄﾀﾞｰｸｶﾞﾝﾒﾀﾙ","プロパー","1","物流部倉庫","002A030","20.00","0.00","1.00","21.00","11958.00","251118","自社","2026/09","19.00","0.00","0.00","3.00","1.00","0.00","0.00","0.00","0.00","2.00"
"ｹﾝ ｵｸﾔﾏF","KOB110","11","57","ＫＯＢ－１１０","ｼﾙﾊﾞｰ/並黒甲","プロパー","1","物流部倉庫","002A030","0.00","0.00","3.00","3.00","91580.00","274740","自社","2026/09","3.00","0","0","0","0","0","0","0","0","0.00"
"ｹﾝ ｵｸﾔﾏF","KOB110","12","57","ＫＯＢ－１１０","ﾌﾞﾗｯｸ/並黒甲","プロパー","1","物流部倉庫","002A030","0.00","0.00","2.00","2.00","92455.00","184910","自社","2026/09","2.00","0","0","0","0","0","0","0","0","0.00"
"ｹﾝ ｵｸﾔﾏF","KOB110","13","57","ＫＯＢ－１１０","ﾍｱﾗｲﾝｺﾞｰﾙﾄﾞ/並黒甲","プロパー","1","物流部倉庫","002A030","0.00","0.00","1.00","1.00","91700.00","91700","自社","2026/09","1.00","0","0","0","0","0","0","0","0","0.00"
"ｹﾝｵｸﾔﾏSG","KOS104","3","0","ＫＯＳ－１０４","ﾍｱﾗｲﾝﾛｰｽﾞｺﾞｰﾙﾄﾞ","プロパー","1","物流部倉庫","002A030","0.00","1.00","0.00","1.00","8920.00","8920","自社","2026/09","1.00","0","0","0","0","0","0","0","0","0.00"
"ｹﾝｵｸﾔﾏSG","KOS201","1","48","ＫＯＳ－２０１","ﾌﾞﾗｯｸ/ﾌﾞﾗｯｸ･ｸﾘｱ","プロパー","1","物流部倉庫","002A030","16.00","0.00","0.00","16.00","7331.00","117296","自社","2026/09","17.00","0.00","0.00","0.00","1.00","0.00","0.00","0.00","0.00","1.00"
"ｹﾝｵｸﾔﾏSG","KOS201","2","48","ＫＯＳ－２０１","ｸﾘｱﾌﾞﾗｳﾝ","プロパー","1","物流部倉庫","002A030","0.00","0.00","2.00","2.00","7191.00","14382","自社","2026/09","2.00","0","0","0","0","0","0","0","0","0.00"
"ｹﾝｵｸﾔﾏSG","KOS202","1","52","ＫＯＳ－２０２","ﾌﾞﾗｯｸ/ﾌﾞﾗｯｸ･ｸﾘｱ","プロパー","1","物流部倉庫","002A030","49.00","0.00","1.00","50.00","7191.00","359550","自社","2026/09","51.00","0.00","0.00","0.00","1.00","0.00","0.00","0.00","0.00","1.00"
"ｹﾝｵｸﾔﾏSG","KOS202","2","52","ＫＯＳ－２０２","ｸﾘｱｶｰｷ","プロパー","1","物流部倉庫","002A030","27.00","0.00","1.00","28.00","7331.00","205268","自社","2026/09","29.00","0.00","0.00","0.00","1.00","0.00","0.00","0.00","0.00","1.00"
"ｹﾝｵｸﾔﾏSG","KOS203","1","51","ＫＯＳ－２０３","ﾌﾞﾗｯｸ/ﾌﾞﾗｯｸ･ｸﾘｱ","プロパー","1","物流部倉庫","002A030","39.00","0.00","1.00","40.00","7997.00","319880","自社","2026/09","41.00","0.00","0.00","0.00","1.00","0.00","0.00","0.00","0.00","1.00"
"ｹﾝｵｸﾔﾏSG","KOS203","2","51","ＫＯＳ－２０３","ｸﾘｱｸﾞﾚｰ","プロパー","1","物流部倉庫","002A030","5.00","0.00","2.00","7.00","7857.00","54999","自社","2026/09","8.00","0.00","0.00","0.00","1.00","0.00","0.00","0.00","0.00","1.00"
"ｹﾝｵｸﾔﾏSG","KOS204","1","52","ＫＯＳ－２０４","ﾌﾞﾗｯｸ/ﾌﾞﾗｯｸ･ｸﾘｱ","プロパー","1","物流部倉庫","002A030","41.00","0.00","1.00","42.00","8043.00","337806","自社","2026/09","43.00","0.00","0.00","0.00","1.00","0.00","0.00","0.00","0.00","1.00"
"ｹﾝｵｸﾔﾏSG","KOS204","2","52","ＫＯＳ－２０４","ｸﾘｱﾀﾞｰｸﾌﾞﾗｳﾝ","プロパー","1","物流部倉庫","002A030","10.00","0.00","1.00","11.00","8183.00","90013","自社","2026/09","12.00","0.00","0.00","0.00","1.00","0.00","0.00","0.00","0.00","1.00"
"ﾀﾙﾄF","TAR1031","1","52","ＴＡＲ－１０３１","ﾌﾞﾗｳﾝﾏｯﾄ","プロパー","1","物流部倉庫","002B010","0.00","7.00","5.00","12.00","486.75","5841","自社","2026/09","123.00","0.00","70.00","0.00","41.00","0.00","0.00","0.00","0.00","0.00"
"ﾀﾙﾄF","TAR1031","2","52","ＴＡＲ－１０３１","ｶﾞﾝﾒﾀﾙ","プロパー","1","物流部倉庫","002B010","0.00","7.00","2.00","9.00","486.75","4381","自社","2026/09","126.00","0.00","76.00","0.00","41.00","0.00","0.00","0.00","0.00","0.00"
"ﾀﾙﾄF","TAR1031","3","52","ＴＡＲ－１０３１","ｱﾝﾃｨｰｸｸﾞﾚｰﾏｯﾄ","プロパー","1","物流部倉庫","002B010","0.00","15.00","4.00","19.00","486.75","9248","自社","2026/09","122.00","0.00","63.00","0.00","40.00","0.00","0.00","0.00","0.00","0.00"
"ﾀﾙﾄF","TAR1031","4","52","ＴＡＲ－１０３１","ﾌﾞﾗｯｸﾏｯﾄ","プロパー","1","物流部倉庫","002B010","0.00","8.00","4.00","12.00","486.75","5841","自社","2026/09","106.00","0.00","53.00","0.00","41.00","0.00","0.00","0.00","0.00","0.00"
"ﾀﾙﾄF","TAR1032","1","53","ＴＡＲ－１０３２","ﾌﾞﾗｳﾝﾏｯﾄ","プロパー","1","物流部倉庫","002B010","0.00","7.00","5.00","12.00","486.75","5841","自社","2026/09","68.00","0.00","26.00","0.00","30.00","0.00","0.00","0.00","0.00","0.00"
"ﾀﾙﾄF","TAR1032","2","53","ＴＡＲ－１０３２","ｸﾞﾚｰﾏｯﾄ","プロパー","1","物流部倉庫","002B010","0.00","8.00","6.00","14.00","486.75","6815","自社","2026/09","50.00","0.00","25.00","0.00","11.00","0.00","0.00","0.00","0.00","0.00"
"ﾀﾙﾄF","TAR1032","3","53","ＴＡＲ－１０３２","ﾈｲﾋﾞｰ","プロパー","1","物流部倉庫","002B010","0.00","8.00","5.00","13.00","486.75","6328","自社","2026/09","91.00","0.00","37.00","0.00","41.00","0.00","0.00","0.00","0.00","0.00"
"ﾀﾙﾄF","TAR1032","4","53","ＴＡＲ－１０３２","ﾌﾞﾗｯｸﾏｯﾄ","プロパー","1","物流部倉庫","002B010","6.00","8.00","6.00","20.00","486.75","9735","自社","2026/09","112.00","0.00","51.00","0.00","41.00","0.00","0.00","0.00","0.00","0.00"
"ﾀﾙﾄF","TAR1034","1","55","ＴＡＲ－１０３４","ｼﾙﾊﾞｰ","プロパー","1","物流部倉庫","002B010","14.00","7.00","6.00","27.00","486.75","13142","自社","2026/09","116.00","0.00","48.00","0.00","41.00","0.00","0.00","0.00","0.00","0.00"
"ﾀﾙﾄF","TAR1034","2","55","ＴＡＲ－１０３４","ﾈｲﾋﾞｰ","プロパー","1","物流部倉庫","002B010","37.00","7.00","6.00","50.00","486.75","24338","自社","2026/09","144.00","0.00","53.00","0.00","41.00","0.00","0.00","0.00","0.00","0.00"
"ﾀﾙﾄF","TAR1034","3","55","ＴＡＲ－１０３４","ｶﾞﾝﾒﾀﾙ","プロパー","1","物流部倉庫","002B010","0.00","8.00","6.00","14.00","486.75","6815","自社","2026/09","106.00","0.00","52.00","0.00","40.00","0.00","0.00","0.00","0.00","0.00"
"ﾀﾙﾄF","TAR1034","4","55","ＴＡＲ－１０３４","ﾌﾞﾗｯｸﾏｯﾄ","プロパー","1","物流部倉庫","002B010","62.00","8.00","6.00","76.00","486.75","36993","自社","2026/09","160.00","0.00","43.00","0.00","41.00","0.00","0.00","0.00","0.00","0.00"
"ﾀﾙﾄF","TAR1036","1","54","ＴＡＲ－１０３６","ｵﾘｰﾌﾞﾌﾞﾗｳﾝ","プロパー","1","物流部倉庫","002B010","7.00","7.00","6.00","20.00","486.75","9735","自社","2026/09","100.00","0.00","40.00","0.00","40.00","0.00","0.00","0.00","0.00","0.00"
"ﾀﾙﾄF","TAR1036","2","54","ＴＡＲ－１０３６","ｶﾞﾝﾒﾀﾙ","プロパー","1","物流部倉庫","002B010","3.00","8.00","6.00","17.00","486.75","8275","自社","2026/09","107.00","0.00","49.00","0.00","41.00","0.00","0.00","0.00","0.00","0.00"
"ﾀﾙﾄF","TAR1036","3","54","ＴＡＲ－１０３６","ｱﾝﾃｨｰｸｸﾞﾚｰﾏｯﾄ","プロパー","1","物流部倉庫","002B010","0.00","8.00","3.00","11.00","486.75","5354","自社","2026/09","80.00","0.00","29.00","0.00","40.00","0.00","0.00","0.00","0.00","0.00"
"ﾀﾙﾄF","TAR1036","4","54","ＴＡＲ－１０３６","ﾌﾞﾗｯｸ","プロパー","1","物流部倉庫","002B010","52.00","8.00","6.00","66.00","486.75","32126","自社","2026/09","139.00","0.00","32.00","0.00","41.00","0.00","0.00","0.00","0.00","0.00"
"ﾀﾙﾄF","TAR1037","1","54","ＴＡＲ－１０３７","ｼﾙﾊﾞｰ","プロパー","1","物流部倉庫","002B010","0.00","3.00","7.00","10.00","486.75","4868","自社","2026/09","21.00","0.00","0.00","0.00","11.00","0.00","0.00","0.00","0.00","0.00"
"ﾀﾙﾄF","TAR1037","2","54","ＴＡＲ－１０３７","ﾈｲﾋﾞｰ","プロパー","1","物流部倉庫","002B010","0.00","3.00","7.00","10.00","486.75","4868","自社","2026/09","21.00","0.00","0.00","0.00","11.00","0.00","0.00","0.00","0.00","0.00"
"ﾀﾙﾄF","TAR1037","3","54","ＴＡＲ－１０３７","ｶﾞﾝﾒﾀﾙ","プロパー","1","物流部倉庫","002B010","0.00","3.00","5.00","8.00","486.75","3894","自社","2026/09","47.00","0.00","8.00","0.00","31.00","0.00","0.00","0.00","0.00","0.00"
"ﾀﾙﾄF","TAR1037","4","54","ＴＡＲ－１０３７","ﾌﾞﾗｯｸﾏｯﾄ","プロパー","1","物流部倉庫","002B010","0.00","3.00","7.00","10.00","486.75","4868","自社","2026/09","10.00","0","0","0","0","0","0","0","0","0.00"
"ﾀﾙﾄF","TAR1038","1","53","ＴＡＲ－１０３８","ﾎﾜｲﾄｺﾞｰﾙﾄﾞ","プロパー","1","物流部倉庫","002B010","0.00","2.00","5.00","7.00","499.95","3500","自社","2026/09","19.00","0.00","12.00","0.00","0.00","0.00","0.00","0.00","0.00","0.00"
"ﾀﾙﾄF","TAR1038","2","53","ＴＡＲ－１０３８","ｼﾙﾊﾞｰ","プロパー","1","物流部倉庫","002B010","0.00","2.00","5.00","7.00","499.95","3500","自社","2026/09","21.00","0.00","13.00","0.00","1.00","0.00","0.00","0.00","0.00","0.00"
"ﾀﾙﾄF","TAR1038","3","53","ＴＡＲ－１０３８","ﾗｲﾄﾌﾞﾗｳﾝ","プロパー","1","物流部倉庫","002B010","0.00","3.00","4.00","7.00","499.95","3500","自社","2026/09","20.00","0.00","13.00","0.00","0.00","0.00","0.00","0.00","0.00","0.00"
"ﾀﾙﾄF","TAR1038","4","53","ＴＡＲ－１０３８","ﾌﾞﾗｯｸﾏｯﾄ","プロパー","1","物流部倉庫","002B010","0.00","0.00","4.00","4.00","499.95","2000","自社","2026/09","16.00","0.00","12.00","0.00","0.00","0.00","0.00","0.00","0.00","0.00"
"ﾀﾙﾄF","TAR1038","5","53","ＴＡＲ－１０３８","ｱﾝﾃｨｰｸｺﾞｰﾙﾄﾞ","プロパー","1","物流部倉庫","002B010","0.00","3.00","6.00","9.00","499.95","4500","自社","2026/09","20.00","0.00","11.00","0.00","0.00","0.00","0.00","0.00","0.00","0.00"
"ﾀﾙﾄF","TAR1038","6","53","ＴＡＲ－１０３８","ｱﾝﾃｨｰｸｸﾞﾚｰﾏｯﾄ","プロパー","1","物流部倉庫","002B010","0.00","0.00","6.00","6.00","499.95","3000","自社","2026/09","17.00","0.00","10.00","0.00","1.00","0.00","0.00","0.00","0.00","0.00"
"ﾀﾙﾄF","TAR1039","1","50","ＴＡＲ－１０３９","ﾎﾜｲﾄｺﾞｰﾙﾄﾞ","プロパー","1","物流部倉庫","002B010","0.00","2.00","6.00","8.00","499.95","4000","自社","2026/09","19.00","0.00","10.00","0.00","1.00","0.00","0.00","0.00","0.00","0.00"
"ﾀﾙﾄF","TAR1039","2","50","ＴＡＲ－１０３９","ｼﾙﾊﾞｰ","プロパー","1","物流部倉庫","002B010","0.00","2.00","4.00","6.00","499.95","3000","自社","2026/09","20.00","0.00","13.00","0.00","1.00","0.00","0.00","0.00","0.00","0.00"
"ﾀﾙﾄF","TAR1039","3","50","ＴＡＲ－１０３９","ﾌﾞﾙｰｸﾞﾚｰ","プロパー","1","物流部倉庫","002B010","0.00","2.00","4.00","6.00","499.95","3000","自社","2026/09","20.00","0.00","13.00","0.00","1.00","0.00","0.00","0.00","0.00","0.00"
"ﾀﾙﾄF","TAR1039","4","50","ＴＡＲ－１０３９","ﾌﾞﾗｯｸﾏｯﾄ","プロパー","1","物流部倉庫","002B010","0.00","3.00","2.00","5.00","499.95","2500","自社","2026/09","19.00","0.00","14.00","0.00","0.00","0.00","0.00","0.00","0.00","0.00"
"ﾀﾙﾄF","TAR1039","5","50","ＴＡＲ－１０３９","ｱﾝﾃｨｰｸｺﾞｰﾙﾄﾞ","プロパー","1","物流部倉庫","002B010","0.00","2.00","6.00","8.00","499.95","4000","自社","2026/09","18.00","0.00","10.00","0.00","0.00","0.00","0.00","0.00","0.00","0.00"
"ﾀﾙﾄF","TAR1039","6","50","ＴＡＲ－１０３９","ｱﾝﾃｨｰｸｸﾞﾚｰﾏｯﾄ","プロパー","1","物流部倉庫","002B010","0.00","2.00","6.00","8.00","499.95","4000","自社","2026/09","18.00","0.00","10.00","0.00","0.00","0.00","0.00","0.00","0.00","0.00"
"ﾀﾙﾄF","TAR1040","1","50","ＴＡＲ－１０４０","ﾌﾞﾗｳﾝｺﾞｰﾙﾄﾞ","プロパー","1","物流部倉庫","002B010","0.00","2.00","5.00","7.00","499.95","3500","自社","2026/09","19.00","0.00","11.00","0.00","1.00","0.00","0.00","0.00","0.00","0.00"
"ﾀﾙﾄF","TAR1040","2","50","ＴＡＲ－１０４０","ｼﾙﾊﾞｰﾏｯﾄ","プロパー","1","物流部倉庫","002B010","0.00","2.00","5.00","7.00","499.95","3500","自社","2026/09","20.00","0.00","12.00","0.00","1.00","0.00","0.00","0.00","0.00","0.00"
"ﾀﾙﾄF","TAR1040","3","50","ＴＡＲ－１０４０","ﾌﾞﾗｳﾝﾏｯﾄ","プロパー","1","物流部倉庫","002B010","0.00","2.00","5.00","7.00","499.95","3500","自社","2026/09","19.00","0.00","11.00","0.00","1.00","0.00","0.00","0.00","0.00","0.00"
"ﾀﾙﾄF","TAR1040","4","50","ＴＡＲ－１０４０","ﾌﾞﾗｯｸﾏｯﾄ","プロパー","1","物流部倉庫","002B010","0.00","2.00","4.00","6.00","499.95","3000","自社","2026/09","18.00","0.00","12.00","0.00","0.00","0.00","0.00","0.00","0.00","0.00"
"ﾀﾙﾄF","TAR1040","5","50","ＴＡＲ－１０４０","ｱﾝﾃｨｰｸｺﾞｰﾙﾄﾞ","プロパー","1","物流部倉庫","002B010","0.00","3.00","7.00","10.00","499.95","5000","自社","2026/09","20.00","0.00","10.00","0.00","0.00","0.00","0.00","0.00","0.00","0.00"
"ﾀﾙﾄF","TAR1040","6","50","ＴＡＲ－１０４０","ｱﾝﾃｨｰｸｸﾞﾚｰﾏｯﾄ","プロパー","1","物流部倉庫","002B010","0.00","3.00","7.00","10.00","499.95","5000","自社","2026/09","20.00","0.00","10.00","0.00","0.00","0.00","0.00","0.00","0.00","0.00"
"ﾀﾙﾄF","TAR1525","1","48","ＴＡＲ－１５２５","ﾎﾜｲﾄｺﾞｰﾙﾄﾞ","プロパー","1","物流部倉庫","002B010","0.00","0.00","1.00","1.00","493.00","493","自社","2026/09","1.00","0","0","0","0","0","0","0","0","0.00"
"ﾀﾙﾄF","TAR1526","1","48","ＴＡＲ－１５２６","ﾗｲﾄﾋﾟﾝｸ","プロパー","1","物流部倉庫","002B010","0.00","1.00","6.00","7.00","486.75","3407","自社","2026/09","8.00","0.00","1.00","0.00","0.00","0.00","0.00","0.00","0.00","0.00"
"ﾀﾙﾄF","TAR1526","2","48","ＴＡＲ－１５２６","ﾜｲﾝ","プロパー","1","物流部倉庫","002B010","0.00","1.00","2.00","3.00","486.75","1460","自社","2026/09","5.00","0.00","2.00","0.00","0.00","0.00","0.00","0.00","0.00","0.00"
"ﾀﾙﾄF","TAR1526","3","48","ＴＡＲ－１５２６","ﾗｲﾄﾌﾞﾗｳﾝ","プロパー","1","物流部倉庫","002B010","0.00","1.00","6.00","7.00","486.75","3407","自社","2026/09","7.00","0","0","0","0","0","0","0","0","0.00"
"ﾀﾙﾄF","TAR1526","4","48","ＴＡＲ－１５２６","ﾌﾞﾗｯｸﾏｯﾄ","プロパー","1","物流部倉庫","002B010","0.00","1.00","3.00","4.00","486.75","1947","自社","2026/09","6.00","0.00","1.00","0.00","1.00","0.00","0.00","0.00","0.00","0.00"
"ﾀﾙﾄF","TAR1527","1","48","ＴＡＲ－１５２７","ﾍﾞｰｼﾞｭｺﾞｰﾙﾄﾞ","プロパー","1","物流部倉庫","002B010","0.00","3.00","5.00","8.00","486.75","3894","自社","2026/09","10.00","0.00","2.00","0.00","0.00","0.00","0.00","0.00","0.00","0.00"
"ﾀﾙﾄF","TAR1527","2","48","ＴＡＲ－１５２７","ﾗｲﾄﾋﾟﾝｸ","プロパー","1","物流部倉庫","002B010","0.00","2.00","4.00","6.00","486.75","2921","自社","2026/09","7.00","0.00","1.00","0.00","0.00","0.00","0.00","0.00","0.00","0.00"
"ﾀﾙﾄF","TAR1527","3","48","ＴＡＲ－１５２７","ﾌﾞﾗｳﾝﾏｯﾄ","プロパー","1","物流部倉庫","002B010","0.00","3.00","6.00","9.00","486.75","4381","自社","2026/09","9.00","0","0","0","0","0","0","0","0","0.00"
"ﾀﾙﾄF","TAR1527","4","48","ＴＡＲ－１５２７","ﾌﾞﾗｯｸﾏｯﾄ","プロパー","1","物流部倉庫","002B010","0.00","1.00","6.00","7.00","486.75","3407","自社","2026/09","8.00","0.00","0.00","0.00","1.00","0.00","0.00","0.00","0.00","0.00"
"ﾀﾙﾄF","TAR1528","1","47","ＴＡＲ－１５２８","ﾎﾜｲﾄｺﾞｰﾙﾄﾞ","プロパー","1","物流部倉庫","002B010","0.00","4.00","5.00","9.00","486.75","4381","自社","2026/09","9.00","0","0","0","0","0","0","0","0","0.00"
"ﾀﾙﾄF","TAR1528","2","47","ＴＡＲ－１５２８","ｼﾙﾊﾞｰ","プロパー","1","物流部倉庫","002B010","0.00","3.00","4.00","7.00","486.75","3407","自社","2026/09","9.00","0.00","2.00","0.00","0.00","0.00","0.00","0.00","0.00","0.00"
"ﾀﾙﾄF","TAR1528","3","47","ＴＡＲ－１５２８","ﾌﾞﾗｳﾝ","プロパー","1","物流部倉庫","002B010","0.00","1.00","4.00","5.00","486.75","2434","自社","2026/09","5.00","0","0","0","0","0","0","0","0","0.00"
"ﾀﾙﾄF","TAR1528","4","47","ＴＡＲ－１５２８","ﾌﾞﾗｯｸﾏｯﾄ","プロパー","1","物流部倉庫","002B010","0.00","2.00","5.00","7.00","486.75","3407","自社","2026/09","10.00","0.00","2.00","0.00","1.00","0.00","0.00","0.00","0.00","0.00"
"ﾀﾙﾄF","TAR4027","1","52","ＴＡＲ－４０２７","ｸﾘｱﾀﾞｰｸﾌﾞﾗｳﾝ","プロパー","1","物流部倉庫","002B010","0.00","3.00","6.00","9.00","458.70","4128","自社","2026/09","100.00","0.00","35.00","0.00","56.00","0.00","0.00","0.00","0.00","0.00"
"ﾀﾙﾄF","TAR4027","2","52","ＴＡＲ－４０２７","ｸﾘｱｽﾓｰｸｸﾞﾚｰ","プロパー","1","物流部倉庫","002B010","0.00","3.00","2.00","5.00","458.70","2294","自社","2026/09","99.00","0.00","38.00","0.00","56.00","0.00","0.00","0.00","0.00","0.00"
"ﾀﾙﾄF","TAR4027","3","52","ＴＡＲ－４０２７","ﾌﾞﾗｯｸ","プロパー","1","物流部倉庫","002B010","0.00","4.00","6.00","10.00","458.70","4587","自社","2026/09","126.00","0.00","59.00","0.00","57.00","0.00","0.00","0.00","0.00","0.00"
"ﾀﾙﾄF","TAR4027","4","52","ＴＡＲ－４０２７","ﾌﾞﾗｯｸﾏｯﾄ","プロパー","1","物流部倉庫","002B010","0.00","4.00","4.00","8.00","458.70","3670","自社","2026/09","97.00","0.00","32.00","0.00","57.00","0.00","0.00","0.00","0.00","0.00"
"ﾀﾙﾄF","TAR4028","1","53","ＴＡＲ－４０２８","ｸﾘｱｽﾓｰｸﾌﾞﾗｳﾝ","プロパー","1","物流部倉庫","002B010","0.00","0.00","7.00","7.00","458.70","3211","自社","2026/09","32.00","0.00","25.00","0.00","0.00","0.00","0.00","0.00","0.00","0.00"
"ﾀﾙﾄF","TAR4028","2","53","ＴＡＲ－４０２８","ｸﾘｱﾈｲﾋﾞｰ","プロパー","1","物流部倉庫","002B010","0.00","0.00","1.00","1.00","458.70","459","自社","2026/09","27.00","0.00","26.00","0.00","0.00","0.00","0.00","0.00","0.00","0.00"
"ﾀﾙﾄF","TAR4028","3","53","ＴＡＲ－４０２８","ｸﾘｱｽﾓｰｸｸﾞﾚｰ","プロパー","1","物流部倉庫","002B010","0.00","0.00","5.00","5.00","458.70","2294","自社","2026/09","29.00","0.00","24.00","0.00","0.00","0.00","0.00","0.00","0.00","0.00"
"ﾀﾙﾄF","TAR4029","1","52","ＴＡＲ－４０２９","ﾌﾞﾗｳﾝﾃﾞﾐ/ﾌﾞﾗｯｸ","プロパー","1","物流部倉庫","002B010","0.00","0.00","1.00","1.00","513.15","513","自社","2026/09","26.00","0.00","25.00","0.00","0.00","0.00","0.00","0.00","0.00","0.00"
"ﾀﾙﾄF","TAR4029","2","52","ＴＡＲ－４０２９","ｸﾘｱｽﾓｰｸﾌﾞﾗｳﾝ","プロパー","1","物流部倉庫","002B010","0.00","2.00","2.00","4.00","458.70","1835","自社","2026/09","29.00","0.00","25.00","0.00","0.00","0.00","0.00","0.00","0.00","0.00"
"ﾀﾙﾄF","TAR4029","3","52","ＴＡＲ－４０２９","ｸﾘｱｽﾓｰｸｸﾞﾚｰ","プロパー","1","物流部倉庫","002B010","0.00","3.00","4.00","7.00","458.70","3211","自社","2026/09","20.00","0.00","13.00","0.00","0.00","0.00","0.00","0.00","0.00","0.00"
"ﾀﾙﾄF","TAR4030","1","55","ＴＡＲ－４０３０","ｸﾘｱﾀﾞｰｸﾌﾞﾗｳﾝ","プロパー","1","物流部倉庫","002B010","0.00","4.00","5.00","9.00","458.70","4128","自社","2026/09","34.00","0.00","25.00","0.00","0.00","0.00","0.00","0.00","0.00","0.00"
"ﾀﾙﾄF","TAR4030","2","55","ＴＡＲ－４０３０","ｸﾘｱﾀﾞｰｸｶｰｷ","プロパー","1","物流部倉庫","002B010","0.00","3.00","4.00","7.00","458.70","3211","自社","2026/09","37.00","0.00","26.00","0.00","0.00","0.00","0.00","4.00","0.00","0.00"
"ﾀﾙﾄF","TAR4030","3","55","ＴＡＲ－４０３０","ﾌﾞﾗｯｸ","プロパー","1","物流部倉庫","002B010","0.00","3.00","11.00","14.00","458.70","6422","自社","2026/09","39.00","0.00","25.00","0.00","0.00","0.00","0.00","0.00","0.00","0.00"
"ﾀﾙﾄF","TAR4030","4","55","ＴＡＲ－４０３０","ﾌﾞﾗｯｸﾏｯﾄ","プロパー","1","物流部倉庫","002B010","0.00","4.00","9.00","13.00","458.70","5963","自社","2026/09","71.00","0.00","27.00","0.00","31.00","0.00","0.00","0.00","0.00","0.00"
"ﾀﾙﾄF","TAR4031","1","52","ＴＡＲ－４０３１","ｸﾘｱﾌﾞﾗｳﾝ","プロパー","1","物流部倉庫","002B010","0.00","1.00","0.00","1.00","462.00","462","自社","2026/09","25.00","0.00","24.00","0.00","0.00","0.00","0.00","0.00","0.00","0.00"
"ﾀﾙﾄF","TAR4031","3","52","ＴＡＲ－４０３１","ｸﾘｱｸﾞﾚｰ","プロパー","1","物流部倉庫","002B010","0.00","1.00","0.00","1.00","462.00","462","自社","2026/09","25.00","0.00","24.00","0.00","0.00","0.00","0.00","0.00","0.00","0.00"
"ﾀﾙﾄF","TAR4032","1","53","ＴＡＲ－４０３２","ｸﾘｱﾌﾞﾗｳﾝ","プロパー","1","物流部倉庫","002B010","0.00","2.00","0.00","2.00","462.00","924","自社","2026/09","15.00","0.00","13.00","0.00","0.00","0.00","0.00","0.00","0.00","0.00"
"ﾀﾙﾄF","TAR4032","2","53","ＴＡＲ－４０３２","ｸﾘｱｶｰｷ","プロパー","1","物流部倉庫","002B010","0.00","1.00","0.00","1.00","462.00","462","自社","2026/09","15.00","0.00","13.00","0.00","1.00","0.00","0.00","0.00","0.00","0.00"
"ﾀﾙﾄF","TAR4032","3","53","ＴＡＲ－４０３２","ﾌﾞﾗｯｸ","プロパー","1","物流部倉庫","002B010","0.00","1.00","0.00","1.00","462.00","462","自社","2026/09","26.00","0.00","25.00","0.00","0.00","0.00","0.00","0.00","0.00","0.00"
"ﾀﾙﾄF","TAR4032","4","53","ＴＡＲ－４０３２","ﾌﾞﾗｯｸﾏｯﾄ","プロパー","1","物流部倉庫","002B010","0.00","2.00","0.00","2.00","462.00","924","自社","2026/09","27.00","0.00","25.00","0.00","0.00","0.00","0.00","0.00","0.00","0.00"
"ﾀﾙﾄF","TAR4528","1","50","ＴＡＲ－４５２８","ｸﾘｱﾛｰｽﾞﾌﾞﾗｳﾝ","プロパー","1","物流部倉庫","002B010","0.00","3.00","5.00","8.00","458.70","3670","自社","2026/09","21.00","0.00","13.00","0.00","0.00","0.00","0.00","0.00","0.00","0.00"
"ﾀﾙﾄF","TAR4528","2","50","ＴＡＲ－４５２８","ｸﾘｱﾐｽﾃｨﾋﾟﾝｸ","プロパー","1","物流部倉庫","002B010","0.00","4.00","2.00","6.00","458.70","2752","自社","2026/09","18.00","0.00","12.00","0.00","0.00","0.00","0.00","0.00","0.00","0.00"
"ﾀﾙﾄF","TAR4528","3","50","ＴＡＲ－４５２８","ｸﾘｱｱｯｼｭﾌﾞﾙｰ","プロパー","1","物流部倉庫","002B010","0.00","4.00","5.00","9.00","458.70","4128","自社","2026/09","23.00","0.00","14.00","0.00","0.00","0.00","0.00","0.00","0.00","0.00"
"ﾀﾙﾄF","TAR4528","4","50","ＴＡＲ－４５２８","ﾌﾞﾗｯｸ･ｸﾘｱ/ﾌﾞﾗｯｸ","プロパー","1","物流部倉庫","002B010","0.00","3.00","6.00","9.00","486.75","4381","自社","2026/09","58.00","0.00","13.00","0.00","36.00","0.00","0.00","0.00","0.00","0.00"
"ﾀﾙﾄF","TAR4528","5","50","ＴＡＲ－４５２８","ﾌﾞﾗｳﾝﾃﾞﾐ/ｸﾘｱﾌﾞﾗｳﾝ","プロパー","1","物流部倉庫","002B010","2.00","4.00","6.00","12.00","513.15","6158","自社","2026/09","111.00","0.00","50.00","0.00","49.00","0.00","0.00","0.00","0.00","0.00"
"ﾀﾙﾄF","TAR4529","1","48","ＴＡＲ－４５２９","ﾌﾞﾗｳﾝﾃﾞﾐ/ｸﾘｱﾌﾞﾗｳﾝ","プロパー","1","物流部倉庫","002B010","0.00","2.00","7.00","9.00","513.15","4618","自社","2026/09","71.00","0.00","27.00","0.00","35.00","0.00","0.00","0.00","0.00","0.00"
"ﾀﾙﾄF","TAR4529","2","48","ＴＡＲ－４５２９","ｸﾘｱﾗｲﾄﾌﾞﾗｳﾝ","プロパー","1","物流部倉庫","002B010","0.00","0.00","6.00","6.00","458.70","2752","自社","2026/09","34.00","0.00","28.00","0.00","0.00","0.00","0.00","0.00","0.00","0.00"
"ﾀﾙﾄF","TAR4529","3","48","ＴＡＲ－４５２９","ｸﾘｱﾗｲﾄｸﾞﾚｰ","プロパー","1","物流部倉庫","002B010","0.00","3.00","6.00","9.00","458.70","4128","自社","2026/09","29.00","0.00","15.00","0.00","5.00","0.00","0.00","0.00","0.00","0.00"
"ﾀﾙﾄF","TAR4529","4","48","ＴＡＲ－４５２９","ﾌﾞﾗｯｸ","プロパー","1","物流部倉庫","002B010","0.00","4.00","8.00","12.00","458.70","5504","自社","2026/09","46.00","0.00","27.00","0.00","7.00","0.00","0.00","0.00","0.00","0.00"
"ﾀﾙﾄF","TAR4530","1","49","ＴＡＲ－４５３０","ｸﾘｱﾗｲﾄﾌﾞﾗｳﾝ","プロパー","1","物流部倉庫","002B010","0.00","2.00","9.00","11.00","458.70","5046","自社","2026/09","13.00","0.00","1.00","0.00","1.00","0.00","0.00","0.00","0.00","0.00"
"ﾀﾙﾄF","TAR4530","2","49","ＴＡＲ－４５３０","ｸﾘｱﾗｲﾄﾋﾟﾝｸ","プロパー","1","物流部倉庫","002B010","0.00","3.00","9.00","12.00","458.70","5504","自社","2026/09","14.00","0.00","0.00","0.00","2.00","0.00","0.00","0.00","0.00","0.00"
"ﾀﾙﾄF","TAR4530","3","49","ＴＡＲ－４５３０","ｸﾘｱﾗｲﾄｸﾞﾚｰ","プロパー","1","物流部倉庫","002B010","0.00","2.00","9.00","11.00","458.70","5046","自社","2026/09","12.00","0.00","0.00","0.00","1.00","0.00","0.00","0.00","0.00","0.00"
"ﾀﾙﾄF","TAR4530","4","49","ＴＡＲ－４５３０","ﾌﾞﾗｯｸ","プロパー","1","物流部倉庫","002B010","0.00","2.00","9.00","11.00","458.70","5046","自社","2026/09","11.00","0","0","0","0","0","0","0","0","0.00"
"ﾀﾙﾄF","TAR4530","5","49","ＴＡＲ－４５３０","ﾌﾞﾗｳﾝﾃﾞﾐ/ｸﾘｱﾌﾞﾗｳﾝ","プロパー","1","物流部倉庫","002B010","0.00","2.00","5.00","7.00","513.15","3592","自社","2026/09","9.00","0.00","1.00","0.00","1.00","0.00","0.00","0.00","0.00","0.00"
"ﾌﾞﾗｯｼｭF","761003","1","53","７６－１００３","ｵﾘｰﾌﾞﾌﾞﾗｳﾝ/ｸﾘｱﾀﾞｰｸﾌﾞﾗｳﾝ","プロパー","1","物流部倉庫","002C020","1.00","0.00","0.00","1.00","795.30","795","自社","2026/09","1.00","0","0","0","0","0","0","0","0","0.00"
"ﾌﾞﾗｯｼｭF","761003","2","53","７６－１００３","ﾈｲﾋﾞｰ/ｸﾘｱﾀﾞｰｸﾈｲﾋﾞｰ","プロパー","1","物流部倉庫","002C020","3.00","0.00","0.00","3.00","795.30","2386","自社","2026/09","3.00","0","0","0","0","0","0","0","0","0.00"
"ﾌﾞﾗｯｼｭF","761003","3","53","７６－１００３","ﾌﾞﾗｯｸﾏｯﾄ","プロパー","1","物流部倉庫","002C020","3.00","0.00","0.00","3.00","795.30","2386","自社","2026/09","3.00","0","0","0","0","0","0","0","0","0.00"
"FEEL LIFE F","FLM002SG","1","0","ＦＬＭ００２ＳＧ","ｼﾙﾊﾞｰﾏｯﾄ","プロパー","1","物流部倉庫","002C020","100.00","0.00","185.00","285.00","759.00","216315","自社","2026/09","150.00","0.00","0.00","148.00","13.00","0.00","0.00","0.00","0.00","0.00"
"ｲﾝﾃﾞｨｳﾞｨF","IDF018K","3","47","ＩＤＦ－０１８Ｋ","ｱﾝﾃｨｰｸﾍﾞｰｼﾞｭ","OEM","1","物流部倉庫","002C020","1.00","0.00","0.00","1.00","2300.00","2300","自社","2026/09","1.00","0","0","0","0","0","0","0","0","0.00"
"ｲﾝﾃﾞｨｳﾞｨF","IDF037K","3","48","ＩＤＦ－０３７Ｋ","ｺﾞｰﾙﾄﾞ/ﾏｯﾄﾀﾞｰｸｸﾞﾘｰﾝ","OEM","1","物流部倉庫","002C020","10.00","0.00","0.00","10.00","2557.50","25575","自社","2026/09","10.00","0","0","0","0","0","0","0","0","0.00"
"ｲﾝﾃﾞｨｳﾞｨF","IDF037K","4","48","ＩＤＦ－０３７Ｋ","ﾎﾜｲﾄｺﾞｰﾙﾄﾞ/ﾈｲﾋﾞｰ","OEM","1","物流部倉庫","002C020","15.00","0.00","0.00","15.00","2557.50","38363","自社","2026/09","15.00","0","0","0","0","0","0","0","0","0.00"
"ｲﾝﾃﾞｨｳﾞｨF","IDF043K","1","47","ＩＤＦ－０４３Ｋ","ｺﾞｰﾙﾄﾞ/ﾍﾞｰｼﾞｭﾌﾞﾗｳﾝ","OEM","1","物流部倉庫","002C020","60.00","0.00","0.00","60.00","2805.00","168300","自社","2026/09","60.00","0","0","0","0","0","0","0","0","0.00"
"ｲﾝﾃﾞｨｳﾞｨF","IDF043K","2","47","ＩＤＦ－０４３Ｋ","ﾋﾟﾝｸ/ﾏｯﾄﾛｰｽﾞ","OEM","1","物流部倉庫","002C020","37.00","0.00","0.00","37.00","2805.00","103785","自社","2026/09","37.00","0","0","0","0","0","0","0","0","0.00"
"ｲﾝﾃﾞｨｳﾞｨF","IDF043K","3","47","ＩＤＦ－０４３Ｋ","ｺﾞｰﾙﾄﾞ/ﾏｯﾄﾀﾞｰｸｸﾞﾘｰﾝ","OEM","1","物流部倉庫","002C020","19.00","0.00","0.00","19.00","2805.00","53295","自社","2026/09","19.00","0","0","0","0","0","0","0","0","0.00"
"ｲﾝﾃﾞｨｳﾞｨF","IDF044K","1","48","ＩＤＦ－０４４Ｋ","ﾗｲﾄﾌﾞﾗｳﾝ(ﾌﾞﾗｳﾝ)","OEM","1","物流部倉庫","002C020","10.00","0.00","0.00","10.00","2640.00","26400","自社","2026/09","10.00","0","0","0","0","0","0","0","0","0.00"
"ｲﾝﾃﾞｨｳﾞｨF","IDF044K","2","48","ＩＤＦ－０４４Ｋ","ﾋﾟﾝｸ(ﾜｲﾝ)","OEM","1","物流部倉庫","002C020","80.00","0.00","0.00","80.00","2640.00","211200","自社","2026/09","80.00","0","0","0","0","0","0","0","0","0.00"
"ｲﾝﾃﾞｨｳﾞｨF","IDF044K","3","48","ＩＤＦ－０４４Ｋ","ﾎﾜｲﾄｺﾞｰﾙﾄﾞ(ﾀﾞｰｸｸﾞﾚｰ)","OEM","1","物流部倉庫","002C020","10.00","0.00","0.00","10.00","2640.00","26400","自社","2026/09","10.00","0","0","0","0","0","0","0","0","0.00"
"ｲﾝﾃﾞｨｳﾞｨF","IDF045K","1","48","ＩＤＦ－０４５Ｋ","ﾀﾞｰｸﾌﾞﾗｳﾝﾃﾞﾐ","OEM","1","物流部倉庫","002C020","30.00","0.00","0.00","30.00","2029.50","60885","自社","2026/09","30.00","0","0","0","0","0","0","0","0","0.00"
"ｲﾝﾃﾞｨｳﾞｨF","IDF045K","2","48","ＩＤＦ－０４５Ｋ","ｸﾘｱﾌﾞﾗｳﾝ","OEM","1","物流部倉庫","002C020","8.00","0.00","0.00","8.00","2062.50","16500","自社","2026/09","8.00","0","0","0","0","0","0","0","0","0.00"
"ｲﾝﾃﾞｨｳﾞｨF","IDF1100","1","48","ＩＤＦ－１１００","ｼﾙﾊﾞｰ(ﾏｯﾄｱｽﾀｰﾈｲﾋﾞｰ)/ﾏｯﾄｱｽﾀｰﾈｲﾋﾞｰ･ｼﾙﾊﾞｰ","プロパー","1","物流部倉庫","002C020","0.00","3.00","0.00","3.00","2557.50","7673","自社","2026/09","3.00","0","0","0","0","0","0","0","0","0.00"
"ｲﾝﾃﾞｨｳﾞｨF","IDF1103T","1","48","ＩＤＦ－１１０３Ｔ","ﾋﾟﾝｸｺﾞｰﾙﾄﾞ･ﾏｯﾄﾋﾟｰﾁ","OEM","1","物流部倉庫","002C020","41.00","0.00","0.00","41.00","2640.00","108240","自社","2026/09","43.00","0.00","2.00","0.00","0.00","0.00","0.00","0.00","0.00","0.00"
"ｲﾝﾃﾞｨｳﾞｨF","IDF1103T","2","48","ＩＤＦ－１１０３Ｔ","ﾎﾜｲﾄｺﾞｰﾙﾄﾞ･ﾏｯﾄﾀﾞｰｸﾌﾞﾗｳﾝ","OEM","1","物流部倉庫","002C020","29.00","3.00","0.00","32.00","2640.00","84480","自社","2026/09","35.00","0.00","3.00","0.00","0.00","0.00","0.00","0.00","0.00","0.00"
"ｲﾝﾃﾞｨｳﾞｨF","IDF1104T","1","50","ＩＤＦ－１１０４Ｔ","ﾗｲﾄﾌﾞﾗｳﾝ･ﾌﾞﾗｳﾝ/ｺﾞｰﾙﾄﾞ･ﾏｯﾄﾌﾞﾗｳﾝ","OEM","1","物流部倉庫","002C020","6.00","1.00","0.00","7.00","2887.50","20213","自社","2026/09","8.00","0.00","1.00","0.00","0.00","0.00","0.00","0.00","0.00","0.00"
"ｲﾝﾃﾞｨｳﾞｨF","IDF1104T","2","50","ＩＤＦ－１１０４Ｔ","ﾋﾟﾝｸ/ｺﾞｰﾙﾄﾞ･ﾏｯﾄﾋﾟﾝｸ","OEM","1","物流部倉庫","002C020","12.00","1.00","0.00","13.00","2805.00","36465","自社","2026/09","14.00","0.00","1.00","0.00","0.00","0.00","0.00","0.00","0.00","0.00"
"ｲﾝﾃﾞｨｳﾞｨF","IDF1108","2","50","ＩＤＦ－１１０８","ｸﾘｱﾀﾞｰｸﾌﾞﾗｳﾝ/ｼｬﾝﾊﾟﾝ･ｼﾙﾊﾞｰ","プロパー","1","物流部倉庫","002C020","0.00","1.00","0.00","1.00","2475.00","2475","自社","2026/09","1.00","0","0","0","0","0","0","0","0","0.00"
"ｲﾝﾃﾞｨｳﾞｨF","IDF1131","1","47","ＩＤＦ－１１３１","ｺﾞｰﾙﾄﾞ(ﾏｯﾄﾌﾞﾗｯｸ)","プロパー","1","物流部倉庫","002C020","0.00","1.00","0.00","1.00","2120.00","2120","自社","2026/09","1.00","0","0","0","0","0","0","0","0","0.00"
"ｲﾝﾃﾞｨｳﾞｨF","IDF1139","4","48","ＩＤＦ－１１３９","ｺﾞｰﾙﾄﾞ･ﾈｲﾋﾞｰ(ﾈｲﾋﾞｰ)","プロパー","1","物流部倉庫","002C020","1.00","0.00","0.00","1.00","2347.00","2347","自社","2026/09","5.00","0.00","0.00","1.00","5.00","0.00","0.00","0.00","0.00","0.00"
"ｲﾝﾃﾞｨｳﾞｨF","IDF1140","3","50","ＩＤＦ－１１４０","ｼﾙﾊﾞｰ(ﾏｯﾄﾈｲﾋﾞｰ)/ﾈｲﾋﾞｰ","プロパー","1","物流部倉庫","002C020","1.00","0.00","0.00","1.00","2347.00","2347","自社","2026/09","9.00","0.00","0.00","1.00","9.00","0.00","0.00","0.00","0.00","0.00"
"ｲﾝﾃﾞｨｳﾞｨF","IDF1140","4","50","ＩＤＦ－１１４０","ｺﾞｰﾙﾄﾞ(ﾌﾞﾗｯｸ)/ﾌﾞﾗｯｸ","プロパー","1","物流部倉庫","002C020","1.00","0.00","0.00","1.00","2347.00","2347","自社","2026/09","11.00","0.00","0.00","1.00","11.00","0.00","0.00","0.00","0.00","0.00"
"ｲﾝﾃﾞｨｳﾞｨF","IDF1142","1","47","ＩＤＦ－１１４２","ﾘﾈﾝﾌﾞﾗｳﾝ/ﾌｪｻﾞｰﾌﾞﾗｯｸ","プロパー","1","物流部倉庫","002C020","1.00","0.00","0.00","1.00","1650.00","1650","自社","2026/09","15.00","0.00","0.00","1.00","15.00","0.00","0.00","0.00","0.00","0.00"
"ｲﾝﾃﾞｨｳﾞｨF","IDF1142","2","47","ＩＤＦ－１１４２","ｸﾘｱﾌﾞﾗｳﾝ/ﾐﾙｷｰﾌﾞﾗｳﾝ","プロパー","1","物流部倉庫","002C020","1.00","0.00","0.00","1.00","1650.00","1650","自社","2026/09","10.00","0.00","0.00","1.00","10.00","0.00","0.00","0.00","0.00","0.00"
"ｲﾝﾃﾞｨｳﾞｨF","IDF1142","3","47","ＩＤＦ－１１４２","ｸﾘｱﾌﾞﾗｯｸ/ﾌﾞﾗｳﾝﾊﾊﾞﾅ","プロパー","1","物流部倉庫","002C020","1.00","0.00","0.00","1.00","1650.00","1650","自社","2026/09","13.00","0.00","0.00","1.00","13.00","0.00","0.00","0.00","0.00","0.00"
"ｲﾝﾃﾞｨｳﾞｨF","IDF1142","4","47","ＩＤＦ－１１４２","ﾌﾞﾗｳﾝﾃﾞﾐ/ﾀﾞｰｸｸﾞﾚｰ","プロパー","1","物流部倉庫","002C020","1.00","0.00","0.00","1.00","1650.00","1650","自社","2026/09","18.00","0.00","0.00","1.00","18.00","0.00","0.00","0.00","0.00","0.00"
"ｲﾝﾃﾞｨｳﾞｨF","IDF1143","1","48","ＩＤＦ－１１４３","ﾌﾞﾗｯｸ･ｸﾘｱ/ﾍﾞｰｼﾞｭﾌﾞﾗｳﾝ･ﾏｯﾄﾌﾞﾗｯｸ","プロパー","1","物流部倉庫","002C020","1.00","0.00","0.00","1.00","2310.00","2310","自社","2026/09","12.00","0.00","0.00","1.00","12.00","0.00","0.00","0.00","0.00","0.00"
"ｲﾝﾃﾞｨｳﾞｨF","IDF1143","2","48","ＩＤＦ－１１４３","ﾒｰﾌﾟﾙﾌﾞﾗｳﾝ/ﾎﾜｲﾄｺﾞｰﾙﾄﾞ･ﾏｯﾄﾎﾜｲﾄｺﾞｰﾙﾄﾞ","プロパー","1","物流部倉庫","002C020","1.00","0.00","0.00","1.00","2310.00","2310","自社","2026/09","12.00","0.00","0.00","1.00","12.00","0.00","0.00","0.00","0.00","0.00"
"ｲﾝﾃﾞｨｳﾞｨF","IDF1143","3","48","ＩＤＦ－１１４３","ﾜｲﾝ/ｺﾞｰﾙﾄﾞ･ﾏｯﾄｿﾌﾄﾛｰｽﾞ","プロパー","1","物流部倉庫","002C020","1.00","0.00","0.00","1.00","2310.00","2310","自社","2026/09","8.00","0.00","0.00","1.00","8.00","0.00","0.00","0.00","0.00","0.00"
"ｲﾝﾃﾞｨｳﾞｨF","IDF1143","4","48","ＩＤＦ－１１４３","ｼｭｶﾞｰﾌﾞﾗｳﾝﾊｰﾌ/ﾗｲﾄﾋﾟﾝｸ･ﾏｯﾄﾌﾞﾗｳﾝ","プロパー","1","物流部倉庫","002C020","1.00","0.00","0.00","1.00","2310.00","2310","自社","2026/09","10.00","0.00","0.00","1.00","10.00","0.00","0.00","0.00","0.00","0.00"
"ｲﾝﾃﾞｨｳﾞｨF","IDF1145","1","49","ＩＤＦ－１１４５","ｺﾞｰﾙﾄﾞ(ﾌﾞﾗｯｸ)","プロパー","1","物流部倉庫","002C020","1.00","0.00","0.00","1.00","2640.00","2640","自社","2026/09","3.00","0.00","0.00","1.00","3.00","0.00","0.00","0.00","0.00","0.00"
"ｲﾝﾃﾞｨｳﾞｨF","IDF1145","2","49","ＩＤＦ－１１４５","ｺﾞｰﾙﾄﾞ(ﾜｲﾝ)","プロパー","1","物流部倉庫","002C020","1.00","0.00","0.00","1.00","2640.00","2640","自社","2026/09","0.00","0.00","0.00","1.00","0.00","0.00","0.00","0.00","0.00","0.00"
"ｲﾝﾃﾞｨｳﾞｨF","IDF1145","3","49","ＩＤＦ－１１４５","ｺﾞｰﾙﾄﾞ(ﾌﾞﾗｳﾝ)","プロパー","1","物流部倉庫","002C020","1.00","0.00","0.00","1.00","2640.00","2640","自社","2026/09","1.00","0.00","0.00","1.00","1.00","0.00","0.00","0.00","0.00","0.00"
"ｲﾝﾃﾞｨｳﾞｨF","IDF1145","4","49","ＩＤＦ－１１４５","ﾎﾜｲﾄｺﾞｰﾙﾄﾞ(ﾈｲﾋﾞｰ)","プロパー","1","物流部倉庫","002C020","1.00","0.00","0.00","1.00","2640.00","2640","自社","2026/09","2.00","0.00","0.00","1.00","2.00","0.00","0.00","0.00","0.00","0.00"
"ｲﾝﾃﾞｨｳﾞｨF","IDF1146","1","51","ＩＤＦ－１１４６","ｸﾘｱﾌﾞﾗｯｸ･ﾌﾞﾗｯｸ/ﾗｲﾄﾌﾞﾙｰ･ﾌﾞﾗｯｸ","プロパー","1","物流部倉庫","002C020","1.00","0.00","0.00","1.00","1650.00","1650","自社","2026/09","1.00","0.00","0.00","1.00","1.00","0.00","0.00","0.00","0.00","0.00"
"ｲﾝﾃﾞｨｳﾞｨF","IDF1146","2","51","ＩＤＦ－１１４６","ｸﾘｱﾌﾞﾗｳﾝ･ﾌﾞﾗｳﾝ/ﾌﾞﾗｳﾝ･ﾐﾙｸﾃｨ","プロパー","1","物流部倉庫","002C020","1.00","0.00","0.00","1.00","1650.00","1650","自社","2026/09","1.00","0.00","0.00","1.00","1.00","0.00","0.00","0.00","0.00","0.00"
"ｲﾝﾃﾞｨｳﾞｨF","IDF1146","3","51","ＩＤＦ－１１４６","ﾌﾞﾗｳﾝﾃﾞﾐ･ﾌﾞﾗｯｸ/ﾌﾞﾗｳﾝﾃﾞﾐ･ｷｬﾒﾙ","プロパー","1","物流部倉庫","002C020","1.00","0.00","0.00","1.00","1650.00","1650","自社","2026/09","2.00","0.00","0.00","1.00","2.00","0.00","0.00","0.00","0.00","0.00"
"ｲﾝﾃﾞｨｳﾞｨF","IDF1146","4","51","ＩＤＦ－１１４６","ｵﾘｰﾌﾞ･ﾐｯﾄﾞﾅｲﾄﾌﾞﾙｰ/ﾐｯﾄﾞﾅｲﾄﾌﾞﾙｰ･ﾗｲﾄｸﾞﾚｰ","プロパー","1","物流部倉庫","002C020","1.00","0.00","0.00","1.00","1650.00","1650","自社","2026/09","1.00","0.00","0.00","1.00","1.00","0.00","0.00","0.00","0.00","0.00"
"ｲﾝﾃﾞｨｳﾞｨF","IDF1147","1","48","ＩＤＦ－１１４７","ｸﾘｱﾌﾞﾗｯｸ･ﾌﾞﾗｯｸﾁｪｯｸ/ｺﾞｰﾙﾄﾞ･ｼﾙﾊﾞｰ","プロパー","1","物流部倉庫","002C020","1.00","0.00","0.00","1.00","2145.00","2145","自社","2026/09","1.00","0.00","0.00","1.00","1.00","0.00","0.00","0.00","0.00","0.00"
"ｲﾝﾃﾞｨｳﾞｨF","IDF1147","4","48","ＩＤＦ－１１４７","ｸﾘｱｽﾓｰｸﾈｲﾋﾞｰ･ﾈｲﾋﾞｰﾁｪｯｸ/ﾗｲﾄｸﾞﾚｰ･ｺﾞｰﾙﾄﾞ","プロパー","1","物流部倉庫","002C020","1.00","0.00","0.00","1.00","2145.00","2145","自社","2026/09","2.00","0.00","0.00","1.00","2.00","0.00","0.00","0.00","0.00","0.00"
"ｲﾝﾃﾞｨｳﾞｨF","IDF1152","1","49","ＩＤＦ－１１５２","ｺﾞｰﾙﾄﾞ(ﾍﾞｰｼﾞｭﾌﾞﾗｳﾝ)/ﾌﾞﾗｳﾝﾌﾗﾜｰ","プロパー","1","物流部倉庫","002C020","0.00","0.00","6.00","6.00","2668.00","16008","自社","2026/09","9.00","0.00","2.00","3.00","4.00","0.00","0.00","0.00","0.00","0.00"
"ｲﾝﾃﾞｨｳﾞｨF","IDF1152","3","49","ＩＤＦ－１１５２","ﾎﾜｲﾄｺﾞｰﾙﾄﾞ(ﾌﾞﾗｳﾝ)/ﾌﾞﾗｳﾝﾃﾞﾐ","プロパー","1","物流部倉庫","002C020","0.00","0.00","4.00","4.00","2668.00","10672","自社","2026/09","6.00","0.00","3.00","2.00","1.00","0.00","0.00","0.00","0.00","0.00"
"ｲﾝﾃﾞｨｳﾞｨF","IDF1152","4","49","ＩＤＦ－１１５２","ﾍﾞｰｼﾞｭ(ﾜｲﾝﾚｯﾄﾞ･ｶﾞｰﾈｯﾄ)/ﾚｯﾄﾞﾌﾗﾜｰ","プロパー","1","物流部倉庫","002C020","0.00","0.00","6.00","6.00","2668.00","16008","自社","2026/09","9.00","0.00","3.00","4.00","4.00","0.00","0.00","0.00","0.00","0.00"
"ｲﾝﾃﾞｨｳﾞｨF","IDF1153","1","50","ＩＤＦ－１１５３","ﾋﾟﾝｸｺﾞｰﾙﾄﾞ(ｿﾌﾄﾌﾞﾗｳﾝ)･ﾁｮｺﾌﾞﾗｳﾝ","プロパー","1","物流部倉庫","002C020","0.00","0.00","3.00","3.00","2696.00","8088","自社","2026/09","1.00","0.00","2.00","5.00","1.00","0.00","0.00","0.00","0.00","0.00"
"ｲﾝﾃﾞｨｳﾞｨF","IDF1153","2","50","ＩＤＦ－１１５３","ﾋﾟﾝｸ･ﾏｯﾄﾋﾟﾝｸﾌﾞﾗｳﾝ","プロパー","1","物流部倉庫","002C020","0.00","0.00","6.00","6.00","2696.00","16176","自社","2026/09","9.00","0.00","2.00","4.00","5.00","0.00","0.00","0.00","0.00","0.00"
"ｲﾝﾃﾞｨｳﾞｨF","IDF1153","4","50","ＩＤＦ－１１５３","ｺﾞｰﾙﾄﾞ(ﾌﾞﾗｯｸ･ﾀﾞｰｸｸﾞﾘｰﾝ)･ﾏｯﾄﾌﾞﾗｯｸ","プロパー","1","物流部倉庫","002C020","0.00","0.00","6.00","6.00","2696.00","16176","自社","2026/09","4.00","0.00","2.00","8.00","4.00","0.00","0.00","0.00","0.00","0.00"
"ｲﾝﾃﾞｨｳﾞｨF","IDF1154","1","48","ＩＤＦ－１１５４","ﾆｭｱﾝｽﾌﾞﾗｳﾝ/ﾛｰｽﾞｺﾞｰﾙﾄﾞ･ﾏｯﾄﾌﾞﾗｳﾝ","プロパー","1","物流部倉庫","002C020","0.00","0.00","5.00","5.00","2392.50","11963","自社","2026/09","18.00","0.00","2.00","1.00","12.00","0.00","0.00","0.00","0.00","1.00"
"ｲﾝﾃﾞｨｳﾞｨF","IDF1154","2","48","ＩＤＦ－１１５４","ﾗｲﾄﾌﾞﾗｳﾝ/ﾎﾜｲﾄｺﾞｰﾙﾄﾞ･ﾀﾞｰｸﾌﾞﾗｳﾝ","プロパー","1","物流部倉庫","002C020","0.00","0.00","6.00","6.00","2392.50","14355","自社","2026/09","18.00","0.00","2.00","1.00","11.00","0.00","0.00","0.00","0.00","1.00"
"ｲﾝﾃﾞｨｳﾞｨF","IDF1154","3","48","ＩＤＦ－１１５４","ﾜｲﾝ/ｵﾚﾝｼﾞﾌﾞﾗｳﾝ･ﾏｯﾄｵﾚﾝｼﾞﾌﾞﾗｳﾝ","プロパー","1","物流部倉庫","002C020","0.00","0.00","4.00","4.00","2392.50","9570","自社","2026/09","14.00","0.00","2.00","0.00","8.00","0.00","0.00","0.00","0.00","1.00"
"ｲﾝﾃﾞｨｳﾞｨF","IDF1154","4","48","ＩＤＦ－１１５４","ﾀﾞｰｸﾌﾞﾗｳﾝﾃﾞﾐ/ﾎﾜｲﾄｺﾞｰﾙﾄﾞ･ﾏｯﾄﾗｲﾄﾌﾞﾗｳﾝ","プロパー","1","物流部倉庫","002C020","0.00","0.00","2.00","2.00","2392.50","4785","自社","2026/09","9.00","0.00","5.00","1.00","3.00","0.00","0.00","0.00","0.00","1.00"
"ｲﾝﾃﾞｨｳﾞｨF","IDF1155","1","52","ＩＤＦ－１１５５","ｱｰﾊﾞﾝﾌﾞﾗｳﾝ/ﾗｲﾄﾌﾞﾗｳﾝﾓｻﾞｲｸ","プロパー","1","物流部倉庫","002C020","0.00","0.00","4.00","4.00","2475.00","9900","自社","2026/09","11.00","0.00","1.00","0.00","6.00","0.00","0.00","0.00","0.00","1.00"
"ｲﾝﾃﾞｨｳﾞｨF","IDF1155","2","52","ＩＤＦ－１１５５","ｸﾘｱﾌﾞﾗｳﾝ/ﾜｲﾝﾌﾗﾜｰ","プロパー","1","物流部倉庫","002C020","0.00","0.00","5.00","5.00","2475.00","12375","自社","2026/09","13.00","0.00","1.00","0.00","7.00","0.00","0.00","0.00","0.00","1.00"
"ｲﾝﾃﾞｨｳﾞｨF","IDF1155","3","52","ＩＤＦ－１１５５","ﾄｰﾄｲｽ","プロパー","1","物流部倉庫","002C020","9.00","0.00","6.00","15.00","2475.00","37125","自社","2026/09","40.00","0.00","0.00","0.00","25.00","0.00","0.00","0.00","0.00","1.00"
"ｲﾝﾃﾞｨｳﾞｨF","IDF1155","4","52","ＩＤＦ－１１５５","ｸﾘｱﾌﾞﾗｯｸ/ﾌﾞﾗｯｸﾏｰﾌﾞﾙ","プロパー","1","物流部倉庫","002C020","0.00","0.00","6.00","6.00","2475.00","14850","自社","2026/09","17.00","0.00","0.00","0.00","11.00","0.00","0.00","0.00","0.00","1.00"
"ｲﾝﾃﾞｨｳﾞｨF","IDF501F","1","48","ＩＤＦ－５０１Ｆ","ｺﾞｰﾙﾄﾞ(ﾌﾞﾗｯｸ)","OEM","1","物流部倉庫","002C020","38.00","0.00","0.00","38.00","2392.50","90915","自社","2026/09","38.00","0","0","0","0","0","0","0","0","0.00"
"ｲﾝﾃﾞｨｳﾞｨF","IDF501F","2","48","ＩＤＦ－５０１Ｆ","ｺﾞｰﾙﾄﾞ(ｿﾌﾄﾌﾞﾗｳﾝ)","OEM","1","物流部倉庫","002C020","53.00","0.00","0.00","53.00","2392.50","126803","自社","2026/09","53.00","0","0","0","0","0","0","0","0","0.00"
"ｲﾝﾃﾞｨｳﾞｨF","IDF501F","3","48","ＩＤＦ－５０１Ｆ","ｺﾞｰﾙﾄﾞ(ﾜｲﾝ)","OEM","1","物流部倉庫","002C020","37.00","0.00","0.00","37.00","2392.50","88523","自社","2026/09","37.00","0","0","0","0","0","0","0","0","0.00"
"ｲﾝﾃﾞｨｳﾞｨF","IDF502F","1","47","ＩＤＦ－５０２Ｆ","ｺﾞｰﾙﾄﾞ(ﾌﾞﾗｯｸ)","OEM","1","物流部倉庫","002C020","48.00","0.00","0.00","48.00","2392.50","114840","自社","2026/09","48.00","0","0","0","0","0","0","0","0","0.00"
"ｲﾝﾃﾞｨｳﾞｨF","IDF502F","2","47","ＩＤＦ－５０２Ｆ","ｺﾞｰﾙﾄﾞ(ﾚﾃﾞｨｸﾞﾚｲ)","OEM","1","物流部倉庫","002C020","23.00","0.00","0.00","23.00","2392.50","55028","自社","2026/09","23.00","0","0","0","0","0","0","0","0","0.00"
"ｲﾝﾃﾞｨｳﾞｨF","IDF502F","3","47","ＩＤＦ－５０２Ｆ","ﾋﾟﾝｸ(ﾏｯﾄｼﾅﾓﾝｵﾚﾝｼﾞ)","OEM","1","物流部倉庫","002C020","36.00","0.00","0.00","36.00","2392.50","86130","自社","2026/09","36.00","0","0","0","0","0","0","0","0","0.00"
"ﾏﾝﾊｯﾀﾝﾃﾞｻﾞｲﾝｽﾀｼﾞｵ (J) F","MDS127","1","60","ＭＤＳ－１２７","ﾌﾞﾗｳﾝｻｻ","プロパー","1","物流部倉庫","002C020","21.00","2.00","7.00","30.00","5290.00","158700","自社","2026/09","42.00","0.00","1.00","1.00","12.00","0.00","0.00","0.00","0.00","0.00"
"ﾏﾝﾊｯﾀﾝﾃﾞｻﾞｲﾝｽﾀｼﾞｵ (J) F","MDS127","2","60","ＭＤＳ－１２７","ｸﾘｱﾀﾞｰｸﾌﾞﾙｰ","プロパー","1","物流部倉庫","002C020","32.00","2.00","7.00","41.00","5290.00","216890","自社","2026/09","54.00","0.00","2.00","1.00","12.00","0.00","0.00","0.00","0.00","0.00"
"ﾏﾝﾊｯﾀﾝﾃﾞｻﾞｲﾝｽﾀｼﾞｵ (J) F","MDS127","3","60","ＭＤＳ－１２７","ﾌﾞﾗｯｸ/ﾌﾞﾗｯｸ･ｸﾘｱ","プロパー","1","物流部倉庫","002C020","45.00","2.00","7.00","54.00","5290.00","285660","自社","2026/09","66.00","0.00","2.00","1.00","11.00","0.00","0.00","0.00","0.00","0.00"
"ﾏﾝﾊｯﾀﾝﾃﾞｻﾞｲﾝｽﾀｼﾞｵ (J) F","MDS128","1","61","ＭＤＳ－１２８","ﾌﾞﾗｳﾝﾃﾞﾐ","プロパー","1","物流部倉庫","002C020","61.00","2.00","7.00","70.00","5270.00","368900","自社","2026/09","82.00","0.00","2.00","2.00","12.00","0.00","0.00","0.00","0.00","0.00"
"ﾏﾝﾊｯﾀﾝﾃﾞｻﾞｲﾝｽﾀｼﾞｵ (J) F","MDS128","2","61","ＭＤＳ－１２８","ｸﾘｱｶｰｷｸﾞﾚｰ","プロパー","1","物流部倉庫","002C020","54.00","2.00","7.00","63.00","5270.00","332010","自社","2026/09","76.00","0.00","2.00","1.00","12.00","0.00","0.00","0.00","0.00","1.00"
"ﾏﾝﾊｯﾀﾝﾃﾞｻﾞｲﾝｽﾀｼﾞｵ (J) F","MDS128","3","61","ＭＤＳ－１２８","ﾌﾞﾗｯｸ/ﾌﾞﾗｯｸ･ｸﾘｱ","プロパー","1","物流部倉庫","002C020","64.00","2.00","8.00","74.00","5270.00","389980","自社","2026/09","87.00","0.00","2.00","1.00","12.00","0.00","0.00","0.00","0.00","1.00"
"ﾏﾝﾊｯﾀﾝﾃﾞｻﾞｲﾝｽﾀｼﾞｵ (J) F","MDS129","1","59","ＭＤＳ－１２９","ｸﾘｱﾌﾞﾗｳﾝ","プロパー","1","物流部倉庫","002C020","62.00","2.00","9.00","73.00","5270.00","384710","自社","2026/09","84.00","0.00","1.00","1.00","11.00","0.00","0.00","0.00","0.00","0.00"
"ﾏﾝﾊｯﾀﾝﾃﾞｻﾞｲﾝｽﾀｼﾞｵ (J) F","MDS129","2","59","ＭＤＳ－１２９","ｸﾘｱｶｰｷ","プロパー","1","物流部倉庫","002C020","65.00","2.00","8.00","75.00","5270.00","395250","自社","2026/09","86.00","0.00","1.00","1.00","11.00","0.00","0.00","0.00","0.00","0.00"
"ﾏﾝﾊｯﾀﾝﾃﾞｻﾞｲﾝｽﾀｼﾞｵ (J) F","MDS129","3","59","ＭＤＳ－１２９","ﾌﾞﾗｯｸ/ﾌﾞﾗｯｸ･ｸﾘｱ","プロパー","1","物流部倉庫","002C020","73.00","2.00","8.00","83.00","5270.00","437410","自社","2026/09","93.00","0.00","0.00","1.00","11.00","0.00","0.00","0.00","0.00","0.00"
"ﾏﾝﾊｯﾀﾝﾃﾞｻﾞｲﾝｽﾀｼﾞｵF","MDS518","3","60","ＭＤＳ－５１８","ﾌﾞﾗｯｸ","プロパー","1","物流部倉庫","002C020","0.00","1.00","0.00","1.00","2373.00","2373","自社","2026/09","1.00","0","0","0","0","0","0","0","0","0.00"
"ﾏﾝﾊｯﾀﾝﾃﾞｻﾞｲﾝｽﾀｼﾞｵF","MDS523","1","58","ＭＤＳ－５２３","ﾍｱﾗｲﾝｺﾞｰﾙﾄﾞﾏｯﾄ(ﾌﾞﾗｳﾝｻｻ)","プロパー","1","物流部倉庫","002C020","0.00","0.00","1.00","1.00","2475.00","2475","自社","2026/09","2.00","0.00","0.00","0.00","1.00","0.00","0.00","0.00","0.00","0.00"
"ﾏﾝﾊｯﾀﾝﾃﾞｻﾞｲﾝｽﾀｼﾞｵF","MDS530","3","59","ＭＤＳ－５３０","ﾌﾞﾗｯｸ/ｸﾞﾚｰ","プロパー","1","物流部倉庫","002C020","0.00","0.00","1.00","1.00","2062.50","2063","自社","2026/09","1.00","0","0","0","0","0","0","0","0","0.00"
"ﾏﾝﾊｯﾀﾝﾃﾞｻﾞｲﾝｽﾀｼﾞｵF","MDS533","1","59","ＭＤＳ－５３３","ﾌﾞﾗｳﾃﾞﾐ/ｶﾞﾝﾒﾀﾙ","プロパー","1","物流部倉庫","002C020","1.00","0.00","0.00","1.00","2557.50","2558","自社","2026/09","8.00","0.00","0.00","0.00","7.00","0.00","0.00","0.00","0.00","0.00"
"ﾏﾝﾊｯﾀﾝﾃﾞｻﾞｲﾝｽﾀｼﾞｵF","MDS533","2","59","ＭＤＳ－５３３","ｸﾞﾚｰｻｻ/ｸﾞﾚｰ","プロパー","1","物流部倉庫","002C020","0.00","0.00","1.00","1.00","2557.50","2558","自社","2026/09","8.00","0.00","1.00","0.00","6.00","0.00","0.00","0.00","0.00","0.00"
"ﾏﾝﾊｯﾀﾝﾃﾞｻﾞｲﾝｽﾀｼﾞｵF","MDS901","1","60","ＭＤＳ－９０１","ﾏｯﾄﾀﾞｰｸｸﾞﾘｰﾝ/ｼｬｰﾘﾝｸﾞｸﾞﾚｰ","プロパー","1","物流部倉庫","002C020","3.00","2.00","3.00","8.00","3825.00","30600","自社","2026/09","6.00","0.00","7.00","10.00","1.00","0.00","0.00","0.00","0.00","0.00"
"ﾏﾝﾊｯﾀﾝﾃﾞｻﾞｲﾝｽﾀｼﾞｵF","MDS901","2","60","ＭＤＳ－９０１","ﾈｲﾋﾞｰ/ﾀﾞｰｸｸﾞﾚｰ","プロパー","1","物流部倉庫","002C020","12.00","1.00","3.00","16.00","3825.00","61200","自社","2026/09","12.00","0.00","5.00","11.00","2.00","0.00","0.00","0.00","0.00","0.00"
"ﾏﾝﾊｯﾀﾝﾃﾞｻﾞｲﾝｽﾀｼﾞｵF","MDS901","3","60","ＭＤＳ－９０１","ﾏｯﾄﾌﾞﾗｯｸ/ｶﾞﾝﾒﾀﾙ","プロパー","1","物流部倉庫","002C020","4.00","2.00","3.00","9.00","3825.00","34425","自社","2026/09","10.00","0.00","10.00","9.00","0.00","0.00","0.00","0.00","0.00","0.00"
"ﾏﾝﾊｯﾀﾝﾃﾞｻﾞｲﾝｽﾀｼﾞｵF","MDS902","1","59","ＭＤＳ－９０２","ｸﾞﾚｰ/ｼｬｰﾘﾝｸﾞﾗｲﾄｸﾞﾚｰ","プロパー","1","物流部倉庫","002C020","19.00","1.00","3.00","23.00","3918.00","90114","自社","2026/09","33.00","0.00","9.00","0.00","1.00","0.00","0.00","0.00","0.00","0.00"
"ﾏﾝﾊｯﾀﾝﾃﾞｻﾞｲﾝｽﾀｼﾞｵF","MDS902","2","59","ＭＤＳ－９０２","ﾏｯﾄﾀﾞｰｸﾎﾞﾙﾄﾞｰ/ｶﾞﾝﾒﾀﾙ","プロパー","1","物流部倉庫","002C020","9.00","1.00","3.00","13.00","3918.00","50934","自社","2026/09","9.00","0.00","3.00","8.00","1.00","0.00","0.00","0.00","0.00","0.00"
"ﾏﾝﾊｯﾀﾝﾃﾞｻﾞｲﾝｽﾀｼﾞｵF","MDS902","3","59","ＭＤＳ－９０２","ﾏｯﾄﾌﾞﾗｯｸ/ﾒﾀﾘｯｸﾀﾞｰｸﾈｲﾋﾞｰ","プロパー","1","物流部倉庫","002C020","7.00","1.00","3.00","11.00","3918.00","43098","自社","2026/09","15.00","0.00","12.00","9.00","1.00","0.00","0.00","0.00","0.00","0.00"
"ﾏﾝﾊｯﾀﾝﾃﾞｻﾞｲﾝｽﾀｼﾞｵF","MDS903","1","57","ＭＤＳ－９０３","ﾏｯﾄﾀﾞｰｸｸﾞﾚｰ/ﾏｯﾄｼﾙﾊﾞｰ","プロパー","1","物流部倉庫","002C020","31.00","1.00","2.00","34.00","3698.00","125732","自社","2026/09","37.00","0.00","5.00","3.00","1.00","0.00","0.00","0.00","0.00","0.00"
"ﾏﾝﾊｯﾀﾝﾃﾞｻﾞｲﾝｽﾀｼﾞｵF","MDS903","2","57","ＭＤＳ－９０３","ﾏｯﾄﾞﾀﾞｰｸｶｰｷ/ｼｬｰﾘﾝｸﾞﾗｲﾄｸﾞﾚｰ","プロパー","1","物流部倉庫","002C020","13.00","1.00","2.00","16.00","3698.00","59168","自社","2026/09","13.00","0.00","0.00","4.00","1.00","0.00","0.00","0.00","0.00","0.00"
"ﾏﾝﾊｯﾀﾝﾃﾞｻﾞｲﾝｽﾀｼﾞｵF","MDS903","3","57","ＭＤＳ－９０３","ﾏｯﾄﾌﾞﾗｯｸ/ｼｬｰﾘﾝｸﾞｸﾞﾚｰ","プロパー","1","物流部倉庫","002C020","54.00","1.00","2.00","57.00","3698.00","210786","自社","2026/09","60.00","0.00","5.00","3.00","1.00","0.00","0.00","0.00","0.00","0.00"
"ﾗ･ﾐﾙﾌｨｰﾕ F","MLF105","5","51","ＭＬＦ－１０５","ﾋﾟﾝｸ/ｱﾌﾟﾘｺｯﾄ･ﾎﾜｲﾄｺﾞｰﾙﾄﾞ","プロパー","1","物流部倉庫","002C020","1.00","3.00","0.00","4.00","4738.00","18952","自社","2026/09","3.00","0.00","0.00","2.00","1.00","0.00","0.00","0.00","0.00","0.00"
"ﾗ･ﾐﾙﾌｨｰﾕ F","MLF105","6","51","ＭＬＦ－１０５","ﾊﾞｲｵﾚｯﾄ/ﾀﾞｰｸﾊﾟｰﾌﾟﾙ･ﾎﾜｲﾄｺﾞｰﾙﾄﾞ","プロパー","1","物流部倉庫","002C020","0.00","3.00","0.00","3.00","4738.00","14214","自社","2026/09","3.00","0.00","1.00","1.00","0.00","0.00","0.00","0.00","0.00","0.00"
"ﾗ･ﾐﾙﾌｨｰﾕ F","MLF105","7","51","ＭＬＦ－１０５","ﾜｲﾝ/ﾜｲﾝ･ｺﾞｰﾙﾄﾞ","プロパー","1","物流部倉庫","002C020","1.00","1.00","0.00","2.00","4653.00","9306","自社","2026/09","2.00","0.00","2.00","2.00","0.00","0.00","0.00","0.00","0.00","0.00"
"ﾗ･ﾐﾙﾌｨｰﾕ F","MLF105","8","51","ＭＬＦ－１０５","ｸﾞﾚｰｼﾞｭﾌﾞﾗｳﾝ/ﾓｽｸﾞﾘｰﾝ･ｺﾞｰﾙﾄﾞ","プロパー","1","物流部倉庫","002C020","1.00","2.00","0.00","3.00","4738.00","14214","自社","2026/09","3.00","0.00","2.00","2.00","0.00","0.00","0.00","0.00","0.00","0.00"
"ﾗ･ﾐﾙﾌｨｰﾕ F","MLF109","5","54","ＭＬＦ－１０９","ｼｬﾝﾊﾟﾝ/ｸﾞﾘｰﾝﾊﾟｰﾙ･ﾎﾜｲﾄｺﾞｰﾙﾄﾞ(ｸﾞﾘｰﾝﾊﾟｰﾙ)","プロパー","1","物流部倉庫","002C020","2.00","3.00","0.00","5.00","4926.00","24630","自社","2026/09","3.00","0.00","0.00","2.00","0.00","0.00","0.00","0.00","0.00","0.00"
"ﾗ･ﾐﾙﾌｨｰﾕ F","MLF109","6","54","ＭＬＦ－１０９","ﾋﾟﾝｸ/ｽﾄﾛﾍﾞﾘｰ･ﾎﾜｲﾄｺﾞｰﾙﾄﾞ","プロパー","1","物流部倉庫","002C020","1.00","2.00","0.00","3.00","4811.00","14433","自社","2026/09","3.00","0.00","2.00","2.00","0.00","0.00","0.00","0.00","0.00","0.00"
"ﾗ･ﾐﾙﾌｨｰﾕ F","MLF109","7","54","ＭＬＦ－１０９","ｵｰｷｯﾄﾞ/ｵｰｷｯﾄﾞ･ｺﾞｰﾙﾄﾞ","プロパー","1","物流部倉庫","002C020","1.00","3.00","0.00","4.00","4676.00","18704","自社","2026/09","3.00","0.00","0.00","1.00","0.00","0.00","0.00","0.00","0.00","0.00"
"ﾗ･ﾐﾙﾌｨｰﾕ F","MLF109","8","54","ＭＬＦ－１０９","ﾈｲﾋﾞｰ/ﾈｲﾋﾞｰ･ﾎﾜｲﾄｺﾞｰﾙﾄﾞ","プロパー","1","物流部倉庫","002C020","1.00","3.00","0.00","4.00","4676.00","18704","自社","2026/09","3.00","0.00","0.00","1.00","0.00","0.00","0.00","0.00","0.00","0.00"
"ﾗ･ﾐﾙﾌｨｰﾕ F","MLF120","4","52","ＭＬＦ－１２０","ﾌﾞﾗｯｸ(ｺﾞｰﾙﾄﾞ)","プロパー","1","物流部倉庫","002C020","1.00","0.00","0.00","1.00","3680.00","3680","自社","2026/09","0.00","0.00","0.00","1.00","0.00","0.00","0.00","0.00","0.00","0.00"
"ﾗ･ﾐﾙﾌｨｰﾕ F","MLF122","3","50","ＭＬＦ－１２２","ﾗｲﾗｯｸ/ﾏｯﾄﾗﾍﾞﾝﾀﾞｰ･ｺﾞｰﾙﾄﾞ","プロパー","1","物流部倉庫","002C020","1.00","0.00","0.00","1.00","3680.00","3680","自社","2026/09","0.00","0.00","0.00","1.00","0.00","0.00","0.00","0.00","0.00","0.00"
"ﾗ･ﾐﾙﾌｨｰﾕ F","MLF131","4","51","ＭＬＦ－１３１","ﾜｲﾝ･ﾎﾜｲﾄｺﾞｰﾙﾄﾞ(ﾏｯﾄﾎﾜｲﾄｺﾞｰﾙﾄﾞ)","プロパー","1","物流部倉庫","002C020","0.00","1.00","0.00","1.00","3775.00","3775","自社","2026/09","1.00","0","0","0","0","0","0","0","0","0.00"
"ﾗ･ﾐﾙﾌｨｰﾕ F","MLF156","1","51","ＭＬＦ－１５６","ﾗｲﾄﾋﾟﾝｸ(ｺﾞｰﾙﾄﾞ)","プロパー","1","物流部倉庫","002C020","1.00","0.00","0.00","1.00","3806.00","3806","自社","2026/09","0.00","0.00","0.00","1.00","0.00","0.00","0.00","0.00","0.00","0.00"
"ﾗ･ﾐﾙﾌｨｰﾕ F","MLF156","3","51","ＭＬＦ－１５６","ﾜｲﾝ(ｺﾞｰﾙﾄﾞ)","プロパー","1","物流部倉庫","002C020","1.00","0.00","0.00","1.00","3836.00","3836","自社","2026/09","0.00","0.00","0.00","1.00","0.00","0.00","0.00","0.00","0.00","0.00"
"ﾗ･ﾐﾙﾌｨｰﾕ F","MLF159","1","48","ＭＬＦ－１５９","ﾜｲﾝ･ｺﾞｰﾙﾄﾞ","プロパー","1","物流部倉庫","002C020","0.00","1.00","0.00","1.00","5414.00","5414","自社","2026/09","1.00","0","0","0","0","0","0","0","0","0.00"
"ﾗ･ﾐﾙﾌｨｰﾕ F","MLF159","2","48","ＭＬＦ－１５９","ﾌﾞﾗｳﾝ･ｺﾞｰﾙﾄﾞ","プロパー","1","物流部倉庫","002C020","0.00","1.00","0.00","1.00","5414.00","5414","自社","2026/09","1.00","0","0","0","0","0","0","0","0","0.00"
"ﾗ･ﾐﾙﾌｨｰﾕ F","MLF159","3","48","ＭＬＦ－１５９","ﾀﾞｰｸｸﾞﾘｰﾝ･ｺﾞｰﾙﾄﾞ","プロパー","1","物流部倉庫","002C020","0.00","1.00","0.00","1.00","5414.00","5414","自社","2026/09","4.00","0.00","0.00","0.00","3.00","0.00","0.00","0.00","0.00","0.00"
"ﾗ･ﾐﾙﾌｨｰﾕ F","MLF159","4","48","ＭＬＦ－１５９","ﾈｲﾋﾞｰ･ﾎﾜｲﾄｺﾞｰﾙﾄﾞ","プロパー","1","物流部倉庫","002C020","0.00","1.00","0.00","1.00","5364.00","5364","自社","2026/09","1.00","0","0","0","0","0","0","0","0","0.00"
"ﾗ･ﾐﾙﾌｨｰﾕ F","MLF162","1","51","ＭＬＦ－１６２","ﾌﾞﾗｳﾝ･ｺﾞｰﾙﾄﾞ/ﾌﾞﾗｳﾝ(ｷｽｶﾊﾟｰﾙ)","プロパー","1","物流部倉庫","002C020","1.00","0.00","0.00","1.00","4601.00","4601","自社","2026/09","0.00","0.00","0.00","1.00","0.00","0.00","0.00","0.00","0.00","0.00"
"ﾗ･ﾐﾙﾌｨｰﾕ F","MLF163","4","49","ＭＬＦ－１６３","ｵﾘｰﾌﾞｸﾞﾘｰﾝ･ﾎﾜｲﾄｺﾞｰﾙﾄﾞ/ﾗｲﾄｸﾞﾘｰﾝ(ｺﾞｰﾙﾄﾞ)","プロパー","1","物流部倉庫","002C020","1.00","0.00","0.00","1.00","4701.00","4701","自社","2026/09","0.00","0.00","0.00","1.00","0.00","0.00","0.00","0.00","0.00","0.00"
"ﾗ･ﾐﾙﾌｨｰﾕ F","MLF164","1","53","ＭＬＦ－１６４","ｽﾌﾟﾘﾝｸﾞﾋﾟﾝｸ･ｺﾞｰﾙﾄﾞ/ｼｬﾝﾊﾟﾝ･ﾋﾟｰﾁ","プロパー","1","物流部倉庫","002C020","1.00","0.00","0.00","1.00","5559.00","5559","自社","2026/09","10.00","0.00","0.00","1.00","10.00","0.00","0.00","0.00","0.00","0.00"
"ﾗ･ﾐﾙﾌｨｰﾕ F","MLF164","14","53","ＭＬＦ－１６４","ﾛｰｽﾞｺﾞｰﾙﾄﾞ･ﾌﾞﾗｯｸ","プロパー","1","物流部倉庫","002C020","1.00","0.00","0.00","1.00","5839.00","5839","自社","2026/09","1.00","0.00","1.00","1.00","0.00","0.00","0.00","0.00","0.00","0.00"
"ﾗ･ﾐﾙﾌｨｰﾕ F","MLF164","2","53","ＭＬＦ－１６４","ﾜｲﾝ･ｺﾞｰﾙﾄﾞ/ｼｬﾝﾊﾟﾝ･ﾜｲﾝ","プロパー","1","物流部倉庫","002C020","1.00","0.00","0.00","1.00","5859.00","5859","自社","2026/09","10.00","0.00","0.00","1.00","10.00","0.00","0.00","0.00","0.00","0.00"
"ﾗ･ﾐﾙﾌｨｰﾕ F","MLF164","3","53","ＭＬＦ－１６４","ｼｬﾝﾊﾟﾝ･ﾌﾞﾗｳﾝ/ｼｬﾝﾊﾟﾝ･ﾈｲﾋﾞｰ","プロパー","1","物流部倉庫","002C020","1.00","0.00","0.00","1.00","5614.00","5614","自社","2026/09","6.00","0.00","0.00","1.00","6.00","0.00","0.00","0.00","0.00","0.00"
"ﾗ･ﾐﾙﾌｨｰﾕ F","MLF166","1","52","ＭＬＦ－１６６","ﾋﾟﾝｸ/ﾋﾟｰﾁ(ｺﾞｰﾙﾄﾞ)","プロパー","1","物流部倉庫","002C020","0.00","1.00","0.00","1.00","3534.00","3534","自社","2026/09","11.00","0.00","0.00","0.00","10.00","0.00","0.00","0.00","0.00","0.00"
"ﾗ･ﾐﾙﾌｨｰﾕ F","MLF166","2","52","ＭＬＦ－１６６","ｵｰｷｯﾄﾞ(ｺﾞｰﾙﾄﾞ)","プロパー","1","物流部倉庫","002C020","0.00","1.00","0.00","1.00","3309.00","3309","自社","2026/09","11.00","0.00","0.00","0.00","10.00","0.00","0.00","0.00","0.00","0.00"
"ﾗ･ﾐﾙﾌｨｰﾕ F","MLF166","3","52","ＭＬＦ－１６６","ﾜｲﾝ･ｺﾞｰﾙﾄﾞ(ｺﾞｰﾙﾄﾞ)","プロパー","1","物流部倉庫","002C020","0.00","1.00","0.00","1.00","3919.00","3919","自社","2026/09","11.00","0.00","0.00","0.00","10.00","0.00","0.00","0.00","0.00","0.00"
"ﾗ･ﾐﾙﾌｨｰﾕ F","MLF166","4","52","ＭＬＦ－１６６","ﾈｲﾋﾞｰ･ｺﾞｰﾙﾄﾞ(ｺﾞｰﾙﾄﾞ)","プロパー","1","物流部倉庫","002C020","0.00","1.00","0.00","1.00","3964.00","3964","自社","2026/09","11.00","0.00","0.00","0.00","10.00","0.00","0.00","0.00","0.00","0.00"
"ﾗ･ﾐﾙﾌｨｰﾕ F","MLF167","1","51","ＭＬＦ－１６７","ﾜｲﾝ･ｺﾞｰﾙﾄﾞ/ｺﾞｰﾙﾄﾞ","プロパー","1","物流部倉庫","002C020","0.00","1.00","0.00","1.00","3750.00","3750","自社","2026/09","1.00","0","0","0","0","0","0","0","0","0.00"
"ﾗ･ﾐﾙﾌｨｰﾕ F","MLF167","2","51","ＭＬＦ－１６７","ｼｬﾝﾊﾟﾝ･ﾌﾞﾗｳﾝ/ｺﾞｰﾙﾄﾞ","プロパー","1","物流部倉庫","002C020","0.00","1.00","0.00","1.00","3510.00","3510","自社","2026/09","1.00","0","0","0","0","0","0","0","0","0.00"
"ﾗ･ﾐﾙﾌｨｰﾕ F","MLF167","3","51","ＭＬＦ－１６７","ｼｬﾝﾊﾟﾝ･ﾈｲﾋﾞｰ/ｺﾞｰﾙﾄﾞ","プロパー","1","物流部倉庫","002C020","0.00","1.00","1.00","2.00","3510.00","7020","自社","2026/09","2.00","0","0","0","0","0","0","0","0","0.00"
"ﾗ･ﾐﾙﾌｨｰﾕ F","MLF167","4","51","ＭＬＦ－１６７","ｼｬﾝﾊﾟﾝ･ﾌﾞﾗｯｸ/ｺﾞｰﾙﾄﾞ","プロパー","1","物流部倉庫","002C020","0.00","1.00","0.00","1.00","3510.00","3510","自社","2026/09","1.00","0","0","0","0","0","0","0","0","0.00"
"ﾗ･ﾐﾙﾌｨｰﾕ F","MLF168","1","53","ＭＬＦ－１６８","ｼｬﾝﾊﾟﾝ･ﾌﾞﾗｳﾝ/ｼｬﾝﾊﾟﾝ･ｺﾞｰﾙﾄﾞ","プロパー","1","物流部倉庫","002C020","0.00","1.00","0.00","1.00","4511.00","4511","自社","2026/09","1.00","0","0","0","0","0","0","0","0","0.00"
"ﾗ･ﾐﾙﾌｨｰﾕ F","MLF168","2","53","ＭＬＦ－１６８","ﾛｲﾔﾙﾋﾟﾝｸ/ｼｬﾝﾊﾟﾝ･ｺﾞｰﾙﾄﾞ","プロパー","1","物流部倉庫","002C020","0.00","1.00","0.00","1.00","4441.00","4441","自社","2026/09","1.00","0","0","0","0","0","0","0","0","0.00"
"ﾗ･ﾐﾙﾌｨｰﾕ F","MLF168","3","53","ＭＬＦ－１６８","ﾜｲﾝ/ｼｬﾝﾊﾟﾝ･ｺﾞｰﾙﾄﾞ","プロパー","1","物流部倉庫","002C020","0.00","1.00","0.00","1.00","4401.00","4401","自社","2026/09","1.00","0","0","0","0","0","0","0","0","0.00"
"ﾗ･ﾐﾙﾌｨｰﾕ F","MLF169","1","52","ＭＬＦ－１６９","ｵｰｷｯﾄﾞﾋﾟﾝｸ/ｼｬﾝﾊﾟﾝ･ｺﾞｰﾙﾄﾞ","プロパー","1","物流部倉庫","002C020","0.00","1.00","0.00","1.00","4353.00","4353","自社","2026/09","7.00","0.00","0.00","0.00","6.00","0.00","0.00","0.00","0.00","0.00"
"ﾗ･ﾐﾙﾌｨｰﾕ F","MLF169","2","52","ＭＬＦ－１６９","ｼｬﾝﾊﾟﾝ･ﾜｲﾝ/ｼｬﾝﾊﾟﾝ･ｺﾞｰﾙﾄﾞ","プロパー","1","物流部倉庫","002C020","0.00","1.00","0.00","1.00","4463.00","4463","自社","2026/09","7.00","0.00","1.00","0.00","5.00","0.00","0.00","0.00","0.00","0.00"
"ﾗ･ﾐﾙﾌｨｰﾕ F","MLF169","3","52","ＭＬＦ－１６９","ﾗｲﾗｯｸ/ｼｬﾝﾊﾟﾝ･ｺﾞｰﾙﾄﾞ","プロパー","1","物流部倉庫","002C020","0.00","1.00","0.00","1.00","4378.00","4378","自社","2026/09","7.00","0.00","0.00","0.00","6.00","0.00","0.00","0.00","0.00","0.00"
"ﾗ･ﾐﾙﾌｨｰﾕ F","MLF169","4","52","ＭＬＦ－１６９","ｼｬﾝﾊﾟﾝ･ﾈｲﾋﾞｰ/ｼｬﾝﾊﾟﾝ･ｺﾞｰﾙﾄﾞ","プロパー","1","物流部倉庫","002C020","0.00","1.00","0.00","1.00","4463.00","4463","自社","2026/09","7.00","0.00","1.00","0.00","5.00","0.00","0.00","0.00","0.00","0.00"
"ﾗ･ﾐﾙﾌｨｰﾕ F","MLF170","1","52","ＭＬＦ－１７０","ﾛｲﾔﾙﾋﾟﾝｸ/ﾋﾟｰﾁ･ｺﾞｰﾙﾄﾞ","プロパー","1","物流部倉庫","002C020","0.00","2.00","0.00","2.00","4983.00","9966","自社","2026/09","2.00","0","0","0","0","0","0","0","0","0.00"
"ﾗ･ﾐﾙﾌｨｰﾕ F","MLF170","2","52","ＭＬＦ－１７０","ｼｬﾝﾊﾟﾝ･ﾜｲﾝ/ﾜｲﾝ･ｺﾞｰﾙﾄﾞ","プロパー","1","物流部倉庫","002C020","0.00","1.00","0.00","1.00","5183.00","5183","自社","2026/09","1.00","0","0","0","0","0","0","0","0","0.00"
"ﾗ･ﾐﾙﾌｨｰﾕ F","MLF170","3","52","ＭＬＦ－１７０","ﾗｲﾗｯｸ/ﾊﾟｰﾌﾟﾙ･ｺﾞｰﾙﾄﾞ","プロパー","1","物流部倉庫","002C020","0.00","1.00","0.00","1.00","4988.00","4988","自社","2026/09","1.00","0","0","0","0","0","0","0","0","0.00"
"ﾗ･ﾐﾙﾌｨｰﾕ F","MLF170","4","52","ＭＬＦ－１７０","ｼｬﾝﾊﾟﾝ･ｸﾞﾘｰﾝ/ﾀﾞｰｸｸﾞﾘｰﾝ･ｺﾞｰﾙﾄﾞ","プロパー","1","物流部倉庫","002C020","0.00","1.00","0.00","1.00","5203.00","5203","自社","2026/09","1.00","0","0","0","0","0","0","0","0","0.00"
"ﾗ･ﾐﾙﾌｨｰﾕ F","MLF171","1","52","ＭＬＦ－１７１","ｵｰｷｯﾄﾞﾋﾟﾝｸ/ｵｵｰｷｯﾄﾞﾋﾟﾝｸ･ｺﾞｰﾙﾄﾞ","プロパー","1","物流部倉庫","002C020","0.00","1.00","0.00","1.00","5285.00","5285","自社","2026/09","1.00","0","0","0","0","0","0","0","0","0.00"
"ﾗ･ﾐﾙﾌｨｰﾕ F","MLF171","2","52","ＭＬＦ－１７１","ｺﾞｰﾙﾄﾞ/ﾜｲﾝ･ｺﾞｰﾙﾄﾞ","プロパー","1","物流部倉庫","002C020","0.00","1.00","0.00","1.00","5695.00","5695","自社","2026/09","1.00","0","0","0","0","0","0","0","0","0.00"
"ﾗ･ﾐﾙﾌｨｰﾕ F","MLF171","3","52","ＭＬＦ－１７１","ﾌﾟﾗﾁﾅﾎﾜｲﾄ/ﾈｲﾋﾞｰ･ﾌﾟﾗﾁﾅﾎﾜｲﾄ","プロパー","1","物流部倉庫","002C020","0.00","1.00","0.00","1.00","5695.00","5695","自社","2026/09","1.00","0","0","0","0","0","0","0","0","0.00"
"ﾗ･ﾐﾙﾌｨｰﾕ F","MLF171","4","52","ＭＬＦ－１７１","ﾎﾜｲﾄｺﾞｰﾙﾄﾞ/ﾌﾞﾗｯｸ･ｺﾞｰﾙﾄﾞ","プロパー","1","物流部倉庫","002C020","0.00","1.00","0.00","1.00","5695.00","5695","自社","2026/09","1.00","0","0","0","0","0","0","0","0","0.00"
"ﾗ･ﾐﾙﾌｨｰﾕ F","MLF172","1","52","ＭＬＦ－１７２","ﾋﾟﾝｸ/ﾏｯﾄﾋﾟｰﾁ(ｺﾞｰﾙﾄﾞ)","プロパー","1","物流部倉庫","002C020","44.00","5.00","0.00","49.00","3967.00","194383","自社","2026/09","52.00","0.00","0.00","2.00","5.00","0.00","0.00","0.00","0.00","11.00"
"ﾗ･ﾐﾙﾌｨｰﾕ F","MLF172","2","52","ＭＬＦ－１７２","ﾗｲﾗｯｸ/ﾏｯﾄﾀﾞｰｸﾊﾟｰﾌﾟﾙ(ｺﾞｰﾙﾄﾞ)","プロパー","1","物流部倉庫","002C020","17.00","5.00","0.00","22.00","3967.00","87274","自社","2026/09","29.00","0.00","4.00","2.00","5.00","0.00","0.00","0.00","0.00","11.00"
"ﾗ･ﾐﾙﾌｨｰﾕ F","MLF172","3","52","ＭＬＦ－１７２","ﾜｲﾝ(ｺﾞｰﾙﾄﾞ)","プロパー","1","物流部倉庫","002C020","36.00","5.00","0.00","41.00","3772.00","154652","自社","2026/09","46.00","0.00","2.00","2.00","5.00","0.00","0.00","0.00","0.00","11.00"
"ﾗ･ﾐﾙﾌｨｰﾕ F","MLF172","4","52","ＭＬＦ－１７２","ﾎﾜｲﾄｺﾞｰﾙﾄﾞ(ﾌﾞﾗｯｸ)/ﾌﾞﾗｯｸ(ｺﾞｰﾙﾄﾞ)","プロパー","1","物流部倉庫","002C020","54.00","5.00","0.00","59.00","4288.00","252992","自社","2026/09","64.00","0.00","2.00","2.00","5.00","0.00","0.00","0.00","0.00","9.00"
"ﾗ･ﾐﾙﾌｨｰﾕ F","MLF173","1","53","ＭＬＦ－１７３","ｸﾘｱﾋﾟｰﾁ/ﾋﾟﾝｸｺﾞｰﾙﾄﾞ(ﾋﾟﾝｸｺﾞｰﾙﾄﾞ)","プロパー","1","物流部倉庫","002C020","23.00","5.00","0.00","28.00","3554.00","99512","自社","2026/09","34.00","0.00","3.00","2.00","5.00","0.00","0.00","0.00","0.00","10.00"
"ﾗ･ﾐﾙﾌｨｰﾕ F","MLF173","2","53","ＭＬＦ－１７３","ﾜｲﾝ･ﾎﾜｲﾄｺﾞｰﾙﾄﾞ/ﾋﾟﾝｸｺﾞｰﾙﾄﾞ(ﾋﾟﾝｸｺﾞｰﾙﾄﾞ)","プロパー","1","物流部倉庫","002C020","5.00","5.00","0.00","10.00","4134.00","41340","自社","2026/09","10.00","0.00","1.00","2.00","1.00","0.00","0.00","0.00","0.00","11.00"
"ﾗ･ﾐﾙﾌｨｰﾕ F","MLF173","3","53","ＭＬＦ－１７３","ｼｬﾝﾊﾟﾝ･ﾌﾞﾗｳﾝ/ｺﾞｰﾙﾄﾞ(ｺﾞｰﾙﾄﾞ)","プロパー","1","物流部倉庫","002C020","5.00","5.00","0.00","10.00","3814.00","38140","自社","2026/09","10.00","0.00","1.00","2.00","1.00","0.00","0.00","0.00","0.00","11.00"
"ﾗ･ﾐﾙﾌｨｰﾕ F","MLF173","4","53","ＭＬＦ－１７３","ﾈｲﾋﾞｰ/ｼﾙﾊﾞｰ(ｼﾙﾊﾞｰ)","プロパー","1","物流部倉庫","002C020","19.00","5.00","0.00","24.00","3554.00","85296","自社","2026/09","32.00","0.00","6.00","2.00","4.00","0.00","0.00","0.00","0.00","11.00"
"ﾗ･ﾐﾙﾌｨｰﾕ F","MLF174","1","51","ＭＬＦ－１７４","ﾛｲﾔﾙﾋﾟﾝｸ/ｼｬﾝﾊﾟﾝ･ｺﾞｰﾙﾄﾞ","プロパー","1","物流部倉庫","002C020","0.00","4.00","0.00","4.00","5221.00","20884","自社","2026/09","6.00","0.00","2.00","1.00","1.00","0.00","0.00","0.00","0.00","11.00"
"ﾗ･ﾐﾙﾌｨｰﾕ F","MLF174","2","51","ＭＬＦ－１７４","ﾜｲﾝ/ｼｬﾝﾊﾟﾝ･ｺﾞｰﾙﾄﾞ","プロパー","1","物流部倉庫","002C020","18.00","4.00","0.00","22.00","5161.00","113542","自社","2026/09","29.00","0.00","5.00","2.00","4.00","0.00","0.00","0.00","0.00","10.00"
"ﾗ･ﾐﾙﾌｨｰﾕ F","MLF174","3","51","ＭＬＦ－１７４","ｼｬﾝﾊﾟﾝ･ﾈｲﾋﾞｰ/ｼｬﾝﾊﾟﾝ･ｺﾞｰﾙﾄﾞ","プロパー","1","物流部倉庫","002C020","10.00","5.00","0.00","15.00","5421.00","81315","自社","2026/09","21.00","0.00","4.00","2.00","4.00","0.00","0.00","0.00","0.00","11.00"
"ﾗ･ﾐﾙﾌｨｰﾕ F","MLF174","4","51","ＭＬＦ－１７４","ﾎﾜｲﾄｺﾞｰﾙﾄﾞ(ﾌﾞﾗｯｸ)/ｼｬﾝﾊﾟﾝ･ｺﾞｰﾙﾄﾞ","プロパー","1","物流部倉庫","002C020","33.00","4.00","0.00","37.00","5571.00","206127","自社","2026/09","42.00","0.00","3.00","2.00","4.00","0.00","0.00","0.00","0.00","11.00"
"ﾗ･ﾐﾙﾌｨｰﾕ F","MLF175","1","52","ＭＬＦ－１７５","ﾛｲﾔﾙﾋﾟﾝｸ/ｼｬﾝﾊﾟﾝ･ﾋﾟｰﾁ","プロパー","1","物流部倉庫","002C020","57.00","5.00","0.00","62.00","5017.00","311054","自社","2026/09","67.00","0.00","3.00","2.00","4.00","0.00","0.00","0.00","0.00","10.00"
"ﾗ･ﾐﾙﾌｨｰﾕ F","MLF175","2","52","ＭＬＦ－１７５","ｼｬﾝﾊﾟﾝ･ﾜｲﾝ","プロパー","1","物流部倉庫","002C020","19.00","5.00","0.00","24.00","4917.00","118008","自社","2026/09","28.00","0.00","2.00","2.00","4.00","0.00","0.00","0.00","0.00","8.00"
"ﾗ･ﾐﾙﾌｨｰﾕ F","MLF175","3","52","ＭＬＦ－１７５","ﾗｲﾄﾊﾟｰﾌﾟﾙ/ｼｬﾝﾊﾟﾝ･ｴｱﾘﾝｸﾞﾊﾟｰﾌﾟﾙ","プロパー","1","物流部倉庫","002C020","47.00","5.00","0.00","52.00","5047.00","262444","自社","2026/09","57.00","0.00","3.00","2.00","4.00","0.00","0.00","0.00","0.00","11.00"
"ﾗ･ﾐﾙﾌｨｰﾕ F","MLF175","4","52","ＭＬＦ－１７５","ﾌﾟﾗﾁﾅｼﾙﾊﾞｰ･ﾏｶﾗｲﾄｸﾞﾘｰﾝ/ﾌﾟﾗﾁﾅｼﾙﾊﾞｰ･ｼﾞｪｲﾄﾞｸﾞﾘｰﾝ","プロパー","1","物流部倉庫","002C020","6.00","5.00","0.00","11.00","5267.00","57937","自社","2026/09","12.00","0.00","1.00","1.00","1.00","0.00","0.00","0.00","0.00","11.00"
"ﾗ･ﾐﾙﾌｨｰﾕ F","MLF176","1","51","ＭＬＦ－１７６","ﾛｲﾔﾙﾋﾟﾝｸ/ｼｬﾝﾊﾟﾝ･ｺﾞｰﾙﾄﾞ","プロパー","1","物流部倉庫","002C020","43.00","5.00","0.00","48.00","4758.00","228384","自社","2026/09","54.00","0.00","5.00","2.00","3.00","0.00","0.00","0.00","0.00","9.00"
"ﾗ･ﾐﾙﾌｨｰﾕ F","MLF176","2","51","ＭＬＦ－１７６","ｼｬﾝﾊﾟﾝ･ｺｺｱﾌﾞﾗｳﾝ/ｼｬﾝﾊﾟﾝ･ｺﾞｰﾙﾄﾞ","プロパー","1","物流部倉庫","002C020","57.00","5.00","0.00","62.00","4958.00","307396","自社","2026/09","66.00","0.00","3.00","2.00","3.00","0.00","0.00","0.00","0.00","11.00"
"ﾗ･ﾐﾙﾌｨｰﾕ F","MLF176","3","51","ＭＬＦ－１７６","ﾜｲﾝ/ｼｬﾝﾊﾟﾝ･ｺﾞｰﾙﾄﾞ","プロパー","1","物流部倉庫","002C020","24.00","5.00","1.00","30.00","4698.00","140940","自社","2026/09","37.00","0.00","6.00","2.00","3.00","0.00","0.00","0.00","0.00","10.00"
"ﾗ･ﾐﾙﾌｨｰﾕ F","MLF176","4","51","ＭＬＦ－１７６","ﾈｲﾋﾞｰ/ｼｬﾝﾊﾟﾝ･ｺﾞｰﾙﾄﾞ","プロパー","1","物流部倉庫","002C020","72.00","5.00","0.00","77.00","4698.00","361746","自社","2026/09","79.00","0.00","1.00","2.00","3.00","0.00","0.00","0.00","0.00","11.00"
"UPﾚﾉﾏF","UP4260","1","52","ＵＰ－４２６０","ﾌﾞﾗｳﾝﾃﾞﾐ","プロパー","1","物流部倉庫","002C020","0.00","0.00","5.00","5.00","945.45","4727","自社","2026/09","9.00","0.00","4.00","0.00","0.00","0.00","0.00","0.00","0.00","0.00"
"UPﾚﾉﾏF","UP4260","2","52","ＵＰ－４２６０","ﾈｲﾋﾞｰｻｻ","プロパー","1","物流部倉庫","002C020","0.00","0.00","5.00","5.00","810.15","4051","自社","2026/09","7.00","0.00","2.00","0.00","0.00","0.00","0.00","0.00","0.00","0.00"
"UPﾚﾉﾏF","UP4260","3","52","ＵＰ－４２６０","ﾌﾞﾗｯｸ","プロパー","1","物流部倉庫","002C020","0.00","0.00","7.00","7.00","810.15","5671","自社","2026/09","9.00","0.00","2.00","0.00","0.00","0.00","0.00","0.00","0.00","0.00"
"UPﾚﾉﾏF","UP4261","1","53","ＵＰ－４２６１","ﾌﾞﾗｳﾝｻｻ","プロパー","1","物流部倉庫","002C020","0.00","0.00","5.00","5.00","849.75","4249","自社","2026/09","7.00","0.00","2.00","0.00","0.00","0.00","0.00","0.00","0.00","0.00"
"UPﾚﾉﾏF","UP4261","2","53","ＵＰ－４２６１","ﾈｲﾋﾞｰｻｻ","プロパー","1","物流部倉庫","002C020","0.00","0.00","5.00","5.00","810.15","4051","自社","2026/09","7.00","0.00","2.00","0.00","0.00","0.00","0.00","0.00","0.00","0.00"
"UPﾚﾉﾏF","UP4261","3","53","ＵＰ－４２６１","ﾌﾞﾗｯｸ","プロパー","1","物流部倉庫","002C020","0.00","0.00","5.00","5.00","810.15","4051","自社","2026/09","7.00","0.00","2.00","0.00","0.00","0.00","0.00","0.00","0.00","0.00"
"UPﾚﾉﾏF","UP4262","1","52","ＵＰ－４２６２","ﾌﾞﾗｳﾝｻｻ","プロパー","1","物流部倉庫","002C020","0.00","10.00","7.00","17.00","849.75","14446","自社","2026/09","21.00","0.00","2.00","0.00","2.00","0.00","0.00","0.00","0.00","0.00"
"UPﾚﾉﾏF","UP4262","2","52","ＵＰ－４２６２","ｸﾞﾚｰｻｻ","プロパー","1","物流部倉庫","002C020","0.00","10.00","8.00","18.00","810.15","14583","自社","2026/09","20.00","0.00","2.00","0.00","0.00","0.00","0.00","0.00","0.00","0.00"
"UPﾚﾉﾏF","UP4262","3","52","ＵＰ－４２６２","ﾌﾞﾗｯｸ","プロパー","1","物流部倉庫","002C020","0.00","10.00","7.00","17.00","810.15","13773","自社","2026/09","18.00","0.00","1.00","0.00","0.00","0.00","0.00","0.00","0.00","0.00"
"UPﾚﾉﾏF","UP4267","1","50","ＵＰ－４２６７","ｸﾞﾚｰﾏｯﾄ","プロパー","1","物流部倉庫","002C020","52.00","78.00","2.00","132.00","503.25","66429","自社","2026/09","183.00","0.00","11.00","1.00","41.00","0.00","0.00","0.00","0.00","0.00"
"UPﾚﾉﾏF","UP4267","2","50","ＵＰ－４２６７","ﾌﾞﾗｳﾝﾏｯﾄ","プロパー","1","物流部倉庫","002C020","2.00","77.00","2.00","81.00","503.25","40763","自社","2026/09","133.00","0.00","12.00","1.00","41.00","0.00","0.00","0.00","0.00","0.00"
"UPﾚﾉﾏF","UP4267","3","50","ＵＰ－４２６７","ﾌﾞﾗｯｸ","プロパー","1","物流部倉庫","002C020","100.00","77.00","2.00","179.00","503.25","90082","自社","2026/09","230.00","0.00","11.00","1.00","41.00","0.00","0.00","0.00","0.00","0.00"
"UPﾚﾉﾏF","UP4268","1","52","ＵＰ－４２６８","ｶﾞﾝﾒﾀﾙ","プロパー","1","物流部倉庫","002C020","40.00","78.00","2.00","120.00","503.25","60390","自社","2026/09","174.00","0.00","14.00","1.00","41.00","0.00","0.00","0.00","0.00","0.00"
"UPﾚﾉﾏF","UP4268","2","52","ＵＰ－４２６８","ﾌﾞﾗｳﾝﾏｯﾄ","プロパー","1","物流部倉庫","002C020","0.00","76.00","0.00","76.00","503.25","38247","自社","2026/09","119.00","0.00","6.00","0.00","37.00","0.00","0.00","0.00","0.00","0.00"
"UPﾚﾉﾏF","UP4268","3","52","ＵＰ－４２６８","ﾌﾞﾗｯｸ","プロパー","1","物流部倉庫","002C020","84.00","77.00","2.00","163.00","503.25","82030","自社","2026/09","216.00","0.00","13.00","1.00","41.00","0.00","0.00","0.00","0.00","0.00"
"UPﾚﾉﾏF","UP4269","1","53","ＵＰ－４２６９","ｶﾞﾝﾒﾀﾙ","プロパー","1","物流部倉庫","002C020","53.00","77.00","2.00","132.00","503.25","66429","自社","2026/09","185.00","0.00","13.00","1.00","41.00","0.00","0.00","0.00","0.00","0.00"
"UPﾚﾉﾏF","UP4269","2","53","ＵＰ－４２６９","ﾈｲﾋﾞｰ","プロパー","1","物流部倉庫","002C020","0.00","76.00","1.00","77.00","503.25","38750","自社","2026/09","122.00","0.00","5.00","0.00","40.00","0.00","0.00","0.00","0.00","0.00"
"UPﾚﾉﾏF","UP4269","3","53","ＵＰ－４２６９","ﾌﾞﾗｯｸﾏｯﾄ","プロパー","1","物流部倉庫","002C020","89.00","76.00","2.00","167.00","503.25","84043","自社","2026/09","218.00","0.00","11.00","1.00","41.00","0.00","0.00","0.00","0.00","0.00"
"UPﾚﾉﾏF","UP4270","1","54","ＵＰ－４２７０","ｵﾘｰﾌﾞﾌﾞﾗｳﾝ","プロパー","1","物流部倉庫","002C020","0.00","76.00","0.00","76.00","503.25","38247","自社","2026/09","77.00","0.00","1.00","0.00","0.00","0.00","0.00","0.00","0.00","0.00"
"UPﾚﾉﾏF","UP4270","2","54","ＵＰ－４２７０","ｱﾝﾃｨｰｸｸﾞﾚｰﾏｯﾄ","プロパー","1","物流部倉庫","002C020","1.00","76.00","0.00","77.00","503.25","38750","自社","2026/09","78.00","0.00","1.00","0.00","0.00","0.00","0.00","0.00","0.00","0.00"
"UPﾚﾉﾏF","UP4270","3","54","ＵＰ－４２７０","ﾌﾞﾗｯｸﾏｯﾄ","プロパー","1","物流部倉庫","002C020","0.00","76.00","0.00","76.00","503.25","38247","自社","2026/09","105.00","0.00","4.00","0.00","25.00","0.00","0.00","0.00","0.00","0.00"
"UPﾚﾉﾏF","UPF111","1","51","ＵＰＦ－１１１","ﾏｯﾄﾌﾞﾗｳﾝ","OEM","1","物流部倉庫","002C020","1.00","0.00","0.00","1.00","1575.00","1575","自社","2026/09","1.00","0","0","0","0","0","0","0","0","0.00"
"UPﾚﾉﾏF","UPF119","2","49","ＵＰＦ－１１９","ﾜｲﾝ","OEM","1","物流部倉庫","002C020","26.00","50.00","0.00","76.00","1617.00","122892","自社","2026/09","22.00","0.00","0.00","54.00","0.00","0.00","0.00","0.00","0.00","0.00"
"UPﾚﾉﾏF","UPF119","3","49","ＵＰＦ－１１９","ﾗｲﾄﾌﾞﾗｳﾝ","OEM","1","物流部倉庫","002C020","28.00","50.00","0.00","78.00","1617.00","126126","自社","2026/09","22.00","0.00","0.00","56.00","0.00","0.00","0.00","0.00","0.00","0.00"
"UPﾚﾉﾏF","UPF119","4","49","ＵＰＦ－１１９","ﾌﾞﾗｳﾝﾏｯﾄ","OEM","1","物流部倉庫","002C020","15.00","50.00","0.00","65.00","1617.00","105105","自社","2026/09","21.00","0.00","0.00","44.00","0.00","0.00","0.00","0.00","0.00","0.00"
"UPﾚﾉﾏF","UPF120","1","52","ＵＰＦ－１２０","ﾌﾞﾗｳﾝﾏｯﾄ","OEM","1","物流部倉庫","002C020","26.00","50.00","0.00","76.00","1617.00","122892","自社","2026/09","21.00","0.00","0.00","55.00","0.00","0.00","0.00","0.00","0.00","0.00"
"UPﾚﾉﾏF","UPF120","2","52","ＵＰＦ－１２０","ﾏｯﾄﾈｲﾋﾞｰ","OEM","1","物流部倉庫","002C020","12.00","50.00","0.00","62.00","1617.00","100254","自社","2026/09","21.00","0.00","0.00","41.00","0.00","0.00","0.00","0.00","0.00","0.00"
"UPﾚﾉﾏF","UPF120","3","52","ＵＰＦ－１２０","ｼｬｰﾘﾝｸﾞｸﾞﾚｰ","OEM","1","物流部倉庫","002C020","26.00","50.00","0.00","76.00","1617.00","122892","自社","2026/09","20.00","0.00","0.00","56.00","0.00","0.00","0.00","0.00","0.00","0.00"
"ｴｸﾞｾﾞF","752001","1","51","７５－２００１","IPﾌﾞﾗｳﾝ","プロパー","1","物流部倉庫","002D010","4.00","1.00","11.00","16.00","1725.00","27600","自社","2026/09","40.00","0.00","4.00","0.00","20.00","0.00","0.00","0.00","0.00","0.00"
"ｴｸﾞｾﾞF","752001","1","53","７５－２００１","IPﾌﾞﾗｳﾝ","プロパー","1","物流部倉庫","002D010","11.00","0.00","0.00","11.00","1725.00","18975","自社","2026/09","34.00","0.00","4.00","1.00","20.00","0.00","0.00","0.00","0.00","0.00"
"ｴｸﾞｾﾞF","752001","2","51","７５－２００１","IPｶﾞﾝﾒﾀﾙ","プロパー","1","物流部倉庫","002D010","7.00","1.00","10.00","18.00","1725.00","31050","自社","2026/09","40.00","0.00","2.00","0.00","20.00","0.00","0.00","0.00","0.00","0.00"
"ｴｸﾞｾﾞF","752001","2","53","７５－２００１","IPｶﾞﾝﾒﾀﾙ","プロパー","1","物流部倉庫","002D010","11.00","0.00","0.00","11.00","1725.00","18975","自社","2026/09","34.00","0.00","4.00","1.00","20.00","0.00","0.00","0.00","0.00","0.00"
"ｴｸﾞｾﾞF","752001","3","51","７５－２００１","IPｸﾞﾚｰ","プロパー","1","物流部倉庫","002D010","7.00","0.00","0.00","7.00","1725.00","12075","自社","2026/09","8.00","0.00","1.00","0.00","0.00","0.00","0.00","0.00","0.00","0.00"
"ｴｸﾞｾﾞF","752001","3","53","７５－２００１","IPｸﾞﾚｰ","プロパー","1","物流部倉庫","002D010","7.00","0.00","1.00","8.00","1725.00","13800","自社","2026/09","35.00","0.00","8.00","1.00","20.00","0.00","0.00","0.00","0.00","0.00"
"ｴｸﾞｾﾞF","752002","1","52","７５－２００２","IPﾌﾞﾗｳﾝ","プロパー","1","物流部倉庫","002D010","10.00","0.00","10.00","20.00","1725.00","34500","自社","2026/09","46.00","0.00","7.00","1.00","20.00","0.00","0.00","0.00","0.00","0.00"
"ｴｸﾞｾﾞF","752002","2","52","７５－２００２","IPｶﾞﾝﾒﾀﾙ","プロパー","1","物流部倉庫","002D010","10.00","0.00","10.00","20.00","1725.00","34500","自社","2026/09","47.00","0.00","8.00","1.00","20.00","0.00","0.00","0.00","0.00","0.00"
"ｴｸﾞｾﾞF","752002","3","52","７５－２００２","IPｸﾞﾚｰ","プロパー","1","物流部倉庫","002D010","10.00","0.00","10.00","20.00","1725.00","34500","自社","2026/09","46.00","0.00","7.00","1.00","20.00","0.00","0.00","0.00","0.00","0.00"
"ｴｸﾞｾﾞF","752003","1","53","７５－２００３","IPﾌﾞﾗｳﾝ","プロパー","1","物流部倉庫","002D010","8.00","0.00","10.00","18.00","1725.00","31050","自社","2026/09","45.00","0.00","8.00","1.00","20.00","0.00","0.00","0.00","0.00","0.00"
"ｴｸﾞｾﾞF","752003","2","53","７５－２００３","IPｶﾞﾝﾒﾀﾙ","プロパー","1","物流部倉庫","002D010","9.00","0.00","11.00","20.00","1725.00","34500","自社","2026/09","46.00","0.00","7.00","1.00","20.00","0.00","0.00","0.00","0.00","0.00"
"ｴｸﾞｾﾞF","752003","3","53","７５－２００３","IPｸﾞﾚｰ","プロパー","1","物流部倉庫","002D010","11.00","0.00","10.00","21.00","1725.00","36225","自社","2026/09","45.00","0.00","5.00","1.00","20.00","0.00","0.00","0.00","0.00","0.00"
"ｴｸﾞｾﾞF","752004","1","58","７５－２００４","IPﾌﾞﾗｳﾝ","プロパー","1","物流部倉庫","002D010","18.00","69.00","0.00","87.00","2120.00","184440","自社","2026/09","0.00","0.00","10.00","102.00","5.00","0.00","0.00","0.00","0.00","3.00"
"ｴｸﾞｾﾞF","752004","2","58","７５－２００４","IPｶﾞﾝﾒﾀﾙ","プロパー","1","物流部倉庫","002D010","19.00","68.00","0.00","87.00","2120.00","184440","自社","2026/09","0.00","0.00","10.00","102.00","5.00","0.00","0.00","0.00","0.00","3.00"
"ｴｸﾞｾﾞF","752004","3","58","７５－２００４","IPｸﾞﾚｰ","プロパー","1","物流部倉庫","002D010","18.00","70.00","0.00","88.00","2120.00","186560","自社","2026/09","0.00","0.00","9.00","102.00","5.00","0.00","0.00","0.00","0.00","4.00"
"ｴｸﾞｾﾞF","752005","1","54","７５－２００５","IPﾌﾞﾗｳﾝ","プロパー","1","物流部倉庫","002D010","85.00","1.00","0.00","86.00","2076.00","178536","自社","2026/09","0.00","0.00","11.00","102.00","5.00","0.00","0.00","0.00","0.00","3.00"
"ｴｸﾞｾﾞF","752005","2","54","７５－２００５","IPｶﾞﾝﾒﾀﾙ","プロパー","1","物流部倉庫","002D010","87.00","0.00","1.00","88.00","2076.00","182688","自社","2026/09","0.00","0.00","9.00","102.00","5.00","0.00","0.00","0.00","0.00","2.00"
"ｴｸﾞｾﾞF","752005","3","54","７５－２００５","IPｸﾞﾚｰ","プロパー","1","物流部倉庫","002D010","89.00","1.00","0.00","90.00","2076.00","186840","自社","2026/09","0.00","0.00","7.00","102.00","5.00","0.00","0.00","0.00","0.00","2.00"
"ｴｸﾞｾﾞF","752006","1","55","７５－２００６","IPﾌﾞﾗｳﾝ","プロパー","1","物流部倉庫","002D010","0.00","0.00","121.00","121.00","2098.00","253858","自社","2026/09","0.00","0.00","6.00","132.00","5.00","0.00","0.00","0.00","0.00","3.00"
"ｴｸﾞｾﾞF","752006","2","55","７５－２００６","IPｶﾞﾝﾒﾀﾙ","プロパー","1","物流部倉庫","002D010","0.00","0.00","152.00","152.00","2098.00","318896","自社","2026/09","0.00","0.00","6.00","163.00","5.00","0.00","0.00","0.00","0.00","2.00"
"ｴｸﾞｾﾞF","752006","3","55","７５－２００６","IPｼｬｰﾘﾝｸﾞｸﾞﾚｰ","プロパー","1","物流部倉庫","002D010","0.00","0.00","144.00","144.00","2098.00","302112","自社","2026/09","0.00","0.00","5.00","154.00","5.00","0.00","0.00","0.00","0.00","2.00"
"ﾌﾞﾗﾝ ｳﾞｪｰﾙF","BV030","1","51","ＢＶ－０３０","ﾋﾟﾝｸ","プロパー","1","物流部倉庫","002D010","47.00","0.00","0.00","47.00","2120.00","99640","自社","2026/09","97.00","0.00","18.00","2.00","34.00","0.00","0.00","0.00","0.00","2.00"
"ﾌﾞﾗﾝ ｳﾞｪｰﾙF","BV030","2","51","ＢＶ－０３０","ﾛｰｽﾞﾋﾟﾝｸ","プロパー","1","物流部倉庫","002D010","48.00","0.00","0.00","48.00","2120.00","101760","自社","2026/09","90.00","0.00","10.00","2.00","34.00","0.00","0.00","0.00","0.00","3.00"
"ﾌﾞﾗﾝ ｳﾞｪｰﾙF","BV030","3","51","ＢＶ－０３０","ｴﾝｼﾞ","プロパー","1","物流部倉庫","002D010","32.00","0.00","0.00","32.00","2120.00","67840","自社","2026/09","80.00","0.00","16.00","2.00","34.00","0.00","0.00","0.00","0.00","2.00"
"ﾌﾞﾗﾝ ｳﾞｪｰﾙF","BV031","1","52","ＢＶ－０３１","ﾋﾟﾝｸ","プロパー","1","物流部倉庫","002D010","45.00","1.00","0.00","46.00","2140.00","98440","自社","2026/09","97.00","0.00","19.00","2.00","34.00","0.00","0.00","0.00","0.00","2.00"
"ﾌﾞﾗﾝ ｳﾞｪｰﾙF","BV031","2","52","ＢＶ－０３１","ﾛｰｽﾞﾋﾟﾝｸ","プロパー","1","物流部倉庫","002D010","43.00","0.00","0.00","43.00","2140.00","92020","自社","2026/09","89.00","0.00","14.00","2.00","34.00","0.00","0.00","0.00","0.00","2.00"
"ﾌﾞﾗﾝ ｳﾞｪｰﾙF","BV031","3","52","ＢＶ－０３１","ﾈｲﾋﾞｰ","プロパー","1","物流部倉庫","002D010","9.00","1.00","0.00","10.00","2140.00","21400","自社","2026/09","62.00","0.00","20.00","2.00","34.00","0.00","0.00","0.00","0.00","3.00"
"ﾌﾞﾗﾝ ｳﾞｪｰﾙF","BV032","1","54","ＢＶ－０３２","ﾋﾟﾝｸ","プロパー","1","物流部倉庫","002D010","52.00","1.00","0.00","53.00","2140.00","113420","自社","2026/09","104.00","0.00","19.00","2.00","34.00","0.00","0.00","0.00","0.00","2.00"
"ﾌﾞﾗﾝ ｳﾞｪｰﾙF","BV032","2","54","ＢＶ－０３２","ｴﾝｼﾞ","プロパー","1","物流部倉庫","002D010","51.00","0.00","0.00","51.00","2140.00","109140","自社","2026/09","96.00","0.00","13.00","2.00","34.00","0.00","0.00","0.00","0.00","3.00"
"ﾌﾞﾗﾝ ｳﾞｪｰﾙF","BV032","3","54","ＢＶ－０３２","ﾈｲﾋﾞｰ","プロパー","1","物流部倉庫","002D010","20.00","1.00","0.00","21.00","2140.00","44940","自社","2026/09","69.00","0.00","16.00","2.00","34.00","0.00","0.00","0.00","0.00","2.00"
"ﾌﾞﾗﾝ ｳﾞｪｰﾙF","BV033","1","53","ＢＶ－０３３","ｺﾞｰﾙﾄﾞ","プロパー","1","物流部倉庫","002D010","0.00","0.00","76.00","76.00","2346.00","178296","自社","2026/09","116.00","0.00","8.00","2.00","34.00","0.00","0.00","0.00","0.00","2.00"
"ﾌﾞﾗﾝ ｳﾞｪｰﾙF","BV033","2","53","ＢＶ－０３３","ﾋﾟﾝｸ","プロパー","1","物流部倉庫","002D010","0.00","0.00","89.00","89.00","2346.00","208794","自社","2026/09","140.00","0.00","19.00","2.00","34.00","0.00","0.00","0.00","0.00","2.00"
"ﾌﾞﾗﾝ ｳﾞｪｰﾙF","BV033","3","53","ＢＶ－０３３","ｴﾝｼﾞ","プロパー","1","物流部倉庫","002D010","0.00","0.00","115.00","115.00","2346.00","269790","自社","2026/09","155.00","0.00","8.00","2.00","34.00","0.00","0.00","0.00","0.00","3.00"
"ｼｪﾉﾝF","CHA102","1","48","ＣＨＡ－１０２","ｺｰﾗﾙﾋﾟﾝｸ･ｺﾞｰﾙﾄﾞ","プロパー","1","物流部倉庫","002D010","0.00","0.00","1.00","1.00","5175.00","5175","自社","2026/09","2.00","0.00","3.00","2.00","0.00","0.00","0.00","0.00","0.00","0.00"
"ｼｪﾉﾝF","CHA102","3","48","ＣＨＡ－１０２","ﾎﾜｲﾄｺﾞｰﾙﾄﾞ/ｶｰｷ･ﾎﾜｲﾄｺﾞｰﾙﾄﾞ","プロパー","1","物流部倉庫","002D010","29.00","0.00","10.00","39.00","5365.00","209235","自社","2026/09","10.00","0.00","1.00","30.00","0.00","0.00","0.00","0.00","0.00","0.00"
"ｼｪﾉﾝF","CHA103","4","49","ＣＨＡ－１０３","ｺｰﾗﾙﾋﾟﾝｸ･ｺﾞｰﾙﾄﾞ","プロパー","1","物流部倉庫","002D010","0.00","0.00","4.00","4.00","4927.00","19708","自社","2026/09","2.00","0.00","0.00","2.00","0.00","0.00","0.00","0.00","0.00","0.00"
"ｼｪﾉﾝF","CHA103","5","49","ＣＨＡ－１０３","ﾜｲﾝ･ｺﾞｰﾙﾄﾞ","プロパー","1","物流部倉庫","002D010","12.00","0.00","11.00","23.00","4827.00","111021","自社","2026/09","22.00","0.00","2.00","3.00","0.00","0.00","0.00","0.00","0.00","0.00"
"ｼｪﾉﾝF","CHA103","6","49","ＣＨＡ－１０３","ﾈｲﾋﾞｰ･ﾎﾜｲﾄｺﾞｰﾙﾄﾞ","プロパー","1","物流部倉庫","002D010","1.00","0.00","7.00","8.00","4827.00","38616","自社","2026/09","9.00","0.00","3.00","2.00","0.00","0.00","0.00","0.00","0.00","0.00"
"ｼｪﾉﾝF","CHA105","1","48","ＣＨＡ－１０５","ﾋﾟﾝｸ･ｺﾞｰﾙﾄﾞ","プロパー","1","物流部倉庫","002D010","0.00","0.00","16.00","16.00","4799.00","76784","自社","2026/09","16.00","0.00","1.00","1.00","0.00","0.00","0.00","0.00","0.00","0.00"
"ｼｪﾉﾝF","CHA105","2","48","ＣＨＡ－１０５","ﾓｶﾍﾞｰｼﾞｭ･ｺﾞｰﾙﾄﾞ","プロパー","1","物流部倉庫","002D010","0.00","0.00","20.00","20.00","5049.00","100980","自社","2026/09","21.00","0.00","2.00","1.00","0.00","0.00","0.00","0.00","0.00","0.00"
"ｼｪﾉﾝF","CHA105","3","48","ＣＨＡ－１０５","ﾜｲﾝ･ｺﾞｰﾙﾄﾞ","プロパー","1","物流部倉庫","002D010","0.00","0.00","26.00","26.00","4679.00","121654","自社","2026/09","26.00","0.00","1.00","1.00","0.00","0.00","0.00","0.00","0.00","0.00"
"ｼｪﾉﾝF","CHA106","1","49","ＣＨＡ－１０６","ｺｰﾗﾙﾋﾟﾝｸ･ｺﾞｰﾙﾄﾞ","プロパー","1","物流部倉庫","002D010","0.00","0.00","20.00","20.00","4646.00","92920","自社","2026/09","19.00","0.00","0.00","1.00","0.00","0.00","0.00","0.00","0.00","0.00"
"ｼｪﾉﾝF","CHA106","2","49","ＣＨＡ－１０６","ﾜｲﾝ･ｺﾞｰﾙﾄﾞ","プロパー","1","物流部倉庫","002D010","0.00","0.00","22.00","22.00","4596.00","101112","自社","2026/09","21.00","0.00","0.00","1.00","0.00","0.00","0.00","0.00","0.00","0.00"
"ｼｪﾉﾝF","CHA106","3","49","ＣＨＡ－１０６","ｶｰｷ･ｺﾞｰﾙﾄﾞ","プロパー","1","物流部倉庫","002D010","0.00","0.00","23.00","23.00","4596.00","105708","自社","2026/09","24.00","0.00","2.00","1.00","0.00","0.00","0.00","0.00","0.00","0.00"
"ｼｪﾉﾝF","CHA107","1","50","ＣＨＡ－１０７","ｺｰﾗﾙﾋﾟﾝｸ･ｺﾞｰﾙﾄﾞ","プロパー","1","物流部倉庫","002D010","24.00","0.00","32.00","56.00","5033.00","281848","自社","2026/09","56.00","0.00","3.00","3.00","0.00","0.00","0.00","0.00","0.00","0.00"
"ｼｪﾉﾝF","CHA107","2","50","ＣＨＡ－１０７","ﾓｶﾍﾞｰｼﾞｭ･ｺﾞｰﾙﾄﾞ","プロパー","1","物流部倉庫","002D010","13.00","0.00","28.00","41.00","5313.00","217833","自社","2026/09","42.00","0.00","3.00","2.00","0.00","0.00","0.00","0.00","0.00","0.00"
"ｼｪﾉﾝF","CHA107","3","50","ＣＨＡ－１０７","ﾜｲﾝ･ｺﾞｰﾙﾄﾞ","プロパー","1","物流部倉庫","002D010","40.00","0.00","27.00","67.00","4793.00","321131","自社","2026/09","68.00","0.00","4.00","3.00","0.00","0.00","0.00","0.00","0.00","0.00"
"ｼｪﾉﾝF","CHA108","1","51","ＣＨＡ－１０８","ｺｰﾗﾙﾋﾟﾝｸ･ｺﾞｰﾙﾄﾞ","プロパー","1","物流部倉庫","002D010","0.00","0.00","25.00","25.00","4433.00","110825","自社","2026/09","26.00","0.00","1.00","0.00","0.00","0.00","0.00","0.00","0.00","0.00"
"ｼｪﾉﾝF","CHA108","2","51","ＣＨＡ－１０８","ﾈｲﾋﾞｰ･ｺﾞｰﾙﾄﾞ","プロパー","1","物流部倉庫","002D010","0.00","0.00","24.00","24.00","4393.00","105432","自社","2026/09","24.00","0","0","0","0","0","0","0","0","0.00"
"ｼｪﾉﾝF","CHA108","3","51","ＣＨＡ－１０８","ﾊﾟｰﾌﾟﾙ･ｺﾞｰﾙﾄﾞ","プロパー","1","物流部倉庫","002D010","0.00","0.00","17.00","17.00","4393.00","74681","自社","2026/09","17.00","0","0","0","0","0","0","0","0","0.00"
"ﾏｰｸﾌｧｲﾌﾞ ﾊﾞｲ ﾏｻｷﾏﾂｼﾏF","M5001","1","57","Ｍ５－００１","ﾍｱﾗｲﾝｸﾞﾚｰ/ﾍｱﾗｲﾝｸﾞﾚｰ･ﾌﾞﾗｯｸ","プロパー","1","物流部倉庫","002D010","4.00","13.00","19.00","36.00","3680.00","132480","自社","2026/09","61.00","0.00","23.00","3.00","5.00","0.00","0.00","0.00","0.00","0.00"
"ﾏｰｸﾌｧｲﾌﾞ ﾊﾞｲ ﾏｻｷﾏﾂｼﾏF","M5001","2","57","Ｍ５－００１","ﾏｯﾄｶﾞﾝﾒﾀﾙ/ﾏｯﾄｶﾞﾝﾒﾀﾙ･ｺﾞｰﾙﾄﾞ","プロパー","1","物流部倉庫","002D010","11.00","13.00","18.00","42.00","3680.00","154560","自社","2026/09","67.00","0.00","23.00","3.00","5.00","0.00","0.00","0.00","0.00","0.00"
"ﾏｰｸﾌｧｲﾌﾞ ﾊﾞｲ ﾏｻｷﾏﾂｼﾏF","M5001","3","57","Ｍ５－００１","ﾎﾜｲﾄ/ｼﾙﾊﾞｰ","プロパー","1","物流部倉庫","002D010","0.00","13.00","16.00","29.00","3680.00","106720","自社","2026/09","42.00","0.00","7.00","1.00","7.00","0.00","0.00","0.00","0.00","0.00"
"ﾏｰｸﾌｧｲﾌﾞ ﾊﾞｲ ﾏｻｷﾏﾂｼﾏF","M5002","1","57","Ｍ５－００２","ﾍｱﾗｲﾝｼﾙﾊﾞｰ","プロパー","1","物流部倉庫","002D010","33.00","3.00","18.00","54.00","3335.00","180090","自社","2026/09","66.00","0.00","11.00","3.00","4.00","0.00","0.00","0.00","0.00","0.00"
"ﾏｰｸﾌｧｲﾌﾞ ﾊﾞｲ ﾏｻｷﾏﾂｼﾏF","M5002","2","57","Ｍ５－００２","ｸﾞﾚｰ","プロパー","1","物流部倉庫","002D010","72.00","3.00","17.00","92.00","3335.00","306820","自社","2026/09","105.00","0.00","12.00","3.00","4.00","0.00","0.00","0.00","0.00","0.00"
"ﾏｰｸﾌｧｲﾌﾞ ﾊﾞｲ ﾏｻｷﾏﾂｼﾏF","M5002","3","57","Ｍ５－００２","ﾌﾞﾗｯｸ","プロパー","1","物流部倉庫","002D010","30.00","3.00","18.00","51.00","3335.00","170085","自社","2026/09","68.00","0.00","15.00","3.00","5.00","0.00","0.00","0.00","0.00","0.00"
"ﾏｰｸﾌｧｲﾌﾞ ﾊﾞｲ ﾏｻｷﾏﾂｼﾏF","M5003","1","58","Ｍ５－００３","ｺﾞｰﾙﾄﾞ･ｶﾞﾝﾒﾀﾙ/ｶﾞﾝﾒﾀﾙ","プロパー","1","物流部倉庫","002D010","37.00","3.00","17.00","57.00","3404.00","194028","自社","2026/09","72.00","0.00","14.00","3.00","4.00","0.00","0.00","0.00","0.00","0.00"
"ﾏｰｸﾌｧｲﾌﾞ ﾊﾞｲ ﾏｻｷﾏﾂｼﾏF","M5003","2","58","Ｍ５－００３","ﾗｲﾄｸﾞﾚｰ･ﾈｲﾋﾞｰ","プロパー","1","物流部倉庫","002D010","19.00","3.00","18.00","40.00","3404.00","136160","自社","2026/09","58.00","0.00","16.00","3.00","5.00","0.00","0.00","0.00","0.00","0.00"
"ﾏｰｸﾌｧｲﾌﾞ ﾊﾞｲ ﾏｻｷﾏﾂｼﾏF","M5003","3","58","Ｍ５－００３","ﾌﾞﾗｯｸ･ｸﾞﾚｰ","プロパー","1","物流部倉庫","002D010","62.00","3.00","19.00","84.00","3404.00","285936","自社","2026/09","98.00","0.00","13.00","3.00","4.00","0.00","0.00","0.00","0.00","0.00"
"ﾏｰｸﾌｧｲﾌﾞ ﾊﾞｲ ﾏｻｷﾏﾂｼﾏF","M5004","1","57","Ｍ５－００４","ﾗｲﾄｸﾞﾚｰ","プロパー","1","物流部倉庫","002D010","15.00","14.00","19.00","48.00","5060.00","242880","自社","2026/09","61.00","0.00","12.00","4.00","5.00","0.00","0.00","0.00","0.00","0.00"
"ﾏｰｸﾌｧｲﾌﾞ ﾊﾞｲ ﾏｻｷﾏﾂｼﾏF","M5004","2","57","Ｍ５－００４","ｶﾞﾝﾒﾀﾙ･ｺﾞｰﾙﾄﾞ","プロパー","1","物流部倉庫","002D010","0.00","16.00","15.00","31.00","5060.00","156860","自社","2026/09","34.00","0.00","15.00","16.00","4.00","0.00","0.00","0.00","0.00","0.00"
"ﾏｰｸﾌｧｲﾌﾞ ﾊﾞｲ ﾏｻｷﾏﾂｼﾏF","M5004","3","57","Ｍ５－００４","ﾏｯﾄﾌﾞﾗｯｸ･ｸﾞﾚｰ","プロパー","1","物流部倉庫","002D010","47.00","14.00","20.00","81.00","5060.00","409860","自社","2026/09","121.00","0.00","36.00","1.00","5.00","0.00","0.00","0.00","0.00","0.00"
"ﾏｰｸﾌｧｲﾌﾞ ﾊﾞｲ ﾏｻｷﾏﾂｼﾏF","M5005","1","57","Ｍ５－００５","ｺﾞｰﾙﾄﾞ･ﾌﾞﾗｯｸｸﾞﾗﾃﾞｰｼｮﾝ","プロパー","1","物流部倉庫","002D010","0.00","16.00","11.00","27.00","4924.00","132948","自社","2026/09","33.00","0.00","14.00","17.00","9.00","0.00","0.00","0.00","0.00","0.00"
"ﾏｰｸﾌｧｲﾌﾞ ﾊﾞｲ ﾏｻｷﾏﾂｼﾏF","M5005","2","57","Ｍ５－００５","ｼﾙﾊﾞｰ","プロパー","1","物流部倉庫","002D010","0.00","13.00","14.00","27.00","4924.00","132948","自社","2026/09","43.00","0.00","24.00","12.00","4.00","0.00","0.00","0.00","0.00","0.00"
"ﾏｰｸﾌｧｲﾌﾞ ﾊﾞｲ ﾏｻｷﾏﾂｼﾏF","M5005","3","57","Ｍ５－００５","ﾌﾞﾗｯｸ･ｸﾞﾚｰ","プロパー","1","物流部倉庫","002D010","16.00","14.00","19.00","49.00","4924.00","241276","自社","2026/09","58.00","0.00","23.00","20.00","6.00","0.00","0.00","0.00","0.00","0.00"
"ﾏｰｸﾌｧｲﾌﾞ ﾊﾞｲ ﾏｻｷﾏﾂｼﾏF","M5006","1","56","Ｍ５－００６","ﾍｱﾗｲﾝｼﾙﾊﾞｰ･ﾍｱﾗｲﾝｶﾞﾝﾒﾀﾙ","プロパー","1","物流部倉庫","002D010","49.00","13.00","19.00","81.00","4796.00","388476","自社","2026/09","93.00","0.00","20.00","13.00","5.00","0.00","0.00","0.00","0.00","0.00"
"ﾏｰｸﾌｧｲﾌﾞ ﾊﾞｲ ﾏｻｷﾏﾂｼﾏF","M5006","2","56","Ｍ５－００６","ﾌﾞﾗｳﾝ","プロパー","1","物流部倉庫","002D010","0.00","13.00","0.00","13.00","4796.00","62348","自社","2026/09","23.00","0.00","20.00","16.00","6.00","0.00","0.00","0.00","0.00","0.00"
"ﾏｰｸﾌｧｲﾌﾞ ﾊﾞｲ ﾏｻｷﾏﾂｼﾏF","M5006","3","56","Ｍ５－００６","ｸﾞﾚｰ","プロパー","1","物流部倉庫","002D010","40.00","13.00","18.00","71.00","4796.00","340516","自社","2026/09","65.00","0.00","12.00","24.00","6.00","0.00","0.00","0.00","0.00","0.00"
"ﾏｰｼﾞ･ﾏｻﾄﾓF","MJM096","2","55","ＭＪＭ－０９６","ﾌﾞﾗｯｸ(ｸﾞﾚｰ)","プロパー","1","物流部倉庫","002D010","0.00","0.00","2.00","2.00","4253.00","8506","自社","2026/09","2.00","0","0","0","0","0","0","0","0","0.00"
"ﾏｰｼﾞ･ﾏｻﾄﾓF","MJM097","1","56","ＭＪＭ－０９７","ﾌﾞﾙｰﾃﾞﾐ(ｸﾞﾚｰ)","プロパー","1","物流部倉庫","002D010","0.00","0.00","2.00","2.00","4253.00","8506","自社","2026/09","2.00","0","0","0","0","0","0","0","0","0.00"
"ﾏｰｼﾞ･ﾏｻﾄﾓF","MJM097","2","56","ＭＪＭ－０９７","ﾌﾞﾗｯｸ(ｸﾞﾚｰ)","プロパー","1","物流部倉庫","002D010","0.00","0.00","1.00","1.00","4253.00","4253","自社","2026/09","2.00","0.00","1.00","0.00","0.00","0.00","0.00","0.00","0.00","0.00"
"ﾏｰｼﾞ･ﾏｻﾄﾓF","MJM098","1","48","ＭＪＭ－０９８","ﾌﾞﾗｳﾝﾃﾞﾐ/ﾌﾞﾗｳﾝﾃﾞﾐ･ｸﾘｱ","プロパー","1","物流部倉庫","002D010","0.00","0.00","1.00","1.00","4403.00","4403","自社","2026/09","2.00","0.00","1.00","0.00","0.00","0.00","0.00","0.00","0.00","0.00"
"ﾏｰｼﾞ･ﾏｻﾄﾓF","MJM098","2","48","ＭＪＭ－０９８","ﾌﾞﾗｯｸ/ﾌﾞﾗｯｸ･ｸﾘｱ","プロパー","1","物流部倉庫","002D010","0.00","0.00","3.00","3.00","4273.00","12819","自社","2026/09","3.00","0","0","0","0","0","0","0","0","0.00"
"ﾏｰｼﾞ･ﾏｻﾄﾓF","MJM099","2","52","ＭＪＭ－０９９","ﾌﾞﾗｯｸ/ﾌﾞﾗｯｸ･ｸﾘｱ","プロパー","1","物流部倉庫","002D010","0.00","0.00","1.00","1.00","4403.00","4403","自社","2026/09","2.00","0.00","1.00","0.00","0.00","0.00","0.00","0.00","0.00","0.00"
"ﾏｰｼﾞ･ﾏｻﾄﾓSG","MJS901","1","0","ＭＪＳ－９０１","ﾌﾞﾗｯｸ(ｼﾙﾊﾞｰ)/ﾌﾞﾗｯｸ","プロパー","1","物流部倉庫","002D010","0.00","0.00","46.00","46.00","2145.00","98670","自社","2026/09","46.00","0","0","0","0","0","0","0","0","0.00"
"ﾋﾞｰﾑｽﾃﾞｻﾞｲﾝF need LINE","BDN7001","1","50","ＢＤＮ－７００１","ﾁｬｺｰﾙ","プロパー","1","物流部倉庫","002E010","0.00","0.00","19.00","19.00","1188.00","22572","自社","2026/09","40.00","0.00","21.00","0.00","0.00","0.00","0.00","0.00","0.00","0.00"
"ﾋﾞｰﾑｽﾃﾞｻﾞｲﾝF need LINE","BDN7001","2","50","ＢＤＮ－７００１","ﾐﾄﾞﾙﾌﾞﾗｳﾝ","プロパー","1","物流部倉庫","002E010","0.00","0.00","22.00","22.00","1188.00","26136","自社","2026/09","43.00","0.00","21.00","0.00","0.00","0.00","0.00","0.00","0.00","0.00"
"ﾋﾞｰﾑｽﾃﾞｻﾞｲﾝF need LINE","BDN7001","4","50","ＢＤＮ－７００１","ﾗｲﾄﾋﾟﾝｸ","プロパー","1","物流部倉庫","002E010","20.00","0.00","0.00","20.00","1188.00","23760","自社","2026/09","22.00","0.00","2.00","0.00","0.00","0.00","0.00","0.00","0.00","0.00"
"ﾋﾞｰﾑｽﾃﾞｻﾞｲﾝF need LINE","BDN7001","5","50","ＢＤＮ－７００１","ｽﾓｰｸﾌﾞﾗｳﾝ","プロパー","1","物流部倉庫","002E010","0.00","0.00","19.00","19.00","1188.00","22572","自社","2026/09","41.00","0.00","22.00","0.00","0.00","0.00","0.00","0.00","0.00","0.00"
"ﾋﾞｰﾑｽﾃﾞｻﾞｲﾝF need LINE","BDN7001","6","50","ＢＤＮ－７００１","ﾓｽｸﾞﾘｰﾝ","プロパー","1","物流部倉庫","002E010","11.00","0.00","23.00","34.00","1188.00","40392","自社","2026/09","70.00","0.00","36.00","1.00","1.00","0.00","0.00","0.00","0.00","0.00"
"ﾋﾞｰﾑｽﾃﾞｻﾞｲﾝF need LINE","BDN7002","1","51","ＢＤＮ－７００２","ﾁｬｺｰﾙ","プロパー","1","物流部倉庫","002E010","0.00","0.00","27.00","27.00","1188.00","32076","自社","2026/09","48.00","0.00","21.00","0.00","0.00","0.00","0.00","0.00","0.00","0.00"
"ﾋﾞｰﾑｽﾃﾞｻﾞｲﾝF need LINE","BDN7002","2","51","ＢＤＮ－７００２","ﾐﾄﾞﾙﾌﾞﾗｳﾝ","プロパー","1","物流部倉庫","002E010","0.00","0.00","20.00","20.00","1188.00","23760","自社","2026/09","42.00","0.00","22.00","0.00","0.00","0.00","0.00","0.00","0.00","0.00"
"ﾋﾞｰﾑｽﾃﾞｻﾞｲﾝF need LINE","BDN7002","4","51","ＢＤＮ－７００２","ﾗｲﾄﾋﾟﾝｸ","プロパー","1","物流部倉庫","002E010","14.00","0.00","0.00","14.00","1188.00","16632","自社","2026/09","20.00","0.00","6.00","0.00","0.00","0.00","0.00","0.00","0.00","0.00"
"ﾋﾞｰﾑｽﾃﾞｻﾞｲﾝF need LINE","BDN7002","5","51","ＢＤＮ－７００２","ｽﾓｰｸﾌﾞﾗｳﾝ","プロパー","1","物流部倉庫","002E010","0.00","0.00","19.00","19.00","1188.00","22572","自社","2026/09","40.00","0.00","21.00","0.00","0.00","0.00","0.00","0.00","0.00","0.00"
"ﾋﾞｰﾑｽﾃﾞｻﾞｲﾝF need LINE","BDN7002","6","51","ＢＤＮ－７００２","ﾓｽｸﾞﾘｰﾝ","プロパー","1","物流部倉庫","002E010","0.00","0.00","19.00","19.00","1188.00","22572","自社","2026/09","40.00","0.00","21.00","0.00","0.00","0.00","0.00","0.00","0.00","0.00"
"ﾋﾞｰﾑｽﾃﾞｻﾞｲﾝF need LINE","BDN7003","1","49","ＢＤＮ－７００３","ﾁｬｺｰﾙ","プロパー","1","物流部倉庫","002E010","1.00","0.00","20.00","21.00","1188.00","24948","自社","2026/09","41.00","0.00","21.00","1.00","0.00","0.00","0.00","0.00","0.00","0.00"
"ﾋﾞｰﾑｽﾃﾞｻﾞｲﾝF need LINE","BDN7003","2","49","ＢＤＮ－７００３","ﾐﾄﾞﾙﾌﾞﾗｳﾝ","プロパー","1","物流部倉庫","002E010","0.00","1.00","20.00","21.00","1188.00","24948","自社","2026/09","43.00","0.00","22.00","0.00","0.00","0.00","0.00","0.00","0.00","0.00"
"ﾋﾞｰﾑｽﾃﾞｻﾞｲﾝF need LINE","BDN7003","4","49","ＢＤＮ－７００３","ﾗｲﾄﾋﾟﾝｸ","プロパー","1","物流部倉庫","002E010","49.00","0.00","0.00","49.00","1188.00","58212","自社","2026/09","53.00","0.00","4.00","0.00","0.00","0.00","0.00","0.00","0.00","0.00"
"ﾋﾞｰﾑｽﾃﾞｻﾞｲﾝF need LINE","BDN7003","5","49","ＢＤＮ－７００３","ｽﾓｰｸﾌﾞﾗｳﾝ","プロパー","1","物流部倉庫","002E010","0.00","0.00","20.00","20.00","1188.00","23760","自社","2026/09","41.00","0.00","21.00","0.00","0.00","0.00","0.00","0.00","0.00","0.00"
"ﾋﾞｰﾑｽﾃﾞｻﾞｲﾝF need LINE","BDN7003","6","49","ＢＤＮ－７００３","ﾓｽｸﾞﾘｰﾝ","プロパー","1","物流部倉庫","002E010","0.00","1.00","18.00","19.00","1188.00","22572","自社","2026/09","21.00","0.00","2.00","0.00","0.00","0.00","0.00","0.00","0.00","0.00"
"ﾋﾞｰﾑｽﾃﾞｻﾞｲﾝF need LINE","BDN7004","4","48","ＢＤＮ－７００４","ﾗｲﾄﾋﾟﾝｸ","プロパー","1","物流部倉庫","002E010","35.00","0.00","0.00","35.00","1188.00","41580","自社","2026/09","35.00","0","0","0","0","0","0","0","0","0.00"
"ﾋﾞｰﾑｽﾃﾞｻﾞｲﾝF need LINE","BDN7004","8","48","ＢＤＮ－７００４","ｷﾊｸ","プロパー","1","物流部倉庫","002E010","2.00","0.00","0.00","2.00","1188.00","2376","自社","2026/09","2.00","0","0","0","0","0","0","0","0","0.00"
"ﾋﾞｰﾑｽﾃﾞｻﾞｲﾝF need LINE","BDN7005","1","44","ＢＤＮ－７００５","ﾁｬｺｰﾙ","プロパー","1","物流部倉庫","002E010","6.00","0.00","0.00","6.00","1188.00","7128","自社","2026/09","9.00","0.00","2.00","0.00","1.00","0.00","0.00","0.00","0.00","0.00"
"ﾋﾞｰﾑｽﾃﾞｻﾞｲﾝF need LINE","BDN7005","3","44","ＢＤＮ－７００５","ﾗｲﾄｸﾞﾚｰ","プロパー","1","物流部倉庫","002E010","52.00","0.00","0.00","52.00","1188.00","61776","自社","2026/09","53.00","0.00","0.00","0.00","1.00","0.00","0.00","0.00","0.00","0.00"
"ﾋﾞｰﾑｽﾃﾞｻﾞｲﾝF need LINE","BDN7005","4","44","ＢＤＮ－７００５","ﾗｲﾄﾋﾟﾝｸ","プロパー","1","物流部倉庫","002E010","56.00","0.00","0.00","56.00","1188.00","66528","自社","2026/09","56.00","0","0","0","0","0","0","0","0","0.00"
"ﾋﾞｰﾑｽﾃﾞｻﾞｲﾝF need LINE","BDN7005","5","44","ＢＤＮ－７００５","ｽﾓｰｸﾌﾞﾗｳﾝ","プロパー","1","物流部倉庫","002E010","33.00","0.00","0.00","33.00","1188.00","39204","自社","2026/09","37.00","0.00","3.00","0.00","1.00","0.00","0.00","0.00","0.00","0.00"
"ﾋﾞｰﾑｽﾃﾞｻﾞｲﾝF need LINE","BDN7005","6","44","ＢＤＮ－７００５","ﾓｽｸﾞﾘｰﾝ","プロパー","1","物流部倉庫","002E010","67.00","0.00","0.00","67.00","1188.00","79596","自社","2026/09","67.00","0","0","0","0","0","0","0","0","0.00"
"ﾋﾞｰﾑｽﾃﾞｻﾞｲﾝF need LINE","BDN7005","8","44","ＢＤＮ－７００５","ｷﾊｸ","プロパー","1","物流部倉庫","002E010","28.00","0.00","0.00","28.00","1188.00","33264","自社","2026/09","29.00","0.00","1.00","0.00","0.00","0.00","0.00","0.00","0.00","0.00"
"ﾋﾞｰﾑｽﾃﾞｻﾞｲﾝF need LINE","BDN7006","3","45","ＢＤＮ－７００６","ﾗｲﾄｸﾞﾚｰ","プロパー","1","物流部倉庫","002E010","9.00","0.00","0.00","9.00","1188.00","10692","自社","2026/09","10.00","0.00","1.00","0.00","0.00","0.00","0.00","0.00","0.00","0.00"
"ﾋﾞｰﾑｽﾃﾞｻﾞｲﾝF need LINE","BDN7006","4","45","ＢＤＮ－７００６","ﾗｲﾄﾋﾟﾝｸ","プロパー","1","物流部倉庫","002E010","20.00","0.00","0.00","20.00","1188.00","23760","自社","2026/09","20.00","0","0","0","0","0","0","0","0","0.00"
"ﾋﾞｰﾑｽﾃﾞｻﾞｲﾝF need LINE","BDN7006","6","45","ＢＤＮ－７００６","ﾓｽｸﾞﾘｰﾝ","プロパー","1","物流部倉庫","002E010","1.00","0.00","0.00","1.00","1188.00","1188","自社","2026/09","6.00","0.00","4.00","0.00","1.00","0.00","0.00","0.00","0.00","0.00"
"ﾋﾞｰﾑｽﾃﾞｻﾞｲﾝF need LINE","BDN7006","8","45","ＢＤＮ－７００６","ｷﾊｸ","プロパー","1","物流部倉庫","002E010","20.00","0.00","0.00","20.00","1188.00","23760","自社","2026/09","20.00","0","0","0","0","0","0","0","0","0.00"
"ﾋﾞｰﾑｽﾃﾞｻﾞｲﾝF need LINE","BDN7007","1","52","ＢＤＮ－７００７","ﾁｬｺｰﾙ","プロパー","1","物流部倉庫","002E010","0.00","0.00","20.00","20.00","1188.00","23760","自社","2026/09","28.00","0.00","8.00","0.00","0.00","0.00","0.00","0.00","0.00","0.00"
"ﾋﾞｰﾑｽﾃﾞｻﾞｲﾝF need LINE","BDN7007","2","52","ＢＤＮ－７００７","ﾐﾄﾞﾙﾌﾞﾗｳﾝ","プロパー","1","物流部倉庫","002E010","35.00","0.00","23.00","58.00","1188.00","68904","自社","2026/09","63.00","0.00","5.00","0.00","0.00","0.00","0.00","0.00","0.00","0.00"
"ﾋﾞｰﾑｽﾃﾞｻﾞｲﾝF need LINE","BDN7007","4","52","ＢＤＮ－７００７","ﾗｲﾄﾋﾟﾝｸ","プロパー","1","物流部倉庫","002E010","1.00","0.00","0.00","1.00","1188.00","1188","自社","2026/09","1.00","0","0","0","0","0","0","0","0","0.00"
"ﾋﾞｰﾑｽﾃﾞｻﾞｲﾝF need LINE","BDN7007","5","52","ＢＤＮ－７００７","ｽﾓｰｸﾌﾞﾗｳﾝ","プロパー","1","物流部倉庫","002E010","34.00","0.00","28.00","62.00","1188.00","73656","自社","2026/09","74.00","0.00","12.00","0.00","0.00","0.00","0.00","0.00","0.00","0.00"
"ﾋﾞｰﾑｽﾃﾞｻﾞｲﾝF need LINE","BDN7007","6","52","ＢＤＮ－７００７","ﾓｽｸﾞﾘｰﾝ","プロパー","1","物流部倉庫","002E010","36.00","0.00","48.00","84.00","1188.00","99792","自社","2026/09","92.00","0.00","8.00","0.00","0.00","0.00","0.00","0.00","0.00","0.00"
"ﾋﾞｰﾑｽﾃﾞｻﾞｲﾝF need LINE","BDN7007","8","52","ＢＤＮ－７００７","ｷﾊｸ","プロパー","1","物流部倉庫","002E010","9.00","0.00","0.00","9.00","1188.00","10692","自社","2026/09","9.00","0","0","0","0","0","0","0","0","0.00"
"ﾋﾞｰﾑｽﾃﾞｻﾞｲﾝF need LINE","BDN7008","1","49","ＢＤＮ－７００８","ﾁｬｺｰﾙ","プロパー","1","物流部倉庫","002E010","1.00","0.00","3.00","4.00","1188.00","4752","自社","2026/09","3.00","0.00","0.00","1.00","0.00","0.00","0.00","0.00","0.00","0.00"
"ﾋﾞｰﾑｽﾃﾞｻﾞｲﾝF need LINE","BDN7008","2","49","ＢＤＮ－７００８","ﾐﾄﾞﾙﾌﾞﾗｳﾝ","プロパー","1","物流部倉庫","002E010","69.00","0.00","6.00","75.00","1188.00","89100","自社","2026/09","83.00","0.00","8.00","0.00","0.00","0.00","0.00","0.00","0.00","0.00"
"ﾋﾞｰﾑｽﾃﾞｻﾞｲﾝF need LINE","BDN7008","5","49","ＢＤＮ－７００８","ｽﾓｰｸﾌﾞﾗｳﾝ","プロパー","1","物流部倉庫","002E010","0.00","0.00","5.00","5.00","1188.00","5940","自社","2026/09","5.00","0","0","0","0","0","0","0","0","0.00"
"ﾋﾞｰﾑｽﾃﾞｻﾞｲﾝF need LINE","BDN7008","6","49","ＢＤＮ－７００８","ﾓｽｸﾞﾘｰﾝ","プロパー","1","物流部倉庫","002E010","0.00","0.00","2.00","2.00","1188.00","2376","自社","2026/09","2.00","0","0","0","0","0","0","0","0","0.00"
"ﾋﾞｰﾑｽﾃﾞｻﾞｲﾝF need LINE","BDN7008","8","49","ＢＤＮ－７００８","ｷﾊｸ","プロパー","1","物流部倉庫","002E010","6.00","0.00","0.00","6.00","1188.00","7128","自社","2026/09","7.00","0.00","1.00","0.00","0.00","0.00","0.00","0.00","0.00","0.00"
"ﾏｻｷﾏﾂｼﾏF","MF1195","2","58","ＭＦ－１１９５","ｶﾞﾝﾒﾀﾙ･ｼﾙﾊﾞｰ/ｼﾙﾊﾞｰ･ﾌﾞﾗｯｸﾎﾞﾙﾄﾞｰ","プロパー","1","物流部倉庫","002E010","0.00","0.00","3.00","3.00","5265.00","15795","自社","2026/09","3.00","0","0","0","0","0","0","0","0","0.00"
"ﾏｻｷﾏﾂｼﾏF","MF1195","3","58","ＭＦ－１１９５","ﾌﾞﾙｰｸﾞﾚｰ/ｼﾙﾊﾞｰ･ﾀﾞｰｸﾌﾞﾙｰ","プロパー","1","物流部倉庫","002E010","0.00","0.00","4.00","4.00","5265.00","21060","自社","2026/09","4.00","0","0","0","0","0","0","0","0","0.00"
"ﾏｻｷﾏﾂｼﾏF","MF1195","4","58","ＭＦ－１１９５","ﾌﾞﾗｯｸ･ｺﾞｰﾙﾄﾞ/ｺﾞｰﾙﾄﾞ･ﾌﾞﾗｯｸ","プロパー","1","物流部倉庫","002E010","0.00","0.00","3.00","3.00","5265.00","15795","自社","2026/09","3.00","0","0","0","0","0","0","0","0","0.00"
"ﾏｻｷﾏﾂｼﾏF","MF1203","3","57","ＭＦ－１２０３","ｼﾙﾊﾞｰ/ﾌﾞﾙｰｸﾞﾚｰ･ｼﾙﾊﾞｰ","プロパー","1","物流部倉庫","002E010","0.00","1.00","0.00","1.00","4535.00","4535","自社","2026/09","1.00","0","0","0","0","0","0","0","0","0.00"
"ﾏｻｷﾏﾂｼﾏF","MF1238","4","59","ＭＦ－１２３８","ﾌﾞﾗｯｸ･ｸﾞﾚｰ","プロパー","1","物流部倉庫","002E010","1.00","0.00","0.00","1.00","5840.00","5840","自社","2026/09","1.00","0","0","0","0","0","0","0","0","0.00"
"ﾏｻｷﾏﾂｼﾏF","MF1251","1","58","ＭＦ－１２５１","ｼｬﾝﾊﾟﾝ･ﾌﾞﾗｯｸ","プロパー","1","物流部倉庫","002E010","5.00","1.00","27.00","33.00","4960.00","163680","自社","2026/09","36.00","0.00","1.00","0.00","2.00","0.00","0.00","0.00","0.00","0.00"
"ﾏｻｷﾏﾂｼﾏF","MF1251","2","58","ＭＦ－１２５１","ｼﾙﾊﾞｰ","プロパー","1","物流部倉庫","002E010","2.00","1.00","30.00","33.00","4780.00","157740","自社","2026/09","37.00","0.00","2.00","0.00","2.00","0.00","0.00","0.00","0.00","0.00"
"ﾏｻｷﾏﾂｼﾏF","MF1251","4","58","ＭＦ－１２５１","ﾈｲﾋﾞｰ･ﾗｲﾄｸﾞﾚｰ","プロパー","1","物流部倉庫","002E010","0.00","0.00","18.00","18.00","4980.00","89640","自社","2026/09","21.00","0.00","2.00","0.00","1.00","0.00","0.00","0.00","0.00","0.00"
"ﾏｻｷﾏﾂｼﾏF","MF1252","1","58","ＭＦ－１２５２","ﾗｲﾄｸﾞﾚｰ･ﾈｲﾋﾞｰ","プロパー","1","物流部倉庫","002E010","2.00","0.00","0.00","2.00","3990.00","7980","自社","2026/09","2.00","0","0","0","0","0","0","0","0","0.00"
"ﾏｻｷﾏﾂｼﾏF","MF1252","3","58","ＭＦ－１２５２","ﾌﾞﾗｯｸ･ﾗｲﾄｸﾞﾚｰ","プロパー","1","物流部倉庫","002E010","2.00","0.00","0.00","2.00","3810.00","7620","自社","2026/09","2.00","0","0","0","0","0","0","0","0","0.00"
"ﾏｻｷﾏﾂｼﾏF","MF1255","3","58","ＭＦ－１２５５","ﾗｲﾄｸﾞﾚｰ･ﾈｲﾋﾞｰ","プロパー","1","物流部倉庫","002E010","0.00","1.00","0.00","1.00","5235.00","5235","自社","2026/09","1.00","0","0","0","0","0","0","0","0","0.00"
"ﾏｻｷﾏﾂｼﾏF","MF1256","4","57","ＭＦ－１２５６","ﾎﾜｲﾄﾊﾟｰﾙ","プロパー","1","物流部倉庫","002E010","0.00","1.00","0.00","1.00","4580.00","4580","自社","2026/09","1.00","0","0","0","0","0","0","0","0","0.00"
"ﾏｻｷﾏﾂｼﾏF","MF1257","2","57","ＭＦ－１２５７","ﾈｲﾋﾞｰｻｻ/ﾈｲﾋﾞｰ･ｼﾙﾊﾞｰ","プロパー","1","物流部倉庫","002E010","0.00","1.00","0.00","1.00","4025.00","4025","自社","2026/09","1.00","0","0","0","0","0","0","0","0","0.00"
"ﾏｻｷﾏﾂｼﾏF","MF1258","2","58","ＭＦ－１２５８","ﾗｲﾄｸﾞﾚｰ/ﾌﾞﾗｯｸ","プロパー","1","物流部倉庫","002E010","1.00","0.00","0.00","1.00","4941.00","4941","自社","2026/09","1.00","0","0","0","0","0","0","0","0","0.00"
"ﾏｻｷﾏﾂｼﾏF","MF1259","1","58","ＭＦ－１２５９","ﾎﾜｲﾄｺﾞｰﾙﾄﾞ","プロパー","1","物流部倉庫","002E010","0.00","4.00","43.00","47.00","5465.00","256855","自社","2026/09","52.00","0.00","5.00","0.00","0.00","0.00","0.00","0.00","0.00","0.00"
"ﾏｻｷﾏﾂｼﾏF","MF1259","3","58","ＭＦ－１２５９","ﾗｲﾄｸﾞﾚｰ･ﾌﾞﾗｯｸ","プロパー","1","物流部倉庫","002E010","0.00","3.00","112.00","115.00","5740.00","660100","自社","2026/09","119.00","0.00","4.00","0.00","0.00","0.00","0.00","0.00","0.00","0.00"
"ﾏｻｷﾏﾂｼﾏF","MF1259","4","58","ＭＦ－１２５９","ｶﾞﾝﾒﾀﾙ･ｼﾙﾊﾞｰ","プロパー","1","物流部倉庫","002E010","0.00","2.00","84.00","86.00","5810.00","499660","自社","2026/09","89.00","0.00","3.00","0.00","0.00","0.00","0.00","0.00","0.00","0.00"
"ﾏｻｷﾏﾂｼﾏF","MF1261M","1","58","ＭＦ－１２６１Ｍ","ﾗｲﾄｸﾞﾚｰ","プロパー","1","物流部倉庫","002E010","0.00","0.00","10.00","10.00","5840.00","58400","自社","2026/09","10.00","0","0","0","0","0","0","0","0","0.00"
"ﾏｻｷﾏﾂｼﾏF","MF1261M","2","58","ＭＦ－１２６１Ｍ","ﾌﾞﾗｯｸﾎﾞﾙﾄﾞｰ","プロパー","1","物流部倉庫","002E010","1.00","2.00","7.00","10.00","5730.00","57300","自社","2026/09","11.00","0.00","1.00","0.00","0.00","0.00","0.00","0.00","0.00","0.00"
"ﾏｻｷﾏﾂｼﾏF","MF1261M","4","58","ＭＦ－１２６１Ｍ","ﾌﾞﾗｯｸ･ﾗｲﾄｸﾞﾚｰ","プロパー","1","物流部倉庫","002E010","0.00","1.00","4.00","5.00","6170.00","30850","自社","2026/09","7.00","0.00","1.00","0.00","1.00","0.00","0.00","0.00","0.00","0.00"
"ﾏｻｷﾏﾂｼﾏF","MF1265","1","57","ＭＦ－１２６５","ｼﾙﾊﾞｰ/ﾎﾜｲﾄﾊﾟｰﾙﾌﾞﾛｯｸ","プロパー","1","物流部倉庫","002E010","8.00","1.00","6.00","15.00","4641.00","69615","自社","2026/09","19.00","0.00","1.00","1.00","4.00","0.00","0.00","0.00","0.00","0.00"
"ﾏｻｷﾏﾂｼﾏF","MF1265","2","57","ＭＦ－１２６５","ﾌﾞﾙｰｸﾞﾚｰ/ﾈｲﾋﾞｰｻｻ","プロパー","1","物流部倉庫","002E010","5.00","2.00","0.00","7.00","4711.00","32977","自社","2026/09","12.00","0.00","1.00","0.00","4.00","0.00","0.00","0.00","0.00","0.00"
"ﾏｻｷﾏﾂｼﾏF","MF1265","3","57","ＭＦ－１２６５","ｶﾞﾝﾒﾀﾙ･ｼﾙﾊﾞｰ/ｸﾞﾚｰｻｻ","プロパー","1","物流部倉庫","002E010","0.00","0.00","5.00","5.00","5141.00","25705","自社","2026/09","9.00","0.00","6.00","2.00","0.00","0.00","0.00","0.00","0.00","0.00"
"ﾏｻｷﾏﾂｼﾏF","MF1265","4","57","ＭＦ－１２６５","ﾎﾜｲﾄﾊﾟｰﾙ/ﾎﾜｲﾄ","プロパー","1","物流部倉庫","002E010","33.00","3.00","16.00","52.00","4801.00","249652","自社","2026/09","55.00","0.00","3.00","1.00","1.00","0.00","0.00","0.00","0.00","0.00"
"ﾏｻｷﾏﾂｼﾏF","MF1266","1","57","ＭＦ－１２６６","ｼｬﾝﾊﾟﾝ/ﾌﾞﾗｯｸ","プロパー","1","物流部倉庫","002E010","78.00","0.00","7.00","85.00","6005.00","510425","自社","2026/09","93.00","0.00","5.00","3.00","6.00","0.00","0.00","0.00","0.00","1.00"
"ﾏｻｷﾏﾂｼﾏF","MF1266","2","57","ＭＦ－１２６６","ｼﾙﾊﾞｰ","プロパー","1","物流部倉庫","002E010","90.00","0.00","4.00","94.00","5604.00","526776","自社","2026/09","99.00","0.00","9.00","5.00","1.00","0.00","0.00","0.00","0.00","1.00"
"ﾏｻｷﾏﾂｼﾏF","MF1266","3","57","ＭＦ－１２６６","ﾗｲﾄｸﾞﾚｰ/ﾈｲﾋﾞｰ","プロパー","1","物流部倉庫","002E010","17.00","0.00","5.00","22.00","5674.00","124828","自社","2026/09","23.00","0.00","4.00","4.00","1.00","0.00","0.00","0.00","0.00","1.00"
"ﾏｻｷﾏﾂｼﾏF","MF1266","4","57","ＭＦ－１２６６","ｶﾞﾝﾒﾀﾙ･ｼﾙﾊﾞｰ","プロパー","1","物流部倉庫","002E010","98.00","0.00","6.00","104.00","6024.00","626496","自社","2026/09","110.00","0.00","5.00","4.00","5.00","0.00","0.00","0.00","0.00","1.00"
"ﾏｻｷﾏﾂｼﾏF","MF1266","5","57","ＭＦ－１２６６","ﾗｲﾄｸﾞﾚｰ/ﾗｲﾄｸﾞﾚｰ･ﾌﾞﾗｯｸｸﾞﾗﾃﾞｰｼｮﾝ","プロパー","1","物流部倉庫","002E010","52.00","5.00","0.00","57.00","6500.00","370500","自社","2026/09","65.00","0.00","7.00","0.00","1.00","0.00","0.00","0.00","0.00","1.00"
"ﾏｻｷﾏﾂｼﾏF","MF1269","3","58","ＭＦ－１２６９","ｶﾞﾝﾒﾀﾙ","プロパー","1","物流部倉庫","002E010","0.00","3.00","1.00","4.00","6215.00","24860","自社","2026/09","4.00","0","0","0","0","0","0","0","0","0.00"
"ﾏｻｷﾏﾂｼﾏF","MF1271","1","58","ＭＦ－１２７１","ｼﾙﾊﾞｰ","プロパー","1","物流部倉庫","002E010","24.00","0.00","14.00","38.00","4240.00","161120","自社","2026/09","41.00","0.00","2.00","0.00","1.00","0.00","0.00","0.00","0.00","0.00"
"ﾏｻｷﾏﾂｼﾏF","MF1271","2","58","ＭＦ－１２７１","ﾗｲﾄｸﾞﾚｰ/ﾈｲﾋﾞｰ","プロパー","1","物流部倉庫","002E010","2.00","1.00","0.00","3.00","4470.00","13410","自社","2026/09","3.00","0","0","0","0","0","0","0","0","0.00"
"ﾏｻｷﾏﾂｼﾏF","MF1271","4","58","ＭＦ－１２７１","ﾌﾞﾗｯｸ","プロパー","1","物流部倉庫","002E010","2.00","0.00","4.00","6.00","4170.00","25020","自社","2026/09","7.00","0.00","1.00","0.00","0.00","0.00","0.00","0.00","0.00","0.00"
"ﾏｻｷﾏﾂｼﾏF","MF1273","3","56","ＭＦ－１２７３","ﾌﾞﾗｯｸ","プロパー","1","物流部倉庫","002E010","1.00","0.00","0.00","1.00","4145.00","4145","自社","2026/09","1.00","0","0","0","0","0","0","0","0","0.00"
"ﾏｻｷﾏﾂｼﾏF","MF1274","1","58","ＭＦ－１２７４","ﾍｱﾗｲﾝｸﾞﾚｰ","プロパー","1","物流部倉庫","002E010","2.00","0.00","0.00","2.00","3650.00","7300","自社","2026/09","2.00","0","0","0","0","0","0","0","0","0.00"
"ﾏｻｷﾏﾂｼﾏF","MF1278","1","57","ＭＦ－１２７８","ｼｬﾝﾊﾟﾝ･ﾌﾞﾗｯｸ","プロパー","1","物流部倉庫","002E010","58.00","4.00","2.00","64.00","5832.00","373248","自社","2026/09","75.00","0.00","7.00","4.00","8.00","0.00","0.00","0.00","0.00","1.00"
"ﾏｻｷﾏﾂｼﾏF","MF1278","2","57","ＭＦ－１２７８","ｼﾙﾊﾞｰ","プロパー","1","物流部倉庫","002E010","46.00","16.00","2.00","64.00","5462.00","349568","自社","2026/09","69.00","0.00","5.00","3.00","3.00","0.00","0.00","0.00","0.00","1.00"
"ﾏｻｷﾏﾂｼﾏF","MF1278","3","57","ＭＦ－１２７８","ｸﾞﾚｰ･ﾈｲﾋﾞｰ","プロパー","1","物流部倉庫","002E010","78.00","8.00","2.00","88.00","5762.00","507056","自社","2026/09","86.00","0.00","0.00","3.00","1.00","0.00","0.00","0.00","0.00","1.00"
"ﾏｻｷﾏﾂｼﾏF","MF1278","4","57","ＭＦ－１２７８","ﾗｲﾄｸﾞﾚｰ･ﾌﾞﾗｯｸ","プロパー","1","物流部倉庫","002E010","51.00","2.00","0.00","53.00","5832.00","309096","自社","2026/09","57.00","0.00","4.00","6.00","6.00","0.00","0.00","0.00","0.00","1.00"
"ﾏｻｷﾏﾂｼﾏF","MF1278","6","57","ＭＦ－１２７８","ﾌﾞﾗｯｸ","プロパー","1","物流部倉庫","002E010","70.00","5.00","0.00","75.00","6062.00","454650","自社","2026/09","81.00","0.00","3.00","0.00","3.00","0.00","0.00","0.00","0.00","1.00"
"ﾏｻｷﾏﾂｼﾏF","MF1279","4","57","ＭＦ－１２７９","ﾐｽﾄﾌﾞﾙｰ/ﾎﾜｲﾄﾊﾟｰﾙ(ﾎﾜｲﾄﾊﾟｰﾙ)","プロパー","1","物流部倉庫","002E010","0.00","1.00","0.00","1.00","4910.00","4910","自社","2026/09","1.00","0","0","0","0","0","0","0","0","0.00"
"ﾏｻｷﾏﾂｼﾏF","MF1281","2","58","ＭＦ－１２８１","ｸﾞﾚｰ･ﾈｲﾋﾞｰ","プロパー","1","物流部倉庫","002E010","0.00","1.00","0.00","1.00","6183.00","6183","自社","2026/09","1.00","0","0","0","0","0","0","0","0","0.00"
"ﾏｻｷﾏﾂｼﾏF","MF1282","2","57","ＭＦ－１２８２","ﾏｯﾄﾀﾞｰｸｸﾞﾚｰ/ﾚｯﾄﾞ","プロパー","1","物流部倉庫","002E010","26.00","0.00","0.00","26.00","6030.00","156780","自社","2026/09","28.00","0.00","1.00","0.00","1.00","0.00","0.00","0.00","0.00","0.00"
"ﾏｻｷﾏﾂｼﾏF","MF1282","3","57","ＭＦ－１２８２","ﾌﾞﾗｯｸ/ﾍｱﾗｲﾝｸﾞﾚｰ","プロパー","1","物流部倉庫","002E010","32.00","0.00","1.00","33.00","5839.00","192687","自社","2026/09","35.00","0.00","1.00","0.00","1.00","0.00","0.00","0.00","0.00","0.00"
"ﾏｻｷﾏﾂｼﾏF","MF1283","1","57","ＭＦ－１２８３","ｼﾙﾊﾞｰ","プロパー","1","物流部倉庫","002E010","81.00","4.00","4.00","89.00","5257.00","467873","自社","2026/09","92.00","0.00","7.00","5.00","1.00","0.00","0.00","0.00","0.00","1.00"
"ﾏｻｷﾏﾂｼﾏF","MF1283","2","57","ＭＦ－１２８３","ｸﾞﾚｰ･ﾈｲﾋﾞｰ","プロパー","1","物流部倉庫","002E010","116.00","1.00","16.00","133.00","5767.00","767011","自社","2026/09","133.00","0.00","3.00","4.00","1.00","0.00","0.00","0.00","0.00","1.00"
"ﾏｻｷﾏﾂｼﾏF","MF1283","3","57","ＭＦ－１２８３","ﾌﾞﾗｯｸ･ﾗｲﾄｸﾞﾚｰ","プロパー","1","物流部倉庫","002E010","143.00","7.00","4.00","154.00","5837.00","898898","自社","2026/09","158.00","0.00","3.00","4.00","5.00","0.00","0.00","0.00","0.00","1.00"
"ﾏｻｷﾏﾂｼﾏF","MF1283","5","57","ＭＦ－１２８３","ﾗｲﾄﾌﾞﾗｳﾝ","プロパー","1","物流部倉庫","002E010","64.00","6.00","0.00","70.00","5367.00","375690","自社","2026/09","74.00","0.00","2.00","4.00","6.00","0.00","0.00","0.00","0.00","1.00"
"ﾏｻｷﾏﾂｼﾏF","MF1283","6","57","ＭＦ－１２８３","Orange･Silver","プロパー","1","物流部倉庫","002E010","1.00","0.00","0.00","1.00","5887.00","5887","自社","2026/09","4.00","0.00","1.00","0.00","2.00","0.00","0.00","0.00","0.00","1.00"
"ﾏｻｷﾏﾂｼﾏF","MF1284","2","57","ＭＦ－１２８４","ｼﾙﾊﾞｰ","プロパー","1","物流部倉庫","002E010","0.00","0.00","1.00","1.00","5645.00","5645","自社","2026/09","1.00","0","0","0","0","0","0","0","0","0.00"
"ﾏｻｷﾏﾂｼﾏF","MF1285","1","58","ＭＦ－１２８５","ｸﾞﾚｰ･ﾈｲﾋﾞｰ","プロパー","1","物流部倉庫","002E010","123.00","4.00","2.00","129.00","5021.00","647709","自社","2026/09","135.00","0.00","3.00","3.00","6.00","0.00","0.00","0.00","0.00","1.00"
"ﾏｻｷﾏﾂｼﾏF","MF1285","2","58","ＭＦ－１２８５","ｶﾞﾝﾒﾀﾙ･ｼﾙﾊﾞｰ","プロパー","1","物流部倉庫","002E010","154.00","13.00","2.00","169.00","5151.00","870519","自社","2026/09","170.00","0.00","3.00","6.00","4.00","0.00","0.00","0.00","0.00","1.00"
"ﾏｻｷﾏﾂｼﾏF","MF1285","3","58","ＭＦ－１２８５","ﾚｯﾄﾞﾊﾟｰﾙ","プロパー","1","物流部倉庫","002E010","47.00","6.00","2.00","55.00","4701.00","258555","自社","2026/09","61.00","0.00","6.00","3.00","3.00","0.00","0.00","0.00","0.00","1.00"
"ﾏｻｷﾏﾂｼﾏF","MF1285","5","58","ＭＦ－１２８５","ｱﾝﾃｨｰｸｳｫｰﾑｸﾞﾚｰ","プロパー","1","物流部倉庫","002E010","88.00","5.00","0.00","93.00","4941.00","459513","自社","2026/09","94.00","0.00","2.00","4.00","3.00","0.00","0.00","0.00","0.00","1.00"
"ﾏｻｷﾏﾂｼﾏF","MF1286","1","58","ＭＦ－１２８６","ｼｬﾝﾊﾟﾝ","プロパー","1","物流部倉庫","002E010","0.00","0.00","3.00","3.00","4858.00","14574","自社","2026/09","3.00","0","0","0","0","0","0","0","0","0.00"
"ﾏｻｷﾏﾂｼﾏF","MF1286","2","58","ＭＦ－１２８６","ﾗｲﾄｸﾞﾚｰ","プロパー","1","物流部倉庫","002E010","0.00","0.00","123.00","123.00","4908.00","603684","自社","2026/09","403.00","0.00","280.00","0.00","0.00","0.00","0.00","0.00","0.00","0.00"
"ﾏｻｷﾏﾂｼﾏF","MF1286","3","58","ＭＦ－１２８６","ﾈｲﾋﾞｰ･ｼﾙﾊﾞｰ","プロパー","1","物流部倉庫","002E010","0.00","0.00","123.00","123.00","5658.00","695934","自社","2026/09","403.00","0.00","280.00","0.00","0.00","0.00","0.00","0.00","0.00","0.00"
"ﾏｻｷﾏﾂｼﾏF","MF1286","4","58","ＭＦ－１２８６","ﾏｯﾄﾌﾞﾗｯｸ(ﾌﾞﾗｯｸ)","プロパー","1","物流部倉庫","002E010","0.00","0.00","123.00","123.00","5508.00","677484","自社","2026/09","403.00","0.00","280.00","0.00","0.00","0.00","0.00","0.00","0.00","0.00"
"ﾏｻｷﾏﾂｼﾏF","MF1302","1","57","ＭＦ－１３０２","ｼﾙﾊﾞｰ","プロパー","1","物流部倉庫","002E010","0.00","1.00","0.00","1.00","6406.00","6406","自社","2026/09","1.00","0","0","0","0","0","0","0","0","0.00"
"ﾏｻｷﾏﾂｼﾏF","MF1302","4","57","ＭＦ－１３０２","ﾌﾞﾗｯｸ/ﾚｯﾄﾞ","プロパー","1","物流部倉庫","002E010","0.00","1.00","0.00","1.00","6096.00","6096","自社","2026/09","2.00","0.00","0.00","0.00","1.00","0.00","0.00","0.00","0.00","0.00"
"ﾏｻｷﾏﾂｼﾏF","MF1303","2","57","ＭＦ－１３０３","ﾍｱﾗｲﾝｼﾙﾊﾞｰ/ﾌﾞﾙｰﾏｰﾌﾞﾙ･ｸﾘｱ","プロパー","1","物流部倉庫","002E010","8.00","3.00","2.00","13.00","6686.00","86918","自社","2026/09","14.00","0.00","0.00","1.00","2.00","0.00","0.00","0.00","0.00","0.00"
"ﾏｻｷﾏﾂｼﾏF","MF1303","3","57","ＭＦ－１３０３","ｶﾞﾝﾒﾀﾙ/ﾌﾞﾗｯｸﾏｰﾌﾞﾙ･ｸﾘｱｸﾞﾚｰ","プロパー","1","物流部倉庫","002E010","22.00","1.00","2.00","25.00","6661.00","166525","自社","2026/09","26.00","0.00","0.00","2.00","3.00","0.00","0.00","0.00","0.00","0.00"
"ﾏｻｷﾏﾂｼﾏF","MF1303","4","57","ＭＦ－１３０３","ﾏｯﾄﾌﾞﾗｯｸ/ﾚｯﾄﾞﾏｰﾌﾞﾙ･ｸﾘｱｸﾞﾚｰ","プロパー","1","物流部倉庫","002E010","58.00","1.00","2.00","61.00","6491.00","395951","自社","2026/09","61.00","0.00","0.00","2.00","2.00","0.00","0.00","0.00","0.00","0.00"
"ﾏｻｷﾏﾂｼﾏF","MF1304","1","58","ＭＦ－１３０４","ﾍｱﾗｲﾝｺﾞｰﾙﾄﾞ･ﾍｱﾗｲﾝｼﾙﾊﾞｰ","プロパー","1","物流部倉庫","002E010","1.00","0.00","0.00","1.00","5513.00","5513","自社","2026/09","1.00","0","0","0","0","0","0","0","0","0.00"
"ﾏｻｷﾏﾂｼﾏF","MF1304","2","58","ＭＦ－１３０４","ﾍｱﾗｲﾝｸﾞﾚｰ","プロパー","1","物流部倉庫","002E010","53.00","0.00","0.00","53.00","5003.00","265159","自社","2026/09","54.00","0.00","1.00","0.00","0.00","0.00","0.00","0.00","0.00","0.00"
"ﾏｻｷﾏﾂｼﾏF","MF1304","3","58","ＭＦ－１３０４","ﾌﾞﾗｯｸﾏｯﾄ","プロパー","1","物流部倉庫","002E010","40.00","0.00","0.00","40.00","4913.00","196520","自社","2026/09","40.00","0","0","0","0","0","0","0","0","0.00"
"ﾏｻｷﾏﾂｼﾏF","MF1305","2","58","ＭＦ－１３０５","ﾌﾞﾗｯｸ･ﾗｲﾄｸﾞﾚｰ","プロパー","1","物流部倉庫","002E010","1.00","0.00","0.00","1.00","5345.00","5345","自社","2026/09","1.00","0","0","0","0","0","0","0","0","0.00"
"ﾏｻｷﾏﾂｼﾏF","MF1305","4","58","ＭＦ－１３０５","ﾌﾞﾗｯｸﾎﾞﾙﾄﾞｰ/ﾌﾞﾗｯｸ","プロパー","1","物流部倉庫","002E010","1.00","0.00","0.00","1.00","4981.00","4981","自社","2026/09","1.00","0","0","0","0","0","0","0","0","0.00"
"ﾏｻｷﾏﾂｼﾏF","MF1306","1","58","ＭＦ－１３０６","ﾍｱﾗｲﾝｶﾞﾝﾒﾀﾙ","プロパー","1","物流部倉庫","002E010","2.00","0.00","0.00","2.00","6434.00","12868","自社","2026/09","1.00","0.00","0.00","1.00","0.00","0.00","0.00","0.00","0.00","0.00"
"ﾏｻｷﾏﾂｼﾏF","MF1307","1","58","ＭＦ－１３０７","ﾎﾜｲﾄｺﾞｰﾙﾄﾞ","プロパー","1","物流部倉庫","002E010","0.00","0.00","40.00","40.00","6780.00","271200","自社","2026/09","361.00","0.00","320.00","0.00","1.00","0.00","0.00","0.00","0.00","0.00"
"ﾏｻｷﾏﾂｼﾏF","MF1307","2","58","ＭＦ－１３０７","ﾍｱﾗｲﾝｼﾙﾊﾞｰ","プロパー","1","物流部倉庫","002E010","0.00","0.00","2.00","2.00","6302.00","12604","自社","2026/09","4.00","0.00","2.00","0.00","0.00","0.00","0.00","0.00","0.00","0.00"
"ﾏｻｷﾏﾂｼﾏF","MF1307","3","58","ＭＦ－１３０７","ﾌﾞﾗｳﾝ･ﾌﾞﾗｯｸ","プロパー","1","物流部倉庫","002E010","0.00","3.00","40.00","43.00","6974.00","299882","自社","2026/09","343.00","0.00","300.00","0.00","0.00","0.00","0.00","0.00","0.00","0.00"
"ﾏｻｷﾏﾂｼﾏF","MF1307","4","58","ＭＦ－１３０７","ｸﾞﾚｰ･ﾈｲﾋﾞｰ","プロパー","1","物流部倉庫","002E010","0.00","0.00","41.00","41.00","6995.00","286795","自社","2026/09","361.00","0.00","320.00","0.00","0.00","0.00","0.00","0.00","0.00","0.00"
"ﾏｻｷﾏﾂｼﾏF","MF1308","3","58","ＭＦ－１３０８","ｶﾞﾝﾒﾀﾙ･ﾗｲﾄｸﾞﾚｰ","プロパー","1","物流部倉庫","002E010","2.00","0.00","0.00","2.00","6456.00","12912","自社","2026/09","4.00","0.00","2.00","0.00","0.00","0.00","0.00","0.00","0.00","0.00"
"ﾏｻｷﾏﾂｼﾏF","MF1308","4","58","ＭＦ－１３０８","ﾈｲﾋﾞｰ･ｼﾙﾊﾞｰ","プロパー","1","物流部倉庫","002E010","0.00","1.00","0.00","1.00","6256.00","6256","自社","2026/09","1.00","0.00","1.00","1.00","0.00","0.00","0.00","0.00","0.00","0.00"
"ﾏｻｷﾏﾂｼﾏF","MF1309","3","57","ＭＦ－１３０９","ﾎﾜｲﾄ/ｼﾙﾊﾞｰ","プロパー","1","物流部倉庫","002E010","0.00","0.00","111.00","111.00","6032.00","669552","自社","2026/09","371.00","0.00","260.00","0.00","0.00","0.00","0.00","0.00","0.00","0.00"
"ﾏｻｷﾏﾂｼﾏF","MF1309","4","57","ＭＦ－１３０９","ﾌﾞﾗｯｸ/ｼｬﾝﾊﾟﾝ･ﾌﾞﾗｯｸ","プロパー","1","物流部倉庫","002E010","0.00","0.00","140.00","140.00","6787.00","950180","自社","2026/09","461.00","0.00","320.00","0.00","1.00","0.00","0.00","0.00","0.00","0.00"
"ﾏｻｷﾏﾂｼﾏF","MF1310","1","57","ＭＦ－１３１０","ｼﾙﾊﾞｰ/ﾌﾞﾗｳﾝｻｻ･ﾌﾞﾗｯｸﾏｰﾌﾞﾙ","プロパー","1","物流部倉庫","002E010","84.00","0.00","1.00","85.00","5759.00","489515","自社","2026/09","86.00","0.00","1.00","1.00","1.00","0.00","0.00","0.00","0.00","0.00"
"ﾏｻｷﾏﾂｼﾏF","MF1310","2","57","ＭＦ－１３１０","ﾌﾞﾗｳﾝ/ﾌﾞﾗｯｸ･ﾌﾞﾗｳﾝﾃﾞﾐ","プロパー","1","物流部倉庫","002E010","14.00","0.00","0.00","14.00","5909.00","82726","自社","2026/09","14.00","0.00","0.00","1.00","1.00","0.00","0.00","0.00","0.00","0.00"
"ﾏｻｷﾏﾂｼﾏF","MF1310","3","57","ＭＦ－１３１０","ｶﾞﾝﾒﾀﾙ･ｼﾙﾊﾞｰ/ﾜｲﾝｻｻ･ｸﾞﾚｰｻｻ","プロパー","1","物流部倉庫","002E010","53.00","0.00","0.00","53.00","6459.00","342327","自社","2026/09","53.00","0.00","1.00","1.00","0.00","0.00","0.00","0.00","0.00","0.00"
"ﾏｻｷﾏﾂｼﾏF","MF1311","1","58","ＭＦ－１３１１","ﾍｱﾗｲﾝｼｬﾝﾊﾟﾝ･ﾌﾞﾗｯｸ","プロパー","1","物流部倉庫","002E010","0.00","0.00","39.00","39.00","7340.00","286260","自社","2026/09","0.00","0.00","281.00","320.00","0.00","0.00","0.00","0.00","0.00","0.00"
"ﾏｻｷﾏﾂｼﾏF","MF1311","2","58","ＭＦ－１３１１","ﾍｱﾗｲﾝｸﾞﾚｰ","プロパー","1","物流部倉庫","002E010","7.00","0.00","52.00","59.00","6890.00","406510","自社","2026/09","21.00","0.00","282.00","320.00","0.00","0.00","0.00","0.00","0.00","0.00"
"ﾏｻｷﾏﾂｼﾏF","MF1311","3","58","ＭＦ－１３１１","ｶﾞﾝﾒﾀﾙ･ｼﾙﾊﾞｰ","プロパー","1","物流部倉庫","002E010","0.00","0.00","20.00","20.00","7240.00","144800","自社","2026/09","8.00","0.00","281.00","293.00","0.00","0.00","0.00","0.00","0.00","0.00"
"ﾏｻｷﾏﾂｼﾏF","MF1312","1","57","ＭＦ－１３１２","ｸﾞﾚｰ･ﾌﾞﾗｯｸ","プロパー","1","物流部倉庫","002E010","0.00","0.00","11.00","11.00","6948.00","76428","自社","2026/09","12.00","0.00","1.00","0.00","0.00","0.00","0.00","0.00","0.00","0.00"
"ﾏｻｷﾏﾂｼﾏF","MF1312","2","57","ＭＦ－１３１２","ｻﾝﾄﾞｸﾞﾚｰ","プロパー","1","物流部倉庫","002E010","62.00","0.00","17.00","79.00","6378.00","503862","自社","2026/09","79.00","0","0","0","0","0","0","0","0","0.00"
"ﾏｻｷﾏﾂｼﾏF","MF1312","3","57","ＭＦ－１３１２","ﾈｲﾋﾞｰ･ｼﾙﾊﾞｰ","プロパー","1","物流部倉庫","002E010","0.00","0.00","2.00","2.00","6969.00","13938","自社","2026/09","3.00","0.00","0.00","0.00","1.00","0.00","0.00","0.00","0.00","0.00"
"ﾏｻｷﾏﾂｼﾏF","MF1312","4","57","ＭＦ－１３１２","ﾏｯﾄﾌﾞﾗｯｸ(ﾌﾞﾗｯｸ)","プロパー","1","物流部倉庫","002E010","2.00","0.00","3.00","5.00","7053.00","35265","自社","2026/09","6.00","0.00","0.00","0.00","1.00","0.00","0.00","0.00","0.00","0.00"
"ﾏｻｷﾏﾂｼﾏF","MF1313","1","58","ＭＦ－１３１３","ﾌﾞﾗｳﾝ･ﾌﾞﾗｯｸ","プロパー","1","物流部倉庫","002E010","0.00","3.00","83.00","86.00","6932.00","596152","自社","2026/09","94.00","0.00","8.00","0.00","0.00","0.00","0.00","0.00","0.00","0.00"
"ﾏｻｷﾏﾂｼﾏF","MF1313","2","58","ＭＦ－１３１３","ﾍｱﾗｲﾝｸﾞﾚｰ","プロパー","1","物流部倉庫","002E010","149.00","2.00","51.00","202.00","6412.00","1295224","自社","2026/09","207.00","0.00","5.00","2.00","2.00","0.00","0.00","0.00","0.00","0.00"
"ﾏｻｷﾏﾂｼﾏF","MF1313","3","58","ＭＦ－１３１３","ﾌﾞﾗｯｸ･ｼﾙﾊﾞｰ","プロパー","1","物流部倉庫","002E010","75.00","2.00","90.00","167.00","7052.00","1177684","自社","2026/09","175.00","0.00","8.00","2.00","2.00","0.00","0.00","0.00","0.00","0.00"
"ﾏｻｷﾏﾂｼﾏF","MF1314","1","57","ＭＦ－１３１４","ｺﾞｰﾙﾄﾞ･ﾌﾞﾗｯｸ/ﾌﾞﾗｯｸ","プロパー","1","物流部倉庫","002E010","0.00","0.00","1.00","1.00","6425.00","6425","自社","2026/09","2.00","0.00","1.00","0.00","0.00","0.00","0.00","0.00","0.00","0.00"
"ﾏｻｷﾏﾂｼﾏF","MF1314","2","57","ＭＦ－１３１４","ﾍｱﾗｲﾝｸﾞﾚｰ/ﾚｯﾄﾞ","プロパー","1","物流部倉庫","002E010","65.00","1.00","9.00","75.00","6028.00","452100","自社","2026/09","76.00","0.00","1.00","1.00","1.00","0.00","0.00","0.00","0.00","0.00"
"ﾏｻｷﾏﾂｼﾏF","MF1314","3","57","ＭＦ－１３１４","ｶﾞﾝﾒﾀﾙ","プロパー","1","物流部倉庫","002E010","3.00","1.00","8.00","12.00","5998.00","71976","自社","2026/09","15.00","0.00","3.00","1.00","1.00","0.00","0.00","0.00","0.00","0.00"
"ﾏｻｷﾏﾂｼﾏF","MF1314","4","57","ＭＦ－１３１４","ｼﾙﾊﾞｰ/ﾈｲﾋﾞｰ","プロパー","1","物流部倉庫","002E010","6.00","1.00","7.00","14.00","6122.00","85708","自社","2026/09","16.00","0.00","3.00","1.00","0.00","0.00","0.00","0.00","0.00","0.00"
"ﾏｻｷﾏﾂｼﾏF","MF1315","1","57","ＭＦ－１３１５","ﾚｯﾄﾞﾌﾞﾗｳﾝ･ﾌﾞﾗｯｸ/ﾚｯﾄﾞ,ﾌﾞﾗｯｸｸﾞﾗﾃﾞｰｼｮﾝ","プロパー","1","物流部倉庫","002E010","82.00","0.00","9.00","91.00","5941.00","540631","自社","2026/09","93.00","0.00","2.00","0.00","0.00","0.00","0.00","0.00","0.00","0.00"
"ﾏｻｷﾏﾂｼﾏF","MF1315","2","57","ＭＦ－１３１５","ﾏｯﾄﾌﾞﾗｯｸ･ｶﾞﾝﾒﾀﾙ/ｶﾞﾝﾒﾀﾙ","プロパー","1","物流部倉庫","002E010","231.00","0.00","9.00","240.00","5731.00","1375440","自社","2026/09","252.00","0.00","11.00","0.00","1.00","0.00","0.00","0.00","0.00","0.00"
"ﾏｻｷﾏﾂｼﾏF","MF1315","3","57","ＭＦ－１３１５","ﾌﾞﾗｯｸ･ﾍｱﾗｲﾝｸﾞﾚｰ/ﾍｱﾗｲﾝｸﾞﾚｰ","プロパー","1","物流部倉庫","002E010","160.00","0.00","7.00","167.00","5801.00","968767","自社","2026/09","168.00","0.00","1.00","0.00","0.00","0.00","0.00","0.00","0.00","0.00"
"ﾏｻｷﾏﾂｼﾏF","MF1315","4","57","ＭＦ－１３１５","ﾎﾜｲﾄ･ｼﾙﾊﾞｰ/ﾎﾜｲﾄﾊﾟｰﾙ","プロパー","1","物流部倉庫","002E010","0.00","0.00","3.00","3.00","5516.00","16548","自社","2026/09","4.00","0.00","0.00","0.00","1.00","0.00","0.00","0.00","0.00","0.00"
"ﾏｻｷﾏﾂｼﾏF","MF1316","1","58","ＭＦ－１３１６","ﾍｱﾗｲﾝｼｬﾝﾊﾟﾝ･ﾌﾞﾗｯｸ","プロパー","1","物流部倉庫","002E010","0.00","0.00","2.00","2.00","7394.00","14788","自社","2026/09","4.00","0.00","3.00","1.00","0.00","0.00","0.00","0.00","0.00","0.00"
"ﾏｻｷﾏﾂｼﾏF","MF1316","2","58","ＭＦ－１３１６","IPｸﾞﾚｰ","プロパー","1","物流部倉庫","002E010","1.00","0.00","2.00","3.00","7084.00","21252","自社","2026/09","3.00","0.00","3.00","3.00","0.00","0.00","0.00","0.00","0.00","0.00"
"ﾏｻｷﾏﾂｼﾏF","MF1316","3","58","ＭＦ－１３１６","ﾌﾞﾗｯｸ･ｼﾙﾊﾞｰ","プロパー","1","物流部倉庫","002E010","50.00","0.00","5.00","55.00","7514.00","413270","自社","2026/09","64.00","0.00","11.00","2.00","0.00","0.00","0.00","0.00","0.00","0.00"
"ﾏｻｷﾏﾂｼﾏF","MF1317","1","57","ＭＦ－１３１７","ｼﾙﾊﾞｰ･ﾈｲﾋﾞｰ","プロパー","1","物流部倉庫","002E010","4.00","1.00","2.00","7.00","6876.00","48132","自社","2026/09","12.00","0.00","5.00","2.00","2.00","0.00","0.00","0.00","0.00","0.00"
"ﾏｻｷﾏﾂｼﾏF","MF1317","2","57","ＭＦ－１３１７","ﾍｱﾗｲﾝﾗｲﾄｸﾞﾚｰ","プロパー","1","物流部倉庫","002E010","56.00","0.00","0.00","56.00","6635.00","371560","自社","2026/09","55.00","0.00","2.00","3.00","0.00","0.00","0.00","0.00","0.00","0.00"
"ﾏｻｷﾏﾂｼﾏF","MF1317","3","57","ＭＦ－１３１７","ﾌﾞﾗｳﾝ･ﾌﾞﾗｯｸ","プロパー","1","物流部倉庫","002E010","110.00","1.00","2.00","113.00","6876.00","776988","自社","2026/09","115.00","0.00","2.00","2.00","2.00","0.00","0.00","0.00","0.00","0.00"
"ﾏｻｷﾏﾂｼﾏF","MF1317","4","57","ＭＦ－１３１７","ﾌﾞﾗｯｸ","プロパー","1","物流部倉庫","002E010","131.00","1.00","2.00","134.00","6983.00","935722","自社","2026/09","138.00","0.00","7.00","3.00","0.00","0.00","0.00","0.00","0.00","0.00"
"ﾏｻｷﾏﾂｼﾏF","MF1318","1","57","ＭＦ－１３１８","ｼｬﾝﾊﾟﾝ･ﾌﾞﾗｯｸ","プロパー","1","物流部倉庫","002E010","0.00","0.00","2.00","2.00","5816.00","11632","自社","2026/09","9.00","0.00","8.00","2.00","1.00","0.00","0.00","0.00","0.00","0.00"
"ﾏｻｷﾏﾂｼﾏF","MF1318","2","57","ＭＦ－１３１８","ｼﾙﾊﾞｰ","プロパー","1","物流部倉庫","002E010","26.00","0.00","4.00","30.00","5167.00","155010","自社","2026/09","39.00","0.00","11.00","3.00","1.00","0.00","0.00","0.00","0.00","0.00"
"ﾏｻｷﾏﾂｼﾏF","MF1318","3","57","ＭＦ－１３１８","ｸﾞﾚｰ","プロパー","1","物流部倉庫","002E010","104.00","0.00","4.00","108.00","5167.00","558036","自社","2026/09","115.00","0.00","10.00","3.00","0.00","0.00","0.00","0.00","0.00","0.00"
"ﾏｻｷﾏﾂｼﾏF","MF1318","4","57","ＭＦ－１３１８","ﾌﾞﾗｯｸ/ﾚｯﾄﾞ･ﾌﾞﾗｯｸｸﾞﾗﾃﾞｰｼｮﾝ","プロパー","1","物流部倉庫","002E010","121.00","0.00","2.00","123.00","5727.00","704421","自社","2026/09","128.00","0.00","5.00","2.00","2.00","0.00","0.00","0.00","0.00","0.00"
"ﾏｻｷﾏﾂｼﾏF","MF1319","1","57","ＭＦ－１３１９","ﾎﾜｲﾄｺﾞｰﾙﾄﾞ/ﾌﾞﾗｯｸ","プロパー","1","物流部倉庫","002E010","70.00","0.00","0.00","70.00","5668.00","396760","自社","2026/09","74.00","0.00","3.00","1.00","2.00","0.00","0.00","0.00","0.00","0.00"
"ﾏｻｷﾏﾂｼﾏF","MF1319","2","57","ＭＦ－１３１９","ｸﾞﾚｰ","プロパー","1","物流部倉庫","002E010","147.00","0.00","0.00","147.00","5138.00","755286","自社","2026/09","160.00","0.00","16.00","3.00","0.00","0.00","0.00","0.00","0.00","0.00"
"ﾏｻｷﾏﾂｼﾏF","MF1319","3","57","ＭＦ－１３１９","ﾏｯﾄﾌﾞﾗｯｸ","プロパー","1","物流部倉庫","002E010","170.00","0.00","0.00","170.00","5558.00","944860","自社","2026/09","181.00","0.00","11.00","2.00","2.00","0.00","0.00","0.00","0.00","0.00"
"ﾏｻｷﾏﾂｼﾏF","MF1320","1","57","ＭＦ－１３２０","ｼﾙﾊﾞｰ","プロパー","1","物流部倉庫","002E010","106.00","1.00","3.00","110.00","5233.00","575630","自社","2026/09","112.00","0.00","4.00","2.00","0.00","0.00","0.00","0.00","0.00","0.00"
"ﾏｻｷﾏﾂｼﾏF","MF1320","2","57","ＭＦ－１３２０","ｸﾞﾚｰ","プロパー","1","物流部倉庫","002E010","178.00","1.00","0.00","179.00","5163.00","924177","自社","2026/09","183.00","0.00","6.00","2.00","0.00","0.00","0.00","0.00","0.00","0.00"
"ﾏｻｷﾏﾂｼﾏF","MF1320","3","57","ＭＦ－１３２０","ﾌﾞﾗｯｸ/ﾌﾞﾗｯｸｸﾞﾗﾃﾞｰｼｮﾝ","プロパー","1","物流部倉庫","002E010","233.00","0.00","3.00","236.00","5663.00","1336468","自社","2026/09","240.00","0.00","4.00","3.00","3.00","0.00","0.00","0.00","0.00","0.00"
"ﾏｻｷﾏﾂｼﾏF","MF1320","4","57","ＭＦ－１３２０","ﾎﾜｲﾄ/ｼﾙﾊﾞｰ","プロパー","1","物流部倉庫","002E010","28.00","1.00","6.00","35.00","5147.00","180145","自社","2026/09","41.00","0.00","5.00","3.00","4.00","0.00","0.00","0.00","0.00","0.00"
"ﾏｻｷﾏﾂｼﾏF","MFP554","1","58","ＭＦＰ－５５４","ﾒﾀﾘｯｸﾌﾞﾗｯｸ","プロパー","1","物流部倉庫","002E010","3.00","0.00","0.00","3.00","7340.00","22020","自社","2026/09","3.00","0","0","0","0","0","0","0","0","0.00"
"ﾏｻｷﾏﾂｼﾏF","MFP554","2","58","ＭＦＰ－５５４","ｱﾝﾃｨｰｸｼﾙﾊﾞｰ","プロパー","1","物流部倉庫","002E010","3.00","0.00","0.00","3.00","7410.00","22230","自社","2026/09","3.00","0","0","0","0","0","0","0","0","0.00"
"ﾏｻｷﾏﾂｼﾏF","MFP556","1","58","ＭＦＰ－５５６","ﾒﾀﾘｯｸﾈｲﾋﾞｰ","プロパー","1","物流部倉庫","002E010","4.00","0.00","0.00","4.00","6890.00","27560","自社","2026/09","4.00","0","0","0","0","0","0","0","0","0.00"
"ﾏｻｷﾏﾂｼﾏF","MFP556","2","58","ＭＦＰ－５５６","ｱﾝﾃｨｰｸｽﾓｰｸ","プロパー","1","物流部倉庫","002E010","6.00","0.00","0.00","6.00","6960.00","41760","自社","2026/09","6.00","0","0","0","0","0","0","0","0","0.00"
"ﾏｻｷﾏﾂｼﾏF","MFP566","1","58","ＭＦＰ－５６６","ｼﾙﾊﾞｰ･ｸﾞﾚｰ","プロパー","1","物流部倉庫","002E010","26.00","0.00","0.00","26.00","4805.00","124930","自社","2026/09","26.00","0","0","0","0","0","0","0","0","0.00"
"ﾏｻｷﾏﾂｼﾏF","MFP566","2","58","ＭＦＰ－５６６","ﾌﾞﾗｯｸ･ｺﾞｰﾙﾄﾞ","プロパー","1","物流部倉庫","002E010","1.00","0.00","0.00","1.00","4975.00","4975","自社","2026/09","1.00","0","0","0","0","0","0","0","0","0.00"
"ﾏｻｷﾏﾂｼﾏF","MFP566C","1","54","ＭＦＰ－５６６Ｃ","ﾃﾞｻﾞｰﾄｸﾞﾚｰ(ﾍｱﾗｲﾝﾗｲﾄｸﾞﾚｰ)","プロパー","1","物流部倉庫","002E010","36.00","0.00","0.00","36.00","3480.00","125280","自社","2026/09","36.00","0","0","0","0","0","0","0","0","0.00"
"ﾏｻｷﾏﾂｼﾏF","MFP566C","2","54","ＭＦＰ－５６６Ｃ","ﾌﾞﾗｯｸ(ﾍｱﾗｲﾝｺﾞｰﾙﾄﾞ)","プロパー","1","物流部倉庫","002E010","14.00","0.00","0.00","14.00","3380.00","47320","自社","2026/09","14.00","0","0","0","0","0","0","0","0","0.00"
"ﾏｻｷﾏﾂｼﾏF","MFP567","1","57","ＭＦＰ－５６７","ﾌﾞﾗｯｸ･ﾗｲﾄｸﾞﾚｰ","プロパー","1","物流部倉庫","002E010","19.00","0.00","0.00","19.00","4925.00","93575","自社","2026/09","20.00","0.00","0.00","0.00","1.00","0.00","0.00","0.00","0.00","0.00"
"ﾏｻｷﾏﾂｼﾏF","MFP567","2","57","ＭＦＰ－５６７","ｼﾙﾊﾞｰ/ﾌﾞﾗｯｸ","プロパー","1","物流部倉庫","002E010","7.00","0.00","0.00","7.00","4665.00","32655","自社","2026/09","7.00","0","0","0","0","0","0","0","0","0.00"
"ﾏｻｷﾏﾂｼﾏF","MFP567C","1","55","ＭＦＰ－５６７Ｃ","ﾌﾞﾗｯｸ(ﾍｱﾗｲﾝﾗｲﾄｸﾞﾚｰ)","プロパー","1","物流部倉庫","002E010","27.00","1.00","0.00","28.00","3340.00","93520","自社","2026/09","29.00","0.00","0.00","0.00","1.00","0.00","0.00","0.00","0.00","0.00"
"ﾏｻｷﾏﾂｼﾏF","MFP567C","2","55","ＭＦＰ－５６７Ｃ","ﾏｯﾄﾒﾀﾘｯｸｸﾞﾚｰ(ﾍｱﾗｲﾝﾗｲﾄｸﾞﾚｰ)","プロパー","1","物流部倉庫","002E010","19.00","0.00","0.00","19.00","3620.00","68780","自社","2026/09","19.00","0","0","0","0","0","0","0","0","0.00"
"ﾏｻｷﾏﾂｼﾏF","MFP567S","1","0","ＭＦＰ－５６７セット","ﾌﾞﾗｯｸ･ﾗｲﾄｸﾞﾚｰ","プロパー","1","物流部倉庫","002E010","1.00","0.00","0.00","1.00","8290.00","8290","自社","2026/09","1.00","0","0","0","0","0","0","0","0","0.00"
"ﾏｻｷﾏﾂｼﾏF","MFP568","1","58","ＭＦＰ－５６８","ﾏｯﾄﾌﾞﾗｯｸ/ｼﾙﾊﾞｰ","プロパー","1","物流部倉庫","002E010","44.00","0.00","0.00","44.00","4378.00","192632","自社","2026/09","44.00","0","0","0","0","0","0","0","0","0.00"
"ﾏｻｷﾏﾂｼﾏF","MFP568C","1","56","ＭＦＰ－５６８Ｃ","ﾌﾞﾗｯｸ(ﾍｱﾗｲﾝﾗｲﾄｸﾞﾚｰ)","プロパー","1","物流部倉庫","002E010","53.00","1.00","0.00","54.00","3340.00","180360","自社","2026/09","54.00","0","0","0","0","0","0","0","0","0.00"
"ﾏｻｷﾏﾂｼﾏF","MFP568C","2","56","ＭＦＰ－５６８Ｃ","ｼﾙﾊﾞｰ(ﾍｱﾗｲﾝﾗｲﾄｸﾞﾚｰ)","プロパー","1","物流部倉庫","002E010","11.00","1.00","0.00","12.00","3620.00","43440","自社","2026/09","12.00","0","0","0","0","0","0","0","0","0.00"
"ﾏｻｷﾏﾂｼﾏF","MFP573","2","57","ＭＦＰ－５７３","ｸﾞﾚｰｻｻ","プロパー","1","物流部倉庫","002E010","5.00","0.00","0.00","5.00","6016.00","30080","自社","2026/09","5.00","0","0","0","0","0","0","0","0","0.00"
"ﾏｻｷﾏﾂｼﾏF","MFS124","2","58","ＭＦＳ－１２４","ﾎﾜｲﾄﾊﾟｰﾙ/ﾚｯﾄﾞ","プロパー","1","物流部倉庫","002E010","9.00","0.00","0.00","9.00","3350.00","30150","自社","2026/09","9.00","0","0","0","0","0","0","0","0","0.00"
"ﾏｻｷﾏﾂｼﾏF","MFS138","1","57","ＭＦＳ－１３８","ｸﾘｱﾚｯﾄﾞ･ﾍｱﾗｲﾝﾌﾞﾗｯｸ/ﾍｱﾗｲﾝﾌﾞﾗｯｸ","プロパー","1","物流部倉庫","002E010","154.00","0.00","1.00","155.00","3507.00","543585","自社","2026/09","156.00","0.00","1.00","0.00","0.00","0.00","0.00","0.00","0.00","0.00"
"ﾏｻｷﾏﾂｼﾏF","MFS138","2","57","ＭＦＳ－１３８","ｸﾘｱｸﾞﾚｰ/ﾀﾞｰｸﾈｲﾋﾞｰ","プロパー","1","物流部倉庫","002E010","0.00","0.00","1.00","1.00","3507.00","3507","自社","2026/09","2.00","0.00","1.00","0.00","0.00","0.00","0.00","0.00","0.00","0.00"
"ﾏｻｷﾏﾂｼﾏF","MFS138","3","57","ＭＦＳ－１３８","ｸﾘｱﾌﾞﾙｰｸﾞﾚｰ･ﾎﾜｲﾄﾊﾟｰﾙ/ﾎﾜｲﾄﾊﾟｰﾙ","プロパー","1","物流部倉庫","002E010","19.00","0.00","1.00","20.00","3507.00","70140","自社","2026/09","21.00","0.00","2.00","1.00","0.00","0.00","0.00","0.00","0.00","0.00"
"ﾏｻｷﾏﾂｼﾏF","MFS138","4","57","ＭＦＳ－１３８","ﾌﾞﾗｯｸ･IPｸﾞﾚｰﾏｯﾄ/IPｸﾞﾚｰﾏｯﾄ","プロパー","1","物流部倉庫","002E010","1.00","0.00","0.00","1.00","3892.00","3892","自社","2026/09","1.00","0","0","0","0","0","0","0","0","0.00"
"ﾏｻｷﾏﾂｼﾏF","MFS139","2","58","ＭＦＳ－１３９","ｸﾘｱﾈｲﾋﾞｰ･ｸﾞﾚｰ/ｸﾞﾚｰﾊﾟｰﾙ","プロパー","1","物流部倉庫","002E010","2.00","0.00","1.00","3.00","3507.00","10521","自社","2026/09","2.00","0.00","1.00","2.00","0.00","0.00","0.00","0.00","0.00","0.00"
"ﾏｻｷﾏﾂｼﾏF","MFS139","3","58","ＭＦＳ－１３９","ﾌﾞﾗｯｸ･ｸﾘｱｸﾞﾚｰﾏｯﾄ/ﾚｯﾄﾞﾊﾟｰﾙ","プロパー","1","物流部倉庫","002E010","49.00","1.00","1.00","51.00","3507.00","178857","自社","2026/09","51.00","0","0","0","0","0","0","0","0","0.00"
"ﾏｻｷﾏﾂｼﾏF","MFS139","4","58","ＭＦＳ－１３９","ﾌﾞﾗｯｸﾏｯﾄ･ｸﾞﾚｰ/ﾌﾞﾗｯｸﾏｯﾄ","プロパー","1","物流部倉庫","002E010","6.00","0.00","1.00","7.00","3507.00","24549","自社","2026/09","7.00","0","0","0","0","0","0","0","0","0.00"
"ﾏｻｷﾏﾂｼﾏD3 F","MF3D101","1","55","ＭＦ３Ｄ－１０１","ﾌﾞﾗｯｸ","プロパー","1","物流部倉庫","002E020","0.00","0.00","1.00","1.00","5517.00","5517","自社","2026/09","5.00","0.00","4.00","0.00","0.00","0.00","0.00","0.00","0.00","0.00"
"ﾏｻｷﾏﾂｼﾏD3 F","MF3D101","2","55","ＭＦ３Ｄ－１０１","ｼﾙﾊﾞｰ","プロパー","1","物流部倉庫","002E020","10.00","2.00","2.00","14.00","5967.00","83538","自社","2026/09","19.00","0.00","5.00","0.00","0.00","0.00","0.00","0.00","0.00","0.00"
"ﾏｻｷﾏﾂｼﾏD3 F","MF3D101","3","55","ＭＦ３Ｄ－１０１","ﾃﾞｻﾞｰﾄﾎﾜｲﾄ","プロパー","1","物流部倉庫","002E020","0.00","0.00","2.00","2.00","5747.00","11494","自社","2026/09","4.00","0.00","2.00","0.00","0.00","0.00","0.00","0.00","0.00","0.00"
"ﾏｻｷﾏﾂｼﾏD3 F","MF3D102","2","55","ＭＦ３Ｄ－１０２","ﾀﾞｰｸｸﾞﾚｰ/ﾗｲﾄｸﾞﾚｰ","プロパー","1","物流部倉庫","002E020","0.00","1.00","0.00","1.00","6582.00","6582","自社","2026/09","1.00","0","0","0","0","0","0","0","0","0.00"
"ﾏｻｷﾏﾂｼﾏD3 F","MF3D104","1","55","ＭＦ３Ｄ－１０４","ﾌﾞﾗｯｸ","プロパー","1","物流部倉庫","002E020","43.00","0.00","1.00","44.00","5334.00","234696","自社","2026/09","47.00","0.00","2.00","0.00","1.00","0.00","0.00","0.00","0.00","0.00"
"ﾏｻｷﾏﾂｼﾏD3 F","MF3D104","2","55","ＭＦ３Ｄ－１０４","ﾀﾞｰｸﾈｲﾋﾞｰ","プロパー","1","物流部倉庫","002E020","25.00","0.00","0.00","25.00","5784.00","144600","自社","2026/09","29.00","0.00","4.00","0.00","0.00","0.00","0.00","0.00","0.00","0.00"
"ﾏｻｷﾏﾂｼﾏD3 F","MF3D105","1","56","ＭＦ３Ｄ－１０５","ﾌﾞﾗｯｸ","プロパー","1","物流部倉庫","002E020","5.00","0.00","0.00","5.00","6301.00","31505","自社","2026/09","10.00","0.00","4.00","0.00","1.00","0.00","0.00","0.00","0.00","1.00"
"ﾏｻｷﾏﾂｼﾏSG","MSG1002","2","60","ＭＳＧ－１００２","ｸﾘｱﾎﾞﾙﾄﾞｰ/ｶﾞﾝﾒﾀﾙ","プロパー","1","物流部倉庫","002E020","6.00","0.00","0.00","6.00","3103.00","18618","自社","2026/09","6.00","0","0","0","0","0","0","0","0","0.00"
"ｴｸｽﾜｲｱF","XW1022","1","55","ＸＷ－１０２２","ｼﾙﾊﾞｰ","プロパー","1","物流部倉庫","002E020","0.00","1.00","0.00","1.00","3162.00","3162","自社","2026/09","1.00","0","0","0","0","0","0","0","0","0.00"
"ｴｸｽﾜｲｱF","XW1032","1","55","ＸＷ－１０３２","ﾍｱﾗｲﾝｼﾙﾊﾞｰ","プロパー","1","物流部倉庫","002E020","70.00","4.00","10.00","84.00","4006.00","336504","自社","2026/09","85.00","0.00","1.00","1.00","1.00","0.00","0.00","0.00","0.00","0.00"
"ｴｸｽﾜｲｱF","XW1032","2","55","ＸＷ－１０３２","ｸﾞﾚｰ","プロパー","1","物流部倉庫","002E020","52.00","4.00","10.00","66.00","3761.00","248226","自社","2026/09","68.00","0.00","2.00","1.00","1.00","0.00","0.00","0.00","0.00","0.00"
"ｴｸｽﾜｲｱF","XW1032","3","55","ＸＷ－１０３２","ﾌﾞﾗｯｸ","プロパー","1","物流部倉庫","002E020","18.00","4.00","6.00","28.00","3851.00","107828","自社","2026/09","32.00","0.00","4.00","1.00","1.00","0.00","0.00","0.00","0.00","0.00"
"ｴｸｽﾜｲｱF","XW1033","2","55","ＸＷ－１０３３","ｶﾞﾝﾒﾀﾙ","プロパー","1","物流部倉庫","002E020","0.00","1.00","0.00","1.00","3415.00","3415","自社","2026/09","1.00","0","0","0","0","0","0","0","0","0.00"
"ｴｸｽﾜｲｱF","XW1034","1","55","ＸＷ－１０３４","ｸﾞﾚｰ","プロパー","1","物流部倉庫","002E020","17.00","3.00","23.00","43.00","4077.00","175311","自社","2026/09","55.00","0.00","12.00","1.00","1.00","0.00","0.00","0.00","0.00","0.00"
"ｴｸｽﾜｲｱF","XW1034","2","55","ＸＷ－１０３４","ｶﾞﾝﾒﾀﾙ/ｸﾞﾚｰ","プロパー","1","物流部倉庫","002E020","59.00","3.00","24.00","86.00","4077.00","350622","自社","2026/09","97.00","0.00","11.00","1.00","1.00","0.00","0.00","0.00","0.00","0.00"
"ｴｸｽﾜｲｱF","XW1034","3","55","ＸＷ－１０３４","ﾌﾞﾗｯｸ","プロパー","1","物流部倉庫","002E020","32.00","3.00","24.00","59.00","4077.00","240543","自社","2026/09","72.00","0.00","13.00","1.00","1.00","0.00","0.00","0.00","0.00","0.00"
"ｴｸｽﾜｲｱF","XW1040","1","56","ＸＷ－１０４０","ｸﾞﾚｰ","プロパー","1","物流部倉庫","002E020","25.00","0.00","27.00","52.00","3790.00","197080","自社","2026/09","67.00","0.00","14.00","0.00","1.00","0.00","0.00","0.00","0.00","0.00"
"ｴｸｽﾜｲｱF","XW1040","2","56","ＸＷ－１０４０","ｶﾞﾝﾒﾀﾙ","プロパー","1","物流部倉庫","002E020","0.00","1.00","11.00","12.00","3790.00","45480","自社","2026/09","18.00","0.00","6.00","0.00","0.00","0.00","0.00","0.00","0.00","0.00"
"ｴｸｽﾜｲｱF","XW1040","3","56","ＸＷ－１０４０","ﾈｲﾋﾞｰ/ｸﾞﾚｰ","プロパー","1","物流部倉庫","002E020","15.00","1.00","24.00","40.00","3890.00","155600","自社","2026/09","57.00","0.00","17.00","0.00","0.00","0.00","0.00","0.00","0.00","0.00"
"ｴｸｽﾜｲｱF","XW1042","1","55","ＸＷ－１０４２","ﾍｱﾗｲﾝｼﾙﾊﾞｰ","プロパー","1","物流部倉庫","002E020","28.00","18.00","5.00","51.00","4587.00","233937","自社","2026/09","53.00","0.00","101.00","101.00","2.00","0.00","0.00","0.00","0.00","0.00"
"ｴｸｽﾜｲｱF","XW1042","2","55","ＸＷ－１０４２","ｸﾞﾚｰ","プロパー","1","物流部倉庫","002E020","23.00","18.00","5.00","46.00","4347.00","199962","自社","2026/09","49.00","0.00","100.00","101.00","4.00","0.00","0.00","0.00","0.00","0.00"
"ｴｸｽﾜｲｱF","XW1042","3","55","ＸＷ－１０４２","ﾌﾞﾗｯｸ","プロパー","1","物流部倉庫","002E020","18.00","18.00","5.00","41.00","4437.00","181917","自社","2026/09","46.00","0.00","102.00","101.00","4.00","0.00","0.00","0.00","0.00","0.00"
"ｴｸｽﾜｲｱF","XW1053","1","55","ＸＷ－１０５３","ﾍｱﾗｲﾝｺﾞｰﾙﾄﾞ","プロパー","1","物流部倉庫","002E020","127.00","18.00","13.00","158.00","4689.00","740862","自社","2026/09","161.00","0.00","103.00","101.00","1.00","0.00","0.00","0.00","0.00","0.00"
"ｴｸｽﾜｲｱF","XW1053","2","55","ＸＷ－１０５３","IPｸﾞﾚｰ/IPﾌﾞﾗｯｸ","プロパー","1","物流部倉庫","002E020","166.00","17.00","13.00","196.00","4724.00","925904","自社","2026/09","197.00","0.00","121.00","121.00","1.00","0.00","0.00","0.00","0.00","0.00"
"ｴｸｽﾜｲｱF","XW1053","3","55","ＸＷ－１０５３","IPｶﾞﾝﾒﾀﾙ","プロパー","1","物流部倉庫","002E020","197.00","19.00","12.00","228.00","4454.00","1015512","自社","2026/09","230.00","0.00","82.00","81.00","1.00","0.00","0.00","0.00","0.00","0.00"
"ｴｸｽﾜｲｱF","XW1057","1","53","ＸＷ－１０５７","IPﾍｱﾗｲﾝｸﾞﾚｰ","プロパー","1","物流部倉庫","002E020","65.00","3.00","23.00","91.00","4505.00","409955","自社","2026/09","102.00","0.00","11.00","1.00","1.00","0.00","0.00","0.00","0.00","0.00"
"ｴｸｽﾜｲｱF","XW1057","2","53","ＸＷ－１０５７","IPﾍｱﾗｲﾝｶﾞﾝﾒﾀﾙ","プロパー","1","物流部倉庫","002E020","19.00","3.00","23.00","45.00","4505.00","202725","自社","2026/09","73.00","0.00","27.00","1.00","2.00","0.00","0.00","0.00","0.00","0.00"
"ｴｸｽﾜｲｱF","XW1057","3","53","ＸＷ－１０５７","IPﾌﾞﾗｯｸ","プロパー","1","物流部倉庫","002E020","5.00","1.00","22.00","28.00","4495.00","125860","自社","2026/09","68.00","0.00","40.00","1.00","1.00","0.00","0.00","0.00","0.00","0.00"
"ｴｸｽﾜｲｱF","XW1059","1","54","ＸＷ－１０５９","IPﾍｱﾗｲﾝｼﾙﾊﾞｰ","プロパー","1","物流部倉庫","002E020","0.00","0.00","24.00","24.00","3879.00","93096","自社","2026/09","39.00","0.00","0.00","0.00","15.00","0.00","0.00","0.00","0.00","0.00"
"ｴｸｽﾜｲｱF","XW1059","2","54","ＸＷ－１０５９","IPﾈｲﾋﾞｰ","プロパー","1","物流部倉庫","002E020","0.00","0.00","21.00","21.00","4149.00","87129","自社","2026/09","29.00","0.00","2.00","1.00","7.00","0.00","0.00","0.00","0.00","0.00"
"ｴｸｽﾜｲｱF","XW1059","3","54","ＸＷ－１０５９","IPｶﾞﾝﾒﾀﾙ","プロパー","1","物流部倉庫","002E020","0.00","1.00","19.00","20.00","3809.00","76180","自社","2026/09","30.00","0.00","2.00","1.00","9.00","0.00","0.00","0.00","0.00","0.00"
"ｴｸｽﾜｲｱF","XW1070","3","55","ＸＷ－１０７０","IPﾌﾞﾗｯｸ","プロパー","1","物流部倉庫","002E020","0.00","0.00","1.00","1.00","3647.00","3647","自社","2026/09","1.00","0","0","0","0","0","0","0","0","0.00"
"ｴｸｽﾜｲｱF","XW1073","1","55","ＸＷ－１０７３","IPﾍｱﾗｲﾝｸﾞﾚｰ","プロパー","1","物流部倉庫","002E020","0.00","0.00","2.00","2.00","4327.00","8654","自社","2026/09","16.00","0.00","0.00","0.00","14.00","0.00","0.00","0.00","0.00","0.00"
"ｴｸｽﾜｲｱF","XW1073","2","55","ＸＷ－１０７３","ﾎﾜｲﾄｺﾞｰﾙﾄﾞ/IPｼﾙﾊﾞｰ","プロパー","1","物流部倉庫","002E020","43.00","0.00","2.00","45.00","4362.00","196290","自社","2026/09","62.00","0.00","2.00","0.00","15.00","0.00","0.00","0.00","0.00","0.00"
"ｴｸｽﾜｲｱF","XW1073","3","55","ＸＷ－１０７３","IPｶﾞﾝﾒﾀﾙ","プロパー","1","物流部倉庫","002E020","0.00","0.00","2.00","2.00","4327.00","8654","自社","2026/09","12.00","0.00","0.00","0.00","10.00","0.00","0.00","0.00","0.00","0.00"
"ｴｸｽﾜｲｱF","XW1074","1","56","ＸＷ－１０７４","IPﾍｱﾗｲﾝｼﾙﾊﾞｰ","プロパー","1","物流部倉庫","002E020","87.00","0.00","19.00","106.00","3918.00","415308","自社","2026/09","103.00","0.00","1.00","7.00","3.00","0.00","0.00","0.00","0.00","8.00"
"ｴｸｽﾜｲｱF","XW1074","2","56","ＸＷ－１０７４","IPｶﾞﾝﾒﾀﾙ","プロパー","1","物流部倉庫","002E020","58.00","0.00","19.00","77.00","3838.00","295526","自社","2026/09","79.00","0.00","6.00","6.00","2.00","0.00","0.00","0.00","0.00","8.00"
"ｴｸｽﾜｲｱF","XW1074","3","56","ＸＷ－１０７４","IPﾈｲﾋﾞｰ","プロパー","1","物流部倉庫","002E020","53.00","1.00","19.00","73.00","4328.00","315944","自社","2026/09","76.00","0.00","7.00","7.00","3.00","0.00","0.00","0.00","0.00","7.00"
"ｴｸｽﾜｲｱF","XW1075","1","54","ＸＷ－１０７５","IPｸﾞﾚｰ","プロパー","1","物流部倉庫","002E020","4.00","1.00","27.00","32.00","4768.00","152576","自社","2026/09","33.00","0.00","4.00","5.00","2.00","0.00","0.00","0.00","0.00","8.00"
"ｴｸｽﾜｲｱF","XW1075","2","54","ＸＷ－１０７５","IPﾍｱﾗｲﾝｸﾞﾚｰ","プロパー","1","物流部倉庫","002E020","26.00","0.00","26.00","52.00","4468.00","232336","自社","2026/09","53.00","0.00","5.00","7.00","3.00","0.00","0.00","0.00","0.00","8.00"
"ｴｸｽﾜｲｱF","XW1075","3","54","ＸＷ－１０７５","IPｶﾞﾝﾒﾀﾙ","プロパー","1","物流部倉庫","002E020","1.00","1.00","19.00","21.00","4388.00","92148","自社","2026/09","24.00","0.00","5.00","3.00","1.00","0.00","0.00","0.00","0.00","8.00"
"ｴｸｽﾜｲｱF","XW1076","1","55","ＸＷ－１０７６","IPﾍｱﾗｲﾝｼﾙﾊﾞｰ","プロパー","1","物流部倉庫","002E020","28.00","1.00","26.00","55.00","4000.00","220000","自社","2026/09","58.00","0.00","6.00","6.00","3.00","0.00","0.00","0.00","0.00","8.00"
"ｴｸｽﾜｲｱF","XW1076","2","55","ＸＷ－１０７６","ﾈｲﾋﾞｰ/IPｸﾞﾚｰ","プロパー","1","物流部倉庫","002E020","48.00","0.00","26.00","74.00","4110.00","304140","自社","2026/09","69.00","0.00","1.00","7.00","1.00","0.00","0.00","0.00","0.00","8.00"
"ｴｸｽﾜｲｱF","XW1076","3","55","ＸＷ－１０７６","IPｶﾞﾝﾒﾀﾙ","プロパー","1","物流部倉庫","002E020","38.00","1.00","26.00","65.00","3920.00","254800","自社","2026/09","65.00","0.00","4.00","7.00","3.00","0.00","0.00","0.00","0.00","8.00"
"ｴｸｽﾜｲｱF","XW1077","1","54","ＸＷ－１０７７","ﾌﾞﾗｳﾝﾃﾞﾐ/IPｸﾞﾚｰ","プロパー","1","物流部倉庫","002E020","16.00","1.00","26.00","43.00","4753.00","204379","自社","2026/09","47.00","0.00","6.00","6.00","4.00","0.00","0.00","0.00","0.00","8.00"
"ｴｸｽﾜｲｱF","XW1077","2","54","ＸＷ－１０７７","ﾈｲﾋﾞｰｻｻ/IPｼﾙﾊﾞｰ","プロパー","1","物流部倉庫","002E020","17.00","0.00","26.00","43.00","4753.00","204379","自社","2026/09","43.00","0.00","5.00","6.00","1.00","0.00","0.00","0.00","0.00","8.00"
"ｴｸｽﾜｲｱF","XW1077","3","54","ＸＷ－１０７７","ﾌﾞﾗｯｸ/IPｶﾞﾝﾒﾀﾙ","プロパー","1","物流部倉庫","002E020","12.00","1.00","26.00","39.00","4753.00","185367","自社","2026/09","43.00","0.00","6.00","5.00","3.00","0.00","0.00","0.00","0.00","8.00"
"ｴｸｽﾜｲｱF","XW2008","3","50","ＸＷ－２００８","ﾌﾞﾗｯｸ/IPｶﾞﾝﾒﾀﾙ","プロパー","1","物流部倉庫","002E020","0.00","1.00","0.00","1.00","4379.00","4379","自社","2026/09","1.00","0","0","0","0","0","0","0","0","0.00"
"ｴｸｽﾜｲｱF","XW2011N","2","49","ＸＷ－２０１１Ｎ","ｶﾞﾝﾒﾀﾙ","プロパー","1","物流部倉庫","002E020","0.00","0.00","1.00","1.00","3725.00","3725","自社","2026/09","11.00","0.00","0.00","0.00","10.00","0.00","0.00","0.00","0.00","0.00"
"ﾋﾞｰﾑｽﾃﾞｻﾞｲﾝF","BD4001","1","53","ＢＤ－４００１","ﾎﾜｲﾄｺﾞｰﾙﾄﾞ(ﾏｯﾄﾌﾞﾗｳﾝ)","プロパー","1","物流部倉庫","002F010","14.00","2.00","22.00","38.00","3439.00","130682","自社","2026/09","40.00","0.00","3.00","1.00","0.00","0.00","0.00","0.00","0.00","0.00"
"ﾋﾞｰﾑｽﾃﾞｻﾞｲﾝF","BD4001","2","53","ＢＤ－４００１","ｸﾞﾚｰ･ﾏｯﾄﾌﾞﾗｯｸ","プロパー","1","物流部倉庫","002F010","1.00","0.00","13.00","14.00","3439.00","48146","自社","2026/09","20.00","0.00","7.00","1.00","0.00","0.00","0.00","0.00","0.00","0.00"
"ﾋﾞｰﾑｽﾃﾞｻﾞｲﾝF","BD4001","3","53","ＢＤ－４００１","ｶﾞﾝﾒﾀﾙ","プロパー","1","物流部倉庫","002F010","36.00","0.00","22.00","58.00","3439.00","199462","自社","2026/09","65.00","0.00","7.00","1.00","1.00","0.00","0.00","0.00","0.00","0.00"
"ﾋﾞｰﾑｽﾃﾞｻﾞｲﾝF","BD4002","1","54","ＢＤ－４００２","ﾎﾜｲﾄｺﾞｰﾙﾄﾞ(ﾏｯﾄﾌﾞﾗｯｸ)","プロパー","1","物流部倉庫","002F010","6.00","1.00","8.00","15.00","3370.00","50550","自社","2026/09","16.00","0.00","1.00","2.00","2.00","0.00","0.00","0.00","0.00","0.00"
"ﾋﾞｰﾑｽﾃﾞｻﾞｲﾝF","BD4002","2","54","ＢＤ－４００２","ｸﾞﾚｰ(ﾏｯﾄﾌﾞﾗｯｸ)","プロパー","1","物流部倉庫","002F010","1.00","0.00","34.00","35.00","3370.00","117950","自社","2026/09","35.00","0.00","1.00","1.00","0.00","0.00","0.00","0.00","0.00","0.00"
"ﾋﾞｰﾑｽﾃﾞｻﾞｲﾝF","BD4002","3","54","ＢＤ－４００２","ﾌﾞﾗｯｸ","プロパー","1","物流部倉庫","002F010","2.00","0.00","15.00","17.00","3370.00","57290","自社","2026/09","17.00","0.00","1.00","2.00","1.00","0.00","0.00","0.00","0.00","0.00"
"ﾋﾞｰﾑｽﾃﾞｻﾞｲﾝF","BD4003","1","53","ＢＤ－４００３","ﾌﾞｳﾗｳﾝﾃﾞﾐ","プロパー","1","物流部倉庫","002F010","1.00","0.00","23.00","24.00","1567.50","37620","自社","2026/09","28.00","0.00","4.00","0.00","0.00","0.00","0.00","0.00","0.00","0.00"
"ﾋﾞｰﾑｽﾃﾞｻﾞｲﾝF","BD4003","2","53","ＢＤ－４００３","ｸﾞﾚｰｻｻ","プロパー","1","物流部倉庫","002F010","0.00","0.00","17.00","17.00","1567.50","26648","自社","2026/09","20.00","0.00","3.00","0.00","0.00","0.00","0.00","0.00","0.00","0.00"
"ﾋﾞｰﾑｽﾃﾞｻﾞｲﾝF","BD4003","3","53","ＢＤ－４００３","ﾌﾞﾗｯｸ","プロパー","1","物流部倉庫","002F010","0.00","0.00","4.00","4.00","1567.50","6270","自社","2026/09","7.00","0.00","3.00","0.00","0.00","0.00","0.00","0.00","0.00","0.00"
"ﾋﾞｰﾑｽﾃﾞｻﾞｲﾝF","BD4004","1","53","ＢＤ－４００４","ﾀﾞｰｸﾌﾞﾗｳﾝﾃﾞﾐ","プロパー","1","物流部倉庫","002F010","0.00","0.00","3.00","3.00","1567.50","4703","自社","2026/09","4.00","0.00","0.00","0.00","1.00","0.00","0.00","0.00","0.00","0.00"
"ﾋﾞｰﾑｽﾃﾞｻﾞｲﾝF","BD4004","2","53","ＢＤ－４００４","ﾋﾞｰﾙ","プロパー","1","物流部倉庫","002F010","2.00","0.00","3.00","5.00","1567.50","7838","自社","2026/09","6.00","0.00","1.00","0.00","0.00","0.00","0.00","0.00","0.00","0.00"
"ﾋﾞｰﾑｽﾃﾞｻﾞｲﾝF","BD4005","1","52","ＢＤ－４００５","ﾌﾞﾗｳﾝﾃﾞﾐﾊｰﾌ/ｶﾞﾝﾒﾀﾙ","プロパー","1","物流部倉庫","002F010","0.00","0.00","5.00","5.00","2557.50","12788","自社","2026/09","5.00","0","0","0","0","0","0","0","0","0.00"
"ﾋﾞｰﾑｽﾃﾞｻﾞｲﾝF","BD4005","2","52","ＢＤ－４００５","ﾈｲﾋﾞｰｻｻ/ｸﾞﾚｰ","プロパー","1","物流部倉庫","002F010","0.00","0.00","6.00","6.00","2557.50","15345","自社","2026/09","7.00","0.00","1.00","0.00","0.00","0.00","0.00","0.00","0.00","0.00"
"ﾋﾞｰﾑｽﾃﾞｻﾞｲﾝF","BD4005","3","52","ＢＤ－４００５","ﾌﾞﾗｯｸ/ｸﾞﾚｰ","プロパー","1","物流部倉庫","002F010","0.00","0.00","7.00","7.00","2557.50","17903","自社","2026/09","7.00","0","0","0","0","0","0","0","0","0.00"
"ﾋﾞｰﾑｽﾃﾞｻﾞｲﾝF","BD5001","1","47","ＢＤ－５００１","ﾍｱﾗｲﾝｺﾞｰﾙﾄﾞ","プロパー","1","物流部倉庫","002F010","1.00","0.00","215.00","216.00","3050.00","658800","自社","2026/09","186.00","0.00","21.00","51.00","0.00","0.00","0.00","0.00","0.00","0.00"
"ﾋﾞｰﾑｽﾃﾞｻﾞｲﾝF","BD5001","2","47","ＢＤ－５００１","ﾍｱﾗｲﾝｸﾞﾚｰ","プロパー","1","物流部倉庫","002F010","28.00","13.00","130.00","171.00","3050.00","521550","自社","2026/09","143.00","0.00","53.00","81.00","0.00","0.00","0.00","0.00","0.00","0.00"
"ﾋﾞｰﾑｽﾃﾞｻﾞｲﾝF","BD5001","3","47","ＢＤ－５００１","ﾏｯﾄﾌﾞﾗｯｸ","プロパー","1","物流部倉庫","002F010","17.00","6.00","115.00","138.00","3050.00","420900","自社","2026/09","135.00","0.00","58.00","61.00","0.00","0.00","0.00","0.00","0.00","0.00"
"ﾋﾞｰﾑｽﾃﾞｻﾞｲﾝF","BD5007","2","51","ＢＤ－５００７","ｵﾘｰﾌﾞﾌｪｻﾞｰ","プロパー","1","物流部倉庫","002F010","1.00","0.00","0.00","1.00","1425.00","1425","自社","2026/09","1.00","0","0","0","0","0","0","0","0","0.00"
"ﾋﾞｰﾑｽﾃﾞｻﾞｲﾝF","BD5012","1","50","ＢＤ－５０１２","ﾀﾞｰｸｸﾞﾚｰ（ﾌﾞﾗｳﾝﾃﾞﾐ)/ﾌﾞﾗｳﾝﾃﾞﾐ","プロパー","1","物流部倉庫","002F010","6.00","1.00","171.00","178.00","2392.50","425865","自社","2026/09","151.00","0.00","57.00","84.00","0.00","0.00","0.00","0.00","0.00","0.00"
"ﾋﾞｰﾑｽﾃﾞｻﾞｲﾝF","BD5012","2","50","ＢＤ－５０１２","ｺﾞｰﾙﾄﾞ(ﾌﾞﾗｯｸ･ﾌﾞﾗｳﾝｻｻ)/ﾌﾞﾗｯｸ･ﾌﾞﾗｳﾝｻｻ","プロパー","1","物流部倉庫","002F010","3.00","0.00","115.00","118.00","2392.50","282315","自社","2026/09","133.00","0.00","55.00","40.00","0.00","0.00","0.00","0.00","0.00","0.00"
"ﾋﾞｰﾑｽﾃﾞｻﾞｲﾝF","BD5015","1","48","ＢＤ－５０１５","ﾍｱﾗｲﾝｺﾞｰﾙﾄﾞ","プロパー","1","物流部倉庫","002F010","1.00","0.00","0.00","1.00","2625.00","2625","自社","2026/09","1.00","0","0","0","0","0","0","0","0","0.00"
"ﾋﾞｰﾑｽﾃﾞｻﾞｲﾝF","BD5022","2","48","ＢＤ－５０２２","ｸﾘｱｺﾊﾞﾙﾄﾌﾞﾙｰ/ｵﾚﾝｼﾞﾌﾞﾗｳﾝﾃﾞﾐ","プロパー","1","物流部倉庫","002F010","1.00","0.00","0.00","1.00","1751.50","1752","自社","2026/09","1.00","0","0","0","0","0","0","0","0","0.00"
"ﾋﾞｰﾑｽﾃﾞｻﾞｲﾝF","BD5025","2","52","ＢＤ－５０２５","ｸﾘｱｸﾞﾚｰ/ｸﾞﾚｰ","プロパー","1","物流部倉庫","002F010","1.00","0.00","0.00","1.00","2310.00","2310","自社","2026/09","1.00","0","0","0","0","0","0","0","0","0.00"
"ﾋﾞｰﾑｽﾃﾞｻﾞｲﾝF","BD5031","1","49","ＢＤ－５０３１","ｺﾞｰﾙﾄﾞ(ﾌﾞﾗｳﾝﾃﾞﾐ)","プロパー","1","物流部倉庫","002F010","0.00","0.00","61.00","61.00","2970.00","181170","自社","2026/09","84.00","0.00","21.00","0.00","2.00","0.00","0.00","0.00","0.00","0.00"
"ﾋﾞｰﾑｽﾃﾞｻﾞｲﾝF","BD5031","2","49","ＢＤ－５０３１","ﾍｱﾗｲﾝｺﾞｰﾙﾄﾞ(ｷﾊｸ)","プロパー","1","物流部倉庫","002F010","0.00","0.00","93.00","93.00","2970.00","276210","自社","2026/09","102.00","0.00","7.00","0.00","2.00","0.00","0.00","0.00","0.00","0.00"
"ﾋﾞｰﾑｽﾃﾞｻﾞｲﾝF","BD5031","3","49","ＢＤ－５０３１","ｶﾞﾝﾒﾀﾙ(ｸﾞﾚｰﾊｰﾌ）","プロパー","1","物流部倉庫","002F010","0.00","0.00","33.00","33.00","2970.00","98010","自社","2026/09","69.00","0.00","34.00","0.00","2.00","0.00","0.00","0.00","0.00","0.00"
"ﾋﾞｰﾑｽﾃﾞｻﾞｲﾝF","BD5034","1","48","ＢＤ－５０３４","ｺﾞｰﾙﾄﾞ","プロパー","1","物流部倉庫","002F010","0.00","0.00","121.00","121.00","3094.00","374374","自社","2026/09","80.00","0.00","38.00","79.00","0.00","0.00","0.00","0.00","0.00","0.00"
"ﾋﾞｰﾑｽﾃﾞｻﾞｲﾝF","BD5034","2","48","ＢＤ－５０３４","ｼﾙﾊﾞｰ","プロパー","1","物流部倉庫","002F010","0.00","0.00","120.00","120.00","3094.00","371280","自社","2026/09","86.00","0.00","21.00","55.00","0.00","0.00","0.00","0.00","0.00","0.00"
"ﾋﾞｰﾑｽﾃﾞｻﾞｲﾝF","BD5034","3","48","ＢＤ－５０３４","ｸﾞﾚｰ","プロパー","1","物流部倉庫","002F010","0.00","0.00","224.00","224.00","3094.00","693056","自社","2026/09","173.00","0.00","42.00","93.00","0.00","0.00","0.00","0.00","0.00","0.00"
"ﾋﾞｰﾑｽﾃﾞｻﾞｲﾝF","BD5036","2","53","ＢＤ－５０３６","ﾈｲﾋﾞｰｻｻ/ﾌﾞﾗｯｸ","プロパー","1","物流部倉庫","002F010","0.00","1.00","0.00","1.00","1782.00","1782","自社","2026/09","1.00","0","0","0","0","0","0","0","0","0.00"
"ﾋﾞｰﾑｽﾃﾞｻﾞｲﾝF","BD5037","1","46","ＢＤ－５０３７","ﾌﾞﾗｳﾝﾃﾞﾐ/ﾍｱﾗｲﾝｼﾙﾊﾞｰ･ﾌﾞﾗｳﾝﾃﾞﾐ","プロパー","1","物流部倉庫","002F010","0.00","1.00","0.00","1.00","2310.00","2310","自社","2026/09","1.00","0","0","0","0","0","0","0","0","0.00"
"ﾋﾞｰﾑｽﾃﾞｻﾞｲﾝF","BD5037","2","46","ＢＤ－５０３７","ｸﾘｱﾌﾞﾗｳﾝ/ｺﾞｰﾙﾄﾞ･ﾌﾞﾗｳﾝﾃﾞﾐ","プロパー","1","物流部倉庫","002F010","0.00","1.00","0.00","1.00","2310.00","2310","自社","2026/09","1.00","0","0","0","0","0","0","0","0","0.00"
"ﾋﾞｰﾑｽﾃﾞｻﾞｲﾝF","BD5037","3","46","ＢＤ－５０３７","ﾌﾞﾗｯｸ/ｸﾞﾚｰ･ﾌﾞﾗｯｸ","プロパー","1","物流部倉庫","002F010","0.00","2.00","0.00","2.00","2310.00","4620","自社","2026/09","2.00","0","0","0","0","0","0","0","0","0.00"
"ﾋﾞｰﾑｽﾃﾞｻﾞｲﾝF","BD5038","3","48","ＢＤ－５０３８","ﾌﾞﾗｯｸ/ｸﾞﾚｰ","プロパー","1","物流部倉庫","002F010","1.00","0.00","0.00","1.00","2392.50","2393","自社","2026/09","1.00","0","0","0","0","0","0","0","0","0.00"
"ﾋﾞｰﾑｽﾃﾞｻﾞｲﾝF","BD5039","3","44","ＢＤ－５０３９","ﾌﾞﾗｳﾝ","プロパー","1","物流部倉庫","002F010","1.00","0.00","0.00","1.00","1900.00","1900","自社","2026/09","1.00","0","0","0","0","0","0","0","0","0.00"
"ﾋﾞｰﾑｽﾃﾞｻﾞｲﾝF","BD5044","2","47","ＢＤ－５０４４","ｸﾘｱﾛｰｽﾞﾌﾞﾗｳﾝ/ﾎﾜｲﾄｺﾞｰﾙﾄﾞ","プロパー","1","物流部倉庫","002F010","1.00","0.00","0.00","1.00","2310.00","2310","自社","2026/09","1.00","0","0","0","0","0","0","0","0","0.00"
"ﾋﾞｰﾑｽﾃﾞｻﾞｲﾝF","BD5045","1","51","ＢＤ－５０４５","ﾓｶﾌﾞﾗｳﾝｻｻ･ﾎﾜｲﾄｺﾞｰﾙﾄﾞ/ﾓｶﾌﾞﾗｳﾝｻｻ","プロパー","1","物流部倉庫","002F010","1.00","0.00","0.00","1.00","2062.50","2063","自社","2026/09","1.00","0","0","0","0","0","0","0","0","0.00"
"ﾋﾞｰﾑｽﾃﾞｻﾞｲﾝF","BD5045","3","51","ＢＤ－５０４５","ﾌﾞﾗｯｸ･ｶﾞﾝﾒﾀﾙ/ﾌﾞﾗｯｸ","プロパー","1","物流部倉庫","002F010","1.00","0.00","0.00","1.00","2062.50","2063","自社","2026/09","1.00","0","0","0","0","0","0","0","0","0.00"
"ﾋﾞｰﾑｽﾃﾞｻﾞｲﾝF","BD5050","1","49","ＢＤ－５０５０","ﾌﾞﾗｳﾝｻｻ/ｺﾞｰﾙﾄﾞ","プロパー","1","物流部倉庫","002F010","0.00","0.00","18.00","18.00","2062.50","37125","自社","2026/09","68.00","0.00","50.00","0.00","0.00","0.00","0.00","0.00","0.00","0.00"
"ﾋﾞｰﾑｽﾃﾞｻﾞｲﾝF","BD5050","2","49","ＢＤ－５０５０","ｸﾘｱﾌﾞﾗｳﾝ/ｼﾙﾊﾞｰ","プロパー","1","物流部倉庫","002F010","0.00","0.00","46.00","46.00","2062.50","94875","自社","2026/09","103.00","0.00","57.00","0.00","0.00","0.00","0.00","0.00","0.00","0.00"
"ﾋﾞｰﾑｽﾃﾞｻﾞｲﾝF","BD5050","3","49","ＢＤ－５０５０","ﾌﾞﾗｯｸ/ｼﾙﾊﾞｰ","プロパー","1","物流部倉庫","002F010","54.00","0.00","257.00","311.00","2062.50","641438","自社","2026/09","411.00","0.00","95.00","1.00","6.00","0.00","0.00","0.00","0.00","0.00"
"ﾋﾞｰﾑｽﾃﾞｻﾞｲﾝF","BD5051S","1","47","ＢＤ－５０５１－Ｓ","ﾌﾞﾗｳﾝﾃﾞﾐ","プロパー","1","物流部倉庫","002F010","0.00","0.00","1.00","1.00","1567.50","1568","自社","2026/09","1.00","0","0","0","0","0","0","0","0","0.00"
"ﾋﾞｰﾑｽﾃﾞｻﾞｲﾝF","BD5052","3","50","ＢＤ－５０５２","ｼﾙﾊﾞｰ","プロパー","1","物流部倉庫","002F010","0.00","0.00","1.00","1.00","2160.00","2160","自社","2026/09","1.00","0","0","0","0","0","0","0","0","0.00"
"ﾋﾞｰﾑｽﾃﾞｻﾞｲﾝF","BD5053","1","48","ＢＤ－５０５３","ｺﾞｰﾙﾄﾞ(ﾌﾞﾗｳﾝﾃﾞﾐ)","プロパー","1","物流部倉庫","002F010","0.00","0.00","94.00","94.00","2645.00","248630","自社","2026/09","106.00","0.00","15.00","5.00","2.00","0.00","0.00","0.00","0.00","0.00"
"ﾋﾞｰﾑｽﾃﾞｻﾞｲﾝF","BD5053","2","48","ＢＤ－５０５３","ﾎﾜｲﾄｺﾞｰﾙﾄﾞ","プロパー","1","物流部倉庫","002F010","0.00","0.00","83.00","83.00","2645.00","219535","自社","2026/09","102.00","0.00","18.00","0.00","1.00","0.00","0.00","0.00","0.00","0.00"
"ﾋﾞｰﾑｽﾃﾞｻﾞｲﾝF","BD5053","3","48","ＢＤ－５０５３","ｼﾙﾊﾞｰ","プロパー","1","物流部倉庫","002F010","0.00","0.00","116.00","116.00","2645.00","306820","自社","2026/09","122.00","0.00","7.00","2.00","1.00","0.00","0.00","0.00","0.00","0.00"
"ﾋﾞｰﾑｽﾃﾞｻﾞｲﾝF","BD5056","1","46","ＢＤ－５０５６","ﾌﾞﾗｳﾝﾃﾞﾐ","プロパー","1","物流部倉庫","002F010","0.00","0.00","251.00","251.00","1732.50","434858","自社","2026/09","150.00","0.00","42.00","143.00","0.00","0.00","0.00","0.00","0.00","0.00"
"ﾋﾞｰﾑｽﾃﾞｻﾞｲﾝF","BD5056","2","46","ＢＤ－５０５６","ｵﾘｰﾌﾞﾄﾞﾗﾌﾞ","プロパー","1","物流部倉庫","002F010","2.00","0.00","283.00","285.00","1732.50","493763","自社","2026/09","213.00","0.00","36.00","109.00","1.00","0.00","0.00","0.00","0.00","0.00"
"ﾋﾞｰﾑｽﾃﾞｻﾞｲﾝF","BD5056","3","46","ＢＤ－５０５６","ﾌﾞﾗｯｸ","プロパー","1","物流部倉庫","002F010","0.00","0.00","322.00","322.00","1732.50","557865","自社","2026/09","222.00","0.00","35.00","135.00","0.00","0.00","0.00","0.00","0.00","0.00"
"ﾋﾞｰﾑｽﾃﾞｻﾞｲﾝF","BD5060L","1","49","ＢＤ－５０６０－Ｌ","ﾎﾜｲﾄｺﾞｰﾙﾄﾞ","プロパー","1","物流部倉庫","002F010","1.00","0.00","0.00","1.00","2071.00","2071","自社","2026/09","1.00","0","0","0","0","0","0","0","0","0.00"
"ﾋﾞｰﾑｽﾃﾞｻﾞｲﾝF","BD5060L","2","49","ＢＤ－５０６０－Ｌ","ｼﾙﾊﾞｰ","プロパー","1","物流部倉庫","002F010","1.00","0.00","0.00","1.00","2071.00","2071","自社","2026/09","1.00","0","0","0","0","0","0","0","0","0.00"
"ﾋﾞｰﾑｽﾃﾞｻﾞｲﾝF","BD5060S","1","45","ＢＤ－５０６０－Ｓ","ﾎﾜｲﾄｺﾞｰﾙﾄﾞ","プロパー","1","物流部倉庫","002F010","1.00","0.00","0.00","1.00","2071.00","2071","自社","2026/09","1.00","0","0","0","0","0","0","0","0","0.00"
"ﾋﾞｰﾑｽﾃﾞｻﾞｲﾝF","BD5060S","2","45","ＢＤ－５０６０－Ｓ","ｼﾙﾊﾞｰ","プロパー","1","物流部倉庫","002F010","2.00","0.00","0.00","2.00","2071.00","4142","自社","2026/09","2.00","0","0","0","0","0","0","0","0","0.00"
"ﾋﾞｰﾑｽﾃﾞｻﾞｲﾝF","BD5061","2","46","ＢＤ－５０６１","ｼﾙﾊﾞｰ(ｸﾘｱﾗｲﾄｳｫｰﾑｸﾞﾚｰ)","プロパー","1","物流部倉庫","002F010","1.00","0.00","0.00","1.00","2337.00","2337","自社","2026/09","0.00","0.00","0.00","1.00","0.00","0.00","0.00","0.00","0.00","0.00"
"ﾋﾞｰﾑｽﾃﾞｻﾞｲﾝF","BD5061","3","46","ＢＤ－５０６１","ｼﾙﾊﾞｰ(ﾌﾞﾗｯｸ)","プロパー","1","物流部倉庫","002F010","3.00","0.00","0.00","3.00","2337.00","7011","自社","2026/09","2.00","0.00","0.00","1.00","0.00","0.00","0.00","0.00","0.00","0.00"
"ﾋﾞｰﾑｽﾃﾞｻﾞｲﾝF","BD5062","1","47","ＢＤ－５０６２","ﾎﾜｲﾄｺﾞｰﾙﾄﾞ(ﾌﾞﾗｳﾝﾃﾞﾐ)","プロパー","1","物流部倉庫","002F010","1.00","0.00","0.00","1.00","2413.00","2413","自社","2026/09","0.00","0.00","0.00","1.00","0.00","0.00","0.00","0.00","0.00","0.00"
"ﾋﾞｰﾑｽﾃﾞｻﾞｲﾝF","BD5062","2","47","ＢＤ－５０６２","ｸﾞﾚｰ(ﾌﾞﾗｯｸ)","プロパー","1","物流部倉庫","002F010","1.00","0.00","0.00","1.00","2413.00","2413","自社","2026/09","0.00","0.00","0.00","1.00","0.00","0.00","0.00","0.00","0.00","0.00"
"ﾋﾞｰﾑｽﾃﾞｻﾞｲﾝF","BD5063","1","49","ＢＤ－５０６３","ﾌﾞﾗｳﾝﾃﾞﾐ","プロパー","1","物流部倉庫","002F010","1.00","0.00","62.00","63.00","1485.00","93555","自社","2026/09","85.00","0.00","21.00","0.00","1.00","0.00","0.00","0.00","0.00","0.00"
"ﾋﾞｰﾑｽﾃﾞｻﾞｲﾝF","BD5063","2","49","ＢＤ－５０６３","ｺﾆｬｯｸﾌﾞﾗｳﾝ","プロパー","1","物流部倉庫","002F010","1.00","0.00","107.00","108.00","1485.00","160380","自社","2026/09","118.00","0.00","9.00","0.00","1.00","0.00","0.00","0.00","0.00","0.00"
"ﾋﾞｰﾑｽﾃﾞｻﾞｲﾝF","BD5063","3","49","ＢＤ－５０６３","ﾌﾞﾗｯｸ","プロパー","1","物流部倉庫","002F010","5.00","0.00","45.00","50.00","1485.00","74250","自社","2026/09","80.00","0.00","28.00","0.00","2.00","0.00","0.00","0.00","0.00","0.00"
"ﾋﾞｰﾑｽﾃﾞｻﾞｲﾝF","BD5065","2","47","ＢＤ－５０６５","ｺﾆｬｯｸﾌﾞﾗｳﾝ/ﾎﾜｲﾄｺﾞｰﾙﾄﾞ","プロパー","1","物流部倉庫","002F010","2.00","0.00","66.00","68.00","2392.50","162690","自社","2026/09","104.00","0.00","36.00","0.00","0.00","0.00","0.00","0.00","0.00","0.00"
"ﾋﾞｰﾑｽﾃﾞｻﾞｲﾝF","BD5065","3","47","ＢＤ－５０６５","ｽﾓｰｸｸﾞﾚｰ/ｼﾙﾊﾞｰ","プロパー","1","物流部倉庫","002F010","0.00","0.00","43.00","43.00","2392.50","102878","自社","2026/09","86.00","0.00","43.00","0.00","0.00","0.00","0.00","0.00","0.00","0.00"
"ﾋﾞｰﾑｽﾃﾞｻﾞｲﾝF","BD5065","4","47","ＢＤ－５０６５","ﾌﾞﾗｯｸ/ｸﾞﾚｰ","プロパー","1","物流部倉庫","002F010","0.00","0.00","199.00","199.00","2392.50","476108","自社","2026/09","235.00","0.00","36.00","0.00","0.00","0.00","0.00","0.00","0.00","0.00"
"ﾋﾞｰﾑｽﾃﾞｻﾞｲﾝF","BD5068","1","47","ＢＤ－５０６８","ｺﾞｰﾙﾄﾞ","プロパー","1","物流部倉庫","002F010","1.00","0.00","0.00","1.00","2160.00","2160","自社","2026/09","0.00","0.00","0.00","1.00","0.00","0.00","0.00","0.00","0.00","0.00"
"ﾋﾞｰﾑｽﾃﾞｻﾞｲﾝF","BD5068","2","47","ＢＤ－５０６８","ｸﾞﾚｰ","プロパー","1","物流部倉庫","002F010","1.00","0.00","0.00","1.00","2160.00","2160","自社","2026/09","0.00","0.00","0.00","1.00","0.00","0.00","0.00","0.00","0.00","0.00"
"ﾋﾞｰﾑｽﾃﾞｻﾞｲﾝF","BD5068","3","47","ＢＤ－５０６８","ｶﾞﾝﾒﾀﾙ","プロパー","1","物流部倉庫","002F010","1.00","0.00","0.00","1.00","2160.00","2160","自社","2026/09","0.00","0.00","0.00","1.00","0.00","0.00","0.00","0.00","0.00","0.00"
"ﾋﾞｰﾑｽﾃﾞｻﾞｲﾝF","BD5069","1","46","ＢＤ－５０６９","ﾎﾜｲﾄｺﾞｰﾙﾄﾞ","プロパー","1","物流部倉庫","002F010","5.00","0.00","0.00","5.00","2180.00","10900","自社","2026/09","4.00","0.00","0.00","1.00","0.00","0.00","0.00","0.00","0.00","0.00"
"ﾋﾞｰﾑｽﾃﾞｻﾞｲﾝF","BD5069","2","46","ＢＤ－５０６９","ｼﾙﾊﾞｰ","プロパー","1","物流部倉庫","002F010","4.00","0.00","0.00","4.00","2180.00","8720","自社","2026/09","3.00","0.00","0.00","1.00","0.00","0.00","0.00","0.00","0.00","0.00"
"ﾋﾞｰﾑｽﾃﾞｻﾞｲﾝF","BD5069","3","46","ＢＤ－５０６９","ﾌﾞﾗｯｸ","プロパー","1","物流部倉庫","002F010","1.00","0.00","0.00","1.00","2180.00","2180","自社","2026/09","0.00","0.00","0.00","1.00","0.00","0.00","0.00","0.00","0.00","0.00"
"ﾋﾞｰﾑｽﾃﾞｻﾞｲﾝF","BD5070","1","46","ＢＤ－５０７０","ﾎﾜｲﾄｺﾞｰﾙﾄﾞ(ﾌﾞﾗｳﾝﾃﾞﾐ)","プロパー","1","物流部倉庫","002F010","1.00","0.00","0.00","1.00","2480.00","2480","自社","2026/09","0.00","0.00","0.00","1.00","0.00","0.00","0.00","0.00","0.00","0.00"
"ﾋﾞｰﾑｽﾃﾞｻﾞｲﾝF","BD5070","2","46","ＢＤ－５０７０","ﾎﾜｲﾄｺﾞｰﾙﾄﾞ(ｸﾘｱﾗｲﾄｳｫｰﾑｸﾞﾚｰ)","プロパー","1","物流部倉庫","002F010","1.00","0.00","0.00","1.00","2480.00","2480","自社","2026/09","0.00","0.00","0.00","1.00","0.00","0.00","0.00","0.00","0.00","0.00"
"ﾋﾞｰﾑｽﾃﾞｻﾞｲﾝF","BD5070","3","46","ＢＤ－５０７０","ｶﾞﾝﾒﾀﾙ(ﾌﾞﾗｯｸ)","プロパー","1","物流部倉庫","002F010","1.00","0.00","0.00","1.00","2480.00","2480","自社","2026/09","0.00","0.00","0.00","1.00","0.00","0.00","0.00","0.00","0.00","0.00"
"ﾋﾞｰﾑｽﾃﾞｻﾞｲﾝF","BD5071","2","48","ＢＤ－５０７１","ｷｬﾒﾙ","プロパー","1","物流部倉庫","002F010","10.00","0.00","0.00","10.00","1567.50","15675","自社","2026/09","10.00","0","0","0","0","0","0","0","0","0.00"
"ﾋﾞｰﾑｽﾃﾞｻﾞｲﾝF","BD5071","3","48","ＢＤ－５０７１","ﾀﾞｰｸｸﾞﾚｰﾊｰﾌ/ﾀﾞｰｸｸﾞﾚｰ","プロパー","1","物流部倉庫","002F010","7.00","0.00","0.00","7.00","1567.50","10973","自社","2026/09","7.00","0","0","0","0","0","0","0","0","0.00"
"ﾋﾞｰﾑｽﾃﾞｻﾞｲﾝF","BD5072","1","47","ＢＤ－５０７２","ﾌﾞﾗｳﾝﾃﾞﾐ","プロパー","1","物流部倉庫","002F010","1.00","0.00","0.00","1.00","1567.50","1568","自社","2026/09","1.00","0","0","0","0","0","0","0","0","0.00"
"ﾋﾞｰﾑｽﾃﾞｻﾞｲﾝF","BD5072","2","47","ＢＤ－５０７２","ｷﾊｸ/ﾌﾞﾗｳﾝﾃﾞﾐ","プロパー","1","物流部倉庫","002F010","8.00","0.00","0.00","8.00","1567.50","12540","自社","2026/09","8.00","0","0","0","0","0","0","0","0","0.00"
"ﾋﾞｰﾑｽﾃﾞｻﾞｲﾝF","BD5074L","2","49","ＢＤ－５０７４－Ｌ","ｷﾊｸ/ﾎﾜｲﾄｺﾞｰﾙﾄﾞ","プロパー","1","物流部倉庫","002F010","42.00","0.00","0.00","42.00","2475.00","103950","自社","2026/09","42.00","0","0","0","0","0","0","0","0","0.00"
"ﾋﾞｰﾑｽﾃﾞｻﾞｲﾝF","BD5074M","1","47","ＢＤ－５０７４－Ｍ","ｺﾆｬｯｸﾌﾞﾗｳﾝ/ﾎﾜｲﾄｺﾞｰﾙﾄﾞ","プロパー","1","物流部倉庫","002F010","1.00","0.00","0.00","1.00","2475.00","2475","自社","2026/09","1.00","0","0","0","0","0","0","0","0","0.00"
"ﾋﾞｰﾑｽﾃﾞｻﾞｲﾝF","BD5074M","2","47","ＢＤ－５０７４－Ｍ","ｷﾊｸ/ﾎﾜｲﾄｺﾞｰﾙﾄﾞ","プロパー","1","物流部倉庫","002F010","19.00","0.00","0.00","19.00","2475.00","47025","自社","2026/09","19.00","0","0","0","0","0","0","0","0","0.00"
"ﾋﾞｰﾑｽﾃﾞｻﾞｲﾝF","BD5074S","2","45","ＢＤ－５０７４－Ｓ","ｷﾊｸ/ﾎﾜｲﾄｺﾞｰﾙﾄﾞ","プロパー","1","物流部倉庫","002F010","50.00","0.00","0.00","50.00","2475.00","123750","自社","2026/09","50.00","0","0","0","0","0","0","0","0","0.00"
"ﾋﾞｰﾑｽﾃﾞｻﾞｲﾝF","BD5074XL","1","52","ＢＤ－５０７４－ＸＬ","ｺﾆｬｯｸﾌﾞﾗｳﾝ/ﾎﾜｲﾄｺﾞｰﾙﾄﾞ","プロパー","1","物流部倉庫","002F010","1.00","0.00","0.00","1.00","2475.00","2475","自社","2026/09","1.00","0","0","0","0","0","0","0","0","0.00"
"ﾋﾞｰﾑｽﾃﾞｻﾞｲﾝF","BD5074XL","2","52","ＢＤ－５０７４－ＸＬ","ｷﾊｸ/ﾎﾜｲﾄｺﾞｰﾙﾄﾞ","プロパー","1","物流部倉庫","002F010","29.00","0.00","0.00","29.00","2475.00","71775","自社","2026/09","29.00","0","0","0","0","0","0","0","0","0.00"
"ﾋﾞｰﾑｽﾃﾞｻﾞｲﾝF","BD5074XS","2","42","ＢＤ－５０７４－ＸＳ","ｷﾊｸ/ﾎﾜｲﾄｺﾞｰﾙﾄﾞ","プロパー","1","物流部倉庫","002F010","26.00","0.00","0.00","26.00","2475.00","64350","自社","2026/09","26.00","0","0","0","0","0","0","0","0","0.00"
"ﾋﾞｰﾑｽﾃﾞｻﾞｲﾝF","BD5075","1","47","ＢＤ－５０７５","ﾎﾜｲﾄｺﾞｰﾙﾄﾞ(ﾌﾞﾗｳﾝ)","プロパー","1","物流部倉庫","002F010","0.00","0.00","197.00","197.00","2938.00","578786","自社","2026/09","144.00","0.00","47.00","100.00","0.00","0.00","0.00","0.00","0.00","0.00"
"ﾋﾞｰﾑｽﾃﾞｻﾞｲﾝF","BD5075","3","47","ＢＤ－５０７５","ﾎﾜｲﾄｺﾞｰﾙﾄﾞ(ﾏｯﾄﾌﾞﾗｯｸ)","プロパー","1","物流部倉庫","002F010","1.00","0.00","82.00","83.00","2938.00","243854","自社","2026/09","42.00","0.00","22.00","63.00","0.00","0.00","0.00","0.00","0.00","0.00"
"ﾋﾞｰﾑｽﾃﾞｻﾞｲﾝF","BD5075","5","47","ＢＤ－５０７５","ｸﾞﾚｰ･ﾌﾞﾗｯｸﾏｯﾄ","プロパー","1","物流部倉庫","002F010","0.00","0.00","228.00","228.00","2988.00","681264","自社","2026/09","182.00","0.00","26.00","72.00","0.00","0.00","0.00","0.00","0.00","0.00"
"ﾋﾞｰﾑｽﾃﾞｻﾞｲﾝF","BD5075","6","47","ＢＤ－５０７５","ｶﾞﾝﾒﾀﾙ","プロパー","1","物流部倉庫","002F010","0.00","0.00","3.00","3.00","2863.00","8589","自社","2026/09","3.00","0","0","0","0","0","0","0","0","0.00"
"ﾋﾞｰﾑｽﾃﾞｻﾞｲﾝF","BD5076","1","46","ＢＤ－５０７６","ｺﾞｰﾙﾄﾞ","プロパー","1","物流部倉庫","002F010","24.00","0.00","0.00","24.00","2160.00","51840","自社","2026/09","24.00","0","0","0","0","0","0","0","0","0.00"
"ﾋﾞｰﾑｽﾃﾞｻﾞｲﾝF","BD5076","2","46","ＢＤ－５０７６","ﾍｱﾗｲﾝｼﾙﾊﾞｰ","プロパー","1","物流部倉庫","002F010","7.00","0.00","0.00","7.00","2160.00","15120","自社","2026/09","7.00","0","0","0","0","0","0","0","0","0.00"
"ﾋﾞｰﾑｽﾃﾞｻﾞｲﾝF","BD5077","3","46","ＢＤ－５０７７","ﾏｯﾄﾌﾞﾗｯｸ(ｺﾞｰﾙﾄﾞ)","プロパー","1","物流部倉庫","002F010","1.00","0.00","0.00","1.00","2460.00","2460","自社","2026/09","1.00","0","0","0","0","0","0","0","0","0.00"
"ﾋﾞｰﾑｽﾃﾞｻﾞｲﾝF","BD5081","2","46","ＢＤ－５０８１","ｱﾝﾊﾞｰ/ﾎﾜｲﾄｺﾞｰﾙﾄﾞ","プロパー","1","物流部倉庫","002F010","11.00","0.00","0.00","11.00","2475.00","27225","自社","2026/09","11.00","0","0","0","0","0","0","0","0","0.00"
"ﾋﾞｰﾑｽﾃﾞｻﾞｲﾝF","BD5082","1","46","ＢＤ－５０８２","ﾌﾞﾗｳﾝﾃﾞﾐ/ﾎﾜｲﾄｺﾞｰﾙﾄﾞ","プロパー","1","物流部倉庫","002F010","3.00","0.00","0.00","3.00","2887.50","8663","自社","2026/09","3.00","0","0","0","0","0","0","0","0","0.00"
"ﾋﾞｰﾑｽﾃﾞｻﾞｲﾝF","BD5083","2","46","ＢＤ－５０８３","ｺﾆｬｯｸﾌﾞﾗｳﾝ/ｼﾙﾊﾞｰ","プロパー","1","物流部倉庫","002F010","22.00","0.00","0.00","22.00","2145.00","47190","自社","2026/09","22.00","0.00","0.00","1.00","1.00","0.00","0.00","0.00","0.00","0.00"
"ﾋﾞｰﾑｽﾃﾞｻﾞｲﾝF","BD5083","3","46","ＢＤ－５０８３","ｸﾘｱｸﾞﾚｰ/ﾎﾜｲﾄｺﾞｰﾙﾄﾞ","プロパー","1","物流部倉庫","002F010","4.00","0.00","0.00","4.00","2145.00","8580","自社","2026/09","4.00","0.00","0.00","1.00","1.00","0.00","0.00","0.00","0.00","0.00"
"ﾋﾞｰﾑｽﾃﾞｻﾞｲﾝF","BD5084","1","48","ＢＤ－５０８４","ﾎﾜｲﾄｺﾞｰﾙﾄﾞ(ﾌﾞﾗｳﾝ)","プロパー","1","物流部倉庫","002F010","0.00","0.00","42.00","42.00","2553.00","107226","自社","2026/09","42.00","0","0","0","0","0","0","0","0","0.00"
"ﾋﾞｰﾑｽﾃﾞｻﾞｲﾝF","BD5084","2","48","ＢＤ－５０８４","ｼﾙﾊﾞｰ･ﾎﾜｲﾄｺﾞｰﾙﾄﾞ","プロパー","1","物流部倉庫","002F010","15.00","0.00","7.00","22.00","2553.00","56166","自社","2026/09","23.00","0.00","1.00","0.00","0.00","0.00","0.00","0.00","0.00","0.00"
"ﾋﾞｰﾑｽﾃﾞｻﾞｲﾝF","BD5084","3","48","ＢＤ－５０８４","ｸﾞﾚｰ･ﾌﾞﾗｯｸﾏｯﾄ","プロパー","1","物流部倉庫","002F010","0.00","0.00","47.00","47.00","2553.00","119991","自社","2026/09","47.00","0","0","0","0","0","0","0","0","0.00"
"ﾋﾞｰﾑｽﾃﾞｻﾞｲﾝF","BD5084","4","48","ＢＤ－５０８４","ｶﾞﾝﾒﾀﾙ","プロパー","1","物流部倉庫","002F010","0.00","0.00","1.00","1.00","2553.00","2553","自社","2026/09","3.00","0.00","2.00","0.00","0.00","0.00","0.00","0.00","0.00","0.00"
"ﾋﾞｰﾑｽﾃﾞｻﾞｲﾝF","BD5085","1","48","ＢＤ－５０８５","ﾌﾞﾗｳﾝﾊｰﾌ/ﾀﾞｰｸﾌﾞﾗｳﾝ","プロパー","1","物流部倉庫","002F010","0.00","0.00","5.00","5.00","1765.50","8828","自社","2026/09","6.00","0.00","1.00","0.00","0.00","0.00","0.00","0.00","0.00","0.00"
"ﾋﾞｰﾑｽﾃﾞｻﾞｲﾝF","BD5085","2","48","ＢＤ－５０８５","ﾋﾞｰﾙ･ﾗｲﾄｱﾝﾊﾞｰ/ﾗｲﾄｱﾝﾊﾞｰ","プロパー","1","物流部倉庫","002F010","24.00","0.00","7.00","31.00","1765.50","54731","自社","2026/09","32.00","0.00","1.00","1.00","1.00","0.00","0.00","0.00","0.00","0.00"
"ﾋﾞｰﾑｽﾃﾞｻﾞｲﾝF","BD5085","3","48","ＢＤ－５０８５","ｸﾘｱｳｫｰﾑｸﾞﾚｰ･ﾌﾞﾗｳﾝﾃﾞﾐ/ﾌﾞﾗｳﾝﾃﾞﾐ","プロパー","1","物流部倉庫","002F010","0.00","0.00","1.00","1.00","1765.50","1766","自社","2026/09","1.00","0","0","0","0","0","0","0","0","0.00"
"ﾋﾞｰﾑｽﾃﾞｻﾞｲﾝF","BD5085","4","48","ＢＤ－５０８５","ﾁｬｺｰﾙ･ｸﾞﾘｰﾝﾃﾞﾐ/ｸﾞﾘｰﾝﾃﾞﾐ","プロパー","1","物流部倉庫","002F010","1.00","0.00","11.00","12.00","1765.50","21186","自社","2026/09","15.00","0.00","3.00","1.00","1.00","0.00","0.00","0.00","0.00","0.00"
"ﾋﾞｰﾑｽﾃﾞｻﾞｲﾝF","BD5085","5","48","ＢＤ－５０８５","ﾌﾞﾗｯｸ･ﾀﾞｰｸﾌﾞﾗｳﾝﾃﾞﾐ/ﾀﾞｰｸﾌﾞﾗｳﾝﾃﾞﾐ","プロパー","1","物流部倉庫","002F010","69.00","0.00","10.00","79.00","1765.50","139475","自社","2026/09","83.00","0.00","4.00","1.00","1.00","0.00","0.00","0.00","0.00","0.00"
"ﾋﾞｰﾑｽﾃﾞｻﾞｲﾝF","BD5086","1","51","ＢＤ－５０８６","ﾌﾞﾗｳﾝﾃﾞﾐ/ﾎﾜｲﾄｺﾞｰﾙﾄﾞ","プロパー","1","物流部倉庫","002F010","0.00","0.00","1.00","1.00","2425.50","2426","自社","2026/09","1.00","0","0","0","0","0","0","0","0","0.00"
"ﾋﾞｰﾑｽﾃﾞｻﾞｲﾝF","BD5086","2","51","ＢＤ－５０８６","ｸﾘｽﾀﾙ/ﾎﾜｲﾄｺﾞｰﾙﾄﾞ","プロパー","1","物流部倉庫","002F010","27.00","0.00","7.00","34.00","2425.50","82467","自社","2026/09","34.00","0","0","0","0","0","0","0","0","0.00"
"ﾋﾞｰﾑｽﾃﾞｻﾞｲﾝF","BD5086","3","51","ＢＤ－５０８６","ﾌﾞﾗｯｸ/ｼﾙﾊﾞｰ","プロパー","1","物流部倉庫","002F010","0.00","0.00","4.00","4.00","2425.50","9702","自社","2026/09","4.00","0","0","0","0","0","0","0","0","0.00"
"ﾋﾞｰﾑｽﾃﾞｻﾞｲﾝF","BD5087","2","48","ＢＤ－５０８７","ｸﾞﾘｰﾝﾃﾞﾐ/ｼﾙﾊﾞｰ","プロパー","1","物流部倉庫","002F010","0.00","0.00","3.00","3.00","2425.50","7277","自社","2026/09","3.00","0","0","0","0","0","0","0","0","0.00"
"ﾋﾞｰﾑｽﾃﾞｻﾞｲﾝF","BD5088","1","49","ＢＤ－５０８８","ﾀﾞｰｸﾌﾞﾗｳﾝﾃﾞﾐ/ﾍｱﾗｲﾝｺﾞｰﾙﾄﾞ","プロパー","1","物流部倉庫","002F010","36.00","5.00","11.00","52.00","2970.00","154440","自社","2026/09","55.00","0.00","2.00","0.00","1.00","0.00","0.00","0.00","0.00","0.00"
"ﾋﾞｰﾑｽﾃﾞｻﾞｲﾝF","BD5088","2","49","ＢＤ－５０８８","ﾋﾞｰﾙ/ﾎﾜｲﾄｺﾞｰﾙﾄﾞ","プロパー","1","物流部倉庫","002F010","57.00","3.00","11.00","71.00","2970.00","210870","自社","2026/09","72.00","0.00","0.00","0.00","1.00","0.00","0.00","0.00","0.00","0.00"
"ﾋﾞｰﾑｽﾃﾞｻﾞｲﾝF","BD5088","3","49","ＢＤ－５０８８","ﾌﾞﾗｯｸ/ｼﾙﾊﾞｰ","プロパー","1","物流部倉庫","002F010","7.00","5.00","11.00","23.00","2970.00","68310","自社","2026/09","29.00","0.00","5.00","0.00","1.00","0.00","0.00","0.00","0.00","0.00"
"ﾋﾞｰﾑｽﾃﾞｻﾞｲﾝF","BD5089","1","48","ＢＤ－５０８９","ﾎﾜｲﾄｺﾞｰﾙﾄﾞ(ﾏｾﾞﾝﾀﾋﾟﾝｸ)","プロパー","1","物流部倉庫","002F010","0.00","0.00","3.00","3.00","2451.00","7353","自社","2026/09","3.00","0","0","0","0","0","0","0","0","0.00"
"ﾋﾞｰﾑｽﾃﾞｻﾞｲﾝF","BD5089","2","48","ＢＤ－５０８９","ｼﾙﾊﾞｰ/ｲｴﾛｰｺﾞｰﾙﾄﾞ","プロパー","1","物流部倉庫","002F010","1.00","0.00","3.00","4.00","2451.00","9804","自社","2026/09","5.00","0.00","1.00","0.00","0.00","0.00","0.00","0.00","0.00","0.00"
"ﾋﾞｰﾑｽﾃﾞｻﾞｲﾝF","BD5089","3","48","ＢＤ－５０８９","ｸﾞﾚｰ/ﾌﾞﾙｰ","プロパー","1","物流部倉庫","002F010","37.00","0.00","4.00","41.00","2451.00","100491","自社","2026/09","46.00","0.00","4.00","0.00","1.00","0.00","0.00","0.00","0.00","0.00"
"ﾋﾞｰﾑｽﾃﾞｻﾞｲﾝF","BD5089","4","48","ＢＤ－５０８９","ﾏｯﾄｵﾘｰﾌﾞ","プロパー","1","物流部倉庫","002F010","18.00","0.00","4.00","22.00","2451.00","53922","自社","2026/09","24.00","0.00","1.00","0.00","1.00","0.00","0.00","0.00","0.00","0.00"
"ﾋﾞｰﾑｽﾃﾞｻﾞｲﾝF","BD5089","5","48","ＢＤ－５０８９","ﾏｯﾄﾌﾞﾗｯｸ","プロパー","1","物流部倉庫","002F010","11.00","0.00","4.00","15.00","2451.00","36765","自社","2026/09","19.00","0.00","3.00","0.00","1.00","0.00","0.00","0.00","0.00","0.00"
"ﾋﾞｰﾑｽﾃﾞｻﾞｲﾝF","BD5090","1","48","ＢＤ－５０９０","ﾎﾜｲﾄｺﾞｰﾙﾄﾞ(ﾏｾﾞﾝﾀﾋﾟﾝｸ)","プロパー","1","物流部倉庫","002F010","21.00","0.00","3.00","24.00","2451.00","58824","自社","2026/09","23.00","0.00","0.00","1.00","0.00","0.00","0.00","0.00","0.00","0.00"
"ﾋﾞｰﾑｽﾃﾞｻﾞｲﾝF","BD5090","2","48","ＢＤ－５０９０","ｼﾙﾊﾞｰ/ｲｴﾛｰｺﾞｰﾙﾄﾞ","プロパー","1","物流部倉庫","002F010","40.00","0.00","4.00","44.00","2451.00","107844","自社","2026/09","45.00","0.00","1.00","1.00","1.00","0.00","0.00","0.00","0.00","0.00"
"ﾋﾞｰﾑｽﾃﾞｻﾞｲﾝF","BD5090","3","48","ＢＤ－５０９０","ｸﾞﾚｰ/ﾌﾞﾙｰ","プロパー","1","物流部倉庫","002F010","39.00","0.00","4.00","43.00","2451.00","105393","自社","2026/09","43.00","0.00","0.00","1.00","1.00","0.00","0.00","0.00","0.00","0.00"
"ﾋﾞｰﾑｽﾃﾞｻﾞｲﾝF","BD5090","5","48","ＢＤ－５０９０","ﾏｯﾄﾌﾞﾗｯｸ","プロパー","1","物流部倉庫","002F010","74.00","0.00","4.00","78.00","2451.00","191178","自社","2026/09","78.00","0.00","0.00","1.00","1.00","0.00","0.00","0.00","0.00","0.00"
"ﾋﾞｰﾑｽﾃﾞｻﾞｲﾝF","BD5092","2","47","ＢＤ－５０９２","ﾊﾆｰﾌﾞﾗｳﾝﾃﾞﾐ/ﾎﾜｲﾄｺﾞｰﾙﾄﾞ","プロパー","1","物流部倉庫","002F010","77.00","0.00","3.00","80.00","2227.50","178200","自社","2026/09","84.00","0.00","3.00","0.00","1.00","0.00","0.00","0.00","0.00","0.00"
"ﾋﾞｰﾑｽﾃﾞｻﾞｲﾝF","BD5092","3","47","ＢＤ－５０９２","ﾌﾞﾗｯｸ/ｸﾞﾚｰ","プロパー","1","物流部倉庫","002F010","13.00","0.00","3.00","16.00","2227.50","35640","自社","2026/09","20.00","0.00","3.00","0.00","1.00","0.00","0.00","0.00","0.00","0.00"
"ﾋﾞｰﾑｽﾃﾞｻﾞｲﾝF","BD5093","3","47","ＢＤ－５０９３","ﾏｯﾄﾌﾞﾗｯｸ(ｸﾘｱｸﾞﾚｰ)","プロパー","1","物流部倉庫","002F010","25.00","0.00","0.00","25.00","2750.00","68750","自社","2026/09","35.00","0.00","6.00","0.00","4.00","0.00","0.00","0.00","0.00","0.00"
"ﾋﾞｰﾑｽﾃﾞｻﾞｲﾝF","BD5094","3","49","ＢＤ－５０９４","ﾌﾞﾗｯｸ/ｼﾙﾊﾞｰ","プロパー","1","物流部倉庫","002F010","23.00","1.00","0.00","24.00","2640.00","63360","自社","2026/09","25.00","0.00","0.00","0.00","1.00","0.00","0.00","0.00","0.00","0.00"
"ﾋﾞｰﾑｽﾃﾞｻﾞｲﾝF","BD5095","1","49","ＢＤ－５０９５","ﾀﾞｰｸﾌﾞﾗｳﾝﾃﾞﾐ･ﾎﾜｲﾄｺﾞｰﾙﾄﾞ","プロパー","1","物流部倉庫","002F010","30.00","0.00","3.00","33.00","2392.50","78953","自社","2026/09","34.00","0.00","1.00","0.00","0.00","0.00","0.00","0.00","0.00","0.00"
"ﾋﾞｰﾑｽﾃﾞｻﾞｲﾝF","BD5095","2","49","ＢＤ－５０９５","ｸﾞﾘｰﾝﾃﾞﾐ･ｸﾞﾚｰ","プロパー","1","物流部倉庫","002F010","32.00","1.00","3.00","36.00","2392.50","86130","自社","2026/09","36.00","0","0","0","0","0","0","0","0","0.00"
"ﾋﾞｰﾑｽﾃﾞｻﾞｲﾝF","BD5095","3","49","ＢＤ－５０９５","ﾌﾞﾗｯｸ･ｸﾞﾚｰ","プロパー","1","物流部倉庫","002F010","29.00","0.00","3.00","32.00","2392.50","76560","自社","2026/09","32.00","0","0","0","0","0","0","0","0","0.00"
"ﾋﾞｰﾑｽﾃﾞｻﾞｲﾝF","BD5096L","1","49","ＢＤ－５０９６－Ｌ","ﾎﾜｲﾄｺﾞｰﾙﾄﾞ","プロパー","1","物流部倉庫","002F010","88.00","0.00","3.00","91.00","2774.00","252434","自社","2026/09","92.00","0.00","0.00","0.00","1.00","0.00","0.00","0.00","0.00","0.00"
"ﾋﾞｰﾑｽﾃﾞｻﾞｲﾝF","BD5096L","2","49","ＢＤ－５０９６－Ｌ","ｼﾙﾊﾞｰ･ﾎﾜｲﾄｺﾞｰﾙﾄﾞ","プロパー","1","物流部倉庫","002F010","76.00","0.00","3.00","79.00","2774.00","219146","自社","2026/09","80.00","0.00","0.00","0.00","1.00","0.00","0.00","0.00","0.00","0.00"
"ﾋﾞｰﾑｽﾃﾞｻﾞｲﾝF","BD5096L","3","49","ＢＤ－５０９６－Ｌ","ﾗｲﾄｸﾞﾚｰ･ﾏｯﾄﾌﾞﾗｯｸ","プロパー","1","物流部倉庫","002F010","72.00","0.00","3.00","75.00","2774.00","208050","自社","2026/09","78.00","0.00","2.00","0.00","1.00","0.00","0.00","0.00","0.00","0.00"
"ﾋﾞｰﾑｽﾃﾞｻﾞｲﾝF","BD5096M","1","47","ＢＤ－５０９６－Ｍ","ﾎﾜｲﾄｺﾞｰﾙﾄﾞ","プロパー","1","物流部倉庫","002F010","11.00","0.00","3.00","14.00","2774.00","38836","自社","2026/09","15.00","0.00","0.00","0.00","1.00","0.00","0.00","0.00","0.00","0.00"
"ﾋﾞｰﾑｽﾃﾞｻﾞｲﾝF","BD5096M","2","47","ＢＤ－５０９６－Ｍ","ｼﾙﾊﾞｰ･ﾎﾜｲﾄｺﾞｰﾙﾄﾞ","プロパー","1","物流部倉庫","002F010","0.00","0.00","3.00","3.00","2774.00","8322","自社","2026/09","4.00","0.00","0.00","0.00","1.00","0.00","0.00","0.00","0.00","0.00"
"ﾋﾞｰﾑｽﾃﾞｻﾞｲﾝF","BD5096M","3","47","ＢＤ－５０９６－Ｍ","ﾗｲﾄｸﾞﾚｰ･ﾏｯﾄﾌﾞﾗｯｸ","プロパー","1","物流部倉庫","002F010","37.00","0.00","3.00","40.00","2774.00","110960","自社","2026/09","41.00","0.00","0.00","0.00","1.00","0.00","0.00","0.00","0.00","0.00"
"ﾋﾞｰﾑｽﾃﾞｻﾞｲﾝF","BD5096S","1","45","ＢＤ－５０９６－Ｓ","ﾎﾜｲﾄｺﾞｰﾙﾄﾞ","プロパー","1","物流部倉庫","002F010","42.00","0.00","3.00","45.00","2774.00","124830","自社","2026/09","45.00","0.00","0.00","1.00","1.00","0.00","0.00","0.00","0.00","0.00"
"ﾋﾞｰﾑｽﾃﾞｻﾞｲﾝF","BD5096S","2","45","ＢＤ－５０９６－Ｓ","ｼﾙﾊﾞｰ･ﾎﾜｲﾄｺﾞｰﾙﾄﾞ","プロパー","1","物流部倉庫","002F010","27.00","0.00","3.00","30.00","2774.00","83220","自社","2026/09","30.00","0.00","0.00","1.00","1.00","0.00","0.00","0.00","0.00","0.00"
"ﾋﾞｰﾑｽﾃﾞｻﾞｲﾝF","BD5096S","3","45","ＢＤ－５０９６－Ｓ","ﾗｲﾄｸﾞﾚｰ･ﾏｯﾄﾌﾞﾗｯｸ","プロパー","1","物流部倉庫","002F010","8.00","0.00","3.00","11.00","2774.00","30514","自社","2026/09","13.00","0.00","0.00","0.00","2.00","0.00","0.00","0.00","0.00","0.00"
"ﾋﾞｰﾑｽﾃﾞｻﾞｲﾝF","BD5097","2","46","ＢＤ－５０９７","ﾎﾜｲﾄｺﾞｰﾙﾄﾞ(ﾗｲﾄｸﾞﾚｰ)","プロパー","1","物流部倉庫","002F010","0.00","0.00","1.00","1.00","2965.00","2965","自社","2026/09","1.00","0","0","0","0","0","0","0","0","0.00"
"ﾋﾞｰﾑｽﾃﾞｻﾞｲﾝF","BD5098","2","50","ＢＤ－５０９８","ｸﾞﾚｰ","プロパー","1","物流部倉庫","002F010","0.00","0.00","4.00","4.00","2853.00","11412","自社","2026/09","4.00","0","0","0","0","0","0","0","0","0.00"
"ﾋﾞｰﾑｽﾃﾞｻﾞｲﾝF","BD5099S","1","46","ＢＤ－５０９９－Ｓ","ﾌﾞﾗｳﾝﾃﾞﾐ","プロパー","1","物流部倉庫","002F010","0.00","0.00","1.00","1.00","1567.50","1568","自社","2026/09","1.00","0","0","0","0","0","0","0","0","0.00"
"ﾋﾞｰﾑｽﾃﾞｻﾞｲﾝF","BD5099S","2","46","ＢＤ－５０９９－Ｓ","ｸﾞﾘｰﾝﾃﾞﾐ","プロパー","1","物流部倉庫","002F010","12.00","0.00","3.00","15.00","1567.50","23513","自社","2026/09","17.00","0.00","1.00","0.00","1.00","0.00","0.00","0.00","0.00","0.00"
"ﾋﾞｰﾑｽﾃﾞｻﾞｲﾝF","BD5099S","3","46","ＢＤ－５０９９－Ｓ","ﾌﾞﾗｯｸ","プロパー","1","物流部倉庫","002F010","0.00","0.00","1.00","1.00","1567.50","1568","自社","2026/09","2.00","0.00","1.00","0.00","0.00","0.00","0.00","0.00","0.00","0.00"
"ﾋﾞｰﾑｽﾃﾞｻﾞｲﾝF","BD5100","2","48","ＢＤ－５１００","ｸﾘｱﾗｲﾄｸﾞﾚｰ/ﾎﾜｲﾄｺﾞｰﾙﾄﾞ","プロパー","1","物流部倉庫","002F010","30.00","0.00","5.00","35.00","2475.00","86625","自社","2026/09","36.00","0.00","0.00","0.00","1.00","0.00","0.00","0.00","0.00","0.00"
"ﾋﾞｰﾑｽﾃﾞｻﾞｲﾝF","BD5100","3","48","ＢＤ－５１００","ﾌﾞﾗｯｸ/ｸﾞﾚｰ","プロパー","1","物流部倉庫","002F010","36.00","0.00","5.00","41.00","2475.00","101475","自社","2026/09","44.00","0.00","2.00","0.00","1.00","0.00","0.00","0.00","0.00","0.00"
"ﾋﾞｰﾑｽﾃﾞｻﾞｲﾝF","BD5101","2","48","ＢＤ－５１０１","ｼﾙﾊﾞｰ(ｷﾊｸ)","プロパー","1","物流部倉庫","002F010","12.00","0.00","6.00","18.00","3135.00","56430","自社","2026/09","18.00","0","0","0","0","0","0","0","0","0.00"
"ﾋﾞｰﾑｽﾃﾞｻﾞｲﾝF","BD5101","3","48","ＢＤ－５１０１","ｸﾞﾚｰ(ﾌﾞﾗｯｸ)","プロパー","1","物流部倉庫","002F010","0.00","0.00","3.00","3.00","3135.00","9405","自社","2026/09","3.00","0","0","0","0","0","0","0","0","0.00"
"ﾋﾞｰﾑｽﾃﾞｻﾞｲﾝF","BD5102","1","48","ＢＤ－５１０２","ﾎﾜｲﾄｺﾞｰﾙﾄﾞ","プロパー","1","物流部倉庫","002F010","1.00","0.00","0.00","1.00","2799.00","2799","自社","2026/09","0.00","0.00","0.00","1.00","0.00","0.00","0.00","0.00","0.00","0.00"
"ﾋﾞｰﾑｽﾃﾞｻﾞｲﾝF","BD5102","2","48","ＢＤ－５１０２","ｼﾙﾊﾞｰ･ﾏｯﾄﾌﾞﾗｯｸ","プロパー","1","物流部倉庫","002F010","1.00","0.00","0.00","1.00","2799.00","2799","自社","2026/09","0.00","0.00","0.00","1.00","0.00","0.00","0.00","0.00","0.00","0.00"
"ﾋﾞｰﾑｽﾃﾞｻﾞｲﾝF","BD5102","3","48","ＢＤ－５１０２","ﾌﾞﾗｯｸ","プロパー","1","物流部倉庫","002F010","32.00","1.00","0.00","33.00","2799.00","92367","自社","2026/09","38.00","0.00","4.00","1.00","2.00","0.00","0.00","0.00","0.00","0.00"
"ﾋﾞｰﾑｽﾃﾞｻﾞｲﾝF","BD5103","1","48","ＢＤ－５１０３","ﾎﾜｲﾄｺﾞｰﾙﾄﾞ","プロパー","1","物流部倉庫","002F010","2.00","0.00","0.00","2.00","2900.00","5800","自社","2026/09","2.00","0","0","0","0","0","0","0","0","0.00"
"ﾋﾞｰﾑｽﾃﾞｻﾞｲﾝF","BD5103","2","48","ＢＤ－５１０３","ﾌﾞﾗｯｸ","プロパー","1","物流部倉庫","002F010","13.00","0.00","0.00","13.00","2900.00","37700","自社","2026/09","13.00","0","0","0","0","0","0","0","0","0.00"
"ﾋﾞｰﾑｽﾃﾞｻﾞｲﾝF","BD5104","1","50","ＢＤ－５１０４","ﾎﾜｲﾄｺﾞｰﾙﾄﾞ","プロパー","1","物流部倉庫","002F010","55.00","1.00","4.00","60.00","2780.00","166800","自社","2026/09","62.00","0.00","1.00","0.00","1.00","0.00","0.00","0.00","0.00","0.00"
"ﾋﾞｰﾑｽﾃﾞｻﾞｲﾝF","BD5104","2","50","ＢＤ－５１０４","ﾍｱﾗｲﾝﾁﾀﾝｸﾞﾚｰ","プロパー","1","物流部倉庫","002F010","70.00","2.00","4.00","76.00","2780.00","211280","自社","2026/09","78.00","0.00","1.00","0.00","1.00","0.00","0.00","0.00","0.00","0.00"
"ﾋﾞｰﾑｽﾃﾞｻﾞｲﾝF","BD5104","3","50","ＢＤ－５１０４","ﾏｯﾄﾌﾞﾗｯｸ","プロパー","1","物流部倉庫","002F010","63.00","1.00","4.00","68.00","2780.00","189040","自社","2026/09","74.00","0.00","5.00","0.00","1.00","0.00","0.00","0.00","0.00","0.00"
"ﾋﾞｰﾑｽﾃﾞｻﾞｲﾝF","BD5105","1","49","ＢＤ－５１０５","ﾌﾞﾗｳﾝﾃﾞﾐ","プロパー","1","物流部倉庫","002F010","2.00","0.00","0.00","2.00","1567.50","3135","自社","2026/09","5.00","0.00","1.00","0.00","2.00","0.00","0.00","0.00","0.00","0.00"
"ﾋﾞｰﾑｽﾃﾞｻﾞｲﾝF","BD5105","2","49","ＢＤ－５１０５","ﾏﾛﾝ","プロパー","1","物流部倉庫","002F010","7.00","0.00","0.00","7.00","1567.50","10973","自社","2026/09","8.00","0.00","1.00","0.00","0.00","0.00","0.00","0.00","0.00","0.00"
"ﾋﾞｰﾑｽﾃﾞｻﾞｲﾝF","BD5105","3","49","ＢＤ－５１０５","ﾌﾞﾗｯｸ/ﾌﾞﾗｯｸ･ｸﾘｱ","プロパー","1","物流部倉庫","002F010","19.00","0.00","0.00","19.00","1567.50","29783","自社","2026/09","23.00","0.00","3.00","0.00","1.00","0.00","0.00","0.00","0.00","0.00"
"ﾋﾞｰﾑｽﾃﾞｻﾞｲﾝF","BD5106","1","48","ＢＤ－５１０６","ﾌﾞﾗｳﾝﾃﾞﾐ","プロパー","1","物流部倉庫","002F010","0.00","0.00","23.00","23.00","1567.50","36053","自社","2026/09","23.00","0","0","0","0","0","0","0","0","0.00"
"ﾋﾞｰﾑｽﾃﾞｻﾞｲﾝF","BD5106","2","48","ＢＤ－５１０６","ﾏﾛﾝ","プロパー","1","物流部倉庫","002F010","1.00","0.00","23.00","24.00","1567.50","37620","自社","2026/09","24.00","0","0","0","0","0","0","0","0","0.00"
"ﾋﾞｰﾑｽﾃﾞｻﾞｲﾝF","BD5106","3","48","ＢＤ－５１０６","ﾌﾞﾗｯｸ/ﾌﾞﾗｯｸ･ｸﾘｱ","プロパー","1","物流部倉庫","002F010","0.00","0.00","17.00","17.00","1567.50","26648","自社","2026/09","18.00","0.00","1.00","0.00","0.00","0.00","0.00","0.00","0.00","0.00"
"ﾋﾞｰﾑｽﾃﾞｻﾞｲﾝF","BD5107","1","51","ＢＤ－５１０７","ﾌﾞﾗｳﾝﾃﾞﾐ","プロパー","1","物流部倉庫","002F010","46.00","2.00","4.00","52.00","1567.50","81510","自社","2026/09","56.00","0.00","2.00","0.00","2.00","0.00","0.00","0.00","0.00","0.00"
"ﾋﾞｰﾑｽﾃﾞｻﾞｲﾝF","BD5107","2","51","ＢＤ－５１０７","ﾏﾛﾝ","プロパー","1","物流部倉庫","002F010","47.00","3.00","4.00","54.00","1567.50","84645","自社","2026/09","56.00","0.00","0.00","0.00","2.00","0.00","0.00","0.00","0.00","0.00"
"ﾋﾞｰﾑｽﾃﾞｻﾞｲﾝF","BD5107","3","51","ＢＤ－５１０７","ﾌﾞﾗｯｸ/ﾌﾞﾗｯｸ･ｸﾘｱ","プロパー","1","物流部倉庫","002F010","9.00","4.00","5.00","18.00","1567.50","28215","自社","2026/09","21.00","0.00","1.00","0.00","2.00","0.00","0.00","0.00","0.00","0.00"
"ﾋﾞｰﾑｽﾃﾞｻﾞｲﾝF","BD5108","1","49","ＢＤ－５１０８","ﾌﾞﾗｳﾝﾃﾞﾐ･ﾎﾜｲﾄｺﾞｰﾙﾄﾞ","プロパー","1","物流部倉庫","002F010","2.00","0.00","32.00","34.00","2722.50","92565","自社","2026/09","45.00","0.00","11.00","0.00","0.00","0.00","0.00","0.00","0.00","0.00"
"ﾋﾞｰﾑｽﾃﾞｻﾞｲﾝF","BD5108","2","49","ＢＤ－５１０８","ﾌﾞﾙｰｸﾞﾚｰｻｻ･ｸﾞﾚｰ","プロパー","1","物流部倉庫","002F010","0.00","0.00","4.00","4.00","2722.50","10890","自社","2026/09","5.00","0.00","1.00","0.00","0.00","0.00","0.00","0.00","0.00","0.00"
"ﾋﾞｰﾑｽﾃﾞｻﾞｲﾝF","BD5108","3","49","ＢＤ－５１０８","ｵﾘｰﾌﾞﾄﾞﾗﾌﾞ･ｼﾙﾊﾞｰ","プロパー","1","物流部倉庫","002F010","19.00","6.00","36.00","61.00","2722.50","166073","自社","2026/09","70.00","0.00","9.00","0.00","0.00","0.00","0.00","0.00","0.00","0.00"
"ﾋﾞｰﾑｽﾃﾞｻﾞｲﾝF","BD5108","4","49","ＢＤ－５１０８","ﾌﾞﾗｯｸ･ﾍｱﾗｲﾝｼﾙﾊﾞｰ","プロパー","1","物流部倉庫","002F010","27.00","7.00","40.00","74.00","2722.50","201465","自社","2026/09","82.00","0.00","8.00","0.00","0.00","0.00","0.00","0.00","0.00","0.00"
"ﾋﾞｰﾑｽﾃﾞｻﾞｲﾝF","BD5109","3","49","ＢＤ－５１０９","ﾌﾞﾗｯｸ･ｼﾙﾊﾞｰ","プロパー","1","物流部倉庫","002F010","0.00","0.00","4.00","4.00","3019.50","12078","自社","2026/09","6.00","0.00","2.00","0.00","0.00","0.00","0.00","0.00","0.00","0.00"
"ﾋﾞｰﾑｽﾃﾞｻﾞｲﾝF","BD5110","1","51","ＢＤ－５１１０","ｺﾞｰﾙﾄﾞ","プロパー","1","物流部倉庫","002F010","1.00","0.00","4.00","5.00","2927.00","14635","自社","2026/09","7.00","0.00","2.00","1.00","1.00","0.00","0.00","0.00","0.00","1.00"
"ﾋﾞｰﾑｽﾃﾞｻﾞｲﾝF","BD5110","2","51","ＢＤ－５１１０","ｼﾙﾊﾞｰ","プロパー","1","物流部倉庫","002F010","12.00","0.00","6.00","18.00","2927.00","52686","自社","2026/09","26.00","0.00","6.00","1.00","3.00","0.00","0.00","0.00","0.00","1.00"
"ﾋﾞｰﾑｽﾃﾞｻﾞｲﾝF","BD5110","3","51","ＢＤ－５１１０","ｼﾙﾊﾞｰ･ﾌﾞﾗｯｸ","プロパー","1","物流部倉庫","002F010","1.00","0.00","4.00","5.00","2927.00","14635","自社","2026/09","16.00","0.00","6.00","1.00","6.00","0.00","0.00","0.00","0.00","1.00"
"ﾋﾞｰﾑｽﾃﾞｻﾞｲﾝF","BD5111","1","49","ＢＤ－５１１１","ｺﾞｰﾙﾄﾞ","プロパー","1","物流部倉庫","002F010","48.00","1.00","5.00","54.00","2975.00","160650","自社","2026/09","55.00","0.00","0.00","1.00","2.00","0.00","0.00","0.00","0.00","1.00"
"ﾋﾞｰﾑｽﾃﾞｻﾞｲﾝF","BD5111","2","49","ＢＤ－５１１１","ﾗｲﾄｸﾞﾚｰ","プロパー","1","物流部倉庫","002F010","38.00","0.00","5.00","43.00","2975.00","127925","自社","2026/09","44.00","0.00","0.00","1.00","2.00","0.00","0.00","0.00","0.00","1.00"
"ﾋﾞｰﾑｽﾃﾞｻﾞｲﾝF","BD5111","3","49","ＢＤ－５１１１","ｾﾐﾏｯﾄﾌﾞﾗｯｸ","プロパー","1","物流部倉庫","002F010","18.00","0.00","5.00","23.00","2975.00","68425","自社","2026/09","28.00","0.00","4.00","1.00","2.00","0.00","0.00","0.00","0.00","1.00"
"ﾋﾞｰﾑｽﾃﾞｻﾞｲﾝF","BD5112","1","51","ＢＤ－５１１２","ｺﾞｰﾙﾄﾞ","プロパー","1","物流部倉庫","002F010","29.00","0.00","5.00","34.00","2935.00","99790","自社","2026/09","37.00","0.00","2.00","1.00","2.00","0.00","0.00","0.00","0.00","1.00"
"ﾋﾞｰﾑｽﾃﾞｻﾞｲﾝF","BD5112","2","51","ＢＤ－５１１２","ｼﾙﾊﾞｰ","プロパー","1","物流部倉庫","002F010","21.00","0.00","6.00","27.00","2935.00","79245","自社","2026/09","30.00","0.00","2.00","1.00","2.00","0.00","0.00","0.00","0.00","1.00"
"ﾋﾞｰﾑｽﾃﾞｻﾞｲﾝF","BD5113","1","49","ＢＤ－５１１３","ﾀﾞｰｸﾌﾞﾗｳﾝﾃﾞﾐ","プロパー","1","物流部倉庫","002F010","1.00","0.00","2.00","3.00","1567.50","4703","自社","2026/09","2.00","0.00","0.00","1.00","0.00","0.00","0.00","0.00","0.00","0.00"
"ﾋﾞｰﾑｽﾃﾞｻﾞｲﾝF","BD5113","2","49","ＢＤ－５１１３","ｸﾘｱｶｰｷ","プロパー","1","物流部倉庫","002F010","0.00","1.00","0.00","1.00","1567.50","1568","自社","2026/09","2.00","0.00","2.00","1.00","0.00","0.00","0.00","0.00","0.00","0.00"
"ﾋﾞｰﾑｽﾃﾞｻﾞｲﾝF","BD5114","2","50","ＢＤ－５１１４","ｸﾞﾚｰﾊｰﾌ/ﾌﾞﾗｯｸ","プロパー","1","物流部倉庫","002F010","1.00","0.00","0.00","1.00","1567.50","1568","自社","2026/09","0.00","0.00","1.00","2.00","0.00","0.00","0.00","0.00","0.00","1.00"
"ﾋﾞｰﾑｽﾃﾞｻﾞｲﾝF","BD5115","1","52","ＢＤ－５１１５","ﾀﾞｰｸﾌﾞﾗｳﾝﾃﾞﾐ/ｼﾙﾊﾞｰ","プロパー","1","物流部倉庫","002F010","96.00","0.00","5.00","101.00","2475.00","249975","自社","2026/09","103.00","0.00","3.00","1.00","0.00","0.00","0.00","0.00","0.00","1.00"
"ﾋﾞｰﾑｽﾃﾞｻﾞｲﾝF","BD5115","2","52","ＢＤ－５１１５","ﾌﾞﾗｯｸ/ｼﾙﾊﾞｰ","プロパー","1","物流部倉庫","002F010","59.00","0.00","5.00","64.00","2475.00","158400","自社","2026/09","66.00","0.00","3.00","1.00","0.00","0.00","0.00","0.00","0.00","0.00"
"ﾋﾞｰﾑｽﾃﾞｻﾞｲﾝF","BD5116","1","48","ＢＤ－５１１６","ﾌﾞﾗｳﾝﾃﾞﾐ/ﾎﾜｲﾄｺﾞｰﾙﾄﾞ","プロパー","1","物流部倉庫","002F010","0.00","0.00","3.00","3.00","2722.50","8168","自社","2026/09","10.00","0.00","6.00","0.00","1.00","0.00","0.00","0.00","0.00","0.00"
"ﾋﾞｰﾑｽﾃﾞｻﾞｲﾝF","BD5116","2","48","ＢＤ－５１１６","ﾋﾞﾀｰﾁｮｺﾚｰﾄ/ｼﾙﾊﾞｰ","プロパー","1","物流部倉庫","002F010","0.00","0.00","6.00","6.00","2722.50","16335","自社","2026/09","11.00","0.00","3.00","0.00","2.00","0.00","0.00","0.00","0.00","0.00"
"ﾋﾞｰﾑｽﾃﾞｻﾞｲﾝF","BD5116","3","48","ＢＤ－５１１６","ﾌﾞﾗｯｸ/ｸﾞﾚｰ","プロパー","1","物流部倉庫","002F010","1.00","0.00","2.00","3.00","2722.50","8168","自社","2026/09","7.00","0.00","5.00","1.00","0.00","0.00","0.00","0.00","0.00","0.00"
"ﾋﾞｰﾑｽﾃﾞｻﾞｲﾝF","BD5117","1","48","ＢＤ－５１１７","ﾀﾞｰｸﾌﾞﾗｳﾝﾃﾞﾐ/ﾎﾜｲﾄｺﾞｰﾙﾄﾞ","プロパー","1","物流部倉庫","002F010","57.00","16.00","8.00","81.00","2722.50","220523","自社","2026/09","99.00","0.00","4.00","1.00","15.00","0.00","0.00","0.00","0.00","0.00"
"ﾋﾞｰﾑｽﾃﾞｻﾞｲﾝF","BD5117","2","48","ＢＤ－５１１７","ｸﾘｱｸﾞﾚｰ/ﾎﾜｲﾄｺﾞｰﾙﾄﾞ","プロパー","1","物流部倉庫","002F010","16.00","10.00","8.00","34.00","2722.50","92565","自社","2026/09","50.00","0.00","11.00","1.00","6.00","0.00","0.00","0.00","0.00","0.00"
"ﾋﾞｰﾑｽﾃﾞｻﾞｲﾝF","BD5117","3","48","ＢＤ－５１１７","ﾌﾞﾗｯｸ/ｼﾙﾊﾞｰ","プロパー","1","物流部倉庫","002F010","48.00","3.00","8.00","59.00","2722.50","160628","自社","2026/09","74.00","0.00","9.00","1.00","7.00","0.00","0.00","0.00","0.00","0.00"
"ﾋﾞｰﾑｽﾃﾞｻﾞｲﾝ ｺﾞｰﾙﾄﾞF","BDJ1002","2","47","ＢＤＪ－１００２","ｼﾙﾊﾞｰ","プロパー","1","物流部倉庫","002F010","1.00","0.00","0.00","1.00","5390.00","5390","自社","2026/09","1.00","0","0","0","0","0","0","0","0","0.00"
"ﾋﾞｰﾑｽﾃﾞｻﾞｲﾝ ｺﾞｰﾙﾄﾞF","BDJ1003","2","48","ＢＤＪ－１００３","ﾌﾞﾙｰﾃﾞﾐ","プロパー","1","物流部倉庫","002F010","1.00","0.00","0.00","1.00","4870.00","4870","自社","2026/09","1.00","0","0","0","0","0","0","0","0","0.00"
"ﾋﾞｰﾑｽﾃﾞｻﾞｲﾝ ｺﾞｰﾙﾄﾞF","BDJ1003","3","48","ＢＤＪ－１００３","ﾌﾞﾗｯｸ","プロパー","1","物流部倉庫","002F010","2.00","0.00","0.00","2.00","4870.00","9740","自社","2026/09","2.00","0","0","0","0","0","0","0","0","0.00"
"ﾋﾞｰﾑｽﾃﾞｻﾞｲﾝ ｺﾞｰﾙﾄﾞF","BDJ1004","1","49","ＢＤＪ－１００４","ﾌﾞﾗｳﾝﾃﾞﾐ","プロパー","1","物流部倉庫","002F010","1.00","0.00","0.00","1.00","4950.00","4950","自社","2026/09","1.00","0","0","0","0","0","0","0","0","0.00"
"ﾋﾞｰﾑｽﾃﾞｻﾞｲﾝ ｺﾞｰﾙﾄﾞF","BDJ1004","2","49","ＢＤＪ－１００４","ｸﾘｱﾌﾞﾗｳﾝ","プロパー","1","物流部倉庫","002F010","2.00","0.00","0.00","2.00","4950.00","9900","自社","2026/09","2.00","0","0","0","0","0","0","0","0","0.00"
"ﾋﾞｰﾑｽﾃﾞｻﾞｲﾝ ｺﾞｰﾙﾄﾞF","BDJ1005","1","47","ＢＤＪ－１００５","ｲｴﾛｰﾃﾞﾐ/ｺﾞｰﾙﾄﾞ(ｲｴﾛｰﾃﾞﾐ)","プロパー","1","物流部倉庫","002F010","1.00","0.00","0.00","1.00","6910.00","6910","自社","2026/09","1.00","0","0","0","0","0","0","0","0","0.00"
"ﾋﾞｰﾑｽﾃﾞｻﾞｲﾝ ｺﾞｰﾙﾄﾞF","BDJ1005","3","47","ＢＤＪ－１００５","ﾏｯﾄﾌﾞﾗｯｸ","プロパー","1","物流部倉庫","002F010","1.00","0.00","0.00","1.00","6700.00","6700","自社","2026/09","1.00","0","0","0","0","0","0","0","0","0.00"
"ﾋﾞｰﾑｽﾃﾞｻﾞｲﾝ ｺﾞｰﾙﾄﾞF","BDJ1006","1","49","ＢＤＪ－１００６","ｸﾘｱﾌﾞﾗｳﾝ/ｼﾙﾊﾞｰ(ｸﾘｱﾌﾞﾗｳﾝ)","プロパー","1","物流部倉庫","002F010","1.00","0.00","0.00","1.00","6960.00","6960","自社","2026/09","1.00","0","0","0","0","0","0","0","0","0.00"
"ﾋﾞｰﾑｽﾃﾞｻﾞｲﾝ ｺﾞｰﾙﾄﾞF","BDJ1006","2","49","ＢＤＪ－１００６","ﾌﾞﾗｳﾝｻｻ/ｺﾞｰﾙﾄﾞ(ﾌﾞﾗｳﾝｻｻ)","プロパー","1","物流部倉庫","002F010","2.00","0.00","0.00","2.00","7070.00","14140","自社","2026/09","2.00","0","0","0","0","0","0","0","0","0.00"
"ﾋﾞｰﾑｽﾃﾞｻﾞｲﾝ ｺﾞｰﾙﾄﾞF","BDJ1006","3","49","ＢＤＪ－１００６","ﾌﾞﾗｯｸ/ｼﾙﾊﾞｰ(ﾌﾞﾗｯｸ)","プロパー","1","物流部倉庫","002F010","2.00","0.00","0.00","2.00","6800.00","13600","自社","2026/09","2.00","0","0","0","0","0","0","0","0","0.00"
"ﾋﾞｰﾑｽﾃﾞｻﾞｲﾝ ｺﾞｰﾙﾄﾞF","BDJ1007","1","48","ＢＤＪ－１００７","ﾌﾞﾗｳﾝｻｻﾊｰﾌ/ｼﾙﾊﾞｰ(ﾌﾞﾗｳﾝｻｻ)","プロパー","1","物流部倉庫","002F010","1.00","0.00","0.00","1.00","7580.00","7580","自社","2026/09","1.00","0","0","0","0","0","0","0","0","0.00"
"ﾋﾞｰﾑｽﾃﾞｻﾞｲﾝ ｺﾞｰﾙﾄﾞF","BDJ1008","2","48","ＢＤＪ－１００８","ｸﾘｱｸﾞﾚｰ/ﾎﾜｲﾄｺﾞｰﾙﾄﾞ","プロパー","1","物流部倉庫","002F010","2.00","0.00","0.00","2.00","5990.00","11980","自社","2026/09","2.00","0","0","0","0","0","0","0","0","0.00"
"ﾋﾞｰﾑｽﾃﾞｻﾞｲﾝ ｺﾞｰﾙﾄﾞF","BDJ1009","2","49","ＢＤＪ－１００９","ﾈｲﾋﾞｰ･ﾌﾞﾗｳﾝｻｻ/ｱﾝﾃｨｰｸｼﾙﾊﾞｰ","プロパー","1","物流部倉庫","002F010","1.00","0.00","0.00","1.00","6570.00","6570","自社","2026/09","1.00","0","0","0","0","0","0","0","0","0.00"
"ﾋﾞｰﾑｽﾃﾞｻﾞｲﾝ ｺﾞｰﾙﾄﾞF","BDJ1010","1","54","ＢＤＪ－１０１０","ﾍｱﾗｲﾝｸﾞﾚｰ(ｼﾙﾊﾞｰ)","プロパー","1","物流部倉庫","002F010","2.00","0.00","0.00","2.00","7655.00","15310","自社","2026/09","2.00","0","0","0","0","0","0","0","0","0.00"
"ﾋﾞｰﾑｽﾃﾞｻﾞｲﾝ ｺﾞｰﾙﾄﾞF","BDJ1010","2","54","ＢＤＪ－１０１０","ｶﾞﾝﾒﾀﾙ(ｼﾙﾊﾞｰ)","プロパー","1","物流部倉庫","002F010","2.00","0.00","0.00","2.00","7535.00","15070","自社","2026/09","2.00","0","0","0","0","0","0","0","0","0.00"
"ﾋﾞｰﾑｽﾃﾞｻﾞｲﾝ ｺﾞｰﾙﾄﾞF","BDJ1010","3","54","ＢＤＪ－１０１０","ﾈｲﾋﾞｰ(ｺﾞｰﾙﾄﾞ)","プロパー","1","物流部倉庫","002F010","1.00","0.00","0.00","1.00","7565.00","7565","自社","2026/09","1.00","0","0","0","0","0","0","0","0","0.00"
"ﾋﾞｰﾑｽﾃﾞｻﾞｲﾝ ｺﾞｰﾙﾄﾞF","BDJ1011","1","53","ＢＤＪ－１０１１","ｼﾙﾊﾞｰ","プロパー","1","物流部倉庫","002F010","1.00","0.00","0.00","1.00","7655.00","7655","自社","2026/09","1.00","0","0","0","0","0","0","0","0","0.00"
"ﾋﾞｰﾑｽﾃﾞｻﾞｲﾝ ｺﾞｰﾙﾄﾞF","BDJ1011","2","53","ＢＤＪ－１０１１","ﾍｱﾗｲﾝﾌﾞﾗｳﾝ(ｺﾞｰﾙﾄﾞ)","プロパー","1","物流部倉庫","002F010","1.00","0.00","0.00","1.00","7595.00","7595","自社","2026/09","1.00","0","0","0","0","0","0","0","0","0.00"
"ﾋﾞｰﾑｽﾃﾞｻﾞｲﾝ ｺﾞｰﾙﾄﾞF","BDJ1011","3","53","ＢＤＪ－１０１１","ｾﾐﾏｯﾄﾌﾞﾗｯｸ(ｺﾞｰﾙﾄﾞ)","プロパー","1","物流部倉庫","002F010","2.00","0.00","0.00","2.00","7485.00","14970","自社","2026/09","2.00","0","0","0","0","0","0","0","0","0.00"
"ﾋﾞｰﾑｽﾃﾞｻﾞｲﾝ ｺﾞｰﾙﾄﾞF","BDJ1012","2","53","ＢＤＪ－１０１２","ｼﾙﾊﾞｰ(ﾌﾞﾗｯｸﾏｯﾄ)","プロパー","1","物流部倉庫","002F010","1.00","0.00","0.00","1.00","7135.00","7135","自社","2026/09","1.00","0","0","0","0","0","0","0","0","0.00"
"ﾋﾞｰﾑｽﾃﾞｻﾞｲﾝ ｺﾞｰﾙﾄﾞF","BDJ1013","1","48","ＢＤＪ－１０１３","ﾍｱﾗｲﾝｺﾞｰﾙﾄﾞ(ﾌﾞﾗｳﾝ)","プロパー","1","物流部倉庫","002F010","2.00","0.00","0.00","2.00","6965.00","13930","自社","2026/09","2.00","0","0","0","0","0","0","0","0","0.00"
"ﾋﾞｰﾑｽﾃﾞｻﾞｲﾝ ｺﾞｰﾙﾄﾞF","BDJ1013","2","48","ＢＤＪ－１０１３","ﾍｱﾗｲﾝｼﾙﾊﾞｰ(ｵﾘｰﾌﾞ)","プロパー","1","物流部倉庫","002F010","1.00","0.00","0.00","1.00","6945.00","6945","自社","2026/09","1.00","0","0","0","0","0","0","0","0","0.00"
"ﾋﾞｰﾑｽﾃﾞｻﾞｲﾝ ｺﾞｰﾙﾄﾞF","BDJ1013","3","48","ＢＤＪ－１０１３","ｺﾞｰﾙﾄﾞ(ﾌﾞﾗｯｸ･ﾌﾞﾗｳﾝﾃﾞﾐ)","プロパー","1","物流部倉庫","002F010","1.00","0.00","0.00","1.00","6855.00","6855","自社","2026/09","1.00","0","0","0","0","0","0","0","0","0.00"
"ﾋﾞｰﾑｽﾃﾞｻﾞｲﾝ ｺﾞｰﾙﾄﾞF","BDJ1014","1","47","ＢＤＪ－１０１４","ﾌﾞﾗｳﾝ/ｼﾙﾊﾞｰ･ﾌﾞﾗｳﾝ","プロパー","1","物流部倉庫","002F010","2.00","0.00","0.00","2.00","5245.00","10490","自社","2026/09","2.00","0","0","0","0","0","0","0","0","0.00"
"ﾋﾞｰﾑｽﾃﾞｻﾞｲﾝ ｺﾞｰﾙﾄﾞF","BDJ1014","2","47","ＢＤＪ－１０１４","ﾌﾞﾗｳﾝﾃﾞﾐ/ｺﾞｰﾙﾄﾞ･ﾌﾞﾗｳﾝﾃﾞﾐ","プロパー","1","物流部倉庫","002F010","2.00","0.00","0.00","2.00","5245.00","10490","自社","2026/09","2.00","0","0","0","0","0","0","0","0","0.00"
"ﾋﾞｰﾑｽﾃﾞｻﾞｲﾝ ｺﾞｰﾙﾄﾞF","BDJ1014","3","47","ＢＤＪ－１０１４","ｷﾊｸ/ｺﾞｰﾙﾄﾞ･ｷﾊｸ","プロパー","1","物流部倉庫","002F010","1.00","0.00","0.00","1.00","5245.00","5245","自社","2026/09","1.00","0","0","0","0","0","0","0","0","0.00"
"ﾋﾞｰﾑｽﾃﾞｻﾞｲﾝ ｺﾞｰﾙﾄﾞF","BDJ1014","4","47","ＢＤＪ－１０１４","ﾌﾞﾗｯｸ/ｼﾙﾊﾞｰ･ﾌﾞﾗｯｸ","プロパー","1","物流部倉庫","002F010","2.00","0.00","0.00","2.00","5245.00","10490","自社","2026/09","2.00","0","0","0","0","0","0","0","0","0.00"
"ﾋﾞｰﾑｽﾃﾞｻﾞｲﾝ ｺﾞｰﾙﾄﾞF","BDJ1015","1","47","ＢＤＪ－１０１５","ｺﾞｰﾙﾄﾞ(ﾌﾞﾗｯｸ)","プロパー","1","物流部倉庫","002F010","39.00","0.00","0.00","39.00","3761.00","146679","自社","2026/09","39.00","0","0","0","0","0","0","0","0","0.00"
"ﾋﾞｰﾑｽﾃﾞｻﾞｲﾝ ｺﾞｰﾙﾄﾞF","BDJ1015","2","47","ＢＤＪ－１０１５","ｱﾝﾃｨｰｸｺﾞｰﾙﾄﾞ(ﾌﾞﾗｳﾝ)","プロパー","1","物流部倉庫","002F010","40.00","0.00","0.00","40.00","4621.00","184840","自社","2026/09","43.00","0.00","3.00","0.00","0.00","0.00","0.00","0.00","0.00","0.00"
"ﾋﾞｰﾑｽﾃﾞｻﾞｲﾝ ｺﾞｰﾙﾄﾞF","BDJ1015","3","47","ＢＤＪ－１０１５","ｱﾝﾃｨｰｸｼﾙﾊﾞｰ(ﾌﾞﾗｯｸ)","プロパー","1","物流部倉庫","002F010","39.00","0.00","0.00","39.00","4591.00","179049","自社","2026/09","41.00","0.00","2.00","0.00","0.00","0.00","0.00","0.00","0.00","0.00"
"ﾋﾞｰﾑｽﾃﾞｻﾞｲﾝ ｺﾞｰﾙﾄﾞF","BDJ1016","1","45","ＢＤＪ－１０１６","ｱﾝﾃｨｰｸｺﾞｰﾙﾄﾞ(ﾌﾞﾗｯｸ)","プロパー","1","物流部倉庫","002F010","54.00","0.00","0.00","54.00","4180.00","225720","自社","2026/09","54.00","0","0","0","0","0","0","0","0","0.00"
"ﾋﾞｰﾑｽﾃﾞｻﾞｲﾝ ｺﾞｰﾙﾄﾞF","BDJ1016","2","45","ＢＤＪ－１０１６","ｱﾝﾃｨｰｸｺﾞｰﾙﾄﾞ(ﾌﾞﾗｳﾝﾃﾞﾐ)","プロパー","1","物流部倉庫","002F010","44.00","0.00","0.00","44.00","5040.00","221760","自社","2026/09","44.00","0","0","0","0","0","0","0","0","0.00"
"ﾋﾞｰﾑｽﾃﾞｻﾞｲﾝ ｺﾞｰﾙﾄﾞF","BDJ1016","3","45","ＢＤＪ－１０１６","ｼﾙﾊﾞｰ(ｸﾘｱｸﾞﾚｰ)","プロパー","1","物流部倉庫","002F010","53.00","0.00","0.00","53.00","5020.00","266060","自社","2026/09","54.00","0.00","0.00","0.00","1.00","0.00","0.00","0.00","0.00","0.00"
"ﾋﾞｰﾑｽﾃﾞｻﾞｲﾝ ｺﾞｰﾙﾄﾞF","BDJ1017","1","47","ＢＤＪ－１０１７","ｺﾞｰﾙﾄﾞ(ﾌﾞﾗｯｸ)","プロパー","1","物流部倉庫","002F010","24.00","1.00","0.00","25.00","7010.00","175250","自社","2026/09","25.00","0","0","0","0","0","0","0","0","0.00"
"ﾋﾞｰﾑｽﾃﾞｻﾞｲﾝ ｺﾞｰﾙﾄﾞF","BDJ1017","2","47","ＢＤＪ－１０１７","ｱﾝﾃｨｰｸｺﾞｰﾙﾄﾞ(ﾌﾞﾗｳﾝﾃﾞﾐ)","プロパー","1","物流部倉庫","002F010","0.00","1.00","0.00","1.00","8270.00","8270","自社","2026/09","1.00","0","0","0","0","0","0","0","0","0.00"
"ﾋﾞｰﾑｽﾃﾞｻﾞｲﾝ ｺﾞｰﾙﾄﾞF","BDJ1017","3","47","ＢＤＪ－１０１７","ｸﾞﾚｰ(ｸﾘｱｵﾘｰﾌﾞ)","プロパー","1","物流部倉庫","002F010","0.00","1.00","0.00","1.00","7190.00","7190","自社","2026/09","1.00","0","0","0","0","0","0","0","0","0.00"
"ﾋﾞｰﾑｽﾃﾞｻﾞｲﾝ ｺﾞｰﾙﾄﾞF","BDJ1018","1","44","ＢＤＪ－１０１８","ﾌﾞﾗｯｸ/ﾌﾞﾗｯｸ･ｸﾘｱ","プロパー","1","物流部倉庫","002F010","8.00","0.00","0.00","8.00","5942.00","47536","自社","2026/09","8.00","0","0","0","0","0","0","0","0","0.00"
"ﾋﾞｰﾑｽﾃﾞｻﾞｲﾝ ｺﾞｰﾙﾄﾞF","BDJ1018","2","44","ＢＤＪ－１０１８","ﾌﾞﾗｳﾝ･ｸﾘｱﾌﾞﾗｳﾝ","プロパー","1","物流部倉庫","002F010","10.00","0.00","0.00","10.00","6242.00","62420","自社","2026/09","10.00","0","0","0","0","0","0","0","0","0.00"
"ﾋﾞｰﾑｽﾃﾞｻﾞｲﾝ ｺﾞｰﾙﾄﾞF","BDJ1019R","1","47","ＢＤＪ－１０１９Ｒ","ﾌﾞﾗｯｸ/ﾌﾞﾗｯｸ･ｸﾘｱ","プロパー","1","物流部倉庫","002F010","1.00","0.00","0.00","1.00","5180.00","5180","自社","2026/09","1.00","0","0","0","0","0","0","0","0","0.00"
"ﾋﾞｰﾑｽﾃﾞｻﾞｲﾝ ｺﾞｰﾙﾄﾞF","BDJ1019R","2","47","ＢＤＪ－１０１９Ｒ","ｸﾘｱﾀﾞｰｸﾌﾞﾗｳﾝ","プロパー","1","物流部倉庫","002F010","1.00","0.00","0.00","1.00","5450.00","5450","自社","2026/09","1.00","0","0","0","0","0","0","0","0","0.00"
"ﾋﾞｰﾑｽﾃﾞｻﾞｲﾝ ｺﾞｰﾙﾄﾞF","BDJ1019R","3","47","ＢＤＪ－１０１９Ｒ","ｸﾘｱﾍﾞｰｼﾞｭ","プロパー","1","物流部倉庫","002F010","1.00","0.00","0.00","1.00","5390.00","5390","自社","2026/09","1.00","0","0","0","0","0","0","0","0","0.00"
"ﾋﾞｰﾑｽﾃﾞｻﾞｲﾝ ｺﾞｰﾙﾄﾞF","BDJ1020R","1","47","ＢＤＪ－１０２０Ｒ","ﾌﾞﾗｯｸ/ﾌﾞﾗｯｸ･ｸﾘｱ","プロパー","1","物流部倉庫","002F010","8.00","0.00","0.00","8.00","5270.00","42160","自社","2026/09","8.00","0","0","0","0","0","0","0","0","0.00"
"ﾋﾞｰﾑｽﾃﾞｻﾞｲﾝ ｺﾞｰﾙﾄﾞF","BDJ1020R","2","47","ＢＤＪ－１０２０Ｒ","ｸﾘｱﾀﾞｰｸﾌﾞﾗｳﾝ","プロパー","1","物流部倉庫","002F010","14.00","0.00","0.00","14.00","5535.00","77490","自社","2026/09","14.00","0","0","0","0","0","0","0","0","0.00"
"ﾋﾞｰﾑｽﾃﾞｻﾞｲﾝ ｺﾞｰﾙﾄﾞF","BDJ1020R","3","47","ＢＤＪ－１０２０Ｒ","ｸﾘｱｵﾘｰﾌﾞ","プロパー","1","物流部倉庫","002F010","21.00","0.00","0.00","21.00","5490.00","115290","自社","2026/09","21.00","0","0","0","0","0","0","0","0","0.00"
"ﾋﾞｰﾑｽﾃﾞｻﾞｲﾝ ｺﾞｰﾙﾄﾞF","BDJ1021","1","50","ＢＤＪ－１０２１","ﾌﾞﾗｯｸ/ﾌﾞﾗｯｸ･ｸﾘｱ","プロパー","1","物流部倉庫","002F010","13.00","0.00","0.00","13.00","5662.00","73606","自社","2026/09","13.00","0","0","0","0","0","0","0","0","0.00"
"ﾋﾞｰﾑｽﾃﾞｻﾞｲﾝ ｺﾞｰﾙﾄﾞF","BDJ1021","2","50","ＢＤＪ－１０２１","ﾌﾞﾗｳﾝﾃﾞﾐ","プロパー","1","物流部倉庫","002F010","3.00","0.00","0.00","3.00","6162.00","18486","自社","2026/09","3.00","0","0","0","0","0","0","0","0","0.00"
"ﾋﾞｰﾑｽﾃﾞｻﾞｲﾝ ｺﾞｰﾙﾄﾞF","BDJ1021","3","50","ＢＤＪ－１０２１","ｷﾊｸ","プロパー","1","物流部倉庫","002F010","9.00","0.00","0.00","9.00","6002.00","54018","自社","2026/09","9.00","0","0","0","0","0","0","0","0","0.00"
"ﾋﾞｰﾑｽﾃﾞｻﾞｲﾝ ｺﾞｰﾙﾄﾞF","BDJ1022","1","47","ＢＤＪ－１０２２","ｺﾞｰﾙﾄﾞ･ﾏｯﾄﾌﾞﾗｯｸ","プロパー","1","物流部倉庫","002F010","34.00","0.00","0.00","34.00","4290.00","145860","自社","2026/09","37.00","0.00","2.00","0.00","1.00","0.00","0.00","0.00","0.00","0.00"
"ﾋﾞｰﾑｽﾃﾞｻﾞｲﾝ ｺﾞｰﾙﾄﾞF","BDJ1022","2","47","ＢＤＪ－１０２２","ｼﾙﾊﾞｰ･ﾌﾞﾗｯｸ","プロパー","1","物流部倉庫","002F010","69.00","0.00","0.00","69.00","4040.00","278760","自社","2026/09","71.00","0.00","2.00","0.00","0.00","0.00","0.00","0.00","0.00","0.00"
"ﾋﾞｰﾑｽﾃﾞｻﾞｲﾝ ｺﾞｰﾙﾄﾞF","BDJ1022","3","47","ＢＤＪ－１０２２","ｼｬｰﾘﾝｸﾞｼﾙﾊﾞｰ","プロパー","1","物流部倉庫","002F010","54.00","0.00","0.00","54.00","3520.00","190080","自社","2026/09","54.00","0","0","0","0","0","0","0","0","0.00"
"ﾋﾞｰﾑｽﾃﾞｻﾞｲﾝ ｺﾞｰﾙﾄﾞF","BDJ1023","1","48","ＢＤＪ－１０２３","ｺﾞｰﾙﾄﾞ(ﾌﾞﾗｯｸ)","プロパー","1","物流部倉庫","002F010","26.00","0.00","0.00","26.00","4330.00","112580","自社","2026/09","29.00","0.00","3.00","0.00","0.00","0.00","0.00","0.00","0.00","0.00"
"ﾋﾞｰﾑｽﾃﾞｻﾞｲﾝ ｺﾞｰﾙﾄﾞF","BDJ1023","2","48","ＢＤＪ－１０２３","ﾎﾜｲﾄｺﾞｰﾙﾄﾞ(ﾌﾞﾗｳﾝﾃﾞﾐ)","プロパー","1","物流部倉庫","002F010","26.00","0.00","0.00","26.00","4370.00","113620","自社","2026/09","27.00","0.00","1.00","0.00","0.00","0.00","0.00","0.00","0.00","0.00"
"ﾋﾞｰﾑｽﾃﾞｻﾞｲﾝ ｺﾞｰﾙﾄﾞF","BDJ1023","3","48","ＢＤＪ－１０２３","ｼﾙﾊﾞｰ(ｽﾓｰｸｸﾞﾚｰ)","プロパー","1","物流部倉庫","002F010","48.00","0.00","0.00","48.00","4360.00","209280","自社","2026/09","50.00","0.00","2.00","0.00","0.00","0.00","0.00","0.00","0.00","0.00"
"ﾋﾞｰﾑｽﾃﾞｻﾞｲﾝ ｺﾞｰﾙﾄﾞF","BDJ1024","1","51","ＢＤＪ－１０２４","ｺﾞｰﾙﾄﾞ(ﾌﾞﾗｯｸ)/ﾌﾞﾗｯｸ･ｸﾘｱ","プロパー","1","物流部倉庫","002F010","77.00","0.00","0.00","77.00","6863.00","528451","自社","2026/09","79.00","0.00","2.00","0.00","0.00","0.00","0.00","0.00","0.00","0.00"
"ﾋﾞｰﾑｽﾃﾞｻﾞｲﾝ ｺﾞｰﾙﾄﾞF","BDJ1024","2","51","ＢＤＪ－１０２４","ｼﾙﾊﾞｰ(ﾌﾞﾗｯｸ)/ﾌﾞﾗｯｸ･ｸﾘｱ","プロパー","1","物流部倉庫","002F010","75.00","0.00","0.00","75.00","6723.00","504225","自社","2026/09","77.00","0.00","2.00","0.00","0.00","0.00","0.00","0.00","0.00","0.00"
"ﾋﾞｰﾑｽﾃﾞｻﾞｲﾝ ｺﾞｰﾙﾄﾞF","BDJ1025","1","47","ＢＤＪ－１０２５","ﾌﾞﾗｯｸ/ﾌﾞﾗｯｸ･ｸﾘｱｸﾞﾚｰ","プロパー","1","物流部倉庫","002F010","40.00","0.00","0.00","40.00","4613.00","184520","自社","2026/09","43.00","0.00","2.00","0.00","1.00","0.00","0.00","0.00","0.00","0.00"
"ﾋﾞｰﾑｽﾃﾞｻﾞｲﾝ ｺﾞｰﾙﾄﾞF","BDJ1025","2","47","ＢＤＪ－１０２５","ﾌﾞﾗｳﾝﾃﾞﾐ/ﾌﾞﾗｳﾝﾃﾞﾐ･ｸﾘｱｲｴﾛｰ","プロパー","1","物流部倉庫","002F010","68.00","0.00","0.00","68.00","5038.00","342584","自社","2026/09","70.00","0.00","2.00","0.00","0.00","0.00","0.00","0.00","0.00","0.00"
"ﾋﾞｰﾑｽﾃﾞｻﾞｲﾝ ｺﾞｰﾙﾄﾞF","BDJ1025","3","47","ＢＤＪ－１０２５","ｸﾘｱﾍﾞｰｼﾞｭ","プロパー","1","物流部倉庫","002F010","63.00","0.00","1.00","64.00","4650.00","297600","自社","2026/09","65.00","0.00","1.00","0.00","0.00","0.00","0.00","0.00","0.00","0.00"
"ﾋﾞｰﾑｽﾃﾞｻﾞｲﾝ ｺﾞｰﾙﾄﾞF","BDJ1026","1","50","ＢＤＪ－１０２６","ﾌﾞﾗｯｸ/ｸﾘｱｸﾞﾚｰ･ﾌﾞﾗｯｸ","プロパー","1","物流部倉庫","002F010","62.00","0.00","0.00","62.00","4775.00","296050","自社","2026/09","65.00","0.00","3.00","0.00","0.00","0.00","0.00","0.00","0.00","0.00"
"ﾋﾞｰﾑｽﾃﾞｻﾞｲﾝ ｺﾞｰﾙﾄﾞF","BDJ1026","2","50","ＢＤＪ－１０２６","ﾌﾞﾗｳﾝﾃﾞﾐ/ﾌﾞﾗｳﾝﾃﾞﾐ･ｸﾘｱｲｴﾛｰ","プロパー","1","物流部倉庫","002F010","85.00","0.00","0.00","85.00","5070.00","430950","自社","2026/09","85.00","0","0","0","0","0","0","0","0","0.00"
"ﾋﾞｰﾑｽﾃﾞｻﾞｲﾝ ｺﾞｰﾙﾄﾞF","BDJ1026","3","50","ＢＤＪ－１０２６","ﾈｲﾋﾞｰ","プロパー","1","物流部倉庫","002F010","58.00","0.00","0.00","58.00","4583.00","265814","自社","2026/09","60.00","0.00","2.00","0.00","0.00","0.00","0.00","0.00","0.00","0.00"
"ﾏｻｷﾏﾂｼﾏF","MF1283","4","57","ＭＦ－１２８３","ﾌﾞﾗｳﾝ","プロパー","1","物流部倉庫","002F010","1.00","0.00","1.00","2.00","4874.00","9748","自社","2026/09","1.00","0.00","0.00","1.00","0.00","0.00","0.00","0.00","0.00","0.00"
"ﾏｻｷﾏﾂｼﾏF","MF1309","1","57","ＭＦ－１３０９","ｼﾙﾊﾞｰ","プロパー","1","物流部倉庫","002F010","0.00","0.00","140.00","140.00","5822.00","815080","自社","2026/09","435.00","0.00","301.00","6.00","0.00","0.00","0.00","0.00","0.00","0.00"
"ﾋﾞｰﾑｽﾃﾞｻﾞｲﾝSG","BDS115","1","0","ＢＤＳ－１１５","ｲｴﾛｰﾃﾞﾐ/ﾎﾜｲﾄｺﾞｰﾙﾄﾞ","プロパー","1","物流部倉庫","002F020","0.00","0.00","1.00","1.00","1980.00","1980","自社","2026/09","1.00","0","0","0","0","0","0","0","0","0.00"
"ﾋﾞｰﾑｽﾃﾞｻﾞｲﾝSG","BDS136","1","0","ＢＤＳ－１３６","ﾌﾞﾗｳﾝﾃﾞﾐ･ｺﾞｰﾙﾄﾞ","プロパー","1","物流部倉庫","002F020","0.00","0.00","3.00","3.00","2227.50","6683","自社","2026/09","3.00","0","0","0","0","0","0","0","0","0.00"
"ﾋﾞｰﾑｽﾃﾞｻﾞｲﾝSG","BDS136","2","0","ＢＤＳ－１３６","ｸﾘｱｸﾞﾚｰ･ｼﾙﾊﾞｰ","プロパー","1","物流部倉庫","002F020","0.00","0.00","1.00","1.00","2227.50","2228","自社","2026/09","1.00","0","0","0","0","0","0","0","0","0.00"
"ﾋﾞｰﾑｽﾃﾞｻﾞｲﾝSG","BDS138M","1","0","ＢＤＳ－１３８－Ｍ","ﾌﾞﾗｳﾝﾃﾞﾐ","プロパー","1","物流部倉庫","002F020","16.00","0.00","0.00","16.00","1650.00","26400","自社","2026/09","16.00","0","0","0","0","0","0","0","0","0.00"
"ﾋﾞｰﾑｽﾃﾞｻﾞｲﾝSG","BDS138M","2","0","ＢＤＳ－１３８－Ｍ","ﾌﾞﾗｯｸ","プロパー","1","物流部倉庫","002F020","25.00","0.00","0.00","25.00","1650.00","41250","自社","2026/09","26.00","0.00","1.00","0.00","0.00","0.00","0.00","0.00","0.00","0.00"
"ﾋﾞｰﾑｽﾃﾞｻﾞｲﾝSG","BDS138M","3","0","ＢＤＳ－１３８－Ｍ","ｸﾘｱｸﾞﾚｰ","プロパー","1","物流部倉庫","002F020","28.00","0.00","3.00","31.00","1650.00","51150","自社","2026/09","31.00","0","0","0","0","0","0","0","0","0.00"
"ﾋﾞｰﾑｽﾃﾞｻﾞｲﾝSG","BDS138XS","3","0","ＢＤＳ－１３８－ＸＳ","ｸﾘｱｸﾞﾚｰ","プロパー","1","物流部倉庫","002F020","0.00","0.00","1.00","1.00","1650.00","1650","自社","2026/09","1.00","0","0","0","0","0","0","0","0","0.00"
"ﾋﾞｰﾑｽﾃﾞｻﾞｲﾝSG","BDS139","1","49","ＢＤＳ－１３９","ﾎﾜｲﾄｺﾞｰﾙﾄﾞ","プロパー","1","物流部倉庫","002F020","21.00","0.00","0.00","21.00","1650.00","34650","自社","2026/09","21.00","0","0","0","0","0","0","0","0","0.00"
"ﾋﾞｰﾑｽﾃﾞｻﾞｲﾝSG","BDS139","3","49","ＢＤＳ－１３９","ﾌﾞﾗｯｸ","プロパー","1","物流部倉庫","002F020","5.00","0.00","0.00","5.00","1650.00","8250","自社","2026/09","5.00","0","0","0","0","0","0","0","0","0.00"
"ﾋﾞｰﾑｽﾃﾞｻﾞｲﾝSG","BDS144","1","48","ＢＤＳ－１４４","ｺﾞｰﾙﾄﾞ(ｼﾙﾊﾞｰ)","プロパー","1","物流部倉庫","002F020","2.00","0.00","0.00","2.00","2227.50","4455","自社","2026/09","2.00","0","0","0","0","0","0","0","0","0.00"
"ﾋﾞｰﾑｽﾃﾞｻﾞｲﾝSG","BDS144","2","48","ＢＤＳ－１４４","ｶﾞﾝﾒﾀﾙ(ｺﾞｰﾙﾄﾞ)","プロパー","1","物流部倉庫","002F020","1.00","0.00","0.00","1.00","2227.50","2228","自社","2026/09","1.00","0","0","0","0","0","0","0","0","0.00"
"ﾋﾞｰﾑｽﾃﾞｻﾞｲﾝSG","BDS145","4","48","ＢＤＳ－１４５","ﾌﾞﾗｯｸ(ｼﾙﾊﾞｰ)","プロパー","1","物流部倉庫","002F020","19.00","0.00","0.00","19.00","2112.00","40128","自社","2026/09","19.00","0","0","0","0","0","0","0","0","0.00"
"ﾋﾞｰﾑｽﾃﾞｻﾞｲﾝSG","BDS148","1","49","ＢＤＳ－１４８","ｸﾘｱﾌﾞﾗｳﾝ･ｼﾙﾊﾞｰ","プロパー","1","物流部倉庫","002F020","22.00","0.00","1.00","23.00","2227.50","51233","自社","2026/09","23.00","0","0","0","0","0","0","0","0","0.00"
"ﾋﾞｰﾑｽﾃﾞｻﾞｲﾝSG","BDS149","1","48","ＢＤＳ－１４９","ｼﾙﾊﾞｰ(ｲｴﾛｰｺﾞｰﾙﾄﾞ)","プロパー","1","物流部倉庫","002F020","22.00","0.00","0.00","22.00","2062.50","45375","自社","2026/09","22.00","0","0","0","0","0","0","0","0","0.00"
"ﾋﾞｰﾑｽﾃﾞｻﾞｲﾝSG","BDS149","2","48","ＢＤＳ－１４９","ｸﾞﾚｰ(ﾏｯﾄﾌﾞﾗｯｸ)","プロパー","1","物流部倉庫","002F020","22.00","0.00","0.00","22.00","2062.50","45375","自社","2026/09","23.00","0.00","1.00","0.00","0.00","0.00","0.00","0.00","0.00","0.00"
"ﾋﾞｰﾑｽﾃﾞｻﾞｲﾝSG","BDS149","3","48","ＢＤＳ－１４９","ﾌﾞﾗｯｸ(ﾎﾜｲﾄｺﾞｰﾙﾄﾞ)","プロパー","1","物流部倉庫","002F020","12.00","0.00","0.00","12.00","2062.50","24750","自社","2026/09","13.00","0.00","1.00","0.00","0.00","0.00","0.00","0.00","0.00","0.00"
"ﾋﾞｰﾑｽﾃﾞｻﾞｲﾝSG","BDS150","1","48","ＢＤＳ－１５０","ｼﾙﾊﾞｰ･ﾎﾜｲﾄｺﾞｰﾙﾄﾞ","プロパー","1","物流部倉庫","002F020","10.00","0.00","0.00","10.00","1897.50","18975","自社","2026/09","10.00","0","0","0","0","0","0","0","0","0.00"
"ﾋﾞｰﾑｽﾃﾞｻﾞｲﾝSG","BDS150","2","48","ＢＤＳ－１５０","ｼﾙﾊﾞｰ･ﾏｯﾄﾌﾞﾗｯｸ","プロパー","1","物流部倉庫","002F020","1.00","0.00","0.00","1.00","1897.50","1898","自社","2026/09","1.00","0","0","0","0","0","0","0","0","0.00"
"ﾋﾞｰﾑｽﾃﾞｻﾞｲﾝSG","BDS150","3","48","ＢＤＳ－１５０","ｶﾞﾝﾒﾀﾙ","プロパー","1","物流部倉庫","002F020","23.00","0.00","10.00","33.00","1897.50","62618","自社","2026/09","33.00","0","0","0","0","0","0","0","0","0.00"
"ﾋﾞｰﾑｽﾃﾞｻﾞｲﾝSG","BDS150","4","48","ＢＤＳ－１５０","ﾏｯﾄﾌﾞﾗｯｸ","プロパー","1","物流部倉庫","002F020","29.00","0.00","9.00","38.00","1897.50","72105","自社","2026/09","38.00","0","0","0","0","0","0","0","0","0.00"
"ﾋﾞｰﾑｽﾃﾞｻﾞｲﾝSG","BDS153","1","48","ＢＤＳ－１５３","ｺﾆｬｯｸ･ｼﾙﾊﾞｰ","プロパー","1","物流部倉庫","002F020","0.00","0.00","14.00","14.00","2227.50","31185","自社","2026/09","14.00","0","0","0","0","0","0","0","0","0.00"
"ﾋﾞｰﾑｽﾃﾞｻﾞｲﾝSG","BDS153","2","48","ＢＤＳ－１５３","ｸﾞﾘｰﾝﾃﾞﾐ･ﾎﾜｲﾄｺﾞｰﾙﾄﾞ","プロパー","1","物流部倉庫","002F020","0.00","0.00","5.00","5.00","2227.50","11138","自社","2026/09","5.00","0","0","0","0","0","0","0","0","0.00"
"ﾋﾞｰﾑｽﾃﾞｻﾞｲﾝSG","BDS155","1","51","ＢＤＳ－１５５","ﾎﾜｲﾄｺﾞｰﾙﾄﾞ","プロパー","1","物流部倉庫","002F020","36.00","3.00","25.00","64.00","1650.00","105600","自社","2026/09","65.00","0.00","2.00","1.00","0.00","0.00","0.00","0.00","0.00","0.00"
"ﾋﾞｰﾑｽﾃﾞｻﾞｲﾝSG","BDS155","2","51","ＢＤＳ－１５５","ｺﾞｰﾙﾄﾞ","プロパー","1","物流部倉庫","002F020","18.00","4.00","27.00","49.00","1650.00","80850","自社","2026/09","50.00","0.00","2.00","1.00","0.00","0.00","0.00","0.00","0.00","0.00"
"ﾋﾞｰﾑｽﾃﾞｻﾞｲﾝSG","BDS155","3","51","ＢＤＳ－１５５","ｼﾙﾊﾞｰ","プロパー","1","物流部倉庫","002F020","4.00","4.00","0.00","8.00","1650.00","13200","自社","2026/09","8.00","0.00","1.00","1.00","0.00","0.00","0.00","0.00","0.00","0.00"
"ﾋﾞｰﾑｽﾃﾞｻﾞｲﾝSG","BDS155","4","51","ＢＤＳ－１５５","ﾌﾞﾗｯｸ","プロパー","1","物流部倉庫","002F020","18.00","4.00","25.00","47.00","1650.00","77550","自社","2026/09","47.00","0.00","1.00","1.00","0.00","0.00","0.00","0.00","0.00","0.00"
"ﾋﾞｰﾑｽﾃﾞｻﾞｲﾝSG","BDS156","1","51","ＢＤＳ－１５６","ﾌﾞﾗｳﾝﾃﾞﾐ","プロパー","1","物流部倉庫","002F020","38.00","3.00","10.00","51.00","1815.00","92565","自社","2026/09","51.00","0.00","1.00","1.00","0.00","0.00","0.00","0.00","0.00","0.00"
"ﾋﾞｰﾑｽﾃﾞｻﾞｲﾝSG","BDS156","2","51","ＢＤＳ－１５６","ﾌﾞﾗｯｸ","プロパー","1","物流部倉庫","002F020","37.00","3.00","40.00","80.00","1815.00","145200","自社","2026/09","80.00","0.00","1.00","1.00","0.00","0.00","0.00","0.00","0.00","0.00"
"ﾋﾞｰﾑｽﾃﾞｻﾞｲﾝSG","BDS156","3","51","ＢＤＳ－１５６","ﾌﾞﾗｯｸ","プロパー","1","物流部倉庫","002F020","3.00","5.00","40.00","48.00","1815.00","87120","自社","2026/09","49.00","0.00","2.00","1.00","0.00","0.00","0.00","0.00","0.00","0.00"
"ﾋﾞｰﾑｽﾃﾞｻﾞｲﾝSG","BDS157","1","51","ＢＤＳ－１５７","ﾌﾞﾗｳﾝﾃﾞﾐ","プロパー","1","物流部倉庫","002F020","65.00","2.00","40.00","107.00","1897.50","203033","自社","2026/09","108.00","0.00","2.00","1.00","0.00","0.00","0.00","0.00","0.00","0.00"
"ﾋﾞｰﾑｽﾃﾞｻﾞｲﾝSG","BDS157","2","51","ＢＤＳ－１５７","ﾒｰﾌﾟﾙ","プロパー","1","物流部倉庫","002F020","4.00","4.00","9.00","17.00","1897.50","32258","自社","2026/09","18.00","0.00","2.00","1.00","0.00","0.00","0.00","0.00","0.00","0.00"
"ﾋﾞｰﾑｽﾃﾞｻﾞｲﾝSG","BDS157","3","51","ＢＤＳ－１５７","ﾌﾞﾗｯｸ","プロパー","1","物流部倉庫","002F020","46.00","4.00","38.00","88.00","1897.50","166980","自社","2026/09","89.00","0.00","2.00","1.00","0.00","0.00","0.00","0.00","0.00","0.00"
"ﾋﾞｰﾑｽﾃﾞｻﾞｲﾝSG","BDS158","1","55","ＢＤＳ－１５８","ﾌﾞﾗｳﾝﾃﾞﾐ","プロパー","1","物流部倉庫","002F020","87.00","0.00","30.00","117.00","1815.00","212355","自社","2026/09","117.00","0","0","0","0","0","0","0","0","0.00"
"ﾋﾞｰﾑｽﾃﾞｻﾞｲﾝSG","BDS158","2","55","ＢＤＳ－１５８","ﾌﾞﾗｯｸ","プロパー","1","物流部倉庫","002F020","6.00","0.00","0.00","6.00","1815.00","10890","自社","2026/09","6.00","0","0","0","0","0","0","0","0","0.00"
"ﾋﾞｰﾑｽﾃﾞｻﾞｲﾝSG","BDS158","3","55","ＢＤＳ－１５８","ﾏｯﾄﾌﾞﾗｯｸ","プロパー","1","物流部倉庫","002F020","74.00","0.00","29.00","103.00","1815.00","186945","自社","2026/09","103.00","0","0","0","0","0","0","0","0","0.00"
"ﾋﾞｰﾑｽﾃﾞｻﾞｲﾝSG","BDS159","1","59","ＢＤＳ－１５９","ﾌﾞﾗｳﾝﾃﾞﾐ","プロパー","1","物流部倉庫","002F020","0.00","0.00","5.00","5.00","1980.00","9900","自社","2026/09","6.00","0.00","1.00","1.00","1.00","0.00","0.00","0.00","0.00","0.00"
"ﾋﾞｰﾑｽﾃﾞｻﾞｲﾝSG","BDS159","2","59","ＢＤＳ－１５９","ｸﾘｱｸﾞﾚｰ","プロパー","1","物流部倉庫","002F020","2.00","0.00","23.00","25.00","1980.00","49500","自社","2026/09","26.00","0.00","1.00","1.00","1.00","0.00","0.00","0.00","0.00","0.00"
"ﾋﾞｰﾑｽﾃﾞｻﾞｲﾝSG","BDS159","3","59","ＢＤＳ－１５９","ｸﾞﾘｰﾝﾃﾞﾐ","プロパー","1","物流部倉庫","002F020","12.00","0.00","31.00","43.00","1980.00","85140","自社","2026/09","44.00","0.00","2.00","1.00","0.00","0.00","0.00","0.00","0.00","0.00"
"ﾋﾞｰﾑｽﾃﾞｻﾞｲﾝSG","BDS159","4","59","ＢＤＳ－１５９","ﾌﾞﾗｯｸ","プロパー","1","物流部倉庫","002F020","2.00","0.00","3.00","5.00","1980.00","9900","自社","2026/09","6.00","0.00","2.00","1.00","0.00","0.00","0.00","0.00","0.00","0.00"
"ﾋﾞｰﾑｽﾃﾞｻﾞｲﾝSG","BDS160","1","49","ＢＤＳ－１６０","ﾎﾜｲﾄｺﾞｰﾙﾄﾞ","プロパー","1","物流部倉庫","002F020","5.00","2.00","0.00","7.00","1914.00","13398","自社","2026/09","8.00","0.00","2.00","1.00","0.00","0.00","0.00","0.00","0.00","0.00"
"ﾋﾞｰﾑｽﾃﾞｻﾞｲﾝSG","BDS160","2","49","ＢＤＳ－１６０","ｺﾞｰﾙﾄﾞ","プロパー","1","物流部倉庫","002F020","5.00","2.00","0.00","7.00","1914.00","13398","自社","2026/09","8.00","0.00","1.00","1.00","1.00","0.00","0.00","0.00","0.00","0.00"
"ﾋﾞｰﾑｽﾃﾞｻﾞｲﾝSG","BDS160","3","49","ＢＤＳ－１６０","ｸﾞﾚｰ","プロパー","1","物流部倉庫","002F020","0.00","3.00","0.00","3.00","1914.00","5742","自社","2026/09","3.00","0","0","0","0","0","0","0","0","0.00"
"ﾋﾞｰﾑｽﾃﾞｻﾞｲﾝSG","BDS161","1","49","ＢＤＳ－１６１","ﾀﾞｰｸﾌﾞﾗｳﾝ","プロパー","1","物流部倉庫","002F020","2.00","5.00","16.00","23.00","1815.00","41745","自社","2026/09","25.00","0.00","2.00","1.00","1.00","0.00","0.00","0.00","0.00","0.00"
"ﾋﾞｰﾑｽﾃﾞｻﾞｲﾝSG","BDS161","2","49","ＢＤＳ－１６１","ｸﾞﾘｰﾝﾃﾞﾐ","プロパー","1","物流部倉庫","002F020","2.00","5.00","22.00","29.00","1815.00","52635","自社","2026/09","32.00","0.00","3.00","1.00","1.00","0.00","0.00","0.00","0.00","0.00"
"ﾋﾞｰﾑｽﾃﾞｻﾞｲﾝSG","BDS161","3","49","ＢＤＳ－１６１","ﾌﾞﾗｯｸ","プロパー","1","物流部倉庫","002F020","0.00","5.00","17.00","22.00","1815.00","39930","自社","2026/09","23.00","0.00","1.00","1.00","1.00","0.00","0.00","0.00","0.00","0.00"
"ﾋﾞｰﾑｽﾃﾞｻﾞｲﾝSG","BDS162","1","48","ＢＤＳ－１６２","ﾀﾞｰｸﾌﾞﾗｳﾝﾃﾞﾐ･ﾎﾜｲﾄｺﾞｰﾙﾄﾞ","プロパー","1","物流部倉庫","002F020","1.00","5.00","0.00","6.00","2227.50","13365","自社","2026/09","9.00","0.00","3.00","1.00","1.00","0.00","0.00","0.00","0.00","0.00"
"ﾋﾞｰﾑｽﾃﾞｻﾞｲﾝSG","BDS162","2","48","ＢＤＳ－１６２","ﾋﾞﾀｰﾁｮｺﾚｰﾄ･ﾎﾜｲﾄｺﾞｰﾙﾄﾞ","プロパー","1","物流部倉庫","002F020","0.00","5.00","0.00","5.00","2227.50","11138","自社","2026/09","8.00","0.00","3.00","1.00","1.00","0.00","0.00","0.00","0.00","0.00"
"ﾋﾞｰﾑｽﾃﾞｻﾞｲﾝSG","BDS303","1","48","ＢＤＳ－３０３","ﾌﾞﾗｳﾝﾃﾞﾐ","プロパー","1","物流部倉庫","002F020","0.00","0.00","21.00","21.00","2475.00","51975","自社","2026/09","21.00","0","0","0","0","0","0","0","0","0.00"
"ﾋﾞｰﾑｽﾃﾞｻﾞｲﾝSG","BDS303","3","48","ＢＤＳ－３０３","ﾌﾞﾗｯｸ","プロパー","1","物流部倉庫","002F020","0.00","0.00","15.00","15.00","2475.00","37125","自社","2026/09","15.00","0","0","0","0","0","0","0","0","0.00"
"ﾋﾞｰﾑｽﾃﾞｻﾞｲﾝSG","BDS306","2","47","ＢＤＳ－３０６","ﾋﾞｰﾙ","プロパー","1","物流部倉庫","002F020","16.00","0.00","5.00","21.00","2392.50","50243","自社","2026/09","21.00","0","0","0","0","0","0","0","0","0.00"
"ﾋﾞｰﾑｽﾃﾞｻﾞｲﾝSG","BDS306","3","47","ＢＤＳ－３０６","ﾌﾞﾗｯｸ","プロパー","1","物流部倉庫","002F020","0.00","0.00","7.00","7.00","2392.50","16748","自社","2026/09","7.00","0","0","0","0","0","0","0","0","0.00"
"ﾋﾞｰﾑｽﾃﾞｻﾞｲﾝSG","BDS307","2","51","ＢＤＳ－３０７","ﾋﾞｰﾙ","プロパー","1","物流部倉庫","002F020","19.00","0.00","0.00","19.00","2392.50","45458","自社","2026/09","20.00","0.00","1.00","0.00","0.00","0.00","0.00","0.00","0.00","0.00"
"ﾋﾞｰﾑｽﾃﾞｻﾞｲﾝSG","BDS308","2","53","ＢＤＳ－３０８","ﾋﾞｰﾙ","プロパー","1","物流部倉庫","002F020","18.00","0.00","0.00","18.00","2392.50","43065","自社","2026/09","19.00","0.00","1.00","0.00","0.00","0.00","0.00","0.00","0.00","0.00"
"ﾋﾞｰﾑｽﾃﾞｻﾞｲﾝSG","BDS309","1","52","ＢＤＳ－３０９","ﾌﾞﾗｳﾝﾃﾞﾐ･ﾎﾜｲﾄｺﾞｰﾙﾄﾞ","プロパー","1","物流部倉庫","002F020","1.00","0.00","2.00","3.00","2805.00","8415","自社","2026/09","2.00","0.00","0.00","1.00","0.00","0.00","0.00","0.00","0.00","0.00"
"ﾋﾞｰﾑｽﾃﾞｻﾞｲﾝSG","BDS309","2","52","ＢＤＳ－３０９","ﾋﾞｰﾙ･ｼﾙﾊﾞｰ","プロパー","1","物流部倉庫","002F020","84.00","0.00","3.00","87.00","2805.00","244035","自社","2026/09","86.00","0.00","0.00","1.00","0.00","0.00","0.00","0.00","0.00","0.00"
"ﾋﾞｰﾑｽﾃﾞｻﾞｲﾝSG","BDS309","3","52","ＢＤＳ－３０９","ﾌﾞﾗｯｸ･ｶﾞﾝﾒﾀﾙ","プロパー","1","物流部倉庫","002F020","1.00","0.00","1.00","2.00","2805.00","5610","自社","2026/09","1.00","0.00","0.00","1.00","0.00","0.00","0.00","0.00","0.00","0.00"
"ﾋﾞｰﾑｽﾃﾞｻﾞｲﾝSG","BDS310","1","48","ＢＤＳ－３１０","ﾌﾞﾗｳﾝﾃﾞﾐ･ｸﾞﾚｰ","プロパー","1","物流部倉庫","002F020","85.00","0.00","10.00","95.00","2805.00","266475","自社","2026/09","96.00","0.00","2.00","2.00","1.00","0.00","0.00","0.00","0.00","0.00"
"ﾋﾞｰﾑｽﾃﾞｻﾞｲﾝSG","BDS310","2","48","ＢＤＳ－３１０","ﾋﾞｰﾙ･ｸﾞﾚｰ","プロパー","1","物流部倉庫","002F020","89.00","0.00","40.00","129.00","2805.00","361845","自社","2026/09","130.00","0.00","2.00","2.00","1.00","0.00","0.00","0.00","0.00","0.00"
"ﾋﾞｰﾑｽﾃﾞｻﾞｲﾝSG","BDS310","3","48","ＢＤＳ－３１０","ﾌﾞﾗｯｸ･ｶﾞﾝﾒﾀﾙ","プロパー","1","物流部倉庫","002F020","50.00","0.00","40.00","90.00","2805.00","252450","自社","2026/09","90.00","0.00","2.00","3.00","1.00","0.00","0.00","0.00","0.00","0.00"
"ﾋﾞｰﾑｽﾃﾞｻﾞｲﾝSG","BDS312","1","49","ＢＤＳ－３１２","ｸﾞﾚｰ(ﾌﾞﾗｳﾝﾃﾞﾐ)","プロパー","1","物流部倉庫","002F020","1.00","0.00","22.00","23.00","2805.00","64515","自社","2026/09","24.00","0.00","2.00","2.00","1.00","0.00","0.00","0.00","0.00","0.00"
"ﾋﾞｰﾑｽﾃﾞｻﾞｲﾝSG","BDS312","2","49","ＢＤＳ－３１２","ｼﾙﾊﾞｰ(ｷﾊｸ)","プロパー","1","物流部倉庫","002F020","24.00","0.00","40.00","64.00","2805.00","179520","自社","2026/09","67.00","0.00","4.00","2.00","1.00","0.00","0.00","0.00","0.00","0.00"
"ﾋﾞｰﾑｽﾃﾞｻﾞｲﾝSG","BDS312","3","49","ＢＤＳ－３１２","ﾎﾜｲﾄｺﾞｰﾙﾄﾞ(ﾌﾞﾗｯｸ)","プロパー","1","物流部倉庫","002F020","16.00","0.00","39.00","55.00","2805.00","154275","自社","2026/09","58.00","0.00","4.00","2.00","1.00","0.00","0.00","0.00","0.00","0.00"
"ﾋﾞｰﾑｽﾃﾞｻﾞｲﾝSG","BDS313","1","47","ＢＤＳ－３１３","ﾌﾞﾗｳﾝﾃﾞﾐ","プロパー","1","物流部倉庫","002F020","0.00","5.00","36.00","41.00","2392.50","98093","自社","2026/09","42.00","0.00","1.00","0.00","0.00","0.00","0.00","0.00","0.00","0.00"
"ﾋﾞｰﾑｽﾃﾞｻﾞｲﾝSG","BDS313","2","47","ＢＤＳ－３１３","ｸﾘｱﾌﾞﾗｳﾝﾏｯﾄ","プロパー","1","物流部倉庫","002F020","59.00","0.00","42.00","101.00","2392.50","241643","自社","2026/09","102.00","0.00","2.00","1.00","0.00","0.00","0.00","0.00","0.00","0.00"
"ﾋﾞｰﾑｽﾃﾞｻﾞｲﾝSG","BDS313","3","47","ＢＤＳ－３１３","ﾌﾞﾗｯｸ","プロパー","1","物流部倉庫","002F020","0.00","5.00","32.00","37.00","2392.50","88523","自社","2026/09","38.00","0.00","1.00","0.00","0.00","0.00","0.00","0.00","0.00","0.00"
"ﾋﾞｰﾑｽﾃﾞｻﾞｲﾝSG","BDS314","1","49","ＢＤＳ－３１４","ﾌﾞﾗｳﾝﾃﾞﾐ･ﾎﾜｲﾄｺﾞｰﾙﾄﾞ","プロパー","1","物流部倉庫","002F020","39.00","2.00","15.00","56.00","2805.00","157080","自社","2026/09","57.00","0.00","3.00","2.00","0.00","0.00","0.00","0.00","0.00","0.00"
"ﾋﾞｰﾑｽﾃﾞｻﾞｲﾝSG","BDS314","2","49","ＢＤＳ－３１４","ﾌﾞﾗｯｸ･ｸﾞﾚｰ","プロパー","1","物流部倉庫","002F020","0.00","5.00","16.00","21.00","2805.00","58905","自社","2026/09","24.00","0.00","3.00","1.00","1.00","0.00","0.00","0.00","0.00","0.00"
"ﾋﾞｰﾑｽﾃﾞｻﾞｲﾝSG","BDS314","3","49","ＢＤＳ－３１４","ﾌﾞﾗｯｸ･ｶﾞﾝﾒﾀﾙ","プロパー","1","物流部倉庫","002F020","0.00","5.00","1.00","6.00","2805.00","16830","自社","2026/09","6.00","0","0","0","0","0","0","0","0","0.00"
"ﾋﾞｰﾑｽﾃﾞｻﾞｲﾝSG","BDS411","1","47","ＢＤＳ－４１１","ﾌﾞﾗｳﾝﾃﾞﾐ","プロパー","1","物流部倉庫","002F020","7.00","3.00","0.00","10.00","2392.50","23925","自社","2026/09","3.00","0.00","2.00","9.00","0.00","0.00","0.00","0.00","0.00","0.00"
"ﾋﾞｰﾑｽﾃﾞｻﾞｲﾝSG","BDS411","2","47","ＢＤＳ－４１１","ﾌﾞﾗｯｸ","プロパー","1","物流部倉庫","002F020","31.00","6.00","0.00","37.00","2392.50","88523","自社","2026/09","5.00","0.00","2.00","34.00","0.00","0.00","0.00","0.00","0.00","0.00"
"ﾋﾞｰﾑｽﾃﾞｻﾞｲﾝSG","BDS412","1","49","ＢＤＳ－４１２","ｸﾞﾚｰ(ﾌﾞﾗｳﾝﾃﾞﾐ)","プロパー","1","物流部倉庫","002F020","40.00","2.00","0.00","42.00","2805.00","117810","自社","2026/09","2.00","0.00","2.00","42.00","0.00","0.00","0.00","0.00","0.00","0.00"
"ﾋﾞｰﾑｽﾃﾞｻﾞｲﾝSG","BDS412","2","49","ＢＤＳ－４１２","ｼﾙﾊﾞｰ(ｷﾊｸ)","プロパー","1","物流部倉庫","002F020","43.00","2.00","1.00","46.00","2805.00","129030","自社","2026/09","2.00","0.00","1.00","45.00","0.00","0.00","0.00","0.00","0.00","0.00"
"ﾋﾞｰﾑｽﾃﾞｻﾞｲﾝSG","BDS412","3","49","ＢＤＳ－４１２","ﾎﾜｲﾄｺﾞｰﾙﾄﾞ(ﾌﾞﾗｯｸ)","プロパー","1","物流部倉庫","002F020","54.00","3.00","0.00","57.00","2805.00","159885","自社","2026/09","3.00","0.00","3.00","57.00","0.00","0.00","0.00","0.00","0.00","0.00"
"ﾋﾞｰﾑｽﾃﾞｻﾞｲﾝSG","BDS413","1","47","ＢＤＳ－４１３","ﾌﾞﾗｳﾝﾃﾞﾐ","プロパー","1","物流部倉庫","002F020","10.00","0.00","0.00","10.00","2392.50","23925","自社","2026/09","0.00","0.00","2.00","12.00","0.00","0.00","0.00","0.00","0.00","0.00"
"ﾋﾞｰﾑｽﾃﾞｻﾞｲﾝSG","BDS413","2","47","ＢＤＳ－４１３","ｸﾘｱﾌﾞﾗｳﾝﾏｯﾄ","プロパー","1","物流部倉庫","002F020","69.00","0.00","0.00","69.00","2392.50","165083","自社","2026/09","0.00","0.00","2.00","71.00","0.00","0.00","0.00","0.00","0.00","0.00"
"ﾋﾞｰﾑｽﾃﾞｻﾞｲﾝSG","BDS413","3","47","ＢＤＳ－４１３","ﾌﾞﾗｯｸ","プロパー","1","物流部倉庫","002F020","17.00","0.00","0.00","17.00","2392.50","40673","自社","2026/09","0.00","0.00","2.00","19.00","0.00","0.00","0.00","0.00","0.00","0.00"
"ﾋﾞｰﾑｽﾃﾞｻﾞｲﾝSG","BDS414","1","49","ＢＤＳ－４１４","ﾌﾞﾗｳﾝﾃﾞﾐ･ﾎﾜｲﾄｺﾞｰﾙﾄﾞ","プロパー","1","物流部倉庫","002F020","15.00","1.00","0.00","16.00","2640.00","42240","自社","2026/09","0.00","0.00","2.00","20.00","2.00","0.00","0.00","0.00","0.00","0.00"
"ﾋﾞｰﾑｽﾃﾞｻﾞｲﾝSG","BDS414","2","49","ＢＤＳ－４１４","ﾌﾞﾗｯｸ･ｸﾞﾚｰ","プロパー","1","物流部倉庫","002F020","26.00","1.00","0.00","27.00","2640.00","71280","自社","2026/09","0.00","0.00","2.00","32.00","3.00","0.00","0.00","0.00","0.00","0.00"
"ﾋﾞｰﾑｽﾃﾞｻﾞｲﾝSG","BDS414","3","49","ＢＤＳ－４１４","ﾌﾞﾗｯｸ･ｶﾞﾝﾒﾀﾙ","プロパー","1","物流部倉庫","002F020","33.00","0.00","0.00","33.00","2640.00","87120","自社","2026/09","0.00","0.00","2.00","35.00","0.00","0.00","0.00","0.00","0.00","0.00"
"ｲﾝﾃﾞｨｳﾞｨF","IDF1105","1","50","ＩＤＦ－１１０５","ｺﾞｰﾙﾄﾞ(ﾍﾞｰｼﾞｭ)/ﾏｯﾄｳｫｰﾑｸﾞﾚｰ","プロパー","1","物流部倉庫","002F020","0.00","1.00","0.00","1.00","2475.00","2475","自社","2026/09","1.00","0","0","0","0","0","0","0","0","0.00"
"ｾﾞｸｽ F","ZEF101","1","54","ＺＥＦ－１０１","ﾌﾞﾗｳﾝﾏｯﾄ","OEM","1","物流部倉庫","002F050","60.00","0.00","0.00","60.00","1617.00","97020","自社","2026/09","61.00","0.00","1.00","0.00","0.00","0.00","0.00","0.00","0.00","0.00"
"ｾﾞｸｽ F","ZEF101","2","54","ＺＥＦ－１０１","ｸﾞﾚｰﾏｯﾄ","OEM","1","物流部倉庫","002F050","43.00","0.00","0.00","43.00","1617.00","69531","自社","2026/09","45.00","0.00","2.00","0.00","0.00","0.00","0.00","0.00","0.00","0.00"
"ｾﾞｸｽ F","ZEF102","1","53","ＺＥＦ－１０２","ﾀﾞｰｸﾌﾞﾗｳﾝ","OEM","1","物流部倉庫","002F050","34.00","0.00","0.00","34.00","1617.00","54978","自社","2026/09","36.00","0.00","2.00","0.00","0.00","0.00","0.00","0.00","0.00","0.00"
"ｾﾞｸｽ F","ZEF102","2","53","ＺＥＦ－１０２","ｸﾞﾚｰ","OEM","1","物流部倉庫","002F050","46.00","0.00","0.00","46.00","1617.00","74382","自社","2026/09","47.00","0.00","1.00","0.00","0.00","0.00","0.00","0.00","0.00","0.00"
"ﾋﾞｰﾑｽﾃﾞｻﾞｲﾝF","BD5012","3","50","ＢＤ－５０１２","ｼﾙﾊﾞｰ(ﾌﾞﾗｯｸ)/ﾌﾞﾗｯｸ","プロパー","1","物流部倉庫","002G010","2.00","0.00","136.00","138.00","2392.50","330165","自社","2026/09","105.00","0.00","49.00","83.00","1.00","0.00","0.00","0.00","0.00","0.00"
"ﾋﾞｰﾑｽﾃﾞｻﾞｲﾝF","BD5113","3","49","ＢＤ－５１１３","ﾌﾞﾗｯｸ/ﾌﾞﾗｯｸ･ｸﾘｱ","プロパー","1","物流部倉庫","002G010","0.00","0.00","1.00","1.00","1567.50","1568","自社","2026/09","2.00","0.00","1.00","0.00","0.00","0.00","0.00","0.00","0.00","0.00"
"ﾋﾞｰﾑｽﾃﾞｻﾞｲﾝF","BD5114","1","50","ＢＤ－５１１４","ﾌﾞﾗｳﾝﾊｰﾌ/ﾌﾞﾗｳﾝ","プロパー","1","物流部倉庫","002G010","0.00","0.00","2.00","2.00","1567.50","3135","自社","2026/09","3.00","0.00","1.00","0.00","0.00","0.00","0.00","0.00","0.00","0.00"
"ﾑｰﾋﾞｰF","MV156S","1","0","ＭＶ－１５６セット","ﾀﾞｰｸﾈｲﾋﾞｰ","プロパー","1","物流部倉庫","002G010","0.00","0.00","3.00","3.00","2700.00","8100","自社","2026/09","3.00","0","0","0","0","0","0","0","0","0.00"
"ﾑｰﾋﾞｰF","MV156S","3","0","ＭＶ－１５６セット","ﾌﾞﾗｯｸ","プロパー","1","物流部倉庫","002G010","0.00","0.00","6.00","6.00","2700.00","16200","自社","2026/09","7.00","0.00","1.00","0.00","0.00","0.00","0.00","0.00","0.00","0.00"
"ﾑｰﾋﾞｰF","MV158","1","55","ＭＶ－１５８","ﾀﾞｰｸﾈｲﾋﾞｰ","プロパー","1","物流部倉庫","002G010","4.00","0.00","0.00","4.00","2000.00","8000","自社","2026/09","8.00","0.00","2.00","0.00","2.00","0.00","0.00","0.00","0.00","0.00"
"ﾑｰﾋﾞｰF","MV158","2","55","ＭＶ－１５８","ｸﾞﾚｰﾏｯﾄ","プロパー","1","物流部倉庫","002G010","5.00","0.00","0.00","5.00","2000.00","10000","自社","2026/09","8.00","0.00","2.00","0.00","1.00","0.00","0.00","0.00","0.00","0.00"
"ﾑｰﾋﾞｰF","MV158","3","55","ＭＶ－１５８","ｶﾞﾝﾒﾀﾙ","プロパー","1","物流部倉庫","002G010","5.00","0.00","0.00","5.00","2000.00","10000","自社","2026/09","9.00","0.00","2.00","0.00","2.00","0.00","0.00","0.00","0.00","0.00"
"ﾑｰﾋﾞｰF","MV158M","1","0","ＭＶ－１５８Ｍ","ﾀﾞｰｸﾈｲﾋﾞｰ","プロパー","1","物流部倉庫","002G010","21.00","0.00","0.00","21.00","1160.00","24360","自社","2026/09","26.00","0.00","3.00","0.00","2.00","0.00","0.00","0.00","0.00","0.00"
"ﾑｰﾋﾞｰF","MV158M","2","0","ＭＶ－１５８Ｍ","ｸﾞﾚｰﾏｯﾄ","プロパー","1","物流部倉庫","002G010","19.00","0.00","0.00","19.00","1160.00","22040","自社","2026/09","24.00","0.00","4.00","0.00","1.00","0.00","0.00","0.00","0.00","0.00"
"ﾑｰﾋﾞｰF","MV158M","3","0","ＭＶ－１５８Ｍ","ｶﾞﾝﾒﾀﾙ","プロパー","1","物流部倉庫","002G010","16.00","0.00","0.00","16.00","1160.00","18560","自社","2026/09","21.00","0.00","3.00","0.00","2.00","0.00","0.00","0.00","0.00","0.00"
"ﾑｰﾋﾞｰF","MV158S","1","0","ＭＶ－１５８セット","ﾀﾞｰｸﾈｲﾋﾞｰ","プロパー","1","物流部倉庫","002G010","0.00","0.00","128.00","128.00","2600.00","332800","自社","2026/09","143.00","0.00","15.00","0.00","0.00","0.00","0.00","0.00","0.00","0.00"
"ﾑｰﾋﾞｰF","MV158S","2","0","ＭＶ－１５８セット","ｸﾞﾚｰﾏｯﾄ","プロパー","1","物流部倉庫","002G010","0.00","0.00","51.00","51.00","2600.00","132600","自社","2026/09","63.00","0.00","12.00","0.00","0.00","0.00","0.00","0.00","0.00","0.00"
"ﾑｰﾋﾞｰF","MV158S","3","0","ＭＶ－１５８セット","ｶﾞﾝﾒﾀﾙ","プロパー","1","物流部倉庫","002G010","0.00","0.00","99.00","99.00","2600.00","257400","自社","2026/09","110.00","0.00","11.00","0.00","0.00","0.00","0.00","0.00","0.00","0.00"
"ﾑｰﾋﾞｰF","MV161M","1","0","ＭＶ－１６１Ｍ","ﾌﾞﾗｳﾝ","プロパー","1","物流部倉庫","002G010","1.00","0.00","0.00","1.00","1000.00","1000","自社","2026/09","1.00","0","0","0","0","0","0","0","0","0.00"
"ﾑｰﾋﾞｰF","MV161M","2","0","ＭＶ－１６１Ｍ","ﾍｱﾗｲﾝﾗｲﾄｸﾞﾚｰ","プロパー","1","物流部倉庫","002G010","0.00","0.00","1.00","1.00","1000.00","1000","自社","2026/09","1.00","0","0","0","0","0","0","0","0","0.00"
"ﾑｰﾋﾞｰF","MV163M","1","57","ＭＶ－１６３Ｍ","ﾌﾞﾗｳﾝ","プロパー","1","物流部倉庫","002G010","7.00","0.00","0.00","7.00","1100.00","7700","自社","2026/09","7.00","0","0","0","0","0","0","0","0","0.00"
"ﾑｰﾋﾞｰF","MV163M","2","57","ＭＶ－１６３Ｍ","ﾍｱﾗｲﾝｸﾞﾚｰ","プロパー","1","物流部倉庫","002G010","11.00","0.00","0.00","11.00","1100.00","12100","自社","2026/09","11.00","0","0","0","0","0","0","0","0","0.00"
"ﾑｰﾋﾞｰF","MV165","1","56","ＭＶ－１６５","ﾌﾞﾗｳﾝ","プロパー","1","物流部倉庫","002G010","5.00","0.00","0.00","5.00","2020.00","10100","自社","2026/09","10.00","0.00","1.00","0.00","4.00","0.00","0.00","0.00","0.00","0.00"
"ﾑｰﾋﾞｰF","MV165","2","56","ＭＶ－１６５","ﾍｱﾗｲﾝｸﾞﾚｰ","プロパー","1","物流部倉庫","002G010","5.00","0.00","0.00","5.00","2020.00","10100","自社","2026/09","7.00","0.00","0.00","0.00","2.00","0.00","0.00","0.00","0.00","0.00"
"ﾑｰﾋﾞｰF","MV165","3","56","ＭＶ－１６５","ｶﾞﾝﾒﾀﾙ","プロパー","1","物流部倉庫","002G010","5.00","0.00","0.00","5.00","2020.00","10100","自社","2026/09","7.00","0.00","0.00","0.00","2.00","0.00","0.00","0.00","0.00","0.00"
"ﾑｰﾋﾞｰF","MV165M","1","57","ＭＶ－１６５Ｍ","ﾌﾞﾗｳﾝ","プロパー","1","物流部倉庫","002G010","28.00","0.00","0.00","28.00","1160.00","32480","自社","2026/09","33.00","0.00","1.00","0.00","4.00","0.00","0.00","0.00","0.00","0.00"
"ﾑｰﾋﾞｰF","MV165M","2","57","ＭＶ－１６５Ｍ","ﾍｱﾗｲﾝｸﾞﾚｰ","プロパー","1","物流部倉庫","002G010","38.00","0.00","0.00","38.00","1160.00","44080","自社","2026/09","40.00","0.00","0.00","0.00","2.00","0.00","0.00","0.00","0.00","0.00"
"ﾑｰﾋﾞｰF","MV165M","3","57","ＭＶ－１６５Ｍ","ｶﾞﾝﾒﾀﾙ","プロパー","1","物流部倉庫","002G010","23.00","0.00","0.00","23.00","1160.00","26680","自社","2026/09","26.00","0.00","1.00","0.00","2.00","0.00","0.00","0.00","0.00","0.00"
"ﾑｰﾋﾞｰF","MV165S","1","0","ＭＶ－１６５セット","ﾌﾞﾗｳﾝ","プロパー","1","物流部倉庫","002G010","0.00","0.00","165.00","165.00","3021.00","498465","自社","2026/09","171.00","0.00","6.00","0.00","0.00","0.00","0.00","0.00","0.00","0.00"
"ﾑｰﾋﾞｰF","MV165S","2","0","ＭＶ－１６５セット","ﾍｱﾗｲﾝｸﾞﾚｰ","プロパー","1","物流部倉庫","002G010","0.00","0.00","134.00","134.00","3021.00","404814","自社","2026/09","151.00","0.00","17.00","0.00","0.00","0.00","0.00","0.00","0.00","0.00"
"ﾑｰﾋﾞｰF","MV165S","3","0","ＭＶ－１６５セット","ｶﾞﾝﾒﾀﾙ","プロパー","1","物流部倉庫","002G010","0.00","0.00","145.00","145.00","3021.00","438045","自社","2026/09","157.00","0.00","12.00","0.00","0.00","0.00","0.00","0.00","0.00","0.00"
"ﾑｰﾋﾞｰF","MV305M","3","0","ＭＶ－３０５Ｍ","ﾍｱﾗｲﾝﾗｲﾄｸﾞﾚｰ","プロパー","1","物流部倉庫","002G010","0.00","1.00","0.00","1.00","1150.00","1150","自社","2026/09","1.00","0","0","0","0","0","0","0","0","0.00"
"ﾑｰﾋﾞｰF","MV308","1","47","ＭＶ－３０８","ﾍｱﾗｲﾝﾌﾞﾗｳﾝﾏｯﾄ","プロパー","1","物流部倉庫","002G010","1.00","0.00","1.00","2.00","1900.00","3800","自社","2026/09","3.00","0.00","1.00","0.00","0.00","0.00","0.00","0.00","0.00","0.00"
"ﾑｰﾋﾞｰF","MV308","2","47","ＭＶ－３０８","ｶﾞﾝﾒﾀﾙ","プロパー","1","物流部倉庫","002G010","1.00","0.00","2.00","3.00","1900.00","5700","自社","2026/09","4.00","0.00","1.00","0.00","0.00","0.00","0.00","0.00","0.00","0.00"
"ﾑｰﾋﾞｰF","MV308","4","47","ＭＶ－３０８","ﾍｱﾗｲﾝﾗｲﾄｸﾞﾚｰ","プロパー","1","物流部倉庫","002G010","0.00","0.00","1.00","1.00","1900.00","1900","自社","2026/09","1.00","0","0","0","0","0","0","0","0","0.00"
"ﾑｰﾋﾞｰF","MV308M","1","48","ＭＶ－３０８Ｍ","ﾍｱﾗｲﾝﾌﾞﾗｳﾝﾏｯﾄ","プロパー","1","物流部倉庫","002G010","0.00","0.00","1.00","1.00","1100.00","1100","自社","2026/09","2.00","0.00","1.00","0.00","0.00","0.00","0.00","0.00","0.00","0.00"
"ﾑｰﾋﾞｰF","MV308M","2","48","ＭＶ－３０８Ｍ","ｶﾞﾝﾒﾀﾙ","プロパー","1","物流部倉庫","002G010","0.00","0.00","1.00","1.00","1100.00","1100","自社","2026/09","2.00","0.00","1.00","0.00","0.00","0.00","0.00","0.00","0.00","0.00"
"ﾑｰﾋﾞｰF","MV308M","4","48","ＭＶ－３０８Ｍ","ﾍｱﾗｲﾝﾗｲﾄｸﾞﾚｰ","プロパー","1","物流部倉庫","002G010","0.00","0.00","1.00","1.00","1100.00","1100","自社","2026/09","1.00","0","0","0","0","0","0","0","0","0.00"
"ﾑｰﾋﾞｰF","MV308S","2","0","ＭＶ－３０８セット","ｶﾞﾝﾒﾀﾙ","プロパー","1","物流部倉庫","002G010","0.00","0.00","11.00","11.00","3000.00","33000","自社","2026/09","11.00","0","0","0","0","0","0","0","0","0.00"
"ﾑｰﾋﾞｰF","MV308S","4","0","ＭＶ－３０８セット","ﾍｱﾗｲﾝﾗｲﾄｸﾞﾚｰ","プロパー","1","物流部倉庫","002G010","0.00","0.00","15.00","15.00","3000.00","45000","自社","2026/09","18.00","0.00","3.00","0.00","0.00","0.00","0.00","0.00","0.00","0.00"
"ﾑｰﾋﾞｰF","MV309","1","50","ＭＶ－３０９","ﾍｱﾗｲﾝﾌﾞﾗｳﾝﾏｯﾄ","プロパー","1","物流部倉庫","002G010","28.00","0.00","6.00","34.00","2040.00","69360","自社","2026/09","47.00","0.00","2.00","0.00","11.00","0.00","0.00","0.00","0.00","0.00"
"ﾑｰﾋﾞｰF","MV309","2","50","ＭＶ－３０９","ﾍｱﾗｲﾝﾗｲﾄｸﾞﾚｰ","プロパー","1","物流部倉庫","002G010","11.00","0.00","6.00","17.00","2040.00","34680","自社","2026/09","35.00","0.00","7.00","0.00","11.00","0.00","0.00","0.00","0.00","0.00"
"ﾑｰﾋﾞｰF","MV309","3","50","ＭＶ－３０９","ﾌﾞﾗｯｸ","プロパー","1","物流部倉庫","002G010","23.00","0.00","6.00","29.00","2040.00","59160","自社","2026/09","44.00","0.00","4.00","0.00","11.00","0.00","0.00","0.00","0.00","0.00"
"ﾑｰﾋﾞｰF","MV309M","1","51","ＭＶ－３０９Ｍ","ﾍｱﾗｲﾝﾌﾞﾗｳﾝﾏｯﾄ","プロパー","1","物流部倉庫","002G010","39.00","0.00","6.00","45.00","1160.00","52200","自社","2026/09","60.00","0.00","4.00","0.00","11.00","0.00","0.00","0.00","0.00","0.00"
"ﾑｰﾋﾞｰF","MV309M","2","51","ＭＶ－３０９Ｍ","ﾍｱﾗｲﾝﾗｲﾄｸﾞﾚｰ","プロパー","1","物流部倉庫","002G010","13.00","0.00","6.00","19.00","1160.00","22040","自社","2026/09","41.00","0.00","11.00","0.00","11.00","0.00","0.00","0.00","0.00","0.00"
"ﾑｰﾋﾞｰF","MV309M","3","51","ＭＶ－３０９Ｍ","ﾌﾞﾗｯｸ","プロパー","1","物流部倉庫","002G010","41.00","0.00","6.00","47.00","1160.00","54520","自社","2026/09","72.00","0.00","14.00","0.00","11.00","0.00","0.00","0.00","0.00","0.00"
"ﾑｰﾋﾞｰF","MV309S","1","0","ＭＶ－３０９セット","ﾍｱﾗｲﾝﾌﾞﾗｳﾝﾏｯﾄ","プロパー","1","物流部倉庫","002G010","0.00","0.00","194.00","194.00","3040.00","589760","自社","2026/09","203.00","0.00","9.00","0.00","0.00","0.00","0.00","0.00","0.00","0.00"
"ﾑｰﾋﾞｰF","MV309S","2","0","ＭＶ－３０９セット","ﾍｱﾗｲﾝﾗｲﾄｸﾞﾚｰ","プロパー","1","物流部倉庫","002G010","0.00","0.00","203.00","203.00","3040.00","617120","自社","2026/09","214.00","0.00","11.00","0.00","0.00","0.00","0.00","0.00","0.00","0.00"
"ﾑｰﾋﾞｰF","MV309S","3","0","ＭＶ－３０９セット","ﾌﾞﾗｯｸ","プロパー","1","物流部倉庫","002G010","0.00","0.00","122.00","122.00","3040.00","370880","自社","2026/09","135.00","0.00","13.00","0.00","0.00","0.00","0.00","0.00","0.00","0.00"
"ﾑｰﾋﾞｰF","MV507M","2","56","ＭＶ－５０７Ｍ","ﾍｱﾗｲﾝｸﾞﾚｰﾏｯﾄ","プロパー","1","物流部倉庫","002G010","1.00","0.00","0.00","1.00","1040.00","1040","自社","2026/09","1.00","0","0","0","0","0","0","0","0","0.00"
"ﾑｰﾋﾞｰF","MV509","1","55","ＭＶ－５０９","ﾀﾞｰｸﾈｲﾋﾞｰ","プロパー","1","物流部倉庫","002G010","1.00","0.00","5.00","6.00","2100.00","12600","自社","2026/09","8.00","0.00","1.00","0.00","1.00","0.00","0.00","0.00","0.00","0.00"
"ﾑｰﾋﾞｰF","MV509","2","55","ＭＶ－５０９","ｸﾞﾚｰﾏｯﾄ","プロパー","1","物流部倉庫","002G010","1.00","0.00","5.00","6.00","2100.00","12600","自社","2026/09","8.00","0.00","1.00","0.00","1.00","0.00","0.00","0.00","0.00","0.00"
"ﾑｰﾋﾞｰF","MV509","3","55","ＭＶ－５０９","ｶﾞﾝﾒﾀﾙ","プロパー","1","物流部倉庫","002G010","1.00","0.00","6.00","7.00","2100.00","14700","自社","2026/09","8.00","0.00","0.00","0.00","1.00","0.00","0.00","0.00","0.00","0.00"
"ﾑｰﾋﾞｰF","MV509M","1","57","ＭＶ－５０９Ｍ","ﾀﾞｰｸﾈｲﾋﾞｰ","プロパー","1","物流部倉庫","002G010","20.00","0.00","5.00","25.00","1300.00","32500","自社","2026/09","27.00","0.00","1.00","0.00","1.00","0.00","0.00","0.00","0.00","0.00"
"ﾑｰﾋﾞｰF","MV509M","2","57","ＭＶ－５０９Ｍ","ｸﾞﾚｰﾏｯﾄ","プロパー","1","物流部倉庫","002G010","19.00","0.00","5.00","24.00","1300.00","31200","自社","2026/09","26.00","0.00","1.00","0.00","1.00","0.00","0.00","0.00","0.00","0.00"
"ﾑｰﾋﾞｰF","MV509M","3","57","ＭＶ－５０９Ｍ","ｶﾞﾝﾒﾀﾙ","プロパー","1","物流部倉庫","002G010","21.00","0.00","6.00","27.00","1300.00","35100","自社","2026/09","28.00","0.00","0.00","0.00","1.00","0.00","0.00","0.00","0.00","0.00"
"瞬足F","SY1049","4","48","ＳＹ－１０４９","ﾌﾞﾗｯｸ","プロパー","1","物流部倉庫","002G010","0.00","0.00","3.00","3.00","1287.00","3861","自社","2026/09","3.00","0","0","0","0","0","0","0","0","0.00"
"瞬足F","SY1050","1","49","ＳＹ－１０５０","ｸﾘｱｸﾞﾚｰ/ﾌﾞﾗｯｸ","プロパー","1","物流部倉庫","002G010","0.00","0.00","2.00","2.00","1386.00","2772","自社","2026/09","6.00","0.00","1.00","0.00","3.00","0.00","0.00","0.00","0.00","0.00"
"瞬足F","SY1050","2","49","ＳＹ－１０５０","ｸﾘｱﾈｲﾋﾞｰ/ﾈｲﾋﾞｰ","プロパー","1","物流部倉庫","002G010","0.00","0.00","4.00","4.00","1386.00","5544","自社","2026/09","9.00","0.00","1.00","0.00","4.00","0.00","0.00","0.00","0.00","0.00"
"瞬足F","SY1050","4","49","ＳＹ－１０５０","ﾌﾞﾗｯｸ/ｸﾞﾚｰ","プロパー","1","物流部倉庫","002G010","0.00","0.00","4.00","4.00","1386.00","5544","自社","2026/09","9.00","0.00","0.00","0.00","5.00","0.00","0.00","0.00","0.00","0.00"
"瞬足F","SY1052","4","50","ＳＹ－１０５２","ﾌﾞﾗｯｸ","プロパー","1","物流部倉庫","002G010","2.00","1.00","2.00","5.00","1369.50","6848","自社","2026/09","4.00","0.00","1.00","2.00","0.00","0.00","0.00","0.00","0.00","0.00"
"瞬足F","SY1053","1","52","ＳＹ－１０５３","ｸﾘｱｸﾞﾚｰ","プロパー","1","物流部倉庫","002G010","1.00","1.00","0.00","2.00","1369.50","2739","自社","2026/09","11.00","0.00","1.00","1.00","9.00","0.00","0.00","0.00","0.00","0.00"
"瞬足F","SY1053","2","52","ＳＹ－１０５３","ｸﾘｱﾈｲﾋﾞｰ","プロパー","1","物流部倉庫","002G010","1.00","1.00","0.00","2.00","1369.50","2739","自社","2026/09","6.00","0.00","0.00","1.00","5.00","0.00","0.00","0.00","0.00","0.00"
"瞬足F","SY1053","3","52","ＳＹ－１０５３","ｸﾘｱｸﾞﾘｰﾝ","プロパー","1","物流部倉庫","002G010","1.00","1.00","0.00","2.00","1369.50","2739","自社","2026/09","6.00","0.00","0.00","1.00","5.00","0.00","0.00","0.00","0.00","0.00"
"瞬足F","SY1054","1","45","ＳＹ－１０５４","ｸﾘｱﾋﾟﾝｸ/ﾗｲﾄﾍﾞｰｼﾞｭ","プロパー","1","物流部倉庫","002G010","89.00","3.00","7.00","99.00","1818.30","180012","自社","2026/09","96.00","0.00","3.00","6.00","0.00","0.00","0.00","0.00","0.00","1.00"
"瞬足F","SY1054","2","45","ＳＹ－１０５４","ｸﾘｱﾌﾞﾗｳﾝ/ﾌﾞﾗｳﾝ","プロパー","1","物流部倉庫","002G010","0.00","0.00","4.00","4.00","1818.30","7273","自社","2026/09","5.00","0.00","2.00","4.00","3.00","0.00","0.00","0.00","0.00","0.00"
"瞬足F","SY1054","3","45","ＳＹ－１０５４","ｸﾘｱｸﾞﾘｰﾝ/ｸﾞﾘｰﾝ","プロパー","1","物流部倉庫","002G010","2.00","0.00","4.00","6.00","1818.30","10910","自社","2026/09","6.00","0.00","3.00","4.00","1.00","0.00","0.00","0.00","0.00","1.00"
"瞬足F","SY1054","4","45","ＳＹ－１０５４","ﾌﾞﾗｯｸ","プロパー","1","物流部倉庫","002G010","0.00","0.00","6.00","6.00","1818.30","10910","自社","2026/09","12.00","0.00","6.00","2.00","2.00","0.00","0.00","0.00","0.00","1.00"
"瞬足F","SY1055","1","49","ＳＹ－１０５５","ｸﾘｱﾌﾞﾙｰｸﾞﾚｰ/ﾀﾞｰｸｸﾞﾚｰ","プロパー","1","物流部倉庫","002G010","15.00","3.00","5.00","23.00","1917.30","44098","自社","2026/09","33.00","0.00","14.00","5.00","1.00","0.00","0.00","0.00","0.00","1.00"
"瞬足F","SY1055","2","49","ＳＹ－１０５５","ｸﾘｱﾈｲﾋﾞｰ/ﾌﾞﾗｯｸ","プロパー","1","物流部倉庫","002G010","50.00","3.00","5.00","58.00","1917.30","111203","自社","2026/09","66.00","0.00","12.00","6.00","2.00","0.00","0.00","0.00","0.00","1.00"
"瞬足F","SY1055","3","49","ＳＹ－１０５５","ｸﾘｱｸﾞﾘｰﾝ/ﾌﾞﾗｯｸ","プロパー","1","物流部倉庫","002G010","44.00","3.00","5.00","52.00","1917.30","99700","自社","2026/09","54.00","0.00","8.00","6.00","0.00","0.00","0.00","0.00","0.00","1.00"
"瞬足F","SY1055","4","49","ＳＹ－１０５５","ﾌﾞﾗｯｸ","プロパー","1","物流部倉庫","002G010","112.00","4.00","5.00","121.00","1917.30","231993","自社","2026/09","123.00","0.00","8.00","6.00","0.00","0.00","0.00","0.00","0.00","1.00"
"瞬足F","SY1056","1","50","ＳＹ－１０５６","ｸﾘｱｸﾞﾚｰ/ﾌﾞﾗｯｸ","プロパー","1","物流部倉庫","002G010","134.00","3.00","5.00","142.00","1818.30","258199","自社","2026/09","142.00","0.00","6.00","6.00","0.00","0.00","0.00","0.00","0.00","1.00"
"瞬足F","SY1056","2","50","ＳＹ－１０５６","ｸﾘｱﾌﾞﾙｰ/ﾌﾞﾙｰ","プロパー","1","物流部倉庫","002G010","52.00","3.00","5.00","60.00","1818.30","109098","自社","2026/09","67.00","0.00","9.00","3.00","1.00","0.00","0.00","0.00","0.00","1.00"
"瞬足F","SY1056","3","50","ＳＹ－１０５６","ｸﾘｱﾀﾞｰｸﾚｯﾄﾞ/ﾌﾞﾗｯｸ","プロパー","1","物流部倉庫","002G010","81.00","3.00","5.00","89.00","1818.30","161829","自社","2026/09","86.00","0.00","3.00","6.00","0.00","0.00","0.00","0.00","0.00","1.00"
"瞬足F","SY1056","4","50","ＳＹ－１０５６","ﾌﾞﾗｯｸ/ｸﾞﾚｰ","プロパー","1","物流部倉庫","002G010","121.00","3.00","5.00","129.00","1818.30","234561","自社","2026/09","138.00","0.00","11.00","3.00","1.00","0.00","0.00","0.00","0.00","1.00"
"瞬足F","SY1057","1","51","ＳＹ－１０５７","ｸﾘｱｸﾞﾚｰ/ﾌﾞﾗｯｸ","プロパー","1","物流部倉庫","002G010","98.00","3.00","5.00","106.00","1818.30","192740","自社","2026/09","108.00","0.00","8.00","6.00","0.00","0.00","0.00","0.00","0.00","1.00"
"瞬足F","SY1057","2","51","ＳＹ－１０５７","ｸﾘｱﾈｲﾋﾞｰ/ﾌﾞﾗｯｸ","プロパー","1","物流部倉庫","002G010","53.00","3.00","5.00","61.00","1818.30","110916","自社","2026/09","64.00","0.00","6.00","4.00","1.00","0.00","0.00","0.00","0.00","1.00"
"瞬足F","SY1057","3","51","ＳＹ－１０５７","ｸﾘｱｶｰｷ/ｶｰｷ","プロパー","1","物流部倉庫","002G010","67.00","3.00","5.00","75.00","1818.30","136373","自社","2026/09","73.00","0.00","3.00","5.00","0.00","0.00","0.00","0.00","0.00","1.00"
"瞬足F","SY1057","4","51","ＳＹ－１０５７","ﾌﾞﾗｯｸ/ｸﾞﾚｰ","プロパー","1","物流部倉庫","002G010","88.00","3.00","5.00","96.00","1818.30","174557","自社","2026/09","102.00","0.00","8.00","3.00","1.00","0.00","0.00","0.00","0.00","1.00"
"瞬足F","SY1058","1","51","ＳＹ－１０５８","ｸﾘｱｸﾞﾚｰ","プロパー","1","物流部倉庫","002G010","180.00","4.00","5.00","189.00","1900.80","359251","自社","2026/09","190.00","0.00","5.00","4.00","0.00","0.00","0.00","0.00","0.00","1.00"
"瞬足F","SY1058","2","51","ＳＹ－１０５８","ｸﾘｱﾈｲﾋﾞｰ","プロパー","1","物流部倉庫","002G010","221.00","2.00","5.00","228.00","1900.80","433382","自社","2026/09","229.00","0.00","4.00","3.00","0.00","0.00","0.00","0.00","0.00","1.00"
"瞬足F","SY1058","3","51","ＳＹ－１０５８","ｸﾘｱｸﾞﾘｰﾝ","プロパー","1","物流部倉庫","002G010","148.00","3.00","5.00","156.00","1900.80","296525","自社","2026/09","154.00","0.00","2.00","4.00","0.00","0.00","0.00","0.00","0.00","1.00"
"瞬足F","SY1058","4","51","ＳＹ－１０５８","ﾏｯﾄﾌﾞﾗｯｸ","プロパー","1","物流部倉庫","002G010","237.00","5.00","5.00","247.00","1900.80","469498","自社","2026/09","250.00","0.00","6.00","3.00","0.00","0.00","0.00","0.00","0.00","1.00"
"瞬足F","SY1059","1","52","ＳＹ－１０５９","ｸﾘｱﾌﾞﾙｰｸﾞﾚｰ","プロパー","1","物流部倉庫","002G010","210.00","3.00","5.00","218.00","1900.80","414374","自社","2026/09","218.00","0.00","3.00","3.00","0.00","0.00","0.00","0.00","0.00","1.00"
"瞬足F","SY1059","2","52","ＳＹ－１０５９","ｸﾘｱﾈｲﾋﾞｰ","プロパー","1","物流部倉庫","002G010","244.00","3.00","6.00","253.00","1900.80","480902","自社","2026/09","255.00","0.00","5.00","3.00","0.00","0.00","0.00","0.00","0.00","1.00"
"瞬足F","SY1059","3","52","ＳＹ－１０５９","ｸﾘｱﾀﾞｰｸﾚｯﾄﾞ","プロパー","1","物流部倉庫","002G010","167.00","3.00","5.00","175.00","1900.80","332640","自社","2026/09","171.00","0.00","1.00","5.00","0.00","0.00","0.00","0.00","0.00","1.00"
"瞬足F","SY1059","4","52","ＳＹ－１０５９","ﾌﾞﾗｯｸ","プロパー","1","物流部倉庫","002G010","227.00","3.00","5.00","235.00","1900.80","446688","自社","2026/09","235.00","0.00","4.00","4.00","0.00","0.00","0.00","0.00","0.00","1.00"
"瞬足F","SY2031","3","51","ＳＹ－２０３１","ｸﾘｱﾚｯﾄﾞ/ﾌﾞﾗｯｸ","プロパー","1","物流部倉庫","002G010","2.00","0.00","0.00","2.00","1471.25","2943","自社","2026/09","2.00","0","0","0","0","0","0","0","0","0.00"
"瞬足F","SY2044","1","46","ＳＹ－２０４４","ｸﾘｱﾚｯﾄﾞ/ﾌﾞﾗｯｸ","プロパー","1","物流部倉庫","002G010","1.00","0.00","0.00","1.00","2237.10","2237","自社","2026/09","1.00","0","0","0","0","0","0","0","0","0.00"
"ﾚﾉﾏSG","203014","2","56","２０－３０１４","ｸﾞﾚｰ","プロパー","1","物流部倉庫","002G020","1.00","0.00","0.00","1.00","876.15","876","自社","2026/09","1.00","0","0","0","0","0","0","0","0","0.00"
"ﾚﾉﾏSG","203015","1","57","２０－３０１５","ﾀﾞｰｸﾌﾞﾗｳﾝ","プロパー","1","物流部倉庫","002G020","1.00","0.00","0.00","1.00","876.15","876","自社","2026/09","1.00","0","0","0","0","0","0","0","0","0.00"
"ﾚﾉﾏF","251277","3","54","２５－１２７７","ﾌﾞﾗｯｸ","プロパー","1","物流部倉庫","002G020","1.00","0.00","0.00","1.00","1650.00","1650","自社","2026/09","0.00","0.00","0.00","1.00","0.00","0.00","0.00","0.00","0.00","0.00"
"ﾚﾉﾏF","251279","3","55","２５－１２７９","ﾍｱﾗｲﾝｶﾞﾝﾒﾀﾙ","プロパー","1","物流部倉庫","002G020","1.00","0.00","0.00","1.00","1650.00","1650","自社","2026/09","0.00","0.00","0.00","1.00","0.00","0.00","0.00","0.00","0.00","0.00"
"ﾚﾉﾏF","251280","1","53","２５－１２８０","ﾗｲﾄｸﾞﾚｰ","プロパー","1","物流部倉庫","002G020","1.00","0.00","0.00","1.00","1650.00","1650","自社","2026/09","0.00","0.00","0.00","1.00","0.00","0.00","0.00","0.00","0.00","0.00"
"ｱｴﾗF","AE701","1","54","ＡＥ－７０１","ｸﾘｱﾌﾞﾗｳﾝﾊｰﾌ/ｸﾘｱﾌﾞﾗｳﾝ","プロパー","1","物流部倉庫","002G020","0.00","0.00","9.00","9.00","1023.00","9207","自社","2026/09","21.00","0.00","0.00","0.00","12.00","0.00","0.00","0.00","0.00","0.00"
"ｱｴﾗF","AE701","3","54","ＡＥ－７０１","ﾌﾞﾗｯｸ","プロパー","1","物流部倉庫","002G020","0.00","0.00","9.00","9.00","1023.00","9207","自社","2026/09","9.00","0","0","0","0","0","0","0","0","0.00"
"ｱｴﾗF","AE702","1","51","ＡＥ－７０２","ﾌﾞﾗｳﾝﾃﾞﾐ","プロパー","1","物流部倉庫","002G020","0.00","0.00","8.00","8.00","1039.50","8316","自社","2026/09","12.00","0.00","1.00","0.00","3.00","0.00","0.00","0.00","0.00","0.00"
"ｱｴﾗF","AE702","3","51","ＡＥ－７０２","ﾌﾞﾗｯｸ","プロパー","1","物流部倉庫","002G020","0.00","1.00","8.00","9.00","1039.50","9356","自社","2026/09","9.00","0","0","0","0","0","0","0","0","0.00"
"ｱｴﾗF","AE702","4","51","ＡＥ－７０２","ﾈｲﾋﾞｰｻｻ","プロパー","1","物流部倉庫","002G020","0.00","0.00","9.00","9.00","1039.50","9356","自社","2026/09","19.00","0.00","0.00","0.00","10.00","0.00","0.00","0.00","0.00","0.00"
"ｱｴﾗF","AE703","1","50","ＡＥ－７０３","ﾌﾞﾗｳﾝﾃﾞﾐ","プロパー","1","物流部倉庫","002G020","0.00","0.00","3.00","3.00","1039.50","3119","自社","2026/09","3.00","0","0","0","0","0","0","0","0","0.00"
"ｱｴﾗF","AE703","2","50","ＡＥ－７０３","ｸﾘｱｶｰｷ","プロパー","1","物流部倉庫","002G020","0.00","0.00","7.00","7.00","1039.50","7277","自社","2026/09","8.00","0.00","1.00","0.00","0.00","0.00","0.00","0.00","0.00","0.00"
"ｱｴﾗF","AE703","3","50","ＡＥ－７０３","ﾌﾞﾗｯｸ","プロパー","1","物流部倉庫","002G020","0.00","1.00","5.00","6.00","1039.50","6237","自社","2026/09","6.00","0","0","0","0","0","0","0","0","0.00"
"ｴﾙｼﾞｪﾝﾇF","ELJ2003","2","54","ＥＬＪ－２００３","ﾜｲﾝ","プロパー","1","物流部倉庫","002G020","0.00","24.00","0.00","24.00","580.80","13939","自社","2026/09","24.00","0","0","0","0","0","0","0","0","0.00"
"e spice F","ES1011","2","44","ＥＳ－１０１１","ﾎﾜｲﾄｺﾞｰﾙﾄﾞ･ｱｲﾎﾞﾘｰﾏｯﾄ/ﾎﾜｲﾄｺﾞｰﾙﾄﾞ･ｲｴﾛｰﾏｯﾄ","プロパー","1","物流部倉庫","002G020","1.00","0.00","0.00","1.00","2887.50","2888","自社","2026/09","0.00","0.00","0.00","1.00","0.00","0.00","0.00","0.00","0.00","0.00"
"e spice F","ES1014","3","47","ＥＳ－１０１４","ﾌﾞﾙｰﾏｯﾄ(ﾌﾞﾗｳﾝ&ﾌﾞﾙｰﾃﾞﾐ)","プロパー","1","物流部倉庫","002G020","1.00","0.00","0.00","1.00","2805.00","2805","自社","2026/09","0.00","0.00","0.00","1.00","0.00","0.00","0.00","0.00","0.00","0.00"
"e spice F","ES1016","3","45","ＥＳ－１０１６","ﾌﾞﾗｯｸ&ｸﾞﾚｰﾊﾟﾀｰﾝ･ｸﾞﾘｰﾝ/ﾈｲﾋﾞｰ","プロパー","1","物流部倉庫","002G020","0.00","0.00","1.00","1.00","1897.50","1898","自社","2026/09","1.00","0.00","0.00","1.00","1.00","0.00","0.00","0.00","0.00","0.00"
"ｴﾙｼﾞｪﾝﾇF","FIELJ2003","2","20","ＥＬＪ－２００３","ﾜｲﾝ","プロパー","1","物流部倉庫","002G020","1.00","0.00","0.00","1.00","637.05","637","自社","2026/09","1.00","0","0","0","0","0","0","0","0","0.00"
"ｴﾙｼﾞｪﾝﾇSG","FIELS133","3","0","ＥＬＳ－１３３","ﾗﾍﾞﾝﾀﾞｰ","プロパー","1","物流部倉庫","002G020","2.00","0.00","0.00","2.00","1145.10","2290","自社","2026/09","2.00","0","0","0","0","0","0","0","0","0.00"
"ｴﾙｼﾞｪﾝﾇSG","FIELS134","2","0","ＥＬＳ－１３４","ﾜｲﾝ","プロパー","1","物流部倉庫","002G020","2.00","0.00","0.00","2.00","1026.30","2053","自社","2026/09","2.00","0","0","0","0","0","0","0","0","0.00"
"ｴﾙｼﾞｪﾝﾇSG","FIELS134","3","0","ＥＬＳ－１３４","ﾌﾞﾗｯｸ","プロパー","1","物流部倉庫","002G020","2.00","0.00","0.00","2.00","1026.30","2053","自社","2026/09","2.00","0","0","0","0","0","0","0","0","0.00"
"ｴﾙｼﾞｪﾝﾇSG","FIELS135","3","0","ＥＬＳ－１３５","ﾜｲﾝ","プロパー","1","物流部倉庫","002G020","2.00","0.00","0.00","2.00","1056.00","2112","自社","2026/09","2.00","0","0","0","0","0","0","0","0","0.00"
"ｴﾙｼﾞｪﾝﾇSG","FIELS136","2","0","ＥＬＳ－１３６","ﾗｲﾄﾌﾞﾗｳﾝ","プロパー","1","物流部倉庫","002G020","1.00","0.00","0.00","1.00","1026.30","1026","自社","2026/09","1.00","0","0","0","0","0","0","0","0","0.00"
"ｴﾙｼﾞｪﾝﾇSG","FIELS136","3","0","ＥＬＳ－１３６","ﾗﾍﾞﾝﾀﾞｰ","プロパー","1","物流部倉庫","002G020","2.00","0.00","0.00","2.00","1026.30","2053","自社","2026/09","2.00","0","0","0","0","0","0","0","0","0.00"
"i-S.P.I.C F","ISE001","1","59","ＩＳＥ－００１","ｺﾞｰﾙﾄﾞ","プロパー","1","物流部倉庫","002G020","52.00","0.00","0.00","52.00","10340.00","537680","自社","2026/09","53.00","0.00","0.00","0.00","1.00","0.00","0.00","0.00","0.00","0.00"
"i-S.P.I.C F","ISE001","2","59","ＩＳＥ－００１","ｼﾙﾊﾞｰ","プロパー","1","物流部倉庫","002G020","71.00","0.00","0.00","71.00","10190.00","723490","自社","2026/09","71.00","0","0","0","0","0","0","0","0","0.00"
"i-S.P.I.C F","ISE001","3","59","ＩＳＥ－００１","IPﾌﾞﾗｯｸ","プロパー","1","物流部倉庫","002G020","65.00","0.00","0.00","65.00","10750.00","698750","自社","2026/09","65.00","0","0","0","0","0","0","0","0","0.00"
"i-S.P.I.C F","ISE002","1","57","ＩＳＥ－００２","ｺﾞｰﾙﾄﾞ","プロパー","1","物流部倉庫","002G020","45.00","0.00","0.00","45.00","10060.00","452700","自社","2026/09","45.00","0","0","0","0","0","0","0","0","0.00"
"i-S.P.I.C F","ISE002","2","57","ＩＳＥ－００２","ｼﾙﾊﾞｰ","プロパー","1","物流部倉庫","002G020","32.00","0.00","0.00","32.00","9400.00","300800","自社","2026/09","32.00","0","0","0","0","0","0","0","0","0.00"
"i-S.P.I.C F","ISE003","1","52","ＩＳＥ－００３","ｺﾞｰﾙﾄﾞ","プロパー","1","物流部倉庫","002G020","35.00","0.00","0.00","35.00","9560.00","334600","自社","2026/09","36.00","0.00","0.00","0.00","1.00","0.00","0.00","0.00","0.00","0.00"
"i-S.P.I.C F","ISE003","2","52","ＩＳＥ－００３","ｼﾙﾊﾞｰ","プロパー","1","物流部倉庫","002G020","45.00","0.00","0.00","45.00","9900.00","445500","自社","2026/09","45.00","0","0","0","0","0","0","0","0","0.00"
"i-S.P.I.C F","ISE004","1","52","ＩＳＥ－００４","ﾎﾜｲﾄｺﾞｰﾙﾄﾞ","プロパー","1","物流部倉庫","002G020","35.00","0.00","0.00","35.00","10160.00","355600","自社","2026/09","35.00","0","0","0","0","0","0","0","0","0.00"
"i-S.P.I.C F","ISE004","2","52","ＩＳＥ－００４","ｺﾞｰﾙﾄﾞ","プロパー","1","物流部倉庫","002G020","32.00","0.00","0.00","32.00","10160.00","325120","自社","2026/09","32.00","0","0","0","0","0","0","0","0","0.00"
"i-S.P.I.C F","ISE004","3","52","ＩＳＥ－００４","ｼﾙﾊﾞｰ","プロパー","1","物流部倉庫","002G020","32.00","0.00","0.00","32.00","10000.00","320000","自社","2026/09","32.00","0","0","0","0","0","0","0","0","0.00"
"i-S.P.I.C F","ISE005","1","53","ＩＳＥ－００５","ｺﾞｰﾙﾄﾞ/ﾋﾟﾝｸ","プロパー","1","物流部倉庫","002G020","33.00","0.00","0.00","33.00","10430.00","344190","自社","2026/09","33.00","0","0","0","0","0","0","0","0","0.00"
"i-S.P.I.C F","ISE005","2","53","ＩＳＥ－００５","ﾎﾜｲﾄｺﾞｰﾙﾄﾞ/ﾌﾞﾙｰｸﾞﾘｰﾝ","プロパー","1","物流部倉庫","002G020","31.00","0.00","0.00","31.00","10430.00","323330","自社","2026/09","31.00","0","0","0","0","0","0","0","0","0.00"
"i-S.P.I.C F","ISE005","3","53","ＩＳＥ－００５","ｼﾙﾊﾞｰ","プロパー","1","物流部倉庫","002G020","34.00","0.00","0.00","34.00","9930.00","337620","自社","2026/09","34.00","0","0","0","0","0","0","0","0","0.00"
"i-S.P.I.C F","ISE006","1","53","ＩＳＥ－００６","ｺﾞｰﾙﾄﾞ","プロパー","1","物流部倉庫","002G020","6.00","0.00","0.00","6.00","10080.00","60480","自社","2026/09","6.00","0","0","0","0","0","0","0","0","0.00"
"i-S.P.I.C F","ISE006","2","53","ＩＳＥ－００６","ｺﾞｰﾙﾄﾞ/ﾌﾞﾗｳﾝ","プロパー","1","物流部倉庫","002G020","28.00","0.00","0.00","28.00","10430.00","292040","自社","2026/09","29.00","0.00","0.00","0.00","1.00","0.00","0.00","0.00","0.00","0.00"
"i-S.P.I.C F","ISE006","3","53","ＩＳＥ－００６","ﾎﾜｲﾄｺﾞｰﾙﾄﾞ/ﾊﾟｰﾌﾟﾙ","プロパー","1","物流部倉庫","002G020","24.00","0.00","0.00","24.00","10430.00","250320","自社","2026/09","24.00","0","0","0","0","0","0","0","0","0.00"
"瞬足F","SY2046","2","49","ＳＹ－２０４６","ｸﾘｱﾌﾞﾙｰ/ﾈｲﾋﾞｰ","プロパー","1","物流部倉庫","002G020","0.00","0.00","1.00","1.00","2237.10","2237","自社","2026/09","1.00","0","0","0","0","0","0","0","0","0.00"
"瞬足F","SY3004","4","52","ＳＹ－３００４","ﾏｯﾄｶｰｷ/ﾌﾞﾗｯｸ･ｸﾘｱｶｰｷ","プロパー","1","物流部倉庫","002G020","0.00","0.00","1.00","1.00","3021.30","3021","自社","2026/09","1.00","0","0","0","0","0","0","0","0","0.00"
"瞬足F","SY9002","3","0","ＳＹ－９００２","ｸﾘｱﾀﾞｰｸﾋﾟﾝｸ/ﾋﾟﾝｸ","プロパー","1","物流部倉庫","002G020","0.00","0.00","1.00","1.00","945.45","945","自社","2026/09","1.00","0","0","0","0","0","0","0","0","0.00"
"瞬足F","SYPR"," ","0","瞬足ピタリング","ﾋﾟﾀﾘﾝｸﾞ","プロパー","1","物流部倉庫","002G020","0.00","0.00","2.00","2.00","240.00","480","自社","2026/09","2.00","0","0","0","0","0","0","0","0","0.00"
"TK SG","TKS506","1","49","ＴＫＳ－５０６","ﾍｱﾗｲﾝｺﾞｰﾙﾄﾞ","プロパー","1","物流部倉庫","002G020","0.00","1.00","0.00","1.00","1160.00","1160","自社","2026/09","1.00","0","0","0","0","0","0","0","0","0.00"
"TK SG","TKS506","2","49","ＴＫＳ－５０６","ｸﾞﾚｰ","プロパー","1","物流部倉庫","002G020","0.00","1.00","0.00","1.00","1160.00","1160","自社","2026/09","1.00","0","0","0","0","0","0","0","0","0.00"
"TK SG","TKS506","3","49","ＴＫＳ－５０６","ｶﾞﾝﾒﾀﾙ","プロパー","1","物流部倉庫","002G020","0.00","1.00","0.00","1.00","1160.00","1160","自社","2026/09","1.00","0","0","0","0","0","0","0","0","0.00"
"TK SG","TKS514","1","50","ＴＫＳ－５１４","ｸﾘｱｸﾞﾘｰﾝ","プロパー","1","物流部倉庫","002G020","0.00","0.00","30.00","30.00","1402.50","42075","自社","2026/09","30.00","0","0","0","0","0","0","0","0","0.00"
"TK SG","TKS514","2","50","ＴＫＳ－５１４","ﾌﾞﾗｳﾝｻｻ","プロパー","1","物流部倉庫","002G020","0.00","0.00","28.00","28.00","1402.50","39270","自社","2026/09","28.00","0","0","0","0","0","0","0","0","0.00"
"TK SG","TKS514","3","50","ＴＫＳ－５１４","ﾌﾞﾗｯｸ","プロパー","1","物流部倉庫","002G020","0.00","0.00","30.00","30.00","1402.50","42075","自社","2026/09","30.00","0","0","0","0","0","0","0","0","0.00"
"TK SG","TKS515","1","52","ＴＫＳ－５１５","ﾌﾞﾗｳﾝｻｻ","プロパー","1","物流部倉庫","002G020","0.00","0.00","20.00","20.00","1402.50","28050","自社","2026/09","20.00","0","0","0","0","0","0","0","0","0.00"
"TK SG","TKS515","2","52","ＴＫＳ－５１５","ﾌﾞﾗｯｸ/ﾌﾞﾗｯｸ･･ﾌﾞﾗｯｸﾃﾞﾐ","プロパー","1","物流部倉庫","002G020","0.00","0.00","20.00","20.00","1402.50","28050","自社","2026/09","20.00","0","0","0","0","0","0","0","0","0.00"
"TK SG","TKS515","3","52","ＴＫＳ－５１５","ﾌﾞﾗｯｸ","プロパー","1","物流部倉庫","002G020","0.00","0.00","20.00","20.00","1402.50","28050","自社","2026/09","20.00","0","0","0","0","0","0","0","0","0.00"
"TK SG","TKS520","1","51","ＴＫＳ－５２０","ﾍｱﾗｲﾝｼﾙﾊﾞｰ","プロパー","1","物流部倉庫","002G020","0.00","0.00","8.00","8.00","798.60","6389","自社","2026/09","8.00","0","0","0","0","0","0","0","0","0.00"
"TK SG","TKS520","2","51","ＴＫＳ－５２０","ﾌﾞﾗｳﾝ","プロパー","1","物流部倉庫","002G020","0.00","0.00","8.00","8.00","798.60","6389","自社","2026/09","9.00","0.00","1.00","0.00","0.00","0.00","0.00","0.00","0.00","0.00"
"TK SG","TKS520","3","51","ＴＫＳ－５２０","ﾏｯﾄﾌﾞﾗｯｸ","プロパー","1","物流部倉庫","002G020","0.00","0.00","8.00","8.00","798.60","6389","自社","2026/09","9.00","0.00","1.00","0.00","0.00","0.00","0.00","0.00","0.00","0.00"
"TK SG","TKS521","1","50","ＴＫＳ－５２１","ｺﾞｰﾙﾄﾞ","プロパー","1","物流部倉庫","002G020","0.00","0.00","2.00","2.00","798.60","1597","自社","2026/09","8.00","0.00","0.00","0.00","6.00","0.00","0.00","0.00","0.00","0.00"
"TK SG","TKS521","2","50","ＴＫＳ－５２１","ｸﾞﾚｰ","プロパー","1","物流部倉庫","002G020","0.00","0.00","2.00","2.00","798.60","1597","自社","2026/09","9.00","0.00","0.00","0.00","7.00","0.00","0.00","0.00","0.00","0.00"
"TK SG","TKS521","3","50","ＴＫＳ－５２１","ｶﾞﾝﾒﾀﾙ","プロパー","1","物流部倉庫","002G020","0.00","0.00","2.00","2.00","798.60","1597","自社","2026/09","9.00","0.00","2.00","0.00","5.00","0.00","0.00","0.00","0.00","0.00"
"TK SG","TKS522","1","50","ＴＫＳ－５２２","ﾌﾞﾗｳﾝｻｻ","プロパー","1","物流部倉庫","002G020","0.00","0.00","6.00","6.00","1353.00","8118","自社","2026/09","6.00","0","0","0","0","0","0","0","0","0.00"
"TK SG","TKS522","2","50","ＴＫＳ－５２２","ｸﾞﾚｰﾃﾞﾐ","プロパー","1","物流部倉庫","002G020","0.00","0.00","8.00","8.00","1353.00","10824","自社","2026/09","8.00","0","0","0","0","0","0","0","0","0.00"
"TK SG","TKS522","3","50","ＴＫＳ－５２２","ﾌﾞﾗｯｸ","プロパー","1","物流部倉庫","002G020","0.00","0.00","8.00","8.00","1353.00","10824","自社","2026/09","9.00","0.00","0.00","0.00","1.00","0.00","0.00","0.00","0.00","0.00"
"TK SG","TKS523","2","49","ＴＫＳ－５２３","ﾌﾞﾗｳﾝﾃﾞﾐ","プロパー","1","物流部倉庫","002G020","0.00","0.00","3.00","3.00","1353.00","4059","自社","2026/09","7.00","0.00","0.00","0.00","4.00","0.00","0.00","0.00","0.00","0.00"
"海外THERASIA F 韓国ﾊﾟﾘﾐｷ","TTJ092","1","49","ＴＪ－０９２","ｲｴﾛｰｸﾘｱ/ｼﾙﾊﾞｰ","OEM","1","物流部倉庫","002G020","1.00","0.00","0.00","1.00","3110.50","3111","自社","2026/09","0.00","0.00","1.00","2.00","0.00","0.00","0.00","0.00","0.00","0.00"
"海外THERASIA F 韓国ﾊﾟﾘﾐｷ","TTJ092","2","49","ＴＪ－０９２","ﾋﾟﾝｸ/ﾎﾜｲﾄｺﾞｰﾙﾄﾞ","OEM","1","物流部倉庫","002G020","1.00","0.00","0.00","1.00","3110.50","3111","自社","2026/09","0.00","0.00","1.00","2.00","0.00","0.00","0.00","0.00","0.00","0.00"
"海外THERASIA F 韓国ﾊﾟﾘﾐｷ","TTJ092","3","49","ＴＪ－０９２","ﾄｰﾄｲｽ/ｺﾞｰﾙﾄﾞ","OEM","1","物流部倉庫","002G020","1.00","0.00","0.00","1.00","3275.50","3276","自社","2026/09","0.00","0.00","1.00","2.00","0.00","0.00","0.00","0.00","0.00","0.00"
"海外THERASIA F 韓国ﾊﾟﾘﾐｷ","TTJ092","4","49","ＴＪ－０９２","ﾀﾞｰｸｸﾞﾚｰ/ﾎﾜｲﾄｺﾞｰﾙﾄﾞ","OEM","1","物流部倉庫","002G020","1.00","0.00","0.00","1.00","3275.50","3276","自社","2026/09","0.00","0.00","1.00","2.00","0.00","0.00","0.00","0.00","0.00","0.00"
"ｲﾝﾃﾞｨｳﾞｨF","IDF1152","2","49","ＩＤＦ－１１５２","ｺﾞｰﾙﾄﾞ(ﾌﾞﾗｯｸ)/ﾌﾞﾗｯｸﾓｻﾞｲｸ","プロパー","1","物流部倉庫","002H010","3.00","0.00","8.00","11.00","2668.00","29348","自社","2026/09","13.00","0.00","4.00","7.00","5.00","0.00","0.00","0.00","0.00","0.00"
"ｲﾝﾃﾞｨｳﾞｨF","IDF1153","3","50","ＩＤＦ－１１５３","ﾗｲﾄﾌﾞﾗｳﾝ(ﾁｮｺﾌﾞﾗｳﾝ)･ﾏｯﾄﾌﾞﾗｳﾝ","プロパー","1","物流部倉庫","002H010","0.00","0.00","6.00","6.00","2696.00","16176","自社","2026/09","7.00","0.00","4.00","9.00","6.00","0.00","0.00","0.00","0.00","0.00"
"ﾙｱﾅF","LN013","3","52","ＬＮ－０１３","ｺｺｱﾌﾞﾗｳﾝ･ﾏｯﾄｺﾞｰﾙﾄﾞ","プロパー","1","物流部倉庫","002H010","0.00","1.00","0.00","1.00","1800.00","1800","自社","2026/09","1.00","0","0","0","0","0","0","0","0","0.00"
"ﾙｱﾅF","LN014","2","51","ＬＮ－０１４","ﾋﾟｰﾁ･ﾏｯﾄｼｬﾝﾊﾟﾝﾍﾞｰｼﾞｭ","プロパー","1","物流部倉庫","002H010","0.00","1.00","0.00","1.00","1830.00","1830","自社","2026/09","1.00","0","0","0","0","0","0","0","0","0.00"
"ﾙｱﾅF","LN015","1","52","ＬＮ－０１５","ｺﾞｰﾙﾄﾞ･ﾈｲﾋﾞｰ","プロパー","1","物流部倉庫","002H010","0.00","1.00","0.00","1.00","1830.00","1830","自社","2026/09","1.00","0","0","0","0","0","0","0","0","0.00"
"ﾙｱﾅF","LN016","3","50","ＬＮ－０１６","ﾛｾﾞﾜｲﾝ･ｺﾞｰﾙﾄﾞ","プロパー","1","物流部倉庫","002H010","0.00","1.00","0.00","1.00","1830.00","1830","自社","2026/09","1.00","0","0","0","0","0","0","0","0","0.00"
"ﾙｱﾅF","LN029","1","51","ＬＮ－０２９","ﾋﾟﾝｸ･ｺﾞｰﾙﾄﾞ","プロパー","1","物流部倉庫","002H010","0.00","0.00","5.00","5.00","2268.00","11340","自社","2026/09","6.00","0.00","1.00","0.00","0.00","0.00","0.00","0.00","0.00","0.00"
"ﾙｱﾅF","LN029","2","51","ＬＮ－０２９","ﾜｲﾝ･ｺﾞｰﾙﾄﾞ","プロパー","1","物流部倉庫","002H010","0.00","0.00","10.00","10.00","2268.00","22680","自社","2026/09","10.00","0","0","0","0","0","0","0","0","0.00"
"ﾙｱﾅF","LN029","3","51","ＬＮ－０２９","ｺｰﾗﾙﾍﾞｰｼﾞｭ･ｺﾞｰﾙﾄﾞ","プロパー","1","物流部倉庫","002H010","0.00","0.00","10.00","10.00","2268.00","22680","自社","2026/09","11.00","0.00","1.00","0.00","0.00","0.00","0.00","0.00","0.00","0.00"
"ﾙｱﾅF","LN031","1","51","ＬＮ－０３１","ｺﾞｰﾙﾄﾞ(ﾓｰｳﾞﾌﾞﾗｳﾝ)","プロパー","1","物流部倉庫","002H010","0.00","0.00","9.00","9.00","2254.00","20286","自社","2026/09","12.00","0.00","3.00","0.00","0.00","0.00","0.00","0.00","0.00","0.00"
"ﾙｱﾅF","LN031","2","51","ＬＮ－０３１","ﾋﾟﾝｸ･ﾏｯﾄｺﾞｰﾙﾄﾞ","プロパー","1","物流部倉庫","002H010","0.00","0.00","9.00","9.00","2254.00","20286","自社","2026/09","10.00","0.00","1.00","0.00","0.00","0.00","0.00","0.00","0.00","0.00"
"ﾙｱﾅF","LN031","3","51","ＬＮ－０３１","ﾈｲﾋﾞｰ･ﾏｯﾄｺﾞｰﾙﾄﾞ","プロパー","1","物流部倉庫","002H010","0.00","0.00","7.00","7.00","2254.00","15778","自社","2026/09","9.00","0.00","2.00","0.00","0.00","0.00","0.00","0.00","0.00","0.00"
"ﾙｱﾅF","LN032","1","52","ＬＮ－０３２","ﾗｲﾄﾌﾞﾗｳﾝ･ｺﾞｰﾙﾄﾞ","プロパー","1","物流部倉庫","002H010","0.00","0.00","10.00","10.00","2247.00","22470","自社","2026/09","11.00","0.00","1.00","0.00","0.00","0.00","0.00","0.00","0.00","0.00"
"ﾙｱﾅF","LN032","2","52","ＬＮ－０３２","ﾜｲﾝ･ｺﾞｰﾙﾄﾞ","プロパー","1","物流部倉庫","002H010","0.00","0.00","6.00","6.00","2247.00","13482","自社","2026/09","8.00","0.00","2.00","0.00","0.00","0.00","0.00","0.00","0.00","0.00"
"ﾙｱﾅF","LN032","3","52","ＬＮ－０３２","ﾗｲﾄﾓｰｳﾞ･ｺﾞｰﾙﾄﾞ","プロパー","1","物流部倉庫","002H010","0.00","0.00","9.00","9.00","2247.00","20223","自社","2026/09","10.00","0.00","1.00","0.00","0.00","0.00","0.00","0.00","0.00","0.00"
"ﾙｱﾅF","LN033","1","51","ＬＮ－０３３","ﾋﾟﾝｸ･ｺﾞｰﾙﾄﾞ","プロパー","1","物流部倉庫","002H010","0.00","1.00","4.00","5.00","2553.00","12765","自社","2026/09","9.00","0.00","4.00","4.00","4.00","0.00","0.00","0.00","0.00","0.00"
"ﾙｱﾅF","LN033","2","51","ＬＮ－０３３","ﾈｲﾋﾞｰ･ｺﾞｰﾙﾄﾞ","プロパー","1","物流部倉庫","002H010","0.00","2.00","3.00","5.00","2553.00","12765","自社","2026/09","8.00","0.00","2.00","2.00","3.00","0.00","0.00","0.00","0.00","0.00"
"ﾙｱﾅF","LN033","3","51","ＬＮ－０３３","ﾗｲﾄﾓｰｳﾞ･ｺﾞｰﾙﾄﾞ","プロパー","1","物流部倉庫","002H010","1.00","3.00","7.00","11.00","2553.00","28083","自社","2026/09","20.00","0.00","6.00","5.00","8.00","0.00","0.00","0.00","0.00","0.00"
"ﾙｱﾅF","LN034","1","52","ＬＮ－０３４","ｺﾞｰﾙﾄﾞ(ｵﾘｰﾌﾞｸﾞﾘｰﾝ)","プロパー","1","物流部倉庫","002H010","0.00","3.00","4.00","7.00","2607.00","18249","自社","2026/09","9.00","0.00","1.00","2.00","3.00","0.00","0.00","0.00","0.00","0.00"
"ﾙｱﾅF","LN034","2","52","ＬＮ－０３４","ﾜｲﾝ･ﾏｯﾄｺﾞｰﾙﾄﾞ","プロパー","1","物流部倉庫","002H010","0.00","4.00","8.00","12.00","2607.00","31284","自社","2026/09","24.00","0.00","3.00","3.00","12.00","0.00","0.00","0.00","0.00","0.00"
"ﾙｱﾅF","LN034","3","52","ＬＮ－０３４","ﾗｲﾄﾓｰｳﾞ･ﾏｯﾄｺﾞｰﾙﾄﾞ","プロパー","1","物流部倉庫","002H010","0.00","0.00","2.00","2.00","2607.00","5214","自社","2026/09","2.00","0.00","1.00","3.00","2.00","0.00","0.00","0.00","0.00","0.00"
"ﾙｱﾅF","LN035","1","50","ＬＮ－０３５","ｺﾞｰﾙﾄﾞ(ﾓｰｳﾞﾌﾞﾗｳﾝ)/ﾗｲﾄﾌﾞﾙｰ･ｺﾞｰﾙﾄﾞ","プロパー","1","物流部倉庫","002H010","0.00","2.00","0.00","2.00","2507.00","5014","自社","2026/09","4.00","0.00","1.00","2.00","3.00","0.00","0.00","0.00","0.00","0.00"
"ﾙｱﾅF","LN035","2","50","ＬＮ－０３５","ﾜｲﾝ･ｺﾞｰﾙﾄﾞ","プロパー","1","物流部倉庫","002H010","1.00","4.00","5.00","10.00","2507.00","25070","自社","2026/09","16.00","0.00","3.00","2.00","5.00","0.00","0.00","0.00","0.00","0.00"
"ﾙｱﾅF","LN035","3","50","ＬＮ－０３５","ﾗｲﾄﾓｰｳﾞ･ｺﾞｰﾙﾄﾞ","プロパー","1","物流部倉庫","002H010","0.00","4.00","7.00","11.00","2507.00","27577","自社","2026/09","16.00","0.00","3.00","3.00","5.00","0.00","0.00","0.00","0.00","0.00"
"ﾙｱﾅF","LN036","1","51","ＬＮ－０３６","ﾋﾟﾝｸ･ﾏｯﾄｺﾞｰﾙﾄﾞ","プロパー","1","物流部倉庫","002H010","0.00","4.00","8.00","12.00","2553.00","30636","自社","2026/09","30.00","0.00","6.00","4.00","16.00","0.00","0.00","0.00","0.00","0.00"
"ﾙｱﾅF","LN036","2","51","ＬＮ－０３６","ﾗｲﾄﾌﾞﾗｳﾝ･ﾏｯﾄｺﾞｰﾙﾄﾞ","プロパー","1","物流部倉庫","002H010","0.00","3.00","6.00","9.00","2553.00","22977","自社","2026/09","9.00","0.00","0.00","1.00","1.00","0.00","0.00","0.00","0.00","0.00"
"ﾙｱﾅF","LN036","3","51","ＬＮ－０３６","ﾈｲﾋﾞｰ･ﾏｯﾄｺﾞｰﾙﾄﾞ","プロパー","1","物流部倉庫","002H010","0.00","4.00","6.00","10.00","2553.00","25530","自社","2026/09","13.00","0.00","1.00","1.00","3.00","0.00","0.00","0.00","0.00","0.00"
"ﾏﾝﾊｯﾀﾝﾃﾞｻﾞｲﾝｽﾀｼﾞｵF","MDS531","2","60","ＭＤＳ－５３１","ﾌﾞﾗｳﾝ","プロパー","1","物流部倉庫","002H010","4.00","0.00","0.00","4.00","2373.00","9492","自社","2026/09","7.00","0.00","2.00","1.00","2.00","0.00","0.00","0.00","0.00","0.00"
"NINE F nine eyewaer","T3029","0001M","49","３０２９","ﾏｯﾄﾌﾞﾗｳﾝｻｻ","OEM","1","物流部倉庫","002H010","2.00","0.00","0.00","2.00","4125.00","8250","自社","2026/09","2.00","0","0","0","0","0","0","0","0","0.00"
"海外ﾍﾗｽﾀﾞﾝF","TBU2630","006","51","Ｂｕ２６３０","ﾜｲﾝ･ｺﾞｰﾙﾄﾞ(ｺﾞｰﾙﾄﾞ)","OEM","1","物流部倉庫","002H010","0.00","186.00","0.00","186.00","3115.00","579390","自社","2026/09","0.00","0.00","0.00","187.00","1.00","0.00","0.00","0.00","0.00","0.00"
"海外ﾍﾗｽﾀﾞﾝF","TBU2630","007","51","Ｂｕ２６３０","ﾋﾟﾝｸ(ｺﾞｰﾙﾄﾞ)","OEM","1","物流部倉庫","002H010","0.00","289.00","0.00","289.00","3115.00","900235","自社","2026/09","0.00","0.00","0.00","289.00","0.00","0.00","0.00","0.00","0.00","0.00"
"海外ﾍﾗｽﾀﾞﾝF","TBU2631","001","50","Ｂｕ２６３１","ｺﾞｰﾙﾄﾞ(ｺﾞｰﾙﾄﾞ)","OEM","1","物流部倉庫","002H010","0.00","149.00","0.00","149.00","3090.00","460410","自社","2026/09","0.00","0.00","0.00","150.00","1.00","0.00","0.00","0.00","0.00","0.00"
"海外ﾍﾗｽﾀﾞﾝF","TBU2631","005","50","Ｂｕ２６３１","ﾊﾟｰﾌﾟﾙ(ｺﾞｰﾙﾄﾞ)","OEM","1","物流部倉庫","002H010","0.00","112.00","0.00","112.00","3090.00","346080","自社","2026/09","0.00","0.00","0.00","112.00","0.00","0.00","0.00","0.00","0.00","0.00"
"海外ﾍﾗｽﾀﾞﾝF","TBU2632","007","51","Ｂｕ２６３２","ﾋﾟﾝｸ(ｺﾞｰﾙﾄﾞ)","OEM","1","物流部倉庫","002H010","0.00","99.00","0.00","99.00","3065.00","303435","自社","2026/09","0.00","0.00","0.00","99.00","0.00","0.00","0.00","0.00","0.00","0.00"
"海外ﾍﾗｽﾀﾞﾝF","TBU2632","008","51","Ｂｕ２６３２","ﾛｰｽﾞｺﾞｰﾙﾄﾞ(ｺﾞｰﾙﾄﾞ)","OEM","1","物流部倉庫","002H010","0.00","189.00","0.00","189.00","3065.00","579285","自社","2026/09","0.00","0.00","0.00","190.00","1.00","0.00","0.00","0.00","0.00","0.00"
"海外ﾍﾗｽﾀﾞﾝF","TBU2635","002","50","Ｂｕ２６３５","ｼﾙﾊﾞｰﾈｲﾋﾞｰ(ｼﾙﾊﾞｰ)","OEM","1","物流部倉庫","002H010","0.00","66.00","0.00","66.00","3090.00","203940","自社","2026/09","0.00","0.00","0.00","67.00","1.00","0.00","0.00","0.00","0.00","0.00"
"海外ﾍﾗｽﾀﾞﾝF","TBU2635","008","50","Ｂｕ２６３５","ﾛｰｽﾞｺﾞｰﾙﾄﾞ(ｺﾞｰﾙﾄﾞ)","OEM","1","物流部倉庫","002H010","0.00","195.00","0.00","195.00","3090.00","602550","自社","2026/09","0.00","0.00","0.00","195.00","0.00","0.00","0.00","0.00","0.00","0.00"
"海外ﾍﾗｽﾀﾞﾝF","TBU2636","005","50","Ｂｕ２６３６","ﾊﾟｰﾌﾟﾙ(ｺﾞｰﾙﾄﾞ)","OEM","1","物流部倉庫","002H010","0.00","143.00","0.00","143.00","3065.00","438295","自社","2026/09","0.00","0.00","0.00","144.00","1.00","0.00","0.00","0.00","0.00","0.00"
"海外ﾍﾗｽﾀﾞﾝF","TBU2636","006","50","Ｂｕ２６３６","ﾜｲﾝ･ｺﾞｰﾙﾄﾞ(ｺﾞｰﾙﾄﾞ)","OEM","1","物流部倉庫","002H010","0.00","133.00","0.00","133.00","3065.00","407645","自社","2026/09","0.00","0.00","0.00","133.00","0.00","0.00","0.00","0.00","0.00","0.00"
"海外ﾍﾗｽﾀﾞﾝF","TBU2636","008","50","Ｂｕ２６３６","ﾛｰｽﾞｺﾞｰﾙﾄﾞ(ｺﾞｰﾙﾄﾞ)","OEM","1","物流部倉庫","002H010","0.00","175.00","0.00","175.00","3065.00","536375","自社","2026/09","0.00","0.00","0.00","175.00","0.00","0.00","0.00","0.00","0.00","0.00"
"海外ﾍﾗｽﾀﾞﾝF","TBU2637","001","52","Ｂｕ２６３７","ｺﾞｰﾙﾄﾞ(ｺﾞｰﾙﾄﾞ)","OEM","1","物流部倉庫","002H010","0.00","136.00","0.00","136.00","3065.00","416840","自社","2026/09","0.00","0.00","0.00","136.00","0.00","0.00","0.00","0.00","0.00","0.00"
"海外ﾍﾗｽﾀﾞﾝF","TBU2637","007","52","Ｂｕ２６３７","ﾋﾟﾝｸ(ｺﾞｰﾙﾄﾞ)","OEM","1","物流部倉庫","002H010","0.00","185.00","0.00","185.00","3065.00","567025","自社","2026/09","0.00","0.00","0.00","186.00","1.00","0.00","0.00","0.00","0.00","0.00"
"海外LA Eyeworks F","TDAN","950","50","ＤＡＮ","ﾄﾚﾋﾟﾆ","OEM","1","物流部倉庫","002H010","67.00","0.00","0.00","67.00","2492.50","166998","自社","2026/09","0.00","0.00","0.00","67.00","0.00","0.00","0.00","0.00","0.00","0.00"
"海外LA Eyeworks F","TDAN","963","50","ＤＡＮ","ﾊﾞｽﾞﾌﾞﾙｰ","OEM","1","物流部倉庫","002H010","80.00","0.00","0.00","80.00","2492.50","199400","自社","2026/09","0.00","0.00","0.00","80.00","0.00","0.00","0.00","0.00","0.00","0.00"
"海外LA Eyeworks F","TDAN","9781","50","ＤＡＮ","ﾒﾛﾝﾍﾞﾘｰ","OEM","1","物流部倉庫","002H010","70.00","0.00","0.00","70.00","2492.50","174475","自社","2026/09","0.00","0.00","0.00","70.00","0.00","0.00","0.00","0.00","0.00","0.00"
"海外LA Eyeworks F","TGIBSON","168","52","ＧＩＢＳＯＮ","ｼｰﾀｰﾄﾙ","OEM","1","物流部倉庫","002H010","81.00","0.00","0.00","81.00","2080.00","168480","自社","2026/09","0.00","0.00","0.00","81.00","0.00","0.00","0.00","0.00","0.00","0.00"
"海外LA Eyeworks F","TGIBSON","210","52","ＧＩＢＳＯＮ","ｼﾞｪﾘｰｹｰｷ","OEM","1","物流部倉庫","002H010","78.00","0.00","0.00","78.00","2080.00","162240","自社","2026/09","0.00","0.00","0.00","78.00","0.00","0.00","0.00","0.00","0.00","0.00"
"海外LA Eyeworks F","TGIBSON","260","52","ＧＩＢＳＯＮ","ｱｲﾘｽﾍﾞﾘｰ","OEM","1","物流部倉庫","002H010","77.00","0.00","0.00","77.00","2080.00","160160","自社","2026/09","0.00","0.00","0.00","77.00","0.00","0.00","0.00","0.00","0.00","0.00"
"海外LA Eyeworks F","TGIBSON","615","52","ＧＩＢＳＯＮ","ｿﾙﾄ&ﾍﾟｯﾊﾟｰ","OEM","1","物流部倉庫","002H010","77.00","0.00","0.00","77.00","2080.00","160160","自社","2026/09","0.00","0.00","0.00","77.00","0.00","0.00","0.00","0.00","0.00","0.00"
"海外LA Eyeworks F","THERSH","212","49","ＨＥＲＳＨ","ﾏｳｲﾄｰﾄｽ","OEM","1","物流部倉庫","002H010","52.00","0.00","0.00","52.00","2080.00","108160","自社","2026/09","0.00","0.00","0.00","52.00","0.00","0.00","0.00","0.00","0.00","0.00"
"海外LA Eyeworks F","THERSH","619","49","ＨＥＲＳＨ","ｸﾞﾚｰﾌﾟｽﾃｨｯｸ","OEM","1","物流部倉庫","002H010","79.00","0.00","0.00","79.00","2080.00","164320","自社","2026/09","0.00","0.00","0.00","79.00","0.00","0.00","0.00","0.00","0.00","0.00"
"海外LA Eyeworks F","THERSH","721","49","ＨＥＲＳＨ","ﾋﾞｯｸﾞﾍﾞｱﾚｲｸ","OEM","1","物流部倉庫","002H010","132.00","0.00","0.00","132.00","2080.00","274560","自社","2026/09","0.00","0.00","0.00","132.00","0.00","0.00","0.00","0.00","0.00","0.00"
"海外LA Eyeworks F","THERSH","775","49","ＨＥＲＳＨ","ﾌﾞﾙｰﾚｲ","OEM","1","物流部倉庫","002H010","55.00","0.00","0.00","55.00","2080.00","114400","自社","2026/09","0.00","0.00","0.00","55.00","0.00","0.00","0.00","0.00","0.00","0.00"
"海外RoiReine 北京完","TRR3508","2","55","ＲＲ－３５０８","ｼﾙﾊﾞｰ","OEM","1","物流部倉庫","002H010","0.00","1.00","0.00","1.00","3449.00","3449","自社","2026/09","1.00","0","0","0","0","0","0","0","0","0.00"
"海外RoiReine 北京完","TRR3508","3","55","ＲＲ－３５０８","ｸﾞﾚｰ","OEM","1","物流部倉庫","002H010","0.00","1.00","0.00","1.00","3779.00","3779","自社","2026/09","1.00","0","0","0","0","0","0","0","0","0.00"
"海外RoiReine 北京完","TRR3509","3","56","ＲＲ－３５０９","ｸﾞﾚｰ","OEM","1","物流部倉庫","002H010","0.00","1.00","0.00","1.00","4194.00","4194","自社","2026/09","1.00","0","0","0","0","0","0","0","0","0.00"
"海外RoiReine 北京完","TRR3509","4","56","ＲＲ－３５０９","ﾌﾞﾗｯｸ","OEM","1","物流部倉庫","002H010","0.00","1.00","0.00","1.00","3848.00","3848","自社","2026/09","1.00","0","0","0","0","0","0","0","0","0.00"
"海外RoiReine 北京完","TRR3518","1","55","ＲＲ－３５１８","ｺﾞｰﾙﾄﾞ","OEM","1","物流部倉庫","002H010","0.00","2.00","0.00","2.00","3191.00","6382","自社","2026/09","2.00","0","0","0","0","0","0","0","0","0.00"
"海外RoiReine 北京完","TRR3518","2","55","ＲＲ－３５１８","ｼﾙﾊﾞｰ","OEM","1","物流部倉庫","002H010","0.00","2.00","0.00","2.00","3191.00","6382","自社","2026/09","2.00","0","0","0","0","0","0","0","0","0.00"
"海外RoiReine 北京完","TRR3518","3","55","ＲＲ－３５１８","ｶﾞﾝﾒﾀﾙ","OEM","1","物流部倉庫","002H010","0.00","3.00","0.00","3.00","3191.00","9573","自社","2026/09","3.00","0","0","0","0","0","0","0","0","0.00"
"海外RoiReine 北京完","TRR3518","4","55","ＲＲ－３５１８","ﾌﾞﾗｯｸ","OEM","1","物流部倉庫","002H010","0.00","3.00","0.00","3.00","3191.00","9573","自社","2026/09","3.00","0","0","0","0","0","0","0","0","0.00"
"海外RoiReine 北京完","TRR3519","1","54","ＲＲ－３５１９","ｺﾞｰﾙﾄﾞ","OEM","1","物流部倉庫","002H010","0.00","2.00","0.00","2.00","3237.00","6474","自社","2026/09","2.00","0","0","0","0","0","0","0","0","0.00"
"海外RoiReine 北京完","TRR3519","2","54","ＲＲ－３５１９","ｼﾙﾊﾞｰ","OEM","1","物流部倉庫","002H010","0.00","3.00","0.00","3.00","3237.00","9711","自社","2026/09","3.00","0","0","0","0","0","0","0","0","0.00"
"海外RoiReine 北京完","TRR3519","3","54","ＲＲ－３５１９","ｶﾞﾝﾒﾀﾙ","OEM","1","物流部倉庫","002H010","0.00","1.00","0.00","1.00","3237.00","3237","自社","2026/09","1.00","0","0","0","0","0","0","0","0","0.00"
"海外RoiReine 北京完","TRR3519","4","54","ＲＲ－３５１９","ﾌﾞﾗｯｸ","OEM","1","物流部倉庫","002H010","0.00","3.00","0.00","3.00","3237.00","9711","自社","2026/09","3.00","0","0","0","0","0","0","0","0","0.00"
"海外OEM F","TYO016","LO","52","ＹＯ－０１６","ﾋﾟﾝｸｺﾞｰﾙﾄﾞ/ﾋﾟﾝｸｺﾞｰﾙﾄﾞ･ﾀﾞｰｸﾌﾞﾙｰ","OEM","1","物流部倉庫","002H010","2.00","0.00","0.00","2.00","3092.00","6184","自社","2026/09","2.00","0","0","0","0","0","0","0","0","0.00"
"海外OEM F","TYO016","PK","52","ＹＯ－０１６","ﾋﾟﾝｸ/ﾋﾟﾝｸｺﾞｰﾙﾄﾞ･ﾓｰﾌﾞﾋﾟﾝｸ","OEM","1","物流部倉庫","002H010","3.00","0.00","0.00","3.00","3092.00","9276","自社","2026/09","3.00","0","0","0","0","0","0","0","0","0.00"
"海外OEM F","TYO016","RD","52","ＹＯ－０１６","ﾜｲﾝ/ﾋﾟｰﾁ･ｱﾌﾟﾘｺｯﾄ","OEM","1","物流部倉庫","002H010","2.00","0.00","0.00","2.00","3092.00","6184","自社","2026/09","2.00","0","0","0","0","0","0","0","0","0.00"
"海外OEM F","TYO016","SV","52","ＹＯ－０１６","ﾊﾟｰﾌﾟﾙ/ﾋﾟﾝｸｺﾞｰﾙﾄﾞ･ﾊﾟｰﾌﾟﾙ","OEM","1","物流部倉庫","002H010","3.00","0.00","0.00","3.00","3092.00","9276","自社","2026/09","3.00","0","0","0","0","0","0","0","0","0.00"
"海外YUKYU ODYSSEY ﾐﾝﾌｪﾝ･ｺﾘｽ","TYO078","1","54","ＹＯ－０７８","ﾛｰｽﾞｺﾞｰﾙﾄﾞ/ﾋﾟﾝｸ･ﾛｰｽﾞｺﾞｰﾙﾄﾞ","OEM","1","物流部倉庫","002H010","0.00","1.00","0.00","1.00","2890.00","2890","自社","2026/09","1.00","0","0","0","0","0","0","0","0","0.00"
"海外YUKYU ODYSSEY ﾐﾝﾌｪﾝ･ｺﾘｽ","TYO078","2","54","ＹＯ－０７８","ﾋﾟﾝｸ･ｺﾞｰﾙﾄﾞ","OEM","1","物流部倉庫","002H010","0.00","1.00","0.00","1.00","2890.00","2890","自社","2026/09","1.00","0","0","0","0","0","0","0","0","0.00"
"海外YUKYU ODYSSEY ﾐﾝﾌｪﾝ･ｺﾘｽ","TYO078","3","54","ＹＯ－０７８","ｼｬｰﾘﾝｸﾞﾗｲﾄﾊﾟｰﾌﾟﾙ･ｼｬｰﾘﾝｸﾞｺﾞｰﾙﾄﾞ","OEM","1","物流部倉庫","002H010","0.00","1.00","0.00","1.00","2890.00","2890","自社","2026/09","1.00","0","0","0","0","0","0","0","0","0.00"
"海外YUKYU ODYSSEY ﾐﾝﾌｪﾝ･ｺﾘｽ","TYO078","4","54","ＹＯ－０７８","ｺﾞｰﾙﾄﾞ","OEM","1","物流部倉庫","002H010","0.00","1.00","0.00","1.00","2890.00","2890","自社","2026/09","1.00","0","0","0","0","0","0","0","0","0.00"
"海外YUKYU ODYSSEY ﾐﾝﾌｪﾝ･ｺﾘｽ","TYO079","1","51","ＹＯ－０７９","ﾌﾞﾗｯｸ/ﾏｯﾄﾌﾞﾗｯｸ","OEM","1","物流部倉庫","002H010","0.00","1.00","0.00","1.00","2990.00","2990","自社","2026/09","1.00","0","0","0","0","0","0","0","0","0.00"
"海外YUKYU ODYSSEY ﾐﾝﾌｪﾝ･ｺﾘｽ","TYO079","2","51","ＹＯ－０７９","ﾛｰｽﾞｺﾞｰﾙﾄﾞ/ﾋﾟﾝｸ･ﾀﾞｰｸﾋﾟﾝｸｸﾞﾗﾃﾞ","OEM","1","物流部倉庫","002H010","0.00","1.00","0.00","1.00","2990.00","2990","自社","2026/09","1.00","0","0","0","0","0","0","0","0","0.00"
"海外YUKYU ODYSSEY ﾐﾝﾌｪﾝ･ｺﾘｽ","TYO079","3","51","ＹＯ－０７９","ｺﾞｰﾙﾄﾞ/ﾗｲﾄﾌﾞﾙｰ･ﾀﾞｰｸｸﾞﾚｰｸﾞﾗﾃﾞ","OEM","1","物流部倉庫","002H010","0.00","1.00","0.00","1.00","2990.00","2990","自社","2026/09","1.00","0","0","0","0","0","0","0","0","0.00"
"海外YUKYU ODYSSEY ﾐﾝﾌｪﾝ･ｺﾘｽ","TYO079","4","51","ＹＯ－０７９","ｼｬｰﾘﾝｸﾞｼﾙﾊﾞｰ/ﾗｲﾄﾀｰｺｲｽﾞﾌﾞﾙｰ･ﾈｲﾋﾞｰｸﾞﾗﾃﾞ","OEM","1","物流部倉庫","002H010","0.00","1.00","0.00","1.00","2990.00","2990","自社","2026/09","1.00","0","0","0","0","0","0","0","0","0.00"
"海外YUKYU ODYSSEY ﾐﾝﾌｪﾝ･ｺﾘｽ","TYO080","1","52","ＹＯ－０８０","ｸﾘｱﾌﾞﾗｯｸ/ｺﾞｰﾙﾄﾞ","OEM","1","物流部倉庫","002H010","0.00","1.00","0.00","1.00","2865.00","2865","自社","2026/09","1.00","0","0","0","0","0","0","0","0","0.00"
"海外YUKYU ODYSSEY ﾐﾝﾌｪﾝ･ｺﾘｽ","TYO080","2","52","ＹＯ－０８０","ﾘﾈﾝﾌﾞﾗｳﾝ/ｼｬｰﾘﾝｸﾞｼﾙﾊﾞｰ","OEM","1","物流部倉庫","002H010","0.00","1.00","0.00","1.00","2865.00","2865","自社","2026/09","1.00","0","0","0","0","0","0","0","0","0.00"
"海外YUKYU ODYSSEY ﾐﾝﾌｪﾝ･ｺﾘｽ","TYO080","3","52","ＹＯ－０８０","ｼｭｶﾞｰﾌﾞﾗｳﾝﾊｰﾌ/ｺﾞｰﾙﾄﾞ","OEM","1","物流部倉庫","002H010","0.00","1.00","0.00","1.00","2865.00","2865","自社","2026/09","1.00","0","0","0","0","0","0","0","0","0.00"
"海外YUKYU ODYSSEY ﾐﾝﾌｪﾝ･ｺﾘｽ","TYO080","4","52","ＹＯ－０８０","ｸﾘｱﾌﾞﾗｳﾝ/ﾛｰｽﾞｺﾞｰﾙﾄﾞ","OEM","1","物流部倉庫","002H010","0.00","1.00","0.00","1.00","2865.00","2865","自社","2026/09","1.00","0","0","0","0","0","0","0","0","0.00"
"海外YUKYU ODYSSEY ﾐﾝﾌｪﾝ･ｺﾘｽ","TYO905","DR","53","ＹＯ－９０５","ﾀﾞｰｸﾜｲﾝ･ｺﾞｰﾙﾄﾞ","OEM","1","物流部倉庫","002H010","2.00","0.00","0.00","2.00","3015.00","6030","自社","2026/09","2.00","0","0","0","0","0","0","0","0","0.00"
"海外YUKYU ODYSSEY ﾐﾝﾌｪﾝ･ｺﾘｽ","TYO905","GP","53","ＹＯ－９０５","ｺﾞｰﾙﾄﾞ･ﾏｯﾄﾗｲﾄﾌﾞﾙｰ","OEM","1","物流部倉庫","002H010","2.00","0.00","0.00","2.00","3015.00","6030","自社","2026/09","2.00","0","0","0","0","0","0","0","0","0.00"
"海外YUKYU ODYSSEY ﾐﾝﾌｪﾝ･ｺﾘｽ","TYO905","GP1","53","ＹＯ－９０５","ﾍﾞｰｼﾞｭ(ﾐﾙｸﾃｨｰ)","OEM","1","物流部倉庫","002H010","2.00","0.00","0.00","2.00","3015.00","6030","自社","2026/09","2.00","0","0","0","0","0","0","0","0","0.00"
"海外YUKYU ODYSSEY ﾐﾝﾌｪﾝ･ｺﾘｽ","TYO905","PK","53","ＹＯ－９０５","ﾋﾟｰﾁ･ｺﾞｰﾙﾄﾞ","OEM","1","物流部倉庫","002H010","2.00","0.00","0.00","2.00","3015.00","6030","自社","2026/09","2.00","0","0","0","0","0","0","0","0","0.00"
"海外YUKYU ODYSSEY ﾐﾝﾌｪﾝ･ｺﾘｽ","TYO905","SV","53","ＹＯ－９０５","ﾍﾟｰﾙﾋﾟﾝｸ･ﾏｯﾄｼｬﾝﾊﾟﾝﾍﾞｰｼﾞｭ","OEM","1","物流部倉庫","002H010","2.00","0.00","0.00","2.00","3015.00","6030","自社","2026/09","2.00","0","0","0","0","0","0","0","0","0.00"
"ｱｴﾗF","AE701","2","54","ＡＥ－７０１","ｸﾘｱｸﾞﾚｰ","プロパー","1","物流部倉庫","002H020","0.00","1.00","4.00","5.00","1023.00","5115","自社","2026/09","6.00","0.00","1.00","0.00","0.00","0.00","0.00","0.00","0.00","0.00"
"BGS F","BGS801","1","45","ＢＧＳ－８０１","ｸﾘｱｸﾞﾚｰﾌﾞﾙｰｻｻ/ｸﾘｱｸﾞﾚｰｻｻ","OEM","1","物流部倉庫","002H020","28.00","0.00","0.00","28.00","1468.50","41118","自社","2026/09","28.00","0","0","0","0","0","0","0","0","0.00"
"BGS F","BGS801","2","45","ＢＧＳ－８０１","ｸﾘｱﾌﾞﾗｳﾝｻｻ","OEM","1","物流部倉庫","002H020","30.00","0.00","0.00","30.00","1468.50","44055","自社","2026/09","30.00","0","0","0","0","0","0","0","0","0.00"
"BGS F","BGS801","3","45","ＢＧＳ－８０１","ｸﾘｱｸﾞﾘｰﾝﾌﾞﾗｳﾝｻｻ/ｸﾘｱｸﾞﾘｰﾝｻｻ","OEM","1","物流部倉庫","002H020","30.00","0.00","0.00","30.00","1468.50","44055","自社","2026/09","30.00","0","0","0","0","0","0","0","0","0.00"
"BGS F","BGS802","1","49","ＢＧＳ－８０２","ｸﾘｱﾚｯﾄﾞﾓｻﾞｲｸ","OEM","1","物流部倉庫","002H020","29.00","0.00","0.00","29.00","1468.50","42587","自社","2026/09","29.00","0","0","0","0","0","0","0","0","0.00"
"BGS F","BGS802","2","49","ＢＧＳ－８０２","ｸﾘｱﾌﾞﾙｰﾓｻﾞｲｸ","OEM","1","物流部倉庫","002H020","26.00","0.00","0.00","26.00","1468.50","38181","自社","2026/09","26.00","0","0","0","0","0","0","0","0","0.00"
"BGS F","BGS802","3","49","ＢＧＳ－８０２","ｸﾘｱﾌﾞﾗｳﾝﾓｻﾞｲｸ","OEM","1","物流部倉庫","002H020","27.00","0.00","0.00","27.00","1468.50","39650","自社","2026/09","27.00","0","0","0","0","0","0","0","0","0.00"
"ｸﾛｺﾀﾞｲﾙF","CRD1001","2","55","ＣＲＤ－１００１","ﾈｲﾋﾞｰ/ﾀﾞｰｸｸﾞﾚｰ","プロパー","1","物流部倉庫","002H020","1.00","0.00","0.00","1.00","3000.00","3000","自社","2026/09","0.00","0.00","0.00","1.00","0.00","0.00","0.00","0.00","0.00","0.00"
"ｸﾛｺﾀﾞｲﾙF","CRD1002","2","58","ＣＲＤ－１００２","ｸﾞﾚｰ","プロパー","1","物流部倉庫","002H020","1.00","0.00","0.00","1.00","3000.00","3000","自社","2026/09","2.00","0.00","0.00","1.00","2.00","0.00","0.00","0.00","0.00","0.00"
"ｸﾛｺﾀﾞｲﾙF","CRD1004","2","53","ＣＲＤ－１００４","ﾀﾞｰｸｸﾞﾚｰ","プロパー","1","物流部倉庫","002H020","1.00","0.00","0.00","1.00","3000.00","3000","自社","2026/09","1.00","0.00","0.00","1.00","1.00","0.00","0.00","0.00","0.00","0.00"
"ｸﾛｺﾀﾞｲﾙF","CRD1006","3","55","ＣＲＤ－１００６","ﾌﾞﾗｯｸ･ｸﾞﾚｰ","プロパー","1","物流部倉庫","002H020","1.00","0.00","0.00","1.00","3000.00","3000","自社","2026/09","0.00","0.00","0.00","1.00","0.00","0.00","0.00","0.00","0.00","0.00"
"ｸﾛｺﾀﾞｲﾙF","CRD13001","BR","52","ＣＲＤ１３－００１","ﾌﾞﾗｳﾝ","OEM","1","物流部倉庫","002H020","69.00","0.00","0.00","69.00","2576.00","177744","自社","2026/09","72.00","0.00","3.00","0.00","0.00","0.00","0.00","0.00","0.00","0.00"
"ｸﾛｺﾀﾞｲﾙF","CRD13001","GUN","52","ＣＲＤ１３－００１","ｶﾞﾝﾒﾀﾙ","OEM","1","物流部倉庫","002H020","60.00","0.00","0.00","60.00","2576.00","154560","自社","2026/09","78.00","0.00","18.00","0.00","0.00","0.00","0.00","0.00","0.00","0.00"
"ｸﾛｺﾀﾞｲﾙF","CRD13001","LGR","52","ＣＲＤ１３－００１","ﾗｲﾄｸﾞﾚｰ","OEM","1","物流部倉庫","002H020","67.00","0.00","0.00","67.00","2576.00","172592","自社","2026/09","78.00","0.00","11.00","0.00","0.00","0.00","0.00","0.00","0.00","0.00"
"ｸﾛｺﾀﾞｲﾙF","CRD13002","GUN","53","ＣＲＤ１３－００２","ｶﾞﾝﾒﾀﾙ","OEM","1","物流部倉庫","002H020","42.00","0.00","0.00","42.00","2576.00","108192","自社","2026/09","54.00","0.00","12.00","0.00","0.00","0.00","0.00","0.00","0.00","0.00"
"ｸﾛｺﾀﾞｲﾙF","CRD13002","LGR","53","ＣＲＤ１３－００２","ﾗｲﾄｸﾞﾚｰ","OEM","1","物流部倉庫","002H020","40.00","0.00","0.00","40.00","2576.00","103040","自社","2026/09","65.00","0.00","25.00","0.00","0.00","0.00","0.00","0.00","0.00","0.00"
"ｸﾛｺﾀﾞｲﾙF","CRD13002","WHG","53","ＣＲＤ１３－００２","ﾎﾜｲﾄｺﾞｰﾙﾄﾞ","OEM","1","物流部倉庫","002H020","66.00","0.00","0.00","66.00","2576.00","170016","自社","2026/09","79.00","0.00","13.00","0.00","0.00","0.00","0.00","0.00","0.00","0.00"
"ｸﾛｺﾀﾞｲﾙF","CRD13003","BK","54","ＣＲＤ１３－００３","ﾌﾞﾗｯｸ","OEM","1","物流部倉庫","002H020","54.00","0.00","0.00","54.00","2576.00","139104","自社","2026/09","68.00","0.00","14.00","0.00","0.00","0.00","0.00","0.00","0.00","0.00"
"ｸﾛｺﾀﾞｲﾙF","CRD13003","BR","54","ＣＲＤ１３－００３","ﾌﾞﾗｳﾝ","OEM","1","物流部倉庫","002H020","60.00","0.00","0.00","60.00","2576.00","154560","自社","2026/09","76.00","0.00","16.00","0.00","0.00","0.00","0.00","0.00","0.00","0.00"
"ｸﾛｺﾀﾞｲﾙF","CRD13003","GR","54","ＣＲＤ１３－００３","ｸﾞﾚｰ","OEM","1","物流部倉庫","002H020","68.00","0.00","0.00","68.00","2576.00","175168","自社","2026/09","72.00","0.00","4.00","0.00","0.00","0.00","0.00","0.00","0.00","0.00"
"ｸﾛｺﾀﾞｲﾙF","CRD13004","LBR","53","ＣＲＤ１３－００４","ﾗｲﾄﾌﾞﾗｳﾝ","OEM","1","物流部倉庫","002H020","46.00","0.00","0.00","46.00","2576.00","118496","自社","2026/09","51.00","0.00","5.00","0.00","0.00","0.00","0.00","0.00","0.00","0.00"
"ｸﾛｺﾀﾞｲﾙF","CRD13004","LGR","53","ＣＲＤ１３－００４","ﾗｲﾄｸﾞﾚｰ","OEM","1","物流部倉庫","002H020","38.00","0.00","0.00","38.00","2576.00","97888","自社","2026/09","45.00","0.00","7.00","0.00","0.00","0.00","0.00","0.00","0.00","0.00"
"ｸﾛｺﾀﾞｲﾙF","CRD13004","NV","53","ＣＲＤ１３－００４","ﾈｲﾋﾞｰ","OEM","1","物流部倉庫","002H020","32.00","0.00","0.00","32.00","2576.00","82432","自社","2026/09","45.00","0.00","13.00","0.00","0.00","0.00","0.00","0.00","0.00","0.00"
"e spice F","ES1015","3","47","ＥＳ－１０１５","ﾋﾟﾝｸﾏｯﾄ(ﾌﾞﾗｯｸﾃﾞﾐ)","プロパー","1","物流部倉庫","002H020","1.00","0.00","0.00","1.00","2640.00","2640","自社","2026/09","1.00","0","0","0","0","0","0","0","0","0.00"
"ﾏｰｼﾞ･ﾏｻﾄﾓF","MJM096","1","55","ＭＪＭ－０９６","ｸﾘｱｸﾞﾚｰ･ｸﾞﾚｰﾊﾟｰﾙﾃﾞﾐ(ｸﾞﾚｰ)","プロパー","1","物流部倉庫","002H020","0.00","0.00","3.00","3.00","4253.00","12759","自社","2026/09","4.00","0.00","1.00","0.00","0.00","0.00","0.00","0.00","0.00","0.00"
"ﾏｰｼﾞ･ﾏｻﾄﾓF","MJM099","1","52","ＭＪＭ－０９９","ｸﾘｱﾌﾞﾗｳﾝ･ｸﾘｱｸﾞﾘｰﾝ","プロパー","1","物流部倉庫","002H020","0.00","0.00","3.00","3.00","4273.00","12819","自社","2026/09","4.00","0.00","1.00","0.00","0.00","0.00","0.00","0.00","0.00","0.00"
"ﾏｼﾞﾏｼﾞF","MM12005","1","53","ＭＭ１－２００５","ｸﾞﾚｰ","プロパー","1","物流部倉庫","002H020","1.00","0.00","0.00","1.00","2615.00","2615","自社","2026/09","1.00","0","0","0","0","0","0","0","0","0.00"
"ﾏｼﾞﾏｼﾞF","MM1370","2","54","ＭＭ１－３７０","ｸﾞﾚｰﾌﾞﾙｰ","プロパー","1","物流部倉庫","002H020","1.00","0.00","0.00","1.00","2331.00","2331","自社","2026/09","0.00","0.00","0.00","1.00","0.00","0.00","0.00","0.00","0.00","0.00"
"ﾏｼﾞﾏｼﾞF","MM1371","1","55","ＭＭ１－３７１","ﾍｱﾗｲﾝﾜｲﾝﾌﾞﾗｳﾝ","プロパー","1","物流部倉庫","002H020","1.00","0.00","0.00","1.00","2352.00","2352","自社","2026/09","0.00","0.00","0.00","1.00","0.00","0.00","0.00","0.00","0.00","0.00"
"ﾏｼﾞﾏｼﾞF","MM1371","4","55","ＭＭ１－３７１","ﾍｱﾗｲﾝｶﾞﾝﾒﾀﾙ","プロパー","1","物流部倉庫","002H020","1.00","0.00","0.00","1.00","2352.00","2352","自社","2026/09","0.00","0.00","0.00","1.00","0.00","0.00","0.00","0.00","0.00","0.00"
"ﾏｼﾞﾏｼﾞF","MM1372","1","56","ＭＭ１－３７２","ﾍｱﾗｲﾝﾌﾞﾗｳﾝ","プロパー","1","物流部倉庫","002H020","1.00","0.00","0.00","1.00","2373.00","2373","自社","2026/09","0.00","0.00","0.00","1.00","0.00","0.00","0.00","0.00","0.00","0.00"
"ﾏｼﾞﾏｼﾞF","MM1373","1","54","ＭＭ１－３７３","ﾍｱﾗｲﾝﾜｲﾝﾌﾞﾗｳﾝ","プロパー","1","物流部倉庫","002H020","1.00","0.00","0.00","1.00","2352.00","2352","自社","2026/09","0.00","0.00","0.00","1.00","0.00","0.00","0.00","0.00","0.00","0.00"
"ﾏｼﾞﾏｼﾞF","MM1374","1","55","ＭＭ１－３７４","ﾗｲﾄｸﾞﾚｰ","プロパー","1","物流部倉庫","002H020","0.00","0.00","6.00","6.00","2100.00","12600","自社","2026/09","7.00","0.00","0.00","0.00","1.00","0.00","0.00","0.00","0.00","0.00"
"ﾏｼﾞﾏｼﾞF","MM1374","2","55","ＭＭ１－３７４","ﾀﾞｰｸﾈｲﾋﾞｰ","プロパー","1","物流部倉庫","002H020","1.00","0.00","6.00","7.00","2100.00","14700","自社","2026/09","6.00","0.00","0.00","1.00","0.00","0.00","0.00","0.00","0.00","0.00"
"ﾏｼﾞﾏｼﾞF","MM1374","3","55","ＭＭ１－３７４","ﾏｯﾄﾌﾞﾗｯｸ","プロパー","1","物流部倉庫","002H020","0.00","0.00","6.00","6.00","2100.00","12600","自社","2026/09","6.00","0","0","0","0","0","0","0","0","0.00"
"ﾏｼﾞﾏｼﾞF","MM1375","1","54","ＭＭ１－３７５","ﾀﾞｰｸﾌﾞﾗｳﾝ","プロパー","1","物流部倉庫","002H020","0.00","0.00","3.00","3.00","2100.00","6300","自社","2026/09","4.00","0.00","1.00","1.00","1.00","0.00","0.00","0.00","0.00","0.00"
"ﾏｼﾞﾏｼﾞF","MM1375","2","54","ＭＭ１－３７５","ｸﾞﾚｰ","プロパー","1","物流部倉庫","002H020","0.00","0.00","4.00","4.00","2100.00","8400","自社","2026/09","5.00","0.00","0.00","0.00","1.00","0.00","0.00","0.00","0.00","0.00"
"ﾏｼﾞﾏｼﾞF","MM1375","3","54","ＭＭ１－３７５","ﾌﾞﾗｯｸ","プロパー","1","物流部倉庫","002H020","0.00","0.00","1.00","1.00","2100.00","2100","自社","2026/09","3.00","0.00","1.00","0.00","1.00","0.00","0.00","0.00","0.00","0.00"
"ﾏｼﾞﾏｼﾞF","MM1376","1","55","ＭＭ１－３７６","ﾍｱﾗｲﾝｸﾞﾚｰ","プロパー","1","物流部倉庫","002H020","0.00","0.00","2.00","2.00","2100.00","4200","自社","2026/09","2.00","0","0","0","0","0","0","0","0","0.00"
"ﾏｼﾞﾏｼﾞF","MM1376","2","55","ＭＭ１－３７６","ﾀﾞｰｸﾈｲﾋﾞｰ","プロパー","1","物流部倉庫","002H020","0.00","0.00","2.00","2.00","2100.00","4200","自社","2026/09","2.00","0","0","0","0","0","0","0","0","0.00"
"ﾏｼﾞﾏｼﾞF","MM1376","3","55","ＭＭ１－３７６","ｶﾞﾝﾒﾀﾙ","プロパー","1","物流部倉庫","002H020","0.00","0.00","3.00","3.00","2100.00","6300","自社","2026/09","3.00","0.00","0.00","1.00","1.00","0.00","0.00","0.00","0.00","0.00"
"ﾏｼﾞﾏｼﾞF","MM1377","1","55","ＭＭ１－３７７","ﾍｱﾗｲﾝﾜｲﾝﾌﾞﾗｳﾝ","プロパー","1","物流部倉庫","002H020","0.00","0.00","4.00","4.00","2100.00","8400","自社","2026/09","3.00","0.00","0.00","1.00","0.00","0.00","0.00","0.00","0.00","0.00"
"ﾏｼﾞﾏｼﾞF","MM1377","2","55","ＭＭ１－３７７","ﾀﾞｰｸｸﾞﾚｰ","プロパー","1","物流部倉庫","002H020","0.00","0.00","5.00","5.00","2100.00","10500","自社","2026/09","6.00","0.00","1.00","0.00","0.00","0.00","0.00","0.00","0.00","0.00"
"ﾏｼﾞﾏｼﾞF","MM1377","3","55","ＭＭ１－３７７","ﾏｯﾄﾌﾞﾗｯｸ","プロパー","1","物流部倉庫","002H020","0.00","0.00","3.00","3.00","2100.00","6300","自社","2026/09","4.00","0.00","1.00","0.00","0.00","0.00","0.00","0.00","0.00","0.00"
"ﾏｼﾞﾏｼﾞF","MM1379","1","54","ＭＭ１－３７９","ﾗｲﾄｸﾞﾚｰ","プロパー","1","物流部倉庫","002H020","0.00","0.00","3.00","3.00","2402.00","7206","自社","2026/09","4.00","0.00","2.00","1.00","0.00","0.00","0.00","0.00","0.00","0.00"
"ﾏｼﾞﾏｼﾞF","MM1379","2","54","ＭＭ１－３７９","ﾍｱﾗｲﾝﾈｲﾋﾞｰ","プロパー","1","物流部倉庫","002H020","0.00","0.00","5.00","5.00","2402.00","12010","自社","2026/09","7.00","0.00","1.00","0.00","1.00","0.00","0.00","0.00","0.00","0.00"
"ﾏｼﾞﾏｼﾞF","MM1379","3","54","ＭＭ１－３７９","ｶﾞﾝﾒﾀﾙ","プロパー","1","物流部倉庫","002H020","0.00","0.00","4.00","4.00","2402.00","9608","自社","2026/09","5.00","0.00","2.00","1.00","0.00","0.00","0.00","0.00","0.00","0.00"
"ﾓｱﾚF","MO501","1","51","ＭＯ－５０１","ｸﾘｱﾋﾟﾝｸ","プロパー","1","物流部倉庫","002H020","0.00","0.00","5.00","5.00","2500.00","12500","自社","2026/09","21.00","0.00","2.00","0.00","14.00","0.00","0.00","0.00","0.00","0.00"
"ﾓｱﾚF","MO501","2","51","ＭＯ－５０１","ﾜｲﾝ","プロパー","1","物流部倉庫","002H020","0.00","0.00","6.00","6.00","2500.00","15000","自社","2026/09","20.00","0.00","1.00","0.00","13.00","0.00","0.00","0.00","0.00","0.00"
"ﾓｱﾚF","MO501","3","51","ＭＯ－５０１","ﾗﾍﾞﾝﾀﾞｰ","プロパー","1","物流部倉庫","002H020","0.00","0.00","6.00","6.00","2500.00","15000","自社","2026/09","21.00","0.00","1.00","0.00","14.00","0.00","0.00","0.00","0.00","0.00"
"ﾓｱﾚF","MO502","1","52","ＭＯ－５０２","ﾋﾟﾝｸ","プロパー","1","物流部倉庫","002H020","0.00","0.00","5.00","5.00","2738.00","13690","自社","2026/09","18.00","0.00","2.00","0.00","11.00","0.00","0.00","0.00","0.00","0.00"
"ﾓｱﾚF","MO502","2","52","ＭＯ－５０２","ﾗｲﾄﾜｲﾝ","プロパー","1","物流部倉庫","002H020","0.00","0.00","7.00","7.00","2738.00","19166","自社","2026/09","15.00","0.00","0.00","0.00","8.00","0.00","0.00","0.00","0.00","0.00"
"ﾓｱﾚF","MO502","3","52","ＭＯ－５０２","ﾊﾟｰﾌﾟﾙ","プロパー","1","物流部倉庫","002H020","0.00","0.00","7.00","7.00","2738.00","19166","自社","2026/09","14.00","0.00","0.00","0.00","7.00","0.00","0.00","0.00","0.00","0.00"
"ﾓｱﾚF","MO505","1","52","ＭＯ－５０５","ﾋﾟﾝｸ","プロパー","1","物流部倉庫","002H020","0.00","0.00","7.00","7.00","2738.00","19166","自社","2026/09","20.00","0.00","0.00","0.00","13.00","0.00","0.00","0.00","0.00","0.00"
"ﾓｱﾚF","MO505","2","52","ＭＯ－５０５","ﾜｲﾝ","プロパー","1","物流部倉庫","002H020","0.00","0.00","6.00","6.00","2738.00","16428","自社","2026/09","18.00","0.00","1.00","0.00","11.00","0.00","0.00","0.00","0.00","0.00"
"ﾓｱﾚF","MO505","3","52","ＭＯ－５０５","ﾈｲﾋﾞｰ","プロパー","1","物流部倉庫","002H020","0.00","0.00","6.00","6.00","2738.00","16428","自社","2026/09","19.00","0.00","1.00","0.00","12.00","0.00","0.00","0.00","0.00","0.00"
"ﾍﾟﾝﾌｨｰﾙﾄﾞSG","PFS101","1","50","ＰＦＳ－１０１","ﾗｲﾄｸﾞﾚｰ","プロパー","1","物流部倉庫","002H020","0.00","0.00","3.00","3.00","416.30","1249","自社","2026/09","3.00","0","0","0","0","0","0","0","0","0.00"
"ﾍﾟﾝﾌｨｰﾙﾄﾞSG","PFS101","3","50","ＰＦＳ－１０１","ﾌﾞﾗｯｸ","プロパー","1","物流部倉庫","002H020","0.00","0.00","2.00","2.00","403.10","806","自社","2026/09","2.00","0","0","0","0","0","0","0","0","0.00"
"ﾍﾟﾝﾌｨｰﾙﾄﾞSG","PFS102","2","48","ＰＦＳ－１０２","ｶｰｷ","プロパー","1","物流部倉庫","002H020","0.00","0.00","2.00","2.00","348.65","697","自社","2026/09","2.00","0","0","0","0","0","0","0","0","0.00"
"ﾍﾟﾝﾌｨｰﾙﾄﾞSG","PFS103","1","55","ＰＦＳ－１０３","ｸﾞﾚｰﾏｯﾄ","プロパー","1","物流部倉庫","002H020","0.00","0.00","2.00","2.00","538.40","1077","自社","2026/09","2.00","0","0","0","0","0","0","0","0","0.00"
"ﾍﾟﾝﾌｨｰﾙﾄﾞSG","PFS104","1","54","ＰＦＳ－１０４","ﾗｲﾄﾌﾞﾗｳﾝﾏｯﾄ","プロパー","1","物流部倉庫","002H020","0.00","0.00","3.00","3.00","538.40","1615","自社","2026/09","3.00","0","0","0","0","0","0","0","0","0.00"
"ﾍﾟﾝﾌｨｰﾙﾄﾞSG","PFS104","2","54","ＰＦＳ－１０４","ﾈｲﾋﾞｰﾏｯﾄ","プロパー","1","物流部倉庫","002H020","0.00","0.00","2.00","2.00","538.40","1077","自社","2026/09","2.00","0","0","0","0","0","0","0","0","0.00"
"SHIORI F","SIF1005","1","51","ＳＩＦ－１００５","ｼﾙﾊﾞｰ","プロパー","1","物流部倉庫","002H020","16.00","0.00","0.00","16.00","2750.00","44000","自社","2026/09","28.00","0.00","0.00","0.00","12.00","0.00","0.00","0.00","0.00","0.00"
"SHIORI F","SIF1005","3","51","ＳＩＦ－１００５","ｶﾞﾝﾒﾀﾙ","プロパー","1","物流部倉庫","002H020","11.00","0.00","0.00","11.00","2750.00","30250","自社","2026/09","23.00","0.00","0.00","0.00","12.00","0.00","0.00","0.00","0.00","0.00"
"ﾍﾟﾝﾌｨｰﾙﾄﾞSG","PFS101","2","50","ＰＦＳ－１０１","ﾌﾞﾗｳﾝ","プロパー","1","物流部倉庫","002I010","0.00","0.00","1.00","1.00","416.30","416","自社","2026/09","1.00","0","0","0","0","0","0","0","0","0.00"
"ﾍﾟﾝﾌｨｰﾙﾄﾞSG","PFS102","1","48","ＰＦＳ－１０２","ﾀﾞｰｸｸﾞﾚｰ","プロパー","1","物流部倉庫","002I010","0.00","0.00","3.00","3.00","305.25","916","自社","2026/09","3.00","0","0","0","0","0","0","0","0","0.00"
"ﾍﾟﾝﾌｨｰﾙﾄﾞSG","PFS102","3","48","ＰＦＳ－１０２","ﾌﾞﾗｯｸﾏｯﾄ","プロパー","1","物流部倉庫","002I010","0.00","0.00","3.00","3.00","348.65","1046","自社","2026/09","3.00","0","0","0","0","0","0","0","0","0.00"
"ﾄｯﾌﾟOEM F","LD107","ABR","47","ＬＤ－１０７","ｱﾝﾃｨｰｸﾌﾞﾗｳﾝ","OEM","1","物流部倉庫","002M010","2.00","0.00","0.00","2.00","706.20","1412","自社","2026/09","2.00","0","0","0","0","0","0","0","0","0.00"
"ﾄｯﾌﾟOEM F","LD107","AG","47","ＬＤ－１０７","ｱﾝﾃｨｰｸｺﾞｰﾙﾄﾞ","OEM","1","物流部倉庫","002M010","2.00","0.00","0.00","2.00","706.20","1412","自社","2026/09","2.00","0","0","0","0","0","0","0","0","0.00"
"ﾄｯﾌﾟOEM F","LD107","AGR","47","ＬＤ－１０７","ｱﾝﾃｨｰｸｸﾞﾚｰ","OEM","1","物流部倉庫","002M010","9.00","0.00","0.00","9.00","706.20","6356","自社","2026/09","9.00","0","0","0","0","0","0","0","0","0.00"
"ﾄｯﾌﾟOEM F","LD112","ABR","48","ＬＤ－１１２","ｱﾝﾃｨｰｸﾌﾞﾗｳﾝ","OEM","1","物流部倉庫","002M010","9.00","0.00","0.00","9.00","691.35","6222","自社","2026/09","9.00","0","0","0","0","0","0","0","0","0.00"
"ﾄｯﾌﾟOEM F","LD112","BKM","48","ＬＤ－１１２","ﾌﾞﾗｯｸﾏｯﾄ","OEM","1","物流部倉庫","002M010","7.00","0.00","0.00","7.00","691.35","4839","自社","2026/09","7.00","0","0","0","0","0","0","0","0","0.00"
"ﾄｯﾌﾟOEM F","LD113","AG","47","ＬＤ－１１３","ｱﾝﾃｨｰｸｺﾞｰﾙﾄﾞ","OEM","1","物流部倉庫","002M010","2.00","0.00","0.00","2.00","795.30","1591","自社","2026/09","2.00","0","0","0","0","0","0","0","0","0.00"
"ﾄｯﾌﾟOEM F","LD113","BKM","47","ＬＤ－１１３","ﾌﾞﾗｯｸﾏｯﾄ","OEM","1","物流部倉庫","002M010","8.00","0.00","0.00","8.00","795.30","6362","自社","2026/09","8.00","0","0","0","0","0","0","0","0","0.00"
"ﾄｯﾌﾟOEM F","LDS1033","GNM","54","ＬＤＳ－１０３３","ｶﾞﾝﾒﾀﾙ","OEM","1","物流部倉庫","002M010","3.00","0.00","0.00","3.00","577.50","1733","自社","2026/09","3.00","0","0","0","0","0","0","0","0","0.00"
"ﾄｯﾌﾟOEM F","LDS1033","S","54","ＬＤＳ－１０３３","ｼﾙﾊﾞｰ","OEM","1","物流部倉庫","002M010","4.00","0.00","0.00","4.00","577.50","2310","自社","2026/09","4.00","0","0","0","0","0","0","0","0","0.00"
"ﾄｯﾌﾟOEM F","LDS1525","BR","48","ＬＤＳ－１５２５","ﾌﾞﾗｳﾝ","OEM","1","物流部倉庫","002M010","20.00","0.00","0.00","20.00","564.30","11286","自社","2026/09","20.00","0","0","0","0","0","0","0","0","0.00"
"ﾄｯﾌﾟOEM F","LDS1525","G","48","ＬＤＳ－１５２５","ｺﾞｰﾙﾄﾞ","OEM","1","物流部倉庫","002M010","5.00","0.00","0.00","5.00","564.30","2822","自社","2026/09","5.00","0","0","0","0","0","0","0","0","0.00"
"ﾄｯﾌﾟOEM F","LDS1525","PK","48","ＬＤＳ－１５２５","ﾋﾟﾝｸ","OEM","1","物流部倉庫","002M010","8.00","0.00","0.00","8.00","564.30","4514","自社","2026/09","8.00","0","0","0","0","0","0","0","0","0.00"
"ﾄｯﾌﾟOEM F","TAR1004A","BKM","54","ＴＡＲ－１００４Ａ","ﾌﾞﾗｯｸﾏｯﾄ","OEM","1","物流部倉庫","002M010","9.00","0.00","0.00","9.00","567.60","5108","自社","2026/09","9.00","0","0","0","0","0","0","0","0","0.00"
"ﾄｯﾌﾟOEM F","TAR1004A","NVM","54","ＴＡＲ－１００４Ａ","ﾈｲﾋﾞｰﾏｯﾄ","OEM","1","物流部倉庫","002M010","4.00","0.00","0.00","4.00","567.60","2270","自社","2026/09","4.00","0","0","0","0","0","0","0","0","0.00"
"瞬足F","SY1049","1","48","ＳＹ－１０４９","ｸﾘｱﾁｬｺｰﾙ/ﾌﾞﾗｯｸ","プロパー","1","物流部倉庫","002Q010","0.00","0.00","3.00","3.00","1287.00","3861","自社","2026/09","5.00","0.00","0.00","0.00","2.00","0.00","0.00","0.00","0.00","0.00"
"瞬足F","SY1049","2","48","ＳＹ－１０４９","ｸﾘｱﾈｲﾋﾞｰ/ﾈｲﾋﾞｰ","プロパー","1","物流部倉庫","002Q010","0.00","0.00","2.00","2.00","1287.00","2574","自社","2026/09","2.00","0","0","0","0","0","0","0","0","0.00"
"瞬足F","SY1049","3","48","ＳＹ－１０４９","ｸﾘｱｸﾞﾘｰﾝ/ﾌﾞﾗｯｸ","プロパー","1","物流部倉庫","002Q010","0.00","0.00","2.00","2.00","1287.00","2574","自社","2026/09","2.00","0","0","0","0","0","0","0","0","0.00"
"瞬足F","SY1050","3","49","ＳＹ－１０５０","ｸﾘｱｶｰｷ/ﾌﾞﾗｯｸ","プロパー","1","物流部倉庫","002Q010","0.00","0.00","3.00","3.00","1386.00","4158","自社","2026/09","8.00","0.00","0.00","0.00","5.00","0.00","0.00","0.00","0.00","0.00"
"瞬足F","SY1051","1","51","ＳＹ－１０５１","ｸﾘｱｸﾞﾚｰ/ﾌﾞﾗｯｸ","プロパー","1","物流部倉庫","002Q010","0.00","1.00","3.00","4.00","1287.00","5148","自社","2026/09","5.00","0.00","0.00","0.00","1.00","0.00","0.00","0.00","0.00","0.00"
"瞬足F","SY1051","2","51","ＳＹ－１０５１","ｸﾘｱﾈｲﾋﾞｰ/ﾈｲﾋﾞｰ","プロパー","1","物流部倉庫","002Q010","0.00","0.00","3.00","3.00","1287.00","3861","自社","2026/09","3.00","0","0","0","0","0","0","0","0","0.00"
"瞬足F","SY1051","3","51","ＳＹ－１０５１","ｸﾘｱﾀﾞｰｸﾚｯﾄﾞ/ﾌﾞﾗｯｸ","プロパー","1","物流部倉庫","002Q010","0.00","0.00","3.00","3.00","1287.00","3861","自社","2026/09","4.00","0.00","0.00","0.00","1.00","0.00","0.00","0.00","0.00","0.00"
"瞬足F","SY1051","4","51","ＳＹ－１０５１","ﾌﾞﾗｯｸ","プロパー","1","物流部倉庫","002Q010","0.00","0.00","9.00","9.00","1287.00","11583","自社","2026/09","9.00","0","0","0","0","0","0","0","0","0.00"
"瞬足F","SY1052","1","50","ＳＹ－１０５２","ｸﾘｱﾌﾞﾙｰｸﾞﾚｰ","プロパー","1","物流部倉庫","002Q010","0.00","2.00","0.00","2.00","1369.50","2739","自社","2026/09","3.00","0.00","1.00","0.00","0.00","0.00","0.00","0.00","0.00","0.00"
"瞬足F","SY1052","2","50","ＳＹ－１０５２","ｸﾘｱﾈｲﾋﾞｰ","プロパー","1","物流部倉庫","002Q010","0.00","1.00","2.00","3.00","1369.50","4109","自社","2026/09","3.00","0","0","0","0","0","0","0","0","0.00"
"瞬足F","SY1052","3","50","ＳＹ－１０５２","ｸﾘｱﾀﾞｰｸﾚｯﾄﾞ","プロパー","1","物流部倉庫","002Q010","0.00","1.00","2.00","3.00","1369.50","4109","自社","2026/09","3.00","0","0","0","0","0","0","0","0","0.00"
"海外ｸﾗﾌｼｽF","TCRF149","4","48","ＣＲＦ－１４９","IPｸﾞﾚｰ(ﾌﾞﾗｯｸ)","プロパー","1","物流部倉庫","002U010","11.00","1.00","0.00","12.00","3605.00","43260","自社","2026/09","15.00","0.00","0.00","0.00","3.00","0.00","0.00","0.00","0.00","0.00"
"海外ｸﾗﾌｼｽF","TCRF163","3","48","ＣＲＦ－１６３","ｼｬｰﾘﾝｸﾞｼﾙﾊﾞｰ(ｸﾘｱｶｰｷ)","プロパー","1","物流部倉庫","002U010","0.00","4.00","8.00","12.00","4578.00","54936","自社","2026/09","13.00","0.00","0.00","0.00","1.00","0.00","0.00","0.00","0.00","0.00"
"外注加工費","Z11B"," ","0","修理用部品","　","プロパー","1","物流部倉庫","002W040","-357.00","390.00","0.00","33.00","0.00","0","自社","2026/09","33.00","0","0","0","0","0","0","0","0","1.00"
"外注加工費","Z11M"," ","0","movee ﾏｴｶｹSG","　","プロパー","1","物流部倉庫","002W040","1000.00","0.00","0.00","1000.00","0.00","0","自社","2026/09","1000.00","0","0","0","0","0","0","0","0","0.00"
"ﾙﾈｯﾀﾊﾞﾀﾞSG","1/01","0050","0","１／０１","ｶｰｷ","OEM","1","物流部倉庫","002Z010","7.00","0.00","0.00","7.00","5266.00","36862","自社","2026/09","7.00","0","0","0","0","0","0","0","0","0.00"
"ﾙﾈｯﾀﾊﾞﾀﾞSG","1/01","0060","0","１／０１","ｸﾘｽﾀﾙｸﾞﾚｰ","OEM","1","物流部倉庫","002Z010","10.00","0.00","0.00","10.00","5456.00","54560","自社","2026/09","10.00","0","0","0","0","0","0","0","0","0.00"
"ﾙﾈｯﾀﾊﾞﾀﾞSG","1/01","0510","0","１／０１","ﾌﾞﾗｳﾝﾃﾞﾐ","OEM","1","物流部倉庫","002Z010","3.00","0.00","0.00","3.00","5266.00","15798","自社","2026/09","3.00","0","0","0","0","0","0","0","0","0.00"
"ﾙﾈｯﾀﾊﾞﾀﾞSG","1/02","0060","0","１／０２","ｸﾘｽﾀﾙｸﾞﾚｰ","OEM","1","物流部倉庫","002Z010","3.00","0.00","0.00","3.00","5502.00","16506","自社","2026/09","3.00","0","0","0","0","0","0","0","0","0.00"
"ﾙﾈｯﾀ ﾊﾞﾀﾞF","1/02","0060","47","１／０２","ｸﾘｽﾀﾙｸﾞﾚｰ","OEM","1","物流部倉庫","002Z010","2.00","0.00","0.00","2.00","5222.00","10444","自社","2026/09","2.00","0","0","0","0","0","0","0","0","0.00"
"ﾙﾈｯﾀﾊﾞﾀﾞSG","1/02","0110","0","１／０２","ﾌﾞﾗｯｸ/ﾌﾞﾗｯｸ･ｸﾘｱ","OEM","1","物流部倉庫","002Z010","16.00","0.00","0.00","16.00","5502.00","88032","自社","2026/09","16.00","0","0","0","0","0","0","0","0","0.00"
"ﾙﾈｯﾀ ﾊﾞﾀﾞF","15/01","0010","47","１５／０１","ﾌﾞﾗｯｸ･ｼﾙﾊﾞｰｸﾞﾚｰ","OEM","1","物流部倉庫","002Z010","15.00","0.00","0.00","15.00","6624.00","99360","自社","2026/09","15.00","0","0","0","0","0","0","0","0","0.00"
"ﾙﾈｯﾀ ﾊﾞﾀﾞF","15/01","0050","47","１５／０１","ﾗｲﾄｶｰｷ･ﾎﾜｲﾄｺﾞｰﾙﾄﾞ","OEM","1","物流部倉庫","002Z010","2.00","0.00","0.00","2.00","7315.00","14630","自社","2026/09","0.00","0.00","0.00","2.00","0.00","0.00","0.00","0.00","0.00","0.00"
"ﾙﾈｯﾀﾊﾞﾀﾞSG","15/01","0510","0","１５／０１","ﾌﾞﾗｳﾝﾃﾞﾐ･ｸﾞﾚｰｽｺﾞｰﾙﾄﾞ","OEM","1","物流部倉庫","002Z010","1.00","0.00","0.00","1.00","8140.00","8140","自社","2026/09","1.00","0","0","0","0","0","0","0","0","0.00"
"ﾙﾈｯﾀ ﾊﾞﾀﾞF","15/01","0510","47","１５／０１","ﾌﾞﾗｳﾝﾃﾞﾐ･ｸﾞﾚｰｽｺﾞｰﾙﾄﾞ","OEM","1","物流部倉庫","002Z010","28.00","0.00","0.00","28.00","7720.00","216160","自社","2026/09","28.00","0","0","0","0","0","0","0","0","0.00"
"ﾙﾈｯﾀ ﾊﾞﾀﾞF","15/02","0040","47","１５／０２","ｴｽﾌﾟﾚｯｿ･ﾎﾜｲﾄｺﾞｰﾙﾄﾞ","OEM","1","物流部倉庫","002Z010","4.00","0.00","0.00","4.00","7317.00","29268","自社","2026/09","2.00","0.00","0.00","2.00","0.00","0.00","0.00","0.00","0.00","0.00"
"ﾙﾈｯﾀ ﾊﾞﾀﾞF","15/02","0060","47","１５／０２","ｸﾘｽﾀﾙｸﾞﾚｰ･ｶﾞﾝﾒﾀﾙ","OEM","1","物流部倉庫","002Z010","2.00","0.00","0.00","2.00","7254.00","14508","自社","2026/09","2.00","0","0","0","0","0","0","0","0","0.00"
"ﾙﾈｯﾀﾊﾞﾀﾞSG","15/02","0510","0","１５／０２","ﾌﾞﾗｳﾝﾃﾞﾐ･ﾎﾜｲﾄｺﾞｰﾙﾄﾞ","OEM","1","物流部倉庫","002Z010","1.00","0.00","0.00","1.00","8027.00","8027","自社","2026/09","1.00","0","0","0","0","0","0","0","0","0.00"
"ﾙﾈｯﾀ ﾊﾞﾀﾞF","15/02","0510","47","１５／０２","ﾌﾞﾗｳﾝﾃﾞﾐ･ﾎﾜｲﾄｺﾞｰﾙﾄﾞ","OEM","1","物流部倉庫","002Z010","4.00","0.00","0.00","4.00","7607.00","30428","自社","2026/09","4.00","0","0","0","0","0","0","0","0","0.00"
"ﾙﾈｯﾀﾊﾞﾀﾞSG","15/02","0530","0","１５／０２","ｸﾞﾘｰﾝﾃﾞﾐ･ｼﾙﾊﾞｰｸﾞﾚｰ","OEM","1","物流部倉庫","002Z010","1.00","0.00","0.00","1.00","7706.00","7706","自社","2026/09","1.00","0","0","0","0","0","0","0","0","0.00"
"ﾙﾈｯﾀ ﾊﾞﾀﾞF","15/02","0530","47","１５／０２","ｸﾞﾘｰﾝﾃﾞﾐ･ｼﾙﾊﾞｰｸﾞﾚｰ","OEM","1","物流部倉庫","002Z010","10.00","0.00","0.00","10.00","7286.00","72860","自社","2026/09","10.00","0","0","0","0","0","0","0","0","0.00"
"ﾙﾈｯﾀﾊﾞﾀﾞSG","15/03","0050","0","１５／０３","ﾗｲﾄｶｰｷ･ﾎﾜｲﾄｺﾞｰﾙﾄﾞ","OEM","1","物流部倉庫","002Z010","16.00","0.00","0.00","16.00","6606.00","105696","自社","2026/09","16.00","0","0","0","0","0","0","0","0","0.00"
"ﾙﾈｯﾀﾊﾞﾀﾞSG","15/03","0060","0","１５／０３","ｸﾘｽﾀﾙｸﾞﾚｰ･ｶﾞﾝﾒﾀﾙ","OEM","1","物流部倉庫","002Z010","3.00","0.00","0.00","3.00","6528.00","19584","自社","2026/09","3.00","0","0","0","0","0","0","0","0","0.00"
"ﾙﾈｯﾀﾊﾞﾀﾞSG","15/03","0510","0","１５／０３","ﾌﾞﾗｳﾝﾃﾞﾐ･ｸﾞﾚｰｽｺﾞｰﾙﾄﾞ","OEM","1","物流部倉庫","002Z010","7.00","0.00","0.00","7.00","6711.00","46977","自社","2026/09","6.00","0.00","0.00","1.00","0.00","0.00","0.00","0.00","0.00","0.00"
"ﾙﾈｯﾀﾊﾞﾀﾞSG","42/01","0030","0","４２／０１","ｸﾘｽﾀﾙ","OEM","1","物流部倉庫","002Z010","2.00","0.00","0.00","2.00","6041.00","12082","自社","2026/09","2.00","0","0","0","0","0","0","0","0","0.00"
"ﾙﾈｯﾀﾊﾞﾀﾞSG","42/01","0050","0","４２／０１","ｶｰｷ","OEM","1","物流部倉庫","002Z010","2.00","0.00","0.00","2.00","5961.00","11922","自社","2026/09","2.00","0","0","0","0","0","0","0","0","0.00"
"ﾙﾈｯﾀ ﾊﾞﾀﾞF","42/01","0050","53","４２／０１","ｶｰｷ","OEM","1","物流部倉庫","002Z010","17.00","0.00","0.00","17.00","5691.00","96747","自社","2026/09","16.00","0.00","0.00","1.00","0.00","0.00","0.00","0.00","0.00","0.00"
"ﾙﾈｯﾀﾊﾞﾀﾞSG","42/01","0060","0","４２／０１","ｸﾘｽﾀﾙｸﾞﾚｰ","OEM","1","物流部倉庫","002Z010","16.00","0.00","0.00","16.00","6001.00","96016","自社","2026/09","13.00","0.00","0.00","3.00","0.00","0.00","0.00","0.00","0.00","0.00"
"ﾙﾈｯﾀ ﾊﾞﾀﾞF","42/01","0060","53","４２／０１","ｸﾘｽﾀﾙｸﾞﾚｰ","OEM","1","物流部倉庫","002Z010","10.00","0.00","0.00","10.00","5731.00","57310","自社","2026/09","10.00","0","0","0","0","0","0","0","0","0.00"
"ﾙﾈｯﾀﾊﾞﾀﾞSG","62/01","1040","0","６２／０１","ｼﾙﾊﾞｰ","OEM","1","物流部倉庫","002Z010","12.00","0.00","0.00","12.00","6033.00","72396","自社","2026/09","12.00","0","0","0","0","0","0","0","0","0.00"
"ﾙﾈｯﾀ ﾊﾞﾀﾞF","62/01","1040","53","６２／０１","ｼﾙﾊﾞｰ","OEM","1","物流部倉庫","002Z010","2.00","0.00","0.00","2.00","5723.00","11446","自社","2026/09","2.00","0","0","0","0","0","0","0","0","0.00"
"ﾙﾈｯﾀﾊﾞﾀﾞSG","62/01","1050","0","６２／０１","ﾛｰｽﾞｺﾞｰﾙﾄﾞ","OEM","1","物流部倉庫","002Z010","2.00","0.00","0.00","2.00","6374.00","12748","自社","2026/09","0.00","0.00","0.00","2.00","0.00","0.00","0.00","0.00","0.00","0.00"
"ﾙﾈｯﾀﾊﾞﾀﾞSG","62/01","1060","0","６２／０１","ｶﾞﾝﾒﾀﾙ","OEM","1","物流部倉庫","002Z010","39.00","0.00","0.00","39.00","5970.00","232830","自社","2026/09","39.00","0","0","0","0","0","0","0","0","0.00"
"ﾙﾈｯﾀ ﾊﾞﾀﾞF","62/01","1060","53","６２／０１","ｶﾞﾝﾒﾀﾙ","OEM","1","物流部倉庫","002Z010","1.00","0.00","0.00","1.00","5660.00","5660","自社","2026/09","0.00","0.00","0.00","1.00","0.00","0.00","0.00","0.00","0.00","0.00"
"ﾙﾈｯﾀﾊﾞﾀﾞSG","62/01","1070","0","６２／０１","ﾌﾞﾗｯｸ","OEM","1","物流部倉庫","002Z010","28.00","0.00","0.00","28.00","6117.00","171276","自社","2026/09","28.00","0","0","0","0","0","0","0","0","0.00"
"ﾙﾈｯﾀ ﾊﾞﾀﾞF","62/01","1070","53","６２／０１","ﾌﾞﾗｯｸ","OEM","1","物流部倉庫","002Z010","2.00","0.00","0.00","2.00","5807.00","11614","自社","2026/09","2.00","0","0","0","0","0","0","0","0","0.00"
"ﾙﾈｯﾀﾊﾞﾀﾞSG","62/02","1080","0","６２／０２","ｸﾘｽﾀﾙｸﾞﾚｰ･ﾀﾞｰｸｶﾞﾝﾒﾀﾙ","OEM","1","物流部倉庫","002Z010","1.00","0.00","0.00","1.00","6675.00","6675","自社","2026/09","1.00","0","0","0","0","0","0","0","0","0.00"
"ﾙﾈｯﾀﾊﾞﾀﾞSG","62/03","1020","0","６２／０３","ｽﾓｰｸﾍﾞｰｼﾞｭ･ﾎﾜｲﾄｺﾞｰﾙﾄﾞ","OEM","1","物流部倉庫","002Z010","13.00","0.00","0.00","13.00","6945.00","90285","自社","2026/09","13.00","0","0","0","0","0","0","0","0","0.00"
"ﾙﾈｯﾀ ﾊﾞﾀﾞF","62/03","1020","49","６２／０３","ｽﾓｰｸﾍﾞｰｼﾞｭ･ﾎﾜｲﾄｺﾞｰﾙﾄﾞ","OEM","1","物流部倉庫","002Z010","13.00","0.00","0.00","13.00","6635.00","86255","自社","2026/09","13.00","0","0","0","0","0","0","0","0","0.00"
"ﾙﾈｯﾀﾊﾞﾀﾞSG","62/03","1030","0","６２／０３","ｶｰｷ･ﾁﾀﾝｸﾞﾚｰ","OEM","1","物流部倉庫","002Z010","11.00","0.00","0.00","11.00","6315.00","69465","自社","2026/09","11.00","0","0","0","0","0","0","0","0","0.00"
"ﾙﾈｯﾀ ﾊﾞﾀﾞF","62/03","1030","49","６２／０３","ｶｰｷ･ﾁﾀﾝｸﾞﾚｰ","OEM","1","物流部倉庫","002Z010","4.00","0.00","0.00","4.00","6005.00","24020","自社","2026/09","4.00","0","0","0","0","0","0","0","0","0.00"
"ﾙﾈｯﾀﾊﾞﾀﾞSG","62/03","1040","0","６２／０３","ｸﾘｽﾀﾙ･ｼﾙﾊﾞｰ","OEM","1","物流部倉庫","002Z010","23.00","0.00","0.00","23.00","6945.00","159735","自社","2026/09","23.00","0","0","0","0","0","0","0","0","0.00"
"ﾙﾈｯﾀ ﾊﾞﾀﾞF","62/03","1040","49","６２／０３","ｸﾘｽﾀﾙ･ｼﾙﾊﾞｰ","OEM","1","物流部倉庫","002Z010","4.00","0.00","0.00","4.00","6635.00","26540","自社","2026/09","4.00","0","0","0","0","0","0","0","0","0.00"
"ﾙﾈｯﾀﾊﾞﾀﾞSG","62/03","1070","0","６２／０３","ﾌﾞﾗｯｸ･ﾌﾞﾗｯｸ","OEM","1","物流部倉庫","002Z010","18.00","0.00","0.00","18.00","6830.00","122940","自社","2026/09","19.00","0.00","1.00","0.00","0.00","0.00","0.00","0.00","0.00","0.00"
"ﾙﾈｯﾀ ﾊﾞﾀﾞF","62/03","1070","49","６２／０３","ﾌﾞﾗｯｸ･ﾌﾞﾗｯｸ","OEM","1","物流部倉庫","002Z010","11.00","0.00","0.00","11.00","6520.00","71720","自社","2026/09","11.00","0","0","0","0","0","0","0","0","0.00"
"ﾙﾈｯﾀﾊﾞﾀﾞSG","62/03","1080","0","６２／０３","ｸﾘｽﾀﾙｸﾞﾚｰ･ﾀﾞｰｸｶﾞﾝﾒﾀﾙ","OEM","1","物流部倉庫","002Z010","9.00","0.00","0.00","9.00","6683.00","60147","自社","2026/09","9.00","0","0","0","0","0","0","0","0","0.00"
"ﾙﾈｯﾀ ﾊﾞﾀﾞF","62/03","1080","49","６２／０３","ｸﾘｽﾀﾙｸﾞﾚｰ･ﾀﾞｰｸｶﾞﾝﾒﾀﾙ","OEM","1","物流部倉庫","002Z010","15.00","0.00","0.00","15.00","6373.00","95595","自社","2026/09","15.00","0","0","0","0","0","0","0","0","0.00"
"ﾙﾈｯﾀ ﾊﾞﾀﾞF","67/01","1020","47","６７／０１","ｸﾘｽﾀﾙｸﾞﾚｰ･ﾎﾜｲﾄｺﾞｰﾙﾄﾞ","OEM","1","物流部倉庫","002Z010","17.00","0.00","0.00","17.00","6838.00","116246","自社","2026/09","17.00","0","0","0","0","0","0","0","0","0.00"
"ﾙﾈｯﾀﾊﾞﾀﾞSG","67/01U","1010","0","６７／０１Ｕ","ｽﾓｰｸﾍﾞｰｼﾞｭ･ｸﾞﾚｰｽｺﾞｰﾙﾄﾞ","OEM","1","物流部倉庫","002Z010","1.00","0.00","0.00","1.00","6573.00","6573","自社","2026/09","1.00","0","0","0","0","0","0","0","0","0.00"
"ﾙﾈｯﾀﾊﾞﾀﾞSG","67/01U","1030","0","６７／０１Ｕ","ﾌﾞﾗｯｸ･ｼﾙﾊﾞｰｸﾞﾚｰ","OEM","1","物流部倉庫","002Z010","8.00","0.00","0.00","8.00","5985.00","47880","自社","2026/09","8.00","0","0","0","0","0","0","0","0","0.00"
"ﾙﾈｯﾀﾊﾞﾀﾞSG","67/01U","1040","0","６７／０１Ｕ","ﾏｯﾄｸﾘｽﾀﾙ･ｼﾙﾊﾞｰ","OEM","1","物流部倉庫","002Z010","9.00","0.00","0.00","9.00","6510.00","58590","自社","2026/09","9.00","0","0","0","0","0","0","0","0","0.00"
"ﾙﾈｯﾀﾊﾞﾀﾞSG","67/01U","1060","0","６７／０１Ｕ","ｸﾘｽﾀﾙ･ｶﾞﾝﾒﾀﾙ","OEM","1","物流部倉庫","002Z010","11.00","0.00","0.00","11.00","6332.00","69652","自社","2026/09","11.00","0","0","0","0","0","0","0","0","0.00"
"ﾙﾈｯﾀ ﾊﾞﾀﾞF","67/01U","1060","47","６７／０１Ｕ","ｸﾘｽﾀﾙ･ｶﾞﾝﾒﾀﾙ","OEM","1","物流部倉庫","002Z010","1.00","0.00","0.00","1.00","5912.00","5912","自社","2026/09","0.00","0.00","0.00","1.00","0.00","0.00","0.00","0.00","0.00","0.00"
"ﾙﾈｯﾀﾊﾞﾀﾞSG","67/01U","1070","0","６７／０１Ｕ","ﾗｲﾄｶｰｷ･ﾌﾞﾗｯｸ","OEM","1","物流部倉庫","002Z010","25.00","0.00","0.00","25.00","6395.00","159875","自社","2026/09","25.00","0","0","0","0","0","0","0","0","0.00"
"ﾙﾈｯﾀ ﾊﾞﾀﾞF","67/01U","1070","47","６７／０１Ｕ","ﾗｲﾄｶｰｷ･ﾌﾞﾗｯｸ","OEM","1","物流部倉庫","002Z010","1.00","0.00","0.00","1.00","5975.00","5975","自社","2026/09","0.00","0.00","0.00","1.00","0.00","0.00","0.00","0.00","0.00","0.00"
"ﾙﾈｯﾀﾊﾞﾀﾞSG","67/02","1020","0","６７／０２","ﾎﾜｲﾄｺﾞｰﾙﾄﾞ","OEM","1","物流部倉庫","002Z010","1.00","0.00","0.00","1.00","5653.00","5653","自社","2026/09","1.00","0","0","0","0","0","0","0","0","0.00"
"ﾙﾈｯﾀﾊﾞﾀﾞSG","67/02","1040","0","６７／０２","ｼﾙﾊﾞｰ","OEM","1","物流部倉庫","002Z010","1.00","0.00","0.00","1.00","5653.00","5653","自社","2026/09","1.00","0","0","0","0","0","0","0","0","0.00"
"ﾙﾈｯﾀﾊﾞﾀﾞSG","67/02","1060","0","６７／０２","ｶﾞﾝﾒﾀﾙ","OEM","1","物流部倉庫","002Z010","28.00","0.00","0.00","28.00","5632.00","157696","自社","2026/09","28.00","0","0","0","0","0","0","0","0","0.00"
"ﾙﾈｯﾀﾊﾞﾀﾞSG","67/02","1070","0","６７／０２","ﾌﾞﾗｯｸ","OEM","1","物流部倉庫","002Z010","15.00","0.00","0.00","15.00","5779.00","86685","自社","2026/09","15.00","0","0","0","0","0","0","0","0","0.00"
"ﾙﾈｯﾀ ﾊﾞﾀﾞF","71/01","1020","48","７１／０１","ﾎﾜｲﾄｺﾞｰﾙﾄﾞ","OEM","1","物流部倉庫","002Z010","2.00","0.00","0.00","2.00","5553.00","11106","自社","2026/09","0.00","0.00","0.00","2.00","0.00","0.00","0.00","0.00","0.00","0.00"
"ﾙﾈｯﾀ ﾊﾞﾀﾞF","71/01","1040","48","７１／０１","ｼﾙﾊﾞｰ","OEM","1","物流部倉庫","002Z010","3.00","0.00","0.00","3.00","5553.00","16659","自社","2026/09","0.00","0.00","0.00","3.00","0.00","0.00","0.00","0.00","0.00","0.00"
"ﾙﾈｯﾀ ﾊﾞﾀﾞF","71/01","1050","48","７１／０１","ﾛｰｽﾞｺﾞｰﾙﾄﾞ","OEM","1","物流部倉庫","002Z010","1.00","0.00","0.00","1.00","5847.00","5847","自社","2026/09","0.00","0.00","0.00","1.00","0.00","0.00","0.00","0.00","0.00","0.00"
"ﾙﾈｯﾀﾊﾞﾀﾞSG","71/01U","1020","0","７１／０１Ｕ","ﾎﾜｲﾄｺﾞｰﾙﾄﾞ","OEM","1","物流部倉庫","002Z010","15.00","0.00","0.00","15.00","5729.00","85935","自社","2026/09","14.00","0.00","0.00","1.00","0.00","0.00","0.00","0.00","0.00","0.00"
"ﾙﾈｯﾀ ﾊﾞﾀﾞF","71/01U","1020","48","７１／０１Ｕ","ﾎﾜｲﾄｺﾞｰﾙﾄﾞ","OEM","1","物流部倉庫","002Z010","1.00","0.00","0.00","1.00","5269.00","5269","自社","2026/09","1.00","0","0","0","0","0","0","0","0","0.00"
"ﾙﾈｯﾀﾊﾞﾀﾞSG","71/01U","1040","0","７１／０１Ｕ","ｼﾙﾊﾞｰ","OEM","1","物流部倉庫","002Z010","11.00","0.00","0.00","11.00","5729.00","63019","自社","2026/09","11.00","0","0","0","0","0","0","0","0","0.00"
"ﾙﾈｯﾀ ﾊﾞﾀﾞF","71/01U","1040","48","７１／０１Ｕ","ｼﾙﾊﾞｰ","OEM","1","物流部倉庫","002Z010","12.00","0.00","0.00","12.00","5269.00","63228","自社","2026/09","12.00","0","0","0","0","0","0","0","0","0.00"
"ﾙﾈｯﾀﾊﾞﾀﾞSG","71/01U","1050","0","７１／０１Ｕ","ﾛｰｽﾞｺﾞｰﾙﾄﾞ","OEM","1","物流部倉庫","002Z010","12.00","0.00","0.00","12.00","6023.00","72276","自社","2026/09","12.00","0","0","0","0","0","0","0","0","0.00"
"ﾙﾈｯﾀ ﾊﾞﾀﾞF","71/01U","1050","48","７１／０１Ｕ","ﾛｰｽﾞｺﾞｰﾙﾄﾞ","OEM","1","物流部倉庫","002Z010","8.00","0.00","0.00","8.00","5563.00","44504","自社","2026/09","8.00","0","0","0","0","0","0","0","0","0.00"
"ﾙﾈｯﾀﾊﾞﾀﾞSG","71/01U","1060","0","７１／０１Ｕ","ｶﾞﾝﾒﾀﾙ","OEM","1","物流部倉庫","002Z010","10.00","0.00","0.00","10.00","5708.00","57080","自社","2026/09","10.00","0","0","0","0","0","0","0","0","0.00"
"ﾙﾈｯﾀﾊﾞﾀﾞSG","71/01U","1070","0","７１／０１Ｕ","ﾌﾞﾗｯｸ","OEM","1","物流部倉庫","002Z010","3.00","0.00","0.00","3.00","5855.00","17565","自社","2026/09","3.00","0","0","0","0","0","0","0","0","0.00"
"ﾙﾈｯﾀ ﾊﾞﾀﾞF","71/01U","1070","48","７１／０１Ｕ","ﾌﾞﾗｯｸ","OEM","1","物流部倉庫","002Z010","13.00","0.00","0.00","13.00","5395.00","70135","自社","2026/09","13.00","0","0","0","0","0","0","0","0","0.00"
"ﾙﾈｯﾀﾊﾞﾀﾞSG","73/01","1040","0","７３／０１","ｼﾙﾊﾞｰ","OEM","1","物流部倉庫","002Z010","1.00","0.00","0.00","1.00","5269.00","5269","自社","2026/09","0.00","0.00","0.00","1.00","0.00","0.00","0.00","0.00","0.00","0.00"
"ﾙﾈｯﾀ ﾊﾞﾀﾞF","73/01","1040","47","７３／０１","ｼﾙﾊﾞｰ","OEM","1","物流部倉庫","002Z010","4.00","0.00","0.00","4.00","4849.00","19396","自社","2026/09","3.00","0.00","0.00","1.00","0.00","0.00","0.00","0.00","0.00","0.00"
"ﾙﾈｯﾀﾊﾞﾀﾞSG","73/01","1050","0","７３／０１","ﾛｰｽﾞｺﾞｰﾙﾄﾞ","OEM","1","物流部倉庫","002Z010","5.00","0.00","0.00","5.00","5510.00","27550","自社","2026/09","0.00","0.00","0.00","5.00","0.00","0.00","0.00","0.00","0.00","0.00"
"ﾙﾈｯﾀ ﾊﾞﾀﾞF","73/01","1050","47","７３／０１","ﾛｰｽﾞｺﾞｰﾙﾄﾞ","OEM","1","物流部倉庫","002Z010","13.00","0.00","0.00","13.00","5090.00","66170","自社","2026/09","8.00","0.00","0.00","5.00","0.00","0.00","0.00","0.00","0.00","0.00"
"ﾙﾈｯﾀﾊﾞﾀﾞSG","73/01","1060","0","７３／０１","ｶﾞﾝﾒﾀﾙ","OEM","1","物流部倉庫","002Z010","3.00","0.00","0.00","3.00","5227.00","15681","自社","2026/09","3.00","0","0","0","0","0","0","0","0","0.00"
"ﾙﾈｯﾀ ﾊﾞﾀﾞF","73/01","1060","47","７３／０１","ｶﾞﾝﾒﾀﾙ","OEM","1","物流部倉庫","002Z010","1.00","0.00","0.00","1.00","4807.00","4807","自社","2026/09","0.00","0.00","0.00","1.00","0.00","0.00","0.00","0.00","0.00","0.00"
"ﾙﾈｯﾀﾊﾞﾀﾞSG","73/01U","1020","0","７３／０１Ｕ","ﾎﾜｲﾄｺﾞｰﾙﾄﾞ","OEM","1","物流部倉庫","002Z010","24.00","0.00","0.00","24.00","5309.00","127416","自社","2026/09","14.00","0.00","0.00","10.00","0.00","0.00","0.00","0.00","0.00","0.00"
"ﾙﾈｯﾀ ﾊﾞﾀﾞF","73/01U","1020","47","７３／０１Ｕ","ﾎﾜｲﾄｺﾞｰﾙﾄﾞ","OEM","1","物流部倉庫","002Z010","1.00","0.00","0.00","1.00","4849.00","4849","自社","2026/09","1.00","0","0","0","0","0","0","0","0","0.00"
"ﾙﾈｯﾀﾊﾞﾀﾞSG","73/01U","1040","0","７３／０１Ｕ","ｼﾙﾊﾞｰ","OEM","1","物流部倉庫","002Z010","20.00","0.00","0.00","20.00","5309.00","106180","自社","2026/09","20.00","0","0","0","0","0","0","0","0","0.00"
"ﾙﾈｯﾀ ﾊﾞﾀﾞF","73/01U","1040","47","７３／０１Ｕ","ｼﾙﾊﾞｰ","OEM","1","物流部倉庫","002Z010","4.00","0.00","0.00","4.00","4849.00","19396","自社","2026/09","4.00","0","0","0","0","0","0","0","0","0.00"
"ﾙﾈｯﾀﾊﾞﾀﾞSG","73/01U","1050","0","７３／０１Ｕ","ﾛｰｽﾞｺﾞｰﾙﾄﾞ","OEM","1","物流部倉庫","002Z010","13.00","0.00","0.00","13.00","5550.00","72150","自社","2026/09","13.00","0","0","0","0","0","0","0","0","0.00"
"ﾙﾈｯﾀ ﾊﾞﾀﾞF","73/01U","1050","47","７３／０１Ｕ","ﾛｰｽﾞｺﾞｰﾙﾄﾞ","OEM","1","物流部倉庫","002Z010","5.00","0.00","0.00","5.00","5090.00","25450","自社","2026/09","5.00","0","0","0","0","0","0","0","0","0.00"
"ﾙﾈｯﾀﾊﾞﾀﾞSG","73/01U","1060","0","７３／０１Ｕ","ｶﾞﾝﾒﾀﾙ","OEM","1","物流部倉庫","002Z010","17.00","0.00","0.00","17.00","5267.00","89539","自社","2026/09","17.00","0","0","0","0","0","0","0","0","0.00"
"ﾙﾈｯﾀ ﾊﾞﾀﾞF","73/01U","1060","47","７３／０１Ｕ","ｶﾞﾝﾒﾀﾙ","OEM","1","物流部倉庫","002Z010","1.00","0.00","0.00","1.00","4807.00","4807","自社","2026/09","0.00","0.00","0.00","1.00","0.00","0.00","0.00","0.00","0.00","0.00"
"ﾙﾈｯﾀﾊﾞﾀﾞSG","73/01U","1070","0","７３／０１Ｕ","ﾌﾞﾗｯｸ","OEM","1","物流部倉庫","002Z010","17.00","0.00","0.00","17.00","5330.00","90610","自社","2026/09","17.00","0","0","0","0","0","0","0","0","0.00"
"ﾙﾈｯﾀ ﾊﾞﾀﾞF","73/01U","1070","47","７３／０１Ｕ","ﾌﾞﾗｯｸ","OEM","1","物流部倉庫","002Z010","2.00","0.00","0.00","2.00","4870.00","9740","自社","2026/09","2.00","0","0","0","0","0","0","0","0","0.00"
"ﾙﾈｯﾀﾊﾞﾀﾞSG","73/02","1010","0","７３／０２","ｽﾓｰｸﾍﾞｰｼﾞｭ･ｸﾞﾚｰｽｺﾞｰﾙﾄﾞ","OEM","1","物流部倉庫","002Z010","5.00","0.00","0.00","5.00","5986.00","29930","自社","2026/09","2.00","0.00","0.00","3.00","0.00","0.00","0.00","0.00","0.00","0.00"
"ﾙﾈｯﾀ ﾊﾞﾀﾞF","73/02","1010","46","７３／０２","ｽﾓｰｸﾍﾞｰｼﾞｭ･ｸﾞﾚｰｽｺﾞｰﾙﾄﾞ","OEM","1","物流部倉庫","002Z010","1.00","0.00","0.00","1.00","5606.00","5606","自社","2026/09","0.00","0.00","0.00","1.00","0.00","0.00","0.00","0.00","0.00","0.00"
"ﾙﾈｯﾀﾊﾞﾀﾞSG","73/02","1020","0","７３／０２","ﾌﾞﾗｯｸ･ﾎﾜｲﾄｺﾞｰﾙﾄﾞ","OEM","1","物流部倉庫","002Z010","8.00","0.00","0.00","8.00","5644.00","45152","自社","2026/09","3.00","0.00","0.00","5.00","0.00","0.00","0.00","0.00","0.00","0.00"
"ﾙﾈｯﾀﾊﾞﾀﾞSG","73/02","1030","0","７３／０２","ﾗｲﾄｶｰｷ･ﾁﾀﾝｸﾞﾚｰ","OEM","1","物流部倉庫","002Z010","14.00","0.00","0.00","14.00","5366.00","75124","自社","2026/09","11.00","0.00","0.00","3.00","0.00","0.00","0.00","0.00","0.00","0.00"
"ﾙﾈｯﾀ ﾊﾞﾀﾞF","73/02","1030","46","７３／０２","ﾗｲﾄｶｰｷ･ﾁﾀﾝｸﾞﾚｰ","OEM","1","物流部倉庫","002Z010","1.00","0.00","0.00","1.00","4986.00","4986","自社","2026/09","0.00","0.00","0.00","1.00","0.00","0.00","0.00","0.00","0.00","0.00"
"ﾙﾈｯﾀﾊﾞﾀﾞSG","73/02","1060","0","７３／０２","ﾌﾞﾗｳﾝﾃﾞﾐ･ｶﾞﾝﾒﾀﾙ","OEM","1","物流部倉庫","002Z010","19.00","0.00","0.00","19.00","5734.00","108946","自社","2026/09","15.00","0.00","0.00","4.00","0.00","0.00","0.00","0.00","0.00","0.00"
"ﾙﾈｯﾀ ﾊﾞﾀﾞF","73/02","1060","46","７３／０２","ﾌﾞﾗｳﾝﾃﾞﾐ･ｶﾞﾝﾒﾀﾙ","OEM","1","物流部倉庫","002Z010","2.00","0.00","0.00","2.00","5354.00","10708","自社","2026/09","0.00","0.00","0.00","2.00","0.00","0.00","0.00","0.00","0.00","0.00"
"ﾙﾈｯﾀﾊﾞﾀﾞSG","73/02","1070","0","７３／０２","ｸﾘｽﾀﾙｸﾞﾚｰ･ﾌﾞﾗｯｸ","OEM","1","物流部倉庫","002Z010","20.00","0.00","0.00","20.00","5875.00","117500","自社","2026/09","13.00","0.00","0.00","7.00","0.00","0.00","0.00","0.00","0.00","0.00"
"ﾙﾈｯﾀﾊﾞﾀﾞSG","73/02U","1010","0","７３／０２Ｕ","ｽﾓｰｸﾍﾞｰｼﾞｭ･ｸﾞﾚｰｽｺﾞｰﾙﾄﾞ","OEM","1","物流部倉庫","002Z010","9.00","0.00","0.00","9.00","6102.00","54918","自社","2026/09","9.00","0","0","0","0","0","0","0","0","0.00"
"ﾙﾈｯﾀ ﾊﾞﾀﾞF","73/02U","1010","46","７３／０２Ｕ","ｽﾓｰｸﾍﾞｰｼﾞｭ･ｸﾞﾚｰｽｺﾞｰﾙﾄﾞ","OEM","1","物流部倉庫","002Z010","5.00","0.00","0.00","5.00","5642.00","28210","自社","2026/09","4.00","0.00","0.00","1.00","0.00","0.00","0.00","0.00","0.00","0.00"
"ﾙﾈｯﾀﾊﾞﾀﾞSG","73/02U","1020","0","７３／０２Ｕ","ﾌﾞﾗｯｸ･ﾎﾜｲﾄｺﾞｰﾙﾄﾞ","OEM","1","物流部倉庫","002Z010","10.00","0.00","0.00","10.00","5760.00","57600","自社","2026/09","10.00","0","0","0","0","0","0","0","0","0.00"
"ﾙﾈｯﾀ ﾊﾞﾀﾞF","73/02U","1020","46","７３／０２Ｕ","ﾌﾞﾗｯｸ･ﾎﾜｲﾄｺﾞｰﾙﾄﾞ","OEM","1","物流部倉庫","002Z010","9.00","0.00","0.00","9.00","5300.00","47700","自社","2026/09","8.00","0.00","0.00","1.00","0.00","0.00","0.00","0.00","0.00","0.00"
"ﾙﾈｯﾀﾊﾞﾀﾞSG","73/02U","1030","0","７３／０２Ｕ","ﾗｲﾄｶｰｷ･ﾁﾀﾝｸﾞﾚｰ","OEM","1","物流部倉庫","002Z010","6.00","0.00","0.00","6.00","5482.00","32892","自社","2026/09","6.00","0","0","0","0","0","0","0","0","0.00"
"ﾙﾈｯﾀ ﾊﾞﾀﾞF","73/02U","1030","46","７３／０２Ｕ","ﾗｲﾄｶｰｷ･ﾁﾀﾝｸﾞﾚｰ","OEM","1","物流部倉庫","002Z010","9.00","0.00","0.00","9.00","5022.00","45198","自社","2026/09","9.00","0","0","0","0","0","0","0","0","0.00"
"ﾙﾈｯﾀﾊﾞﾀﾞSG","73/02U","1060","0","７３／０２Ｕ","ﾌﾞﾗｳﾝﾃﾞﾐ･ｶﾞﾝﾒﾀﾙ","OEM","1","物流部倉庫","002Z010","13.00","0.00","0.00","13.00","5850.00","76050","自社","2026/09","13.00","0","0","0","0","0","0","0","0","0.00"
"ﾙﾈｯﾀ ﾊﾞﾀﾞF","73/02U","1060","46","７３／０２Ｕ","ﾌﾞﾗｳﾝﾃﾞﾐ･ｶﾞﾝﾒﾀﾙ","OEM","1","物流部倉庫","002Z010","3.00","0.00","0.00","3.00","5390.00","16170","自社","2026/09","2.00","0.00","0.00","1.00","0.00","0.00","0.00","0.00","0.00","0.00"
"ﾙﾈｯﾀﾊﾞﾀﾞSG","73/02U","1070","0","７３／０２Ｕ","ｸﾘｽﾀﾙｸﾞﾚｰ･ﾌﾞﾗｯｸ","OEM","1","物流部倉庫","002Z010","1.00","0.00","0.00","1.00","5991.00","5991","自社","2026/09","1.00","0","0","0","0","0","0","0","0","0.00"
"ﾙﾈｯﾀ ﾊﾞﾀﾞF","73/02U","1070","46","７３／０２Ｕ","ｸﾘｽﾀﾙｸﾞﾚｰ･ﾌﾞﾗｯｸ","OEM","1","物流部倉庫","002Z010","8.00","0.00","0.00","8.00","5531.00","44248","自社","2026/09","7.00","0.00","0.00","1.00","0.00","0.00","0.00","0.00","0.00","0.00"
"ﾙﾈｯﾀﾊﾞﾀﾞSG","73/03","0050","0","７３／０３","ﾗｲﾄｶｰｷ･ｸﾞﾚｰｽｺﾞｰﾙﾄﾞ","OEM","1","物流部倉庫","002Z010","28.00","0.00","0.00","28.00","7123.00","199444","自社","2026/09","28.00","0","0","0","0","0","0","0","0","0.00"
"ﾙﾈｯﾀ ﾊﾞﾀﾞF","73/03","0050","48","７３／０３","ﾗｲﾄｶｰｷ･ｸﾞﾚｰｽｺﾞｰﾙﾄﾞ","OEM","1","物流部倉庫","002Z010","1.00","0.00","0.00","1.00","6773.00","6773","自社","2026/09","0.00","0.00","0.00","1.00","0.00","0.00","0.00","0.00","0.00","0.00"
"ﾙﾈｯﾀﾊﾞﾀﾞSG","73/03","0060","0","７３／０３","ｸﾘｽﾀﾙｸﾞﾚｰ･ﾁﾀﾝｸﾞﾚｰ","OEM","1","物流部倉庫","002Z010","1.00","0.00","0.00","1.00","6409.00","6409","自社","2026/09","0.00","0.00","0.00","1.00","0.00","0.00","0.00","0.00","0.00","0.00"
"ﾙﾈｯﾀ ﾊﾞﾀﾞF","73/03","0060","48","７３／０３","ｸﾘｽﾀﾙｸﾞﾚｰ･ﾁﾀﾝｸﾞﾚｰ","OEM","1","物流部倉庫","002Z010","2.00","0.00","0.00","2.00","6059.00","12118","自社","2026/09","0.00","0.00","0.00","2.00","0.00","0.00","0.00","0.00","0.00","0.00"
"ﾙﾈｯﾀ ﾊﾞﾀﾞF","73/03","0090","48","７３／０３","ｽﾓｰｸﾍﾞｰｼﾞｭ･ｸﾞﾚｰｽｺﾞｰﾙﾄﾞ","OEM","1","物流部倉庫","002Z010","1.00","0.00","0.00","1.00","6773.00","6773","自社","2026/09","0.00","0.00","0.00","1.00","0.00","0.00","0.00","0.00","0.00","0.00"
"ﾙﾈｯﾀﾊﾞﾀﾞSG","73/03","0140","0","７３／０３","ﾀﾞｰｸｸﾞﾚｰ･ﾎﾜｲﾄｺﾞｰﾙﾄﾞ","OEM","1","物流部倉庫","002Z010","3.00","0.00","0.00","3.00","6829.00","20487","自社","2026/09","2.00","0.00","0.00","1.00","0.00","0.00","0.00","0.00","0.00","0.00"
"ﾙﾈｯﾀ ﾊﾞﾀﾞF","73/03","0140","48","７３／０３","ﾀﾞｰｸｸﾞﾚｰ･ﾎﾜｲﾄｺﾞｰﾙﾄﾞ","OEM","1","物流部倉庫","002Z010","1.00","0.00","0.00","1.00","6479.00","6479","自社","2026/09","0.00","0.00","0.00","1.00","0.00","0.00","0.00","0.00","0.00","0.00"
"ﾙﾈｯﾀﾊﾞﾀﾞSG","73/03","0510","0","７３／０３","ﾌﾞﾗｳﾝﾃﾞﾐ･ﾎﾜｲﾄｺﾞｰﾙﾄﾞ","OEM","1","物流部倉庫","002Z010","1.00","0.00","0.00","1.00","6829.00","6829","自社","2026/09","0.00","0.00","0.00","1.00","0.00","0.00","0.00","0.00","0.00","0.00"
"ﾙﾈｯﾀ ﾊﾞﾀﾞF","73/03","0510","48","７３／０３","ﾌﾞﾗｳﾝﾃﾞﾐ･ﾎﾜｲﾄｺﾞｰﾙﾄﾞ","OEM","1","物流部倉庫","002Z010","1.00","0.00","0.00","1.00","6479.00","6479","自社","2026/09","1.00","0","0","0","0","0","0","0","0","0.00"
"ﾙﾈｯﾀﾊﾞﾀﾞSG","73/04","0010","0","７３／０４","ﾌﾞﾗｯｸ･ｼﾙﾊﾞｰ","OEM","1","物流部倉庫","002Z010","1.00","0.00","0.00","1.00","7069.00","7069","自社","2026/09","0.00","0.00","0.00","1.00","0.00","0.00","0.00","0.00","0.00","0.00"
"ﾙﾈｯﾀﾊﾞﾀﾞSG","73/04","0011","0","７３／０４","ﾏｯﾄﾌﾞﾗｯｸ･ﾌﾞﾗｯｸ","OEM","1","物流部倉庫","002Z010","1.00","0.00","0.00","1.00","6744.00","6744","自社","2026/09","1.00","0","0","0","0","0","0","0","0","0.00"
"ﾙﾈｯﾀﾊﾞﾀﾞSG","73/04","0050","0","７３／０４","ｶｰｷ･ﾁﾀﾝｸﾞﾚｰ","OEM","1","物流部倉庫","002Z010","1.00","0.00","0.00","1.00","6229.00","6229","自社","2026/09","0.00","0.00","0.00","1.00","0.00","0.00","0.00","0.00","0.00","0.00"
"ﾙﾈｯﾀ ﾊﾞﾀﾞF","73/04","0140","48","７３／０４","ﾀﾞｰｸｸﾞﾚｰ･ｸﾞﾚｰｽｺﾞｰﾙﾄﾞ","OEM","1","物流部倉庫","002Z010","1.00","0.00","0.00","1.00","6593.00","6593","自社","2026/09","0.00","0.00","0.00","1.00","0.00","0.00","0.00","0.00","0.00","0.00"
"ﾙﾈｯﾀﾊﾞﾀﾞSG","73/04","0150","0","７３／０４","ﾌﾞﾙｰｸﾞﾚｰ･ﾀﾞｰｸｶﾞﾝﾒﾀﾙ","OEM","1","物流部倉庫","002Z010","3.00","0.00","0.00","3.00","6859.00","20577","自社","2026/09","1.00","0.00","0.00","2.00","0.00","0.00","0.00","0.00","0.00","0.00"
"ﾙﾈｯﾀ ﾊﾞﾀﾞF","73/04","0150","48","７３／０４","ﾌﾞﾙｰｸﾞﾚｰ･ﾀﾞｰｸｶﾞﾝﾒﾀﾙ","OEM","1","物流部倉庫","002Z010","1.00","0.00","0.00","1.00","6509.00","6509","自社","2026/09","0.00","0.00","0.00","1.00","0.00","0.00","0.00","0.00","0.00","0.00"
"ﾙﾈｯﾀﾊﾞﾀﾞSG","73/05","1","0","７３／０５","ｶﾞﾝﾒﾀﾙ","OEM","1","物流部倉庫","002Z010","1.00","0.00","0.00","1.00","6472.00","6472","自社","2026/09","31.00","0.00","30.00","0.00","0.00","0.00","0.00","0.00","0.00","0.00"
"ﾙﾈｯﾀ ﾊﾞﾀﾞF","73/05","1080","49","７３／０５","ﾀﾞｰｸｶﾞﾝﾒﾀﾙ","OEM","1","物流部倉庫","002Z010","1.00","0.00","0.00","1.00","6032.00","6032","自社","2026/09","1.00","0","0","0","0","0","0","0","0","0.00"
"ﾙﾈｯﾀﾊﾞﾀﾞSG","73/06","1010","0","７３／０６","ﾗｲﾄｶｰｷ･ｸﾞﾚｰｽｺﾞｰﾙﾄﾞ","OEM","1","物流部倉庫","002Z010","6.00","0.00","0.00","6.00","9063.00","54378","自社","2026/09","6.00","0","0","0","0","0","0","0","0","0.00"
"ﾙﾈｯﾀ ﾊﾞﾀﾞF","73/06","1010","47","７３／０６","ﾗｲﾄｶｰｷ･ｸﾞﾚｰｽｺﾞｰﾙﾄﾞ","OEM","1","物流部倉庫","002Z010","2.00","0.00","0.00","2.00","8753.00","17506","自社","2026/09","2.00","0","0","0","0","0","0","0","0","0.00"
"ﾙﾈｯﾀﾊﾞﾀﾞSG","73/06","1020","0","７３／０６","ｽﾓｰｸﾍﾞｰｼﾞｭ･ﾎﾜｲﾄｺﾞｰﾙﾄﾞ","OEM","1","物流部倉庫","002Z010","13.00","0.00","0.00","13.00","8706.00","113178","自社","2026/09","13.00","0","0","0","0","0","0","0","0","0.00"
"ﾙﾈｯﾀ ﾊﾞﾀﾞF","73/06","1020","47","７３／０６","ｽﾓｰｸﾍﾞｰｼﾞｭ･ﾎﾜｲﾄｺﾞｰﾙﾄﾞ","OEM","1","物流部倉庫","002Z010","3.00","0.00","0.00","3.00","8396.00","25188","自社","2026/09","3.00","0","0","0","0","0","0","0","0","0.00"
"ﾙﾈｯﾀﾊﾞﾀﾞSG","73/06","1040","0","７３／０６","ｸﾘｽﾀﾙ･ｼﾙﾊﾞｰ","OEM","1","物流部倉庫","002Z010","30.00","0.00","0.00","30.00","8706.00","261180","自社","2026/09","30.00","0","0","0","0","0","0","0","0","0.00"
"ﾙﾈｯﾀ ﾊﾞﾀﾞF","73/06","1040","47","７３／０６","ｸﾘｽﾀﾙ･ｼﾙﾊﾞｰ","OEM","1","物流部倉庫","002Z010","1.00","0.00","0.00","1.00","8396.00","8396","自社","2026/09","1.00","0","0","0","0","0","0","0","0","0.00"
"ﾙﾈｯﾀ ﾊﾞﾀﾞF","73/07","1040","48","７３／０７","ｼﾙﾊﾞｰ","OEM","1","物流部倉庫","002Z010","1.00","0.00","0.00","1.00","7475.00","7475","自社","2026/09","1.00","0","0","0","0","0","0","0","0","0.00"
"ﾙﾈｯﾀﾊﾞﾀﾞSG","73/07","1050","0","７３／０７","ﾛｰｽﾞｺﾞｰﾙﾄﾞ","OEM","1","物流部倉庫","002Z010","5.00","0.00","0.00","5.00","8195.00","40975","自社","2026/09","4.00","0.00","0.00","1.00","0.00","0.00","0.00","0.00","0.00","0.00"
"ﾙﾈｯﾀ ﾊﾞﾀﾞF","73/07","1050","48","７３／０７","ﾛｰｽﾞｺﾞｰﾙﾄﾞ","OEM","1","物流部倉庫","002Z010","7.00","0.00","0.00","7.00","7885.00","55195","自社","2026/09","7.00","0","0","0","0","0","0","0","0","0.00"
"ﾙﾈｯﾀﾊﾞﾀﾞSG","73/08","0010","0","７３／０８","ﾌﾞﾗｯｸ･ｼﾙﾊﾞｰ","OEM","1","物流部倉庫","002Z010","9.00","0.00","0.00","9.00","8486.00","76374","自社","2026/09","9.00","0","0","0","0","0","0","0","0","0.00"
"ﾙﾈｯﾀ ﾊﾞﾀﾞF","73/08","0010","49","７３／０８","ﾌﾞﾗｯｸ･ｼﾙﾊﾞｰ","OEM","1","物流部倉庫","002Z010","2.00","0.00","0.00","2.00","8176.00","16352","自社","2026/09","2.00","0","0","0","0","0","0","0","0","0.00"
"ﾙﾈｯﾀﾊﾞﾀﾞSG","73/08","0011","0","７３／０８","ﾏｯﾄﾌﾞﾗｯｸ･ﾌﾞﾗｯｸ","OEM","1","物流部倉庫","002Z010","1.00","0.00","0.00","1.00","8575.00","8575","自社","2026/09","1.00","0","0","0","0","0","0","0","0","0.00"
"ﾙﾈｯﾀﾊﾞﾀﾞSG","73/08","0031","0","７３／０８","ﾏｯﾄｸﾘｽﾀﾙ･ﾁﾀﾝｸﾞﾚｰ","OEM","1","物流部倉庫","002Z010","23.00","0.00","0.00","23.00","7961.00","183103","自社","2026/09","23.00","0","0","0","0","0","0","0","0","0.00"
"ﾙﾈｯﾀﾊﾞﾀﾞSG","73/10","0010","0","７３／１０","ﾌﾞﾗｯｸ･ﾌﾞﾗｯｸ","OEM","1","物流部倉庫","002Z010","22.00","0.00","0.00","22.00","6930.00","152460","自社","2026/09","23.00","0.00","1.00","0.00","0.00","0.00","0.00","0.00","0.00","0.00"
"ﾙﾈｯﾀ ﾊﾞﾀﾞF","73/10","0010","48","７３／１０","ﾌﾞﾗｯｸ･ﾌﾞﾗｯｸ","OEM","1","物流部倉庫","002Z010","8.00","0.00","0.00","8.00","6620.00","52960","自社","2026/09","8.00","0","0","0","0","0","0","0","0","0.00"
"ﾙﾈｯﾀﾊﾞﾀﾞSG","73/10","0040","0","７３／１０","ｴｽﾌﾟﾚｯｿ･ﾁﾀﾝｸﾞﾚｰ","OEM","1","物流部倉庫","002Z010","4.00","0.00","0.00","4.00","6415.00","25660","自社","2026/09","5.00","0.00","1.00","0.00","0.00","0.00","0.00","0.00","0.00","0.00"
"ﾙﾈｯﾀ ﾊﾞﾀﾞF","73/10","0040","48","７３／１０","ｴｽﾌﾟﾚｯｿ･ﾁﾀﾝｸﾞﾚｰ","OEM","1","物流部倉庫","002Z010","9.00","0.00","0.00","9.00","6105.00","54945","自社","2026/09","9.00","0","0","0","0","0","0","0","0","0.00"
"ﾙﾈｯﾀﾊﾞﾀﾞSG","73/10","0060","0","７３／１０","ｸﾘｽﾀﾙｸﾞﾚｰ･ｼﾙﾊﾞｰ","OEM","1","物流部倉庫","002Z010","21.00","0.00","0.00","21.00","7045.00","147945","自社","2026/09","21.00","0","0","0","0","0","0","0","0","0.00"
"ﾙﾈｯﾀ ﾊﾞﾀﾞF","73/10","0060","48","７３／１０","ｸﾘｽﾀﾙｸﾞﾚｰ･ｼﾙﾊﾞｰ","OEM","1","物流部倉庫","002Z010","11.00","0.00","0.00","11.00","6735.00","74085","自社","2026/09","11.00","0","0","0","0","0","0","0","0","0.00"
"ﾙﾈｯﾀﾊﾞﾀﾞSG","73/10","0090","0","７３／１０","ｽﾓｰｸﾍﾞｰｼﾞｭ･ﾎﾜｲﾄｺﾞｰﾙﾄﾞ","OEM","1","物流部倉庫","002Z010","8.00","0.00","0.00","8.00","7045.00","56360","自社","2026/09","8.00","0","0","0","0","0","0","0","0","0.00"
"ﾙﾈｯﾀ ﾊﾞﾀﾞF","73/10","0090","48","７３／１０","ｽﾓｰｸﾍﾞｰｼﾞｭ･ﾎﾜｲﾄｺﾞｰﾙﾄﾞ","OEM","1","物流部倉庫","002Z010","9.00","0.00","0.00","9.00","6735.00","60615","自社","2026/09","9.00","0","0","0","0","0","0","0","0","0.00"
"ﾙﾈｯﾀﾊﾞﾀﾞSG","73/10","0140","0","７３／１０","ﾀﾞｰｸｸﾞﾚｰ･ﾎﾜｲﾄｺﾞｰﾙﾄﾞ","OEM","1","物流部倉庫","002Z010","15.00","0.00","0.00","15.00","7045.00","105675","自社","2026/09","16.00","0.00","1.00","0.00","0.00","0.00","0.00","0.00","0.00","0.00"
"ﾙﾈｯﾀ ﾊﾞﾀﾞF","73/10","0140","48","７３／１０","ﾀﾞｰｸｸﾞﾚｰ･ﾎﾜｲﾄｺﾞｰﾙﾄﾞ","OEM","1","物流部倉庫","002Z010","6.00","0.00","0.00","6.00","6735.00","40410","自社","2026/09","6.00","0","0","0","0","0","0","0","0","0.00"
"ﾙﾈｯﾀﾊﾞﾀﾞSG","74/02","1231","0","７４／０２","ﾎﾜｲﾄｺﾞｰﾙﾄﾞ･ﾁﾀﾝｸﾞﾚｰ","OEM","1","物流部倉庫","002Z010","10.00","0.00","0.00","10.00","7318.00","73180","自社","2026/09","10.00","0","0","0","0","0","0","0","0","0.00"
"ﾙﾈｯﾀ ﾊﾞﾀﾞF","74/02","1231","48","７４／０２","ﾎﾜｲﾄｺﾞｰﾙﾄﾞ･ﾁﾀﾝｸﾞﾚｰ","OEM","1","物流部倉庫","002Z010","7.00","0.00","0.00","7.00","7008.00","49056","自社","2026/09","6.00","0.00","0.00","1.00","0.00","0.00","0.00","0.00","0.00","0.00"
"ﾙﾈｯﾀﾊﾞﾀﾞSG","74/02","1471","0","７４／０２","ｼﾙﾊﾞｰ･ﾌﾞﾗｯｸ","OEM","1","物流部倉庫","002Z010","12.00","0.00","0.00","12.00","7927.00","95124","自社","2026/09","12.00","0","0","0","0","0","0","0","0","0.00"
"ﾙﾈｯﾀ ﾊﾞﾀﾞF","74/02","1471","48","７４／０２","ｼﾙﾊﾞｰ･ﾌﾞﾗｯｸ","OEM","1","物流部倉庫","002Z010","1.00","0.00","0.00","1.00","7617.00","7617","自社","2026/09","1.00","0","0","0","0","0","0","0","0","0.00"
"ﾙﾈｯﾀﾊﾞﾀﾞSG","74/02","1721","0","７４／０２","ﾌﾞﾗｯｸ･ﾎﾜｲﾄｺﾞｰﾙﾄﾞ","OEM","1","物流部倉庫","002Z010","14.00","0.00","0.00","14.00","7911.00","110754","自社","2026/09","14.00","0","0","0","0","0","0","0","0","0.00"
"ﾙﾈｯﾀ ﾊﾞﾀﾞF","74/02","1721","48","７４／０２","ﾌﾞﾗｯｸ･ﾎﾜｲﾄｺﾞｰﾙﾄﾞ","OEM","1","物流部倉庫","002Z010","2.00","0.00","0.00","2.00","7601.00","15202","自社","2026/09","2.00","0","0","0","0","0","0","0","0","0.00"
"ﾙﾈｯﾀﾊﾞﾀﾞSG","74/03","1021","0","７４／０３","ﾎﾜｲﾄｺﾞｰﾙﾄﾞ","OEM","1","物流部倉庫","002Z010","29.00","0.00","0.00","29.00","8070.00","234030","自社","2026/09","29.00","0","0","0","0","0","0","0","0","0.00"
"ﾙﾈｯﾀ ﾊﾞﾀﾞF","74/03","1021","49","７４／０３","ﾎﾜｲﾄｺﾞｰﾙﾄﾞ","OEM","1","物流部倉庫","002Z010","16.00","0.00","0.00","16.00","7760.00","124160","自社","2026/09","16.00","0","0","0","0","0","0","0","0","0.00"
"ﾙﾈｯﾀﾊﾞﾀﾞSG","74/03","1041","0","７４／０３","ｼﾙﾊﾞｰ","OEM","1","物流部倉庫","002Z010","17.00","0.00","0.00","17.00","8070.00","137190","自社","2026/09","17.00","0","0","0","0","0","0","0","0","0.00"
"ﾙﾈｯﾀ ﾊﾞﾀﾞF","74/03","1041","49","７４／０３","ｼﾙﾊﾞｰ","OEM","1","物流部倉庫","002Z010","12.00","0.00","0.00","12.00","7760.00","93120","自社","2026/09","12.00","0","0","0","0","0","0","0","0","0.00"
"ﾙﾈｯﾀﾊﾞﾀﾞSG","74/03","1061","0","７４／０３","ｶﾞﾝﾒﾀﾙ","OEM","1","物流部倉庫","002Z010","29.00","0.00","0.00","29.00","7808.00","226432","自社","2026/09","29.00","0","0","0","0","0","0","0","0","0.00"
"ﾙﾈｯﾀ ﾊﾞﾀﾞF","74/03","1061","49","７４／０３","ｶﾞﾝﾒﾀﾙ","OEM","1","物流部倉庫","002Z010","3.00","0.00","0.00","3.00","7498.00","22494","自社","2026/09","3.00","0","0","0","0","0","0","0","0","0.00"
"ﾙﾈｯﾀﾊﾞﾀﾞSG","74/03","1071","0","７４／０３","ﾌﾞﾗｯｸ","OEM","1","物流部倉庫","002Z010","23.00","0.00","0.00","23.00","7955.00","182965","自社","2026/09","24.00","0.00","1.00","0.00","0.00","0.00","0.00","0.00","0.00","0.00"
"ﾙﾈｯﾀ ﾊﾞﾀﾞF","74/03","1071","49","７４／０３","ﾌﾞﾗｯｸ","OEM","1","物流部倉庫","002Z010","7.00","0.00","0.00","7.00","7645.00","53515","自社","2026/09","7.00","0","0","0","0","0","0","0","0","0.00"
"ﾙﾈｯﾀﾊﾞﾀﾞSG","74/03","1721","0","７４／０３","ﾌﾞﾗｯｸ･ﾎﾜｲﾄｺﾞｰﾙﾄﾞ","OEM","1","物流部倉庫","002Z010","16.00","0.00","0.00","16.00","8858.00","141728","自社","2026/09","16.00","0","0","0","0","0","0","0","0","0.00"
"ﾙﾈｯﾀ ﾊﾞﾀﾞF","74/03","1721","49","７４／０３","ﾌﾞﾗｯｸ･ﾎﾜｲﾄｺﾞｰﾙﾄﾞ","OEM","1","物流部倉庫","002Z010","3.00","0.00","0.00","3.00","8548.00","25644","自社","2026/09","3.00","0","0","0","0","0","0","0","0","0.00"
"ﾙﾈｯﾀﾊﾞﾀﾞSG","78/01","0010","0","７８／０１","ﾌﾞﾗｯｸ/ﾌﾞﾗｯｸ","OEM","1","物流部倉庫","002Z010","4.00","0.00","0.00","4.00","5437.00","21748","自社","2026/09","4.00","0","0","0","0","0","0","0","0","0.00"
"ﾙﾈｯﾀﾊﾞﾀﾞSG","78/01","0020","0","７８／０１","ｴｸﾘｭ/ﾁﾀﾝｸﾞﾚｰ","OEM","1","物流部倉庫","002Z010","3.00","0.00","0.00","3.00","5196.00","15588","自社","2026/09","3.00","0","0","0","0","0","0","0","0","0.00"
"ﾙﾈｯﾀﾊﾞﾀﾞSG","78/01","0060","0","７８／０１","ｸﾘｽﾀﾙｸﾞﾚｰ/ﾎﾜｲﾄｺﾞｰﾙﾄﾞ","OEM","1","物流部倉庫","002Z010","4.00","0.00","0.00","4.00","5532.00","22128","自社","2026/09","4.00","0","0","0","0","0","0","0","0","0.00"
"ﾙﾈｯﾀﾊﾞﾀﾞSG","78/01","0070","0","７８／０１","ｸﾞﾘｰﾝｸﾞﾚｰ/ﾁﾀﾝｸﾞﾚｰ","OEM","1","物流部倉庫","002Z010","4.00","0.00","0.00","4.00","5196.00","20784","自社","2026/09","4.00","0","0","0","0","0","0","0","0","0.00"
"ﾙﾈｯﾀﾊﾞﾀﾞSG","78/01","0510","0","７８／０１","ﾌﾞﾗｳﾝﾃﾞﾐ/ｸﾞﾚｰｽｺﾞｰﾙﾄﾞ","OEM","1","物流部倉庫","002Z010","3.00","0.00","0.00","3.00","5648.00","16944","自社","2026/09","3.00","0","0","0","0","0","0","0","0","0.00"
"ﾙﾈｯﾀﾊﾞﾀﾞSG","78/02","0010","0","７８／０２","ﾌﾞﾗｯｸ･ｸﾞﾚｰｽｺﾞｰﾙﾄﾞ","OEM","1","物流部倉庫","002Z010","9.00","0.00","0.00","9.00","6246.00","56214","自社","2026/09","9.00","0","0","0","0","0","0","0","0","0.00"
"ﾙﾈｯﾀﾊﾞﾀﾞSG","78/02","0070","0","７８／０２","ｸﾞﾘｰﾝｸﾞﾚｰ･ｼﾙﾊﾞｰｸﾞﾚｰ","OEM","1","物流部倉庫","002Z010","2.00","0.00","0.00","2.00","5794.00","11588","自社","2026/09","2.00","0","0","0","0","0","0","0","0","0.00"
"ﾙﾈｯﾀﾊﾞﾀﾞSG","78/02","0090","0","７８／０２","ｽﾓｰｸﾍﾞｰｼﾞｭ･ｸﾞﾚｰｽｺﾞｰﾙﾄﾞ","OEM","1","物流部倉庫","002Z010","9.00","0.00","0.00","9.00","6246.00","56214","自社","2026/09","9.00","0","0","0","0","0","0","0","0","0.00"
"ﾙﾈｯﾀﾊﾞﾀﾞSG","78/03","0010","0","７８／０３","ﾌﾞﾗｯｸ･ﾀﾞｰｸｶﾞﾝﾒﾀﾙ","OEM","1","物流部倉庫","002Z010","20.00","0.00","0.00","20.00","7809.00","156180","自社","2026/09","20.00","0","0","0","0","0","0","0","0","0.00"
"ﾙﾈｯﾀ ﾊﾞﾀﾞF","78/03","0010","44","７８／０３","ﾌﾞﾗｯｸ･ﾀﾞｰｸｶﾞﾝﾒﾀﾙ","OEM","1","物流部倉庫","002Z010","3.00","0.00","0.00","3.00","7499.00","22497","自社","2026/09","3.00","0","0","0","0","0","0","0","0","0.00"
"ﾙﾈｯﾀﾊﾞﾀﾞSG","78/03","0060","0","７８／０３","ｸﾘｽﾀﾙｸﾞﾚｰ･ﾎﾜｲﾄｺﾞｰﾙﾄﾞ","OEM","1","物流部倉庫","002Z010","17.00","0.00","0.00","17.00","7897.00","134249","自社","2026/09","17.00","0","0","0","0","0","0","0","0","0.00"
"ﾙﾈｯﾀ ﾊﾞﾀﾞF","78/03","0060","44","７８／０３","ｸﾘｽﾀﾙｸﾞﾚｰ･ﾎﾜｲﾄｺﾞｰﾙﾄﾞ","OEM","1","物流部倉庫","002Z010","5.00","0.00","0.00","5.00","7587.00","37935","自社","2026/09","5.00","0","0","0","0","0","0","0","0","0.00"
"ﾙﾈｯﾀﾊﾞﾀﾞSG","78/03","0090","0","７８／０３","ｽﾓｰｸﾍﾞｰｼﾞｭ･ｸﾞﾚｰｽｺﾞｰﾙﾄﾞ","OEM","1","物流部倉庫","002Z010","10.00","0.00","0.00","10.00","8065.00","80650","自社","2026/09","10.00","0","0","0","0","0","0","0","0","0.00"
"ﾙﾈｯﾀ ﾊﾞﾀﾞF","78/03","0090","44","７８／０３","ｽﾓｰｸﾍﾞｰｼﾞｭ･ｸﾞﾚｰｽｺﾞｰﾙﾄﾞ","OEM","1","物流部倉庫","002Z010","1.00","0.00","0.00","1.00","7755.00","7755","自社","2026/09","0.00","0.00","0.00","1.00","0.00","0.00","0.00","0.00","0.00","0.00"
"ﾙﾈｯﾀﾊﾞﾀﾞSG","78/03","0180","0","７８／０３","ﾀﾞｰｸﾈｲﾋﾞｰ･ﾁﾀﾝｸﾞﾚｰ","OEM","1","物流部倉庫","002Z010","30.00","0.00","0.00","30.00","7477.00","224310","自社","2026/09","30.00","0","0","0","0","0","0","0","0","0.00"
"ﾙﾈｯﾀ ﾊﾞﾀﾞF","78/03","0180","44","７８／０３","ﾀﾞｰｸﾈｲﾋﾞｰ･ﾁﾀﾝｸﾞﾚｰ","OEM","1","物流部倉庫","002Z010","3.00","0.00","0.00","3.00","7167.00","21501","自社","2026/09","3.00","0","0","0","0","0","0","0","0","0.00"
"ﾙﾈｯﾀﾊﾞﾀﾞSG","78/03","0560","0","７８／０３","ﾀﾞｰｸﾃﾞﾐ･ｸﾞﾚｰｽｺﾞｰﾙﾄﾞ","OEM","1","物流部倉庫","002Z010","6.00","0.00","0.00","6.00","8065.00","48390","自社","2026/09","6.00","0","0","0","0","0","0","0","0","0.00"
"ﾙﾈｯﾀ ﾊﾞﾀﾞF","78/03","0560","44","７８／０３","ﾀﾞｰｸﾃﾞﾐ･ｸﾞﾚｰｽｺﾞｰﾙﾄﾞ","OEM","1","物流部倉庫","002Z010","3.00","0.00","0.00","3.00","7755.00","23265","自社","2026/09","3.00","0","0","0","0","0","0","0","0","0.00"
"ｱｰﾁｸﾛｽF ﾒｶﾞﾈｽｰﾊﾟｰ","AX0102","0606","54","ＡＸ０１０２","ｸﾞﾚｰ(ﾏｯﾄｼﾙﾊﾞｰ)","OEM","1","物流部倉庫","002Z010","3.00","0.00","0.00","3.00","4093.00","12279","自社","2026/09","3.00","0","0","0","0","0","0","0","0","0.00"
"ﾋﾞｰﾑｽﾃﾞｻﾞｲﾝ ﾎﾟｹｯﾄﾘｰﾀﾞｰ 老眼","BDR1001","1","10","ＢＤＲ－１００１","ｸﾞﾚｰ","プロパー","1","物流部倉庫","002Z010","0.00","0.00","5.00","5.00","538.60","2693","自社","2026/09","5.00","0","0","0","0","0","0","0","0","0.00"
"ﾋﾞｰﾑｽﾃﾞｻﾞｲﾝ ﾎﾟｹｯﾄﾘｰﾀﾞｰ 老眼","BDR1001","1","15","ＢＤＲ－１００１","ｸﾞﾚｰ","プロパー","1","物流部倉庫","002Z010","0.00","0.00","3.00","3.00","538.60","1616","自社","2026/09","3.00","0","0","0","0","0","0","0","0","0.00"
"ﾋﾞｰﾑｽﾃﾞｻﾞｲﾝ ﾎﾟｹｯﾄﾘｰﾀﾞｰ 老眼","BDR1001","2","10","ＢＤＲ－１００１","ﾜｲﾝ","プロパー","1","物流部倉庫","002Z010","11.00","0.00","9.00","20.00","538.60","10772","自社","2026/09","20.00","0","0","0","0","0","0","0","0","0.00"
"ﾋﾞｰﾑｽﾃﾞｻﾞｲﾝ ﾎﾟｹｯﾄﾘｰﾀﾞｰ 老眼","BDR1001","2","15","ＢＤＲ－１００１","ﾜｲﾝ","プロパー","1","物流部倉庫","002Z010","0.00","0.00","13.00","13.00","538.60","7002","自社","2026/09","13.00","0","0","0","0","0","0","0","0","0.00"
"ﾋﾞｰﾑｽﾃﾞｻﾞｲﾝ ﾎﾟｹｯﾄﾘｰﾀﾞｰ 老眼","BDR1001","2","20","ＢＤＲ－１００１","ﾜｲﾝ","プロパー","1","物流部倉庫","002Z010","15.00","0.00","10.00","25.00","538.60","13465","自社","2026/09","25.00","0","0","0","0","0","0","0","0","0.00"
"ﾋﾞｰﾑｽﾃﾞｻﾞｲﾝ ﾎﾟｹｯﾄﾘｰﾀﾞｰ 老眼","BDR1001","2","25","ＢＤＲ－１００１","ﾜｲﾝ","プロパー","1","物流部倉庫","002Z010","0.00","0.00","2.00","2.00","538.60","1077","自社","2026/09","2.00","0","0","0","0","0","0","0","0","0.00"
"ﾋﾞｰﾑｽﾃﾞｻﾞｲﾝ ﾎﾟｹｯﾄﾘｰﾀﾞｰ 老眼","BDR1002","1","10","ＢＤＲ－１００２","ﾌﾞﾗｯｸ/ﾌﾞﾗｳﾝﾃﾞﾐ","プロパー","1","物流部倉庫","002Z010","0.00","0.00","126.00","126.00","566.95","71436","自社","2026/09","127.00","0.00","1.00","0.00","0.00","0.00","0.00","0.00","0.00","0.00"
"ﾋﾞｰﾑｽﾃﾞｻﾞｲﾝ ﾎﾟｹｯﾄﾘｰﾀﾞｰ 老眼","BDR1002","1","15","ＢＤＲ－１００２","ﾌﾞﾗｯｸ/ﾌﾞﾗｳﾝﾃﾞﾐ","プロパー","1","物流部倉庫","002Z010","0.00","0.00","95.00","95.00","566.95","53860","自社","2026/09","98.00","0.00","3.00","0.00","0.00","0.00","0.00","0.00","0.00","0.00"
"ﾋﾞｰﾑｽﾃﾞｻﾞｲﾝ ﾎﾟｹｯﾄﾘｰﾀﾞｰ 老眼","BDR1002","1","20","ＢＤＲ－１００２","ﾌﾞﾗｯｸ/ﾌﾞﾗｳﾝﾃﾞﾐ","プロパー","1","物流部倉庫","002Z010","0.00","0.00","81.00","81.00","566.95","45923","自社","2026/09","81.00","0","0","0","0","0","0","0","0","0.00"
"ﾋﾞｰﾑｽﾃﾞｻﾞｲﾝ ﾎﾟｹｯﾄﾘｰﾀﾞｰ 老眼","BDR1002","1","25","ＢＤＲ－１００２","ﾌﾞﾗｯｸ/ﾌﾞﾗｳﾝﾃﾞﾐ","プロパー","1","物流部倉庫","002Z010","0.00","0.00","67.00","67.00","566.95","37986","自社","2026/09","67.00","0","0","0","0","0","0","0","0","0.00"
"ﾋﾞｰﾑｽﾃﾞｻﾞｲﾝ ﾎﾟｹｯﾄﾘｰﾀﾞｰ 老眼","BDR1002","2","10","ＢＤＲ－１００２","ﾌﾞﾗｳﾝﾃﾞﾐ","プロパー","1","物流部倉庫","002Z010","0.00","0.00","76.00","76.00","566.95","43088","自社","2026/09","77.00","0.00","1.00","0.00","0.00","0.00","0.00","0.00","0.00","0.00"
"ﾋﾞｰﾑｽﾃﾞｻﾞｲﾝ ﾎﾟｹｯﾄﾘｰﾀﾞｰ 老眼","BDR1002","2","15","ＢＤＲ－１００２","ﾌﾞﾗｳﾝﾃﾞﾐ","プロパー","1","物流部倉庫","002Z010","0.00","0.00","53.00","53.00","566.95","30048","自社","2026/09","55.00","0.00","2.00","0.00","0.00","0.00","0.00","0.00","0.00","0.00"
"ﾋﾞｰﾑｽﾃﾞｻﾞｲﾝ ﾎﾟｹｯﾄﾘｰﾀﾞｰ 老眼","BDR1002","2","20","ＢＤＲ－１００２","ﾌﾞﾗｳﾝﾃﾞﾐ","プロパー","1","物流部倉庫","002Z010","0.00","0.00","44.00","44.00","566.95","24946","自社","2026/09","45.00","0.00","1.00","0.00","0.00","0.00","0.00","0.00","0.00","0.00"
"ﾋﾞｰﾑｽﾃﾞｻﾞｲﾝ ﾎﾟｹｯﾄﾘｰﾀﾞｰ 老眼","BDR1002","2","25","ＢＤＲ－１００２","ﾌﾞﾗｳﾝﾃﾞﾐ","プロパー","1","物流部倉庫","002Z010","0.00","0.00","17.00","17.00","566.95","9638","自社","2026/09","17.00","0","0","0","0","0","0","0","0","0.00"
"ﾋﾞｰﾑｽﾃﾞｻﾞｲﾝ ﾎﾟｹｯﾄﾘｰﾀﾞｰ 老眼","BDR1003","1","10","ＢＤＲ－１００３","ﾌﾞﾗｯｸ","プロパー","1","物流部倉庫","002Z010","0.00","0.00","132.00","132.00","566.95","74837","自社","2026/09","132.00","0","0","0","0","0","0","0","0","0.00"
"ﾋﾞｰﾑｽﾃﾞｻﾞｲﾝ ﾎﾟｹｯﾄﾘｰﾀﾞｰ 老眼","BDR1003","1","15","ＢＤＲ－１００３","ﾌﾞﾗｯｸ","プロパー","1","物流部倉庫","002Z010","0.00","0.00","156.00","156.00","566.95","88444","自社","2026/09","158.00","0.00","2.00","0.00","0.00","0.00","0.00","0.00","0.00","0.00"
"ﾋﾞｰﾑｽﾃﾞｻﾞｲﾝ ﾎﾟｹｯﾄﾘｰﾀﾞｰ 老眼","BDR1003","1","20","ＢＤＲ－１００３","ﾌﾞﾗｯｸ","プロパー","1","物流部倉庫","002Z010","0.00","0.00","56.00","56.00","566.95","31749","自社","2026/09","56.00","0","0","0","0","0","0","0","0","0.00"
"ﾋﾞｰﾑｽﾃﾞｻﾞｲﾝ ﾎﾟｹｯﾄﾘｰﾀﾞｰ 老眼","BDR1003","1","25","ＢＤＲ－１００３","ﾌﾞﾗｯｸ","プロパー","1","物流部倉庫","002Z010","0.00","0.00","25.00","25.00","566.95","14174","自社","2026/09","25.00","0","0","0","0","0","0","0","0","0.00"
"ﾋﾞｰﾑｽﾃﾞｻﾞｲﾝ ﾎﾟｹｯﾄﾘｰﾀﾞｰ 老眼","BDR1003","2","10","ＢＤＲ－１００３","ｸﾞﾚｰ","プロパー","1","物流部倉庫","002Z010","0.00","0.00","143.00","143.00","566.95","81074","自社","2026/09","144.00","0.00","1.00","0.00","0.00","0.00","0.00","0.00","0.00","0.00"
"ﾋﾞｰﾑｽﾃﾞｻﾞｲﾝ ﾎﾟｹｯﾄﾘｰﾀﾞｰ 老眼","BDR1003","2","15","ＢＤＲ－１００３","ｸﾞﾚｰ","プロパー","1","物流部倉庫","002Z010","0.00","0.00","148.00","148.00","566.95","83909","自社","2026/09","149.00","0.00","1.00","0.00","0.00","0.00","0.00","0.00","0.00","0.00"
"ﾋﾞｰﾑｽﾃﾞｻﾞｲﾝ ﾎﾟｹｯﾄﾘｰﾀﾞｰ 老眼","BDR1003","2","20","ＢＤＲ－１００３","ｸﾞﾚｰ","プロパー","1","物流部倉庫","002Z010","0.00","0.00","34.00","34.00","569.70","19370","自社","2026/09","34.00","0","0","0","0","0","0","0","0","0.00"
"ﾋﾞｰﾑｽﾃﾞｻﾞｲﾝ ﾎﾟｹｯﾄﾘｰﾀﾞｰ 老眼","BDR1003","2","25","ＢＤＲ－１００３","ｸﾞﾚｰ","プロパー","1","物流部倉庫","002Z010","0.00","0.00","47.00","47.00","569.70","26776","自社","2026/09","47.00","0","0","0","0","0","0","0","0","0.00"
"ﾋﾞｰﾑｽﾃﾞｻﾞｲﾝ ﾘｰﾃﾞｨﾝｸﾞ老眼","BDR3001","1","100","ＢＤＲ－３００１","ﾎﾜｲﾄｺﾞｰﾙﾄﾞ","プロパー","1","物流部倉庫","002Z010","0.00","0.00","63.00","63.00","780.45","49168","自社","2026/09","63.00","0.00","1.00","1.00","0.00","0.00","0.00","0.00","0.00","0.00"
"ﾋﾞｰﾑｽﾃﾞｻﾞｲﾝ ﾘｰﾃﾞｨﾝｸﾞ老眼","BDR3001","1","125","ＢＤＲ－３００１","ﾎﾜｲﾄｺﾞｰﾙﾄﾞ","プロパー","1","物流部倉庫","002Z010","0.00","0.00","2.00","2.00","780.45","1561","自社","2026/09","2.00","0","0","0","0","0","0","0","0","0.00"
"ﾋﾞｰﾑｽﾃﾞｻﾞｲﾝ ﾘｰﾃﾞｨﾝｸﾞ老眼","BDR3001","1","150","ＢＤＲ－３００１","ﾎﾜｲﾄｺﾞｰﾙﾄﾞ","プロパー","1","物流部倉庫","002Z010","0.00","0.00","89.00","89.00","780.45","69460","自社","2026/09","92.00","0.00","3.00","0.00","0.00","0.00","0.00","0.00","0.00","0.00"
"ﾋﾞｰﾑｽﾃﾞｻﾞｲﾝ ﾘｰﾃﾞｨﾝｸﾞ老眼","BDR3001","1","200","ＢＤＲ－３００１","ﾎﾜｲﾄｺﾞｰﾙﾄﾞ","プロパー","1","物流部倉庫","002Z010","0.00","0.00","49.00","49.00","780.45","38242","自社","2026/09","49.00","0","0","0","0","0","0","0","0","0.00"
"ﾋﾞｰﾑｽﾃﾞｻﾞｲﾝ ﾘｰﾃﾞｨﾝｸﾞ老眼","BDR3001","2","100","ＢＤＲ－３００１","ｾﾐﾏｯﾄﾌﾞﾗｯｸ","プロパー","1","物流部倉庫","002Z010","0.00","0.00","65.00","65.00","780.45","50729","自社","2026/09","69.00","0.00","4.00","0.00","0.00","0.00","0.00","0.00","0.00","0.00"
"ﾋﾞｰﾑｽﾃﾞｻﾞｲﾝ ﾘｰﾃﾞｨﾝｸﾞ老眼","BDR3001","2","150","ＢＤＲ－３００１","ｾﾐﾏｯﾄﾌﾞﾗｯｸ","プロパー","1","物流部倉庫","002Z010","0.00","0.00","82.00","82.00","780.45","63997","自社","2026/09","82.00","0.00","1.00","1.00","0.00","0.00","0.00","0.00","0.00","0.00"
"ﾋﾞｰﾑｽﾃﾞｻﾞｲﾝ ﾘｰﾃﾞｨﾝｸﾞ老眼","BDR3001","2","200","ＢＤＲ－３００１","ｾﾐﾏｯﾄﾌﾞﾗｯｸ","プロパー","1","物流部倉庫","002Z010","0.00","0.00","54.00","54.00","780.45","42144","自社","2026/09","55.00","0.00","1.00","0.00","0.00","0.00","0.00","0.00","0.00","0.00"
"ﾋﾞｰﾑｽﾃﾞｻﾞｲﾝ ﾘｰﾃﾞｨﾝｸﾞ老眼","BDR3002","1","50","ＢＤＲ－３００２","ﾏｯﾄｺﾞｰﾙﾄﾞ(ｸﾘｱﾗｲﾄﾍﾞｰｼﾞｭ)","プロパー","1","物流部倉庫","002Z010","0.00","0.00","1.00","1.00","1265.55","1266","自社","2026/09","1.00","0","0","0","0","0","0","0","0","0.00"
"ﾋﾞｰﾑｽﾃﾞｻﾞｲﾝ ﾘｰﾃﾞｨﾝｸﾞ老眼","BDR3002","1","100","ＢＤＲ－３００２","ﾏｯﾄｺﾞｰﾙﾄﾞ(ｸﾘｱﾗｲﾄﾍﾞｰｼﾞｭ)","プロパー","1","物流部倉庫","002Z010","0.00","0.00","118.00","118.00","1265.55","149335","自社","2026/09","118.00","0.00","1.00","1.00","0.00","0.00","0.00","0.00","0.00","0.00"
"ﾋﾞｰﾑｽﾃﾞｻﾞｲﾝ ﾘｰﾃﾞｨﾝｸﾞ老眼","BDR3002","1","150","ＢＤＲ－３００２","ﾏｯﾄｺﾞｰﾙﾄﾞ(ｸﾘｱﾗｲﾄﾍﾞｰｼﾞｭ)","プロパー","1","物流部倉庫","002Z010","0.00","0.00","117.00","117.00","1265.55","148069","自社","2026/09","118.00","0.00","1.00","0.00","0.00","0.00","0.00","0.00","0.00","0.00"
"ﾋﾞｰﾑｽﾃﾞｻﾞｲﾝ ﾘｰﾃﾞｨﾝｸﾞ老眼","BDR3002","1","200","ＢＤＲ－３００２","ﾏｯﾄｺﾞｰﾙﾄﾞ(ｸﾘｱﾗｲﾄﾍﾞｰｼﾞｭ)","プロパー","1","物流部倉庫","002Z010","0.00","0.00","69.00","69.00","1265.55","87323","自社","2026/09","70.00","0.00","1.00","0.00","0.00","0.00","0.00","0.00","0.00","0.00"
"ﾋﾞｰﾑｽﾃﾞｻﾞｲﾝ ﾘｰﾃﾞｨﾝｸﾞ老眼","BDR3002","2","100","ＢＤＲ－３００２","ｸﾞﾚｰ(ﾌﾞﾗｯｸ)","プロパー","1","物流部倉庫","002Z010","0.00","0.00","59.00","59.00","1265.55","74667","自社","2026/09","66.00","0.00","7.00","0.00","0.00","0.00","0.00","0.00","0.00","0.00"
"ﾋﾞｰﾑｽﾃﾞｻﾞｲﾝ ﾘｰﾃﾞｨﾝｸﾞ老眼","BDR3002","2","150","ＢＤＲ－３００２","ｸﾞﾚｰ(ﾌﾞﾗｯｸ)","プロパー","1","物流部倉庫","002Z010","0.00","0.00","57.00","57.00","1265.55","72136","自社","2026/09","60.00","0.00","4.00","1.00","0.00","0.00","0.00","0.00","0.00","0.00"
"ﾋﾞｰﾑｽﾃﾞｻﾞｲﾝ ﾘｰﾃﾞｨﾝｸﾞ老眼","BDR3002","2","200","ＢＤＲ－３００２","ｸﾞﾚｰ(ﾌﾞﾗｯｸ)","プロパー","1","物流部倉庫","002Z010","0.00","0.00","39.00","39.00","1265.55","49356","自社","2026/09","40.00","0.00","1.00","0.00","0.00","0.00","0.00","0.00","0.00","0.00"
"ﾋﾞｰﾑｽﾃﾞｻﾞｲﾝ ﾘｰﾃﾞｨﾝｸﾞ老眼","BDR3003","1","150","ＢＤＲ－３００３","ﾌﾞﾗｳﾝﾃﾞﾐ","プロパー","1","物流部倉庫","002Z010","0.00","0.00","2.00","2.00","1065.90","2132","自社","2026/09","2.00","0","0","0","0","0","0","0","0","0.00"
"ﾋﾞｰﾑｽﾃﾞｻﾞｲﾝ ﾘｰﾃﾞｨﾝｸﾞ老眼","BDR3003","2","50","ＢＤＲ－３００３","ﾌﾞﾗｯｸ","プロパー","1","物流部倉庫","002Z010","0.00","0.00","1.00","1.00","985.05","985","自社","2026/09","1.00","0","0","0","0","0","0","0","0","0.00"
"ﾋﾞｰﾑｽﾃﾞｻﾞｲﾝ ﾘｰﾃﾞｨﾝｸﾞ老眼","BDR3003","2","100","ＢＤＲ－３００３","ﾌﾞﾗｯｸ","プロパー","1","物流部倉庫","002Z010","0.00","0.00","1.00","1.00","985.05","985","自社","2026/09","1.00","0","0","0","0","0","0","0","0","0.00"
"ﾋﾞｰﾑｽﾃﾞｻﾞｲﾝ ﾘｰﾃﾞｨﾝｸﾞ老眼","BDR3003","2","125","ＢＤＲ－３００３","ﾌﾞﾗｯｸ","プロパー","1","物流部倉庫","002Z010","1.00","0.00","1.00","2.00","985.05","1970","自社","2026/09","2.00","0","0","0","0","0","0","0","0","0.00"
"ﾋﾞｰﾑｽﾃﾞｻﾞｲﾝ ﾘｰﾃﾞｨﾝｸﾞ老眼","BDR3003","2","150","ＢＤＲ－３００３","ﾌﾞﾗｯｸ","プロパー","1","物流部倉庫","002Z010","0.00","0.00","12.00","12.00","985.05","11821","自社","2026/09","17.00","0.00","6.00","1.00","0.00","0.00","0.00","0.00","0.00","0.00"
"ﾋﾞｰﾑｽﾃﾞｻﾞｲﾝ ﾘｰﾃﾞｨﾝｸﾞ老眼","BDR3004","1","100","ＢＤＲ－３００４","ｸﾘｱﾌﾞﾗｳﾝ","プロパー","1","物流部倉庫","002Z010","0.00","0.00","129.00","129.00","958.65","123666","自社","2026/09","132.00","0.00","4.00","1.00","0.00","0.00","0.00","0.00","0.00","0.00"
"ﾋﾞｰﾑｽﾃﾞｻﾞｲﾝ ﾘｰﾃﾞｨﾝｸﾞ老眼","BDR3004","1","150","ＢＤＲ－３００４","ｸﾘｱﾌﾞﾗｳﾝ","プロパー","1","物流部倉庫","002Z010","0.00","0.00","123.00","123.00","958.65","117914","自社","2026/09","123.00","0","0","0","0","0","0","0","0","0.00"
"ﾋﾞｰﾑｽﾃﾞｻﾞｲﾝ ﾘｰﾃﾞｨﾝｸﾞ老眼","BDR3004","1","200","ＢＤＲ－３００４","ｸﾘｱﾌﾞﾗｳﾝ","プロパー","1","物流部倉庫","002Z010","0.00","0.00","63.00","63.00","958.65","60395","自社","2026/09","63.00","0","0","0","0","0","0","0","0","0.00"
"ﾋﾞｰﾑｽﾃﾞｻﾞｲﾝ ﾘｰﾃﾞｨﾝｸﾞ老眼","BDR3004","2","75","ＢＤＲ－３００４","ﾌﾞﾗｯｸ","プロパー","1","物流部倉庫","002Z010","0.00","0.00","1.00","1.00","958.65","959","自社","2026/09","1.00","0","0","0","0","0","0","0","0","0.00"
"ﾋﾞｰﾑｽﾃﾞｻﾞｲﾝ ﾘｰﾃﾞｨﾝｸﾞ老眼","BDR3004","2","100","ＢＤＲ－３００４","ﾌﾞﾗｯｸ","プロパー","1","物流部倉庫","002Z010","0.00","0.00","145.00","145.00","958.65","139004","自社","2026/09","146.00","0.00","1.00","0.00","0.00","0.00","0.00","0.00","0.00","0.00"
"ﾋﾞｰﾑｽﾃﾞｻﾞｲﾝ ﾘｰﾃﾞｨﾝｸﾞ老眼","BDR3004","2","125","ＢＤＲ－３００４","ﾌﾞﾗｯｸ","プロパー","1","物流部倉庫","002Z010","0.00","0.00","2.00","2.00","958.65","1917","自社","2026/09","2.00","0","0","0","0","0","0","0","0","0.00"
"ﾋﾞｰﾑｽﾃﾞｻﾞｲﾝ ﾘｰﾃﾞｨﾝｸﾞ老眼","BDR3004","2","150","ＢＤＲ－３００４","ﾌﾞﾗｯｸ","プロパー","1","物流部倉庫","002Z010","0.00","0.00","133.00","133.00","958.65","127500","自社","2026/09","136.00","0.00","4.00","1.00","0.00","0.00","0.00","0.00","0.00","0.00"
"ﾋﾞｰﾑｽﾃﾞｻﾞｲﾝ ﾘｰﾃﾞｨﾝｸﾞ老眼","BDR3004","2","200","ＢＤＲ－３００４","ﾌﾞﾗｯｸ","プロパー","1","物流部倉庫","002Z010","0.00","0.00","66.00","66.00","958.65","63271","自社","2026/09","68.00","0.00","2.00","0.00","0.00","0.00","0.00","0.00","0.00","0.00"
"ｶﾚﾝF 富士ﾒｶﾞﾈ","CU1001","1","46","ＣＵ－１００１","ﾌﾞﾗｳﾝﾃﾞﾐ","OEM","1","物流部倉庫","002Z010","52.00","0.00","0.00","52.00","1188.00","61776","自社","2026/09","52.00","0","0","0","0","0","0","0","0","0.00"
"ｶﾚﾝF 富士ﾒｶﾞﾈ","CU1001","4","46","ＣＵ－１００１","ｸﾞﾚｰｻｻﾏｰﾌﾞﾙ","OEM","1","物流部倉庫","002Z010","37.00","0.00","0.00","37.00","1188.00","43956","自社","2026/09","37.00","0","0","0","0","0","0","0","0","0.00"
"ｶﾚﾝF 富士ﾒｶﾞﾈ","CU1001","5","46","ＣＵ－１００１","ｸﾞﾘｰﾝｻｻ","OEM","1","物流部倉庫","002Z010","30.00","0.00","0.00","30.00","1188.00","35640","自社","2026/09","30.00","0","0","0","0","0","0","0","0","0.00"
"ﾋﾞｼﾞｮﾝｵﾘｼﾞﾅﾙF","DFT006","1","53","ＤＦＴ－００６","ﾍｱﾗｲﾝｺﾞｰﾙﾄﾞ･ﾌﾞﾗｯｸﾏｯﾄ","OEM","1","物流部倉庫","002Z010","48.00","0.00","0.00","48.00","3100.00","148800","自社","2026/09","48.00","0","0","0","0","0","0","0","0","0.00"
"ﾋﾞｼﾞｮﾝｵﾘｼﾞﾅﾙF","DFT006","2","53","ＤＦＴ－００６","ﾍｱﾗｲﾝｸﾞﾚｰ","OEM","1","物流部倉庫","002Z010","40.00","0.00","0.00","40.00","3100.00","124000","自社","2026/09","40.00","0","0","0","0","0","0","0","0","0.00"
"ﾋﾞｼﾞｮﾝｵﾘｼﾞﾅﾙF","DFT006","3","53","ＤＦＴ－００６","ｸﾞﾚｰ･ﾈｲﾋﾞｰﾏｯﾄ","OEM","1","物流部倉庫","002Z010","56.00","0.00","0.00","56.00","3100.00","173600","自社","2026/09","56.00","0","0","0","0","0","0","0","0","0.00"
"ﾃﾞｻﾞｲﾝﾌﾗｲﾄF ﾋﾞｼﾞｮﾝ","DFT011","2","54","ＤＦＴ－０１１","ｶﾞﾝﾒﾀﾙ","OEM","1","物流部倉庫","002Z010","20.00","0.00","0.00","20.00","2530.00","50600","自社","2026/09","20.00","0","0","0","0","0","0","0","0","0.00"
"ﾃﾞｻﾞｲﾝﾌﾗｲﾄF ﾋﾞｼﾞｮﾝ","DFT016","1","55","ＤＦＴ－０１６","ﾍｱﾗｲﾝﾜｲﾝﾌﾞﾗｳﾝ","OEM","1","物流部倉庫","002Z010","20.00","0.00","0.00","20.00","2363.00","47260","自社","2026/09","40.00","0.00","20.00","0.00","0.00","0.00","0.00","0.00","0.00","0.00"
"ﾃﾞｻﾞｲﾝﾌﾗｲﾄF ﾋﾞｼﾞｮﾝ","DFT016","2","55","ＤＦＴ－０１６","ｶﾞﾝﾒﾀﾙ","OEM","1","物流部倉庫","002Z010","20.00","0.00","0.00","20.00","2363.00","47260","自社","2026/09","40.00","0.00","20.00","0.00","0.00","0.00","0.00","0.00","0.00","0.00"
"ﾃﾞｻﾞｲﾝﾌﾗｲﾄF ﾋﾞｼﾞｮﾝ","DFT016","3","55","ＤＦＴ－０１６","ﾀﾞｰｸｸﾞﾚｰ","OEM","1","物流部倉庫","002Z010","20.00","0.00","0.00","20.00","2363.00","47260","自社","2026/09","40.00","0.00","20.00","0.00","0.00","0.00","0.00","0.00","0.00","0.00"
"ﾃﾞｻﾞｲﾝﾌﾗｲﾄF ﾋﾞｼﾞｮﾝ","DFT017","1","54","ＤＦＴ－０１７","ﾗｲﾄｸﾞﾚｰ","OEM","1","物流部倉庫","002Z010","12.00","0.00","0.00","12.00","2685.00","32220","自社","2026/09","12.00","0","0","0","0","0","0","0","0","0.00"
"ﾃﾞｻﾞｲﾝﾌﾗｲﾄF ﾋﾞｼﾞｮﾝ","DFT017","2","54","ＤＦＴ－０１７","ﾍｱﾗｲﾝｸﾞﾚｰ","OEM","1","物流部倉庫","002Z010","2.00","0.00","0.00","2.00","2685.00","5370","自社","2026/09","2.00","0","0","0","0","0","0","0","0","0.00"
"ﾃﾞｻﾞｲﾝﾌﾗｲﾄF ﾋﾞｼﾞｮﾝ","DFT017","3","54","ＤＦＴ－０１７","ﾀﾞｰｸｸﾞﾚｰ","OEM","1","物流部倉庫","002Z010","11.00","0.00","0.00","11.00","2685.00","29535","自社","2026/09","11.00","0","0","0","0","0","0","0","0","0.00"
"ﾃﾞｻﾞｲﾝﾌﾗｲﾄF ﾋﾞｼﾞｮﾝ","DFT018","1","55","ＤＦＴ－０１８","ﾗｲﾄｸﾞﾚｰ","OEM","1","物流部倉庫","002Z010","50.00","0.00","0.00","50.00","2342.00","117100","自社","2026/09","70.00","0.00","20.00","0.00","0.00","0.00","0.00","0.00","0.00","0.00"
"ﾃﾞｻﾞｲﾝﾌﾗｲﾄF ﾋﾞｼﾞｮﾝ","DFT018","2","55","ＤＦＴ－０１８","ﾀﾞｰｸﾈｲﾋﾞｰ","OEM","1","物流部倉庫","002Z010","50.00","0.00","0.00","50.00","2342.00","117100","自社","2026/09","70.00","0.00","20.00","0.00","0.00","0.00","0.00","0.00","0.00","0.00"
"ﾃﾞｻﾞｲﾝﾌﾗｲﾄF ﾋﾞｼﾞｮﾝ","DFT018","3","55","ＤＦＴ－０１８","ﾏｯﾄﾌﾞﾗｯｸ","OEM","1","物流部倉庫","002Z010","50.00","0.00","0.00","50.00","2342.00","117100","自社","2026/09","70.00","0.00","20.00","0.00","0.00","0.00","0.00","0.00","0.00","0.00"
"ﾃﾞｻﾞｲﾝﾌﾗｲﾄF ﾋﾞｼﾞｮﾝ","DFT019","1","55","ＤＦＴ－０１９","ﾍｱﾗｲﾝｸﾞﾚｰ","OEM","1","物流部倉庫","002Z010","50.00","0.00","0.00","50.00","2355.00","117750","自社","2026/09","70.00","0.00","20.00","0.00","0.00","0.00","0.00","0.00","0.00","0.00"
"ﾃﾞｻﾞｲﾝﾌﾗｲﾄF ﾋﾞｼﾞｮﾝ","DFT019","2","55","ＤＦＴ－０１９","ﾀﾞｰｸﾈｲﾋﾞｰ","OEM","1","物流部倉庫","002Z010","50.00","0.00","0.00","50.00","2355.00","117750","自社","2026/09","70.00","0.00","20.00","0.00","0.00","0.00","0.00","0.00","0.00","0.00"
"ﾃﾞｻﾞｲﾝﾌﾗｲﾄF ﾋﾞｼﾞｮﾝ","DFT019","3","55","ＤＦＴ－０１９","ﾀﾞｰｸｸﾞﾚｰ","OEM","1","物流部倉庫","002Z010","50.00","0.00","0.00","50.00","2355.00","117750","自社","2026/09","70.00","0.00","20.00","0.00","0.00","0.00","0.00","0.00","0.00","0.00"
"EVOL OVAL F ｷｸﾁﾒｶﾞﾈ","EV3001M","1","54","ＥＶ－３００１Ｍ","IPｼｬｰﾘﾝｸﾞﾌﾞﾗｯｸ","OEM","1","物流部倉庫","002Z010","1.00","0.00","0.00","1.00","1895.50","1896","自社","2026/09","1.00","0","0","0","0","0","0","0","0","0.00"
"EVOL OVAL F ｷｸﾁﾒｶﾞﾈ","EV3001M","2","54","ＥＶ－３００１Ｍ","IPｼｬｰﾘﾝｸﾞｸﾞﾚｰ","OEM","1","物流部倉庫","002Z010","1.00","0.00","0.00","1.00","1895.50","1896","自社","2026/09","1.00","0","0","0","0","0","0","0","0","0.00"
"EVOL OVAL F ｷｸﾁﾒｶﾞﾈ","EV3002","1","48","ＥＶ－３００２","IPｼｬｰﾘﾝｸﾞﾌﾞﾗｳﾝ","OEM","1","物流部倉庫","002Z010","2.00","0.00","0.00","2.00","2491.50","4983","自社","2026/09","2.00","0","0","0","0","0","0","0","0","0.00"
"EVOL OVAL F ｷｸﾁﾒｶﾞﾈ","EV3002","2","48","ＥＶ－３００２","IPｼｬｰﾘﾝｸﾞｸﾞﾚｰ","OEM","1","物流部倉庫","002Z010","2.00","0.00","0.00","2.00","2491.50","4983","自社","2026/09","2.00","0","0","0","0","0","0","0","0","0.00"
"EVOL OVAL F ｷｸﾁﾒｶﾞﾈ","EV3002M","3","49","ＥＶ－３００２Ｍ","IPﾏｯﾄﾌﾞﾗｯｸ","OEM","1","物流部倉庫","002Z010","2.00","0.00","0.00","2.00","1958.55","3917","自社","2026/09","2.00","0","0","0","0","0","0","0","0","0.00"
"EVOL OVAL F ｷｸﾁﾒｶﾞﾈ","EV3002M","4","49","ＥＶ－３００２Ｍ","IPｼｬｰﾘﾝｸﾞｺﾞｰﾙﾄﾞ","OEM","1","物流部倉庫","002Z010","1.00","0.00","0.00","1.00","1958.55","1959","自社","2026/09","1.00","0","0","0","0","0","0","0","0","0.00"
"EVOL OVAL F ｷｸﾁﾒｶﾞﾈ","EV3003","1","55","ＥＶ－３００３","IPｼｬｰﾘﾝｸﾞｶﾞﾝﾒﾀﾙ","OEM","1","物流部倉庫","002Z010","2.00","0.00","0.00","2.00","2491.50","4983","自社","2026/09","2.00","0","0","0","0","0","0","0","0","0.00"
"EVOL OVAL F ｷｸﾁﾒｶﾞﾈ","EV3003M","2","56","ＥＶ－３００３Ｍ","ﾏｯﾄﾈｲﾋﾞｰ","OEM","1","物流部倉庫","002Z010","3.00","0.00","0.00","3.00","1958.55","5876","自社","2026/09","3.00","0","0","0","0","0","0","0","0","0.00"
"EVOL OVAL F ｷｸﾁﾒｶﾞﾈ","EV3003M","3","56","ＥＶ－３００３Ｍ","IPｼｬｰﾘﾝｸﾞｼﾙﾊﾞｰ","OEM","1","物流部倉庫","002Z010","3.00","0.00","0.00","3.00","1958.55","5876","自社","2026/09","3.00","0","0","0","0","0","0","0","0","0.00"
"EVOL OVAL F ｷｸﾁﾒｶﾞﾈ","EV3003M","4","56","ＥＶ－３００３Ｍ","IPﾌﾞﾗｳﾝ","OEM","1","物流部倉庫","002Z010","5.00","0.00","0.00","5.00","1958.55","9793","自社","2026/09","5.00","0","0","0","0","0","0","0","0","0.00"
"ﾏｲﾄﾞｩF ﾋﾞｼﾞｮﾝﾒｶﾞﾈ","MDJ2001","BK/RE","50","ＭＤＪ２００１","ﾌﾞﾗｯｸ/ﾚｯﾄﾞ","OEM","1","物流部倉庫","002Z010","17.00","1.00","0.00","18.00","1333.20","23998","自社","2026/09","33.00","0.00","15.00","0.00","0.00","0.00","0.00","0.00","0.00","0.00"
"ﾏｲﾄﾞｩF ﾋﾞｼﾞｮﾝﾒｶﾞﾈ","MDJ2001","BLGR","50","ＭＤＪ２００１","ﾌﾞﾙｰｸﾞﾚｰ","OEM","1","物流部倉庫","002Z010","57.00","0.00","0.00","57.00","1333.20","75992","自社","2026/09","82.00","0.00","25.00","0.00","0.00","0.00","0.00","0.00","0.00","0.00"
"ﾏｲﾄﾞｩF ﾋﾞｼﾞｮﾝﾒｶﾞﾈ","MDJ2001","NV","50","ＭＤＪ２００１","ﾈｲﾋﾞｰ","OEM","1","物流部倉庫","002Z010","30.00","1.00","0.00","31.00","1333.20","41329","自社","2026/09","51.00","0.00","20.00","0.00","0.00","0.00","0.00","0.00","0.00","0.00"
"ﾏｲﾄﾞｩF ﾋﾞｼﾞｮﾝﾒｶﾞﾈ","MDJ2002","BK","52","ＭＤＪ２００２","ﾌﾞﾗｯｸ","OEM","1","物流部倉庫","002Z010","32.00","1.00","0.00","33.00","1333.20","43996","自社","2026/09","63.00","0.00","30.00","0.00","0.00","0.00","0.00","0.00","0.00","0.00"
"ﾏｲﾄﾞｩF ﾋﾞｼﾞｮﾝﾒｶﾞﾈ","MDJ2002","GR/BL","52","ＭＤＪ２００２","ｸﾞﾚｰ/ﾌﾞﾙｰ","OEM","1","物流部倉庫","002Z010","94.00","1.00","0.00","95.00","1333.20","126654","自社","2026/09","125.00","0.00","30.00","0.00","0.00","0.00","0.00","0.00","0.00","0.00"
"ﾏｲﾄﾞｩF ﾋﾞｼﾞｮﾝﾒｶﾞﾈ","MDJ2002","KH","52","ＭＤＪ２００２","ｶｰｷ","OEM","1","物流部倉庫","002Z010","36.00","1.00","0.00","37.00","1333.20","49328","自社","2026/09","57.00","0.00","20.00","0.00","0.00","0.00","0.00","0.00","0.00","0.00"
"ﾏｲﾄﾞｩF ﾋﾞｼﾞｮﾝﾒｶﾞﾈ","MDJ2003","DM","46","ＭＤＪ２００３","ﾃﾞﾐ","OEM","1","物流部倉庫","002Z010","12.00","0.00","0.00","12.00","1425.60","17107","自社","2026/09","22.00","0.00","10.00","0.00","0.00","0.00","0.00","0.00","0.00","0.00"
"ﾏｲﾄﾞｩF ﾋﾞｼﾞｮﾝﾒｶﾞﾈ","MDS2003","BR","52","ＭＤＳ２００３","ﾌﾞﾗｳﾝ","OEM","1","物流部倉庫","002Z010","14.00","0.00","0.00","14.00","1519.65","21275","自社","2026/09","14.00","0","0","0","0","0","0","0","0","0.00"
"ﾏｲﾄﾞｩF ﾋﾞｼﾞｮﾝﾒｶﾞﾈ","MDS2004","BK","55","ＭＤＳ２００４","ﾌﾞﾗｯｸ","OEM","1","物流部倉庫","002Z010","8.00","0.00","0.00","8.00","1519.65","12157","自社","2026/09","8.00","0","0","0","0","0","0","0","0","0.00"
"ﾏｲﾄﾞｩF ﾋﾞｼﾞｮﾝﾒｶﾞﾈ","MDS2004","MGM","55","ＭＤＳ２００４","ﾏｯﾄｶﾞﾝﾒﾀﾙ","OEM","1","物流部倉庫","002Z010","3.00","0.00","0.00","3.00","1519.65","4559","自社","2026/09","3.00","0","0","0","0","0","0","0","0","0.00"
"ﾏｲﾄﾞｩF ﾋﾞｼﾞｮﾝﾒｶﾞﾈ","MDS2004","NV","55","ＭＤＳ２００４","ﾈｲﾋﾞｰ","OEM","1","物流部倉庫","002Z010","10.00","0.00","0.00","10.00","1519.65","15197","自社","2026/09","10.00","0","0","0","0","0","0","0","0","0.00"
"ﾏｲﾄﾞｩF ﾋﾞｼﾞｮﾝﾒｶﾞﾈ","MDS2005","BK","49","ＭＤＳ２００５","ﾌﾞﾗｯｸ","OEM","1","物流部倉庫","002Z010","7.00","0.00","0.00","7.00","1519.65","10638","自社","2026/09","7.00","0","0","0","0","0","0","0","0","0.00"
"ﾏｲﾄﾞｩF ﾋﾞｼﾞｮﾝﾒｶﾞﾈ","MDS2005","BR","49","ＭＤＳ２００５","ﾌﾞﾗｳﾝ","OEM","1","物流部倉庫","002Z010","11.00","0.00","0.00","11.00","1519.65","16716","自社","2026/09","11.00","0","0","0","0","0","0","0","0","0.00"
"ﾏｲﾄﾞｩF ﾋﾞｼﾞｮﾝﾒｶﾞﾈ","MDS2005","KH","49","ＭＤＳ２００５","ｶｰｷ","OEM","1","物流部倉庫","002Z010","16.00","0.00","0.00","16.00","1519.65","24314","自社","2026/09","16.00","0","0","0","0","0","0","0","0","0.00"
"老眼F","MOR001","1","15","ＭＯＲ－００１","ﾊﾟｰﾌﾟﾙ","プロパー","1","物流部倉庫","002Z010","0.00","0.00","1.00","1.00","2000.00","2000","自社","2026/09","1.00","0","0","0","0","0","0","0","0","0.00"
"老眼F","MOR001","1","35","ＭＯＲ－００１","ﾊﾟｰﾌﾟﾙ","プロパー","1","物流部倉庫","002Z010","0.00","0.00","4.00","4.00","2000.00","8000","自社","2026/09","6.00","0.00","2.00","0.00","0.00","0.00","0.00","0.00","0.00","0.00"
"老眼F","MOR001","2","35","ＭＯＲ－００１","ﾚｯﾄﾞ","プロパー","1","物流部倉庫","002Z010","0.00","0.00","2.00","2.00","2000.00","4000","自社","2026/09","2.00","0","0","0","0","0","0","0","0","0.00"
"ﾙﾈｯﾀﾊﾞﾀﾞSG","NO.10","0020","0","Ｎｏ．１０","ｸﾘｱｸﾞﾚｰ","OEM","1","物流部倉庫","002Z010","9.00","0.00","0.00","9.00","6242.00","56178","自社","2026/09","9.00","0","0","0","0","0","0","0","0","0.00"
"ﾙﾈｯﾀﾊﾞﾀﾞSG","NO.10","0070","0","Ｎｏ．１０","ｸﾞﾘｰﾝｸﾞﾚｰ","OEM","1","物流部倉庫","002Z010","20.00","0.00","0.00","20.00","6092.00","121840","自社","2026/09","20.00","0","0","0","0","0","0","0","0","0.00"
"ﾙﾈｯﾀﾊﾞﾀﾞSG","NO.10","0080","0","Ｎｏ．１０","ｻﾝﾄﾞ","OEM","1","物流部倉庫","002Z010","6.00","0.00","0.00","6.00","6142.00","36852","自社","2026/09","6.00","0","0","0","0","0","0","0","0","0.00"
"ﾙﾈｯﾀﾊﾞﾀﾞSG","NO.10","0510","0","Ｎｏ．１０","ﾌﾞﾗｳﾝﾃﾞﾐ","OEM","1","物流部倉庫","002Z010","1.00","0.00","0.00","1.00","6492.00","6492","自社","2026/09","1.00","0","0","0","0","0","0","0","0","0.00"
"ﾙﾈｯﾀﾊﾞﾀﾞSG","NO.139","0010","0","Ｎｏ．１３９","ﾌﾞﾗｯｸ･ｺﾞｰﾙﾄﾞ","OEM","1","物流部倉庫","002Z010","17.00","0.00","0.00","17.00","7686.00","130662","自社","2026/09","16.00","0.00","0.00","1.00","0.00","0.00","0.00","0.00","0.00","0.00"
"ﾙﾈｯﾀﾊﾞﾀﾞSG","NO.139","0021","0","Ｎｏ．１３９","ﾏｯﾄｴｸﾘｭ･ｼﾙﾊﾞｰ","OEM","1","物流部倉庫","002Z010","15.00","0.00","0.00","15.00","7536.00","113040","自社","2026/09","14.00","0.00","0.00","1.00","0.00","0.00","0.00","0.00","0.00","0.00"
"ﾙﾈｯﾀ ﾊﾞﾀﾞF","NO.139","0021","52","Ｎｏ．１３９","ﾏｯﾄｴｸﾘｭ･ｼﾙﾊﾞｰ","OEM","1","物流部倉庫","002Z010","1.00","0.00","0.00","1.00","7266.00","7266","自社","2026/09","0.00","0.00","0.00","1.00","0.00","0.00","0.00","0.00","0.00","0.00"
"ﾙﾈｯﾀﾊﾞﾀﾞSG","NO.139","0031","0","Ｎｏ．１３９","ﾏｯﾄｸﾘｽﾀﾙ･ｼﾙﾊﾞｰ","OEM","1","物流部倉庫","002Z010","13.00","0.00","0.00","13.00","7536.00","97968","自社","2026/09","12.00","0.00","0.00","1.00","0.00","0.00","0.00","0.00","0.00","0.00"
"ﾙﾈｯﾀ ﾊﾞﾀﾞF","NO.139","0031","52","Ｎｏ．１３９","ﾏｯﾄｸﾘｽﾀﾙ･ｼﾙﾊﾞｰ","OEM","1","物流部倉庫","002Z010","1.00","0.00","0.00","1.00","7266.00","7266","自社","2026/09","0.00","0.00","0.00","1.00","0.00","0.00","0.00","0.00","0.00","0.00"
"ﾙﾈｯﾀﾊﾞﾀﾞSG","NO.139","0520","0","Ｎｏ．１３９","ﾄｰﾄｲｽ･ｼﾙﾊﾞｰ","OEM","1","物流部倉庫","002Z010","37.00","0.00","0.00","37.00","7716.00","285492","自社","2026/09","35.00","0.00","0.00","2.00","0.00","0.00","0.00","0.00","0.00","0.00"
"ﾙﾈｯﾀ ﾊﾞﾀﾞF","NO.139","0520","52","Ｎｏ．１３９","ﾄｰﾄｲｽ･ｼﾙﾊﾞｰ","OEM","1","物流部倉庫","002Z010","1.00","0.00","0.00","1.00","7446.00","7446","自社","2026/09","1.00","0","0","0","0","0","0","0","0","0.00"
"ﾙﾈｯﾀﾊﾞﾀﾞSG","NO.139","0530","0","Ｎｏ．１３９","ｸﾞﾘｰﾝﾃﾞﾐ･ｼﾙﾊﾞｰ","OEM","1","物流部倉庫","002Z010","8.00","0.00","0.00","8.00","7716.00","61728","自社","2026/09","8.00","0","0","0","0","0","0","0","0","0.00"
"ﾙﾈｯﾀﾊﾞﾀﾞSG","NO.18","0020","0","Ｎｏ．１８","ｸﾘｱｸﾞﾚｰ","OEM","1","物流部倉庫","002Z010","10.00","0.00","0.00","10.00","6372.00","63720","自社","2026/09","10.00","0","0","0","0","0","0","0","0","0.00"
"ﾙﾈｯﾀﾊﾞﾀﾞSG","NO.18","0060","0","Ｎｏ．１８","ｸﾞﾘｰﾝｸﾞﾚｰ","OEM","1","物流部倉庫","002Z010","10.00","0.00","0.00","10.00","6522.00","65220","自社","2026/09","10.00","0","0","0","0","0","0","0","0","0.00"
"ﾙﾈｯﾀﾊﾞﾀﾞSG","NO.18","0510","0","Ｎｏ．１８","ﾌﾞﾗｳﾝﾃﾞﾐ","OEM","1","物流部倉庫","002Z010","7.00","0.00","0.00","7.00","6822.00","47754","自社","2026/09","7.00","0","0","0","0","0","0","0","0","0.00"
"ﾙﾈｯﾀﾊﾞﾀﾞSG","NO.18","0530","0","Ｎｏ．１８","ｸﾞﾘｰﾝﾃﾞﾐ","OEM","1","物流部倉庫","002Z010","9.00","0.00","0.00","9.00","6822.00","61398","自社","2026/09","9.00","0","0","0","0","0","0","0","0","0.00"
"ﾙﾈｯﾀﾊﾞﾀﾞSG","NO.23","0030","0","Ｎｏ．２３","ｸﾘｱ","OEM","1","物流部倉庫","002Z010","3.00","0.00","0.00","3.00","5558.00","16674","自社","2026/09","2.00","0.00","0.00","1.00","0.00","0.00","0.00","0.00","0.00","0.00"
"ﾙﾈｯﾀﾊﾞﾀﾞSG","NO.23","0040","0","Ｎｏ．２３","ｴｽﾌﾟﾚｯｿ","OEM","1","物流部倉庫","002Z010","15.00","0.00","0.00","15.00","5458.00","81870","自社","2026/09","14.00","0.00","0.00","1.00","0.00","0.00","0.00","0.00","0.00","0.00"
"ﾙﾈｯﾀﾊﾞﾀﾞSG","NO.23","0050","0","Ｎｏ．２３","ｶｰｷ","OEM","1","物流部倉庫","002Z010","3.00","0.00","0.00","3.00","5408.00","16224","自社","2026/09","2.00","0.00","0.00","1.00","0.00","0.00","0.00","0.00","0.00","0.00"
"ﾙﾈｯﾀﾊﾞﾀﾞSG","NO.23","0120","0","Ｎｏ．２３","ﾍﾟｰﾙﾌﾞﾙｰ","OEM","1","物流部倉庫","002Z010","10.00","0.00","0.00","10.00","5584.00","55840","自社","2026/09","10.00","0","0","0","0","0","0","0","0","0.00"
"ﾙﾈｯﾀﾊﾞﾀﾞSG","NO.23","0130","0","Ｎｏ．２３","ｸﾞﾚｰｼﾞｭ","OEM","1","物流部倉庫","002Z010","2.00","0.00","0.00","2.00","5586.00","11172","自社","2026/09","2.00","0","0","0","0","0","0","0","0","0.00"
"ﾙﾈｯﾀﾊﾞﾀﾞSG","NO.23","0510","0","Ｎｏ．２３","ﾌﾞﾗｳﾝﾃﾞﾐ","OEM","1","物流部倉庫","002Z010","5.00","0.00","0.00","5.00","6222.00","31110","自社","2026/09","4.00","0.00","0.00","1.00","0.00","0.00","0.00","0.00","0.00","0.00"
"ﾙﾈｯﾀﾊﾞﾀﾞSG","NO.30","0010","0","Ｎｏ．３０","ﾌﾞﾗｯｸ","OEM","1","物流部倉庫","002Z010","6.00","0.00","0.00","6.00","6074.00","36444","自社","2026/09","6.00","0","0","0","0","0","0","0","0","0.00"
"ﾙﾈｯﾀﾊﾞﾀﾞSG","NO.30","0040","0","Ｎｏ．３０","ｴｽﾌﾟﾚｯｿ","OEM","1","物流部倉庫","002Z010","9.00","0.00","0.00","9.00","6164.00","55476","自社","2026/09","9.00","0","0","0","0","0","0","0","0","0.00"
"ﾙﾈｯﾀﾊﾞﾀﾞSG","NO.30","0090","0","Ｎｏ．３０","ｽﾓｰｸﾍﾞｰｼﾞｭ","OEM","1","物流部倉庫","002Z010","1.00","0.00","0.00","1.00","6169.00","6169","自社","2026/09","1.00","0","0","0","0","0","0","0","0","0.00"
"ﾙﾈｯﾀﾊﾞﾀﾞSG","NO.30","0510","0","Ｎｏ．３０","ﾌﾞﾗｳﾝﾃﾞﾐ","OEM","1","物流部倉庫","002Z010","10.00","0.00","0.00","10.00","6439.00","64390","自社","2026/09","10.00","0","0","0","0","0","0","0","0","0.00"
"ﾙﾈｯﾀﾊﾞﾀﾞSG","NO.30","0530","0","Ｎｏ．３０","ｸﾞﾘｰﾝﾃﾞﾐ","OEM","1","物流部倉庫","002Z010","2.00","0.00","0.00","2.00","6449.00","12898","自社","2026/09","2.00","0","0","0","0","0","0","0","0","0.00"
"ﾙﾈｯﾀﾊﾞﾀﾞSG","NO.344","0010","0","Ｎo.３４４","ﾌﾞﾗｯｸ","OEM","1","物流部倉庫","002Z010","10.00","0.00","0.00","10.00","6536.00","65360","自社","2026/09","10.00","0","0","0","0","0","0","0","0","0.00"
"ﾙﾈｯﾀﾊﾞﾀﾞSG","NO.344","0011","0","Ｎo.３４４","ﾌﾞﾗｯｸ/ﾏｯﾄﾌﾞﾗｯｸ","OEM","1","物流部倉庫","002Z010","10.00","0.00","0.00","10.00","6731.00","67310","自社","2026/09","10.00","0","0","0","0","0","0","0","0","0.00"
"ﾙﾈｯﾀﾊﾞﾀﾞSG","NO.344","0100","0","Ｎo.３４４","ﾎﾜｲﾄ","OEM","1","物流部倉庫","002Z010","4.00","0.00","0.00","4.00","6891.00","27564","自社","2026/09","4.00","0","0","0","0","0","0","0","0","0.00"
"ﾙﾈｯﾀﾊﾞﾀﾞSG","NO.344","0540","0","Ｎo.３４４","ﾌﾞﾗｯｸ･ﾌﾞﾗｳﾝﾃﾞﾐ/ﾌﾞﾗｯｸ","OEM","1","物流部倉庫","002Z010","10.00","0.00","0.00","10.00","7136.00","71360","自社","2026/09","9.00","0.00","0.00","1.00","0.00","0.00","0.00","0.00","0.00","0.00"
"ﾙﾈｯﾀﾊﾞﾀﾞSG","NO.354","0020","0","ＮＯ．３５４","ｴｸﾘｭ","OEM","1","物流部倉庫","002Z010","1.00","0.00","0.00","1.00","5332.00","5332","自社","2026/09","1.00","0","0","0","0","0","0","0","0","0.00"
"ﾙﾈｯﾀﾊﾞﾀﾞSG","NO.354","0110","0","ＮＯ．３５４","ﾌﾞﾗｯｸ/ﾌﾞﾗｯｸ･ｸﾘｱ","OEM","1","物流部倉庫","002Z010","19.00","0.00","0.00","19.00","5132.00","97508","自社","2026/09","19.00","0","0","0","0","0","0","0","0","0.00"
"ﾙﾈｯﾀ ﾊﾞﾀﾞF","NO.354","0110","60","ＮＯ．３５４","ﾌﾞﾗｯｸ/ﾌﾞﾗｯｸ･ｸﾘｱ","OEM","1","物流部倉庫","002Z010","1.00","0.00","0.00","1.00","4867.00","4867","自社","2026/09","1.00","0","0","0","0","0","0","0","0","0.00"
"ﾙﾈｯﾀﾊﾞﾀﾞSG","NO.354","0190","0","ＮＯ．３５４","ﾋﾟﾝｸﾌﾞﾗｳﾝ","OEM","1","物流部倉庫","002Z010","3.00","0.00","0.00","3.00","5132.00","15396","自社","2026/09","3.00","0","0","0","0","0","0","0","0","0.00"
"ﾙﾈｯﾀ ﾊﾞﾀﾞF","NO.354","0190","60","ＮＯ．３５４","ﾋﾟﾝｸﾌﾞﾗｳﾝ","OEM","1","物流部倉庫","002Z010","1.00","0.00","0.00","1.00","4867.00","4867","自社","2026/09","1.00","0","0","0","0","0","0","0","0","0.00"
"ﾙﾈｯﾀﾊﾞﾀﾞSG","NO.354","0550","0","ＮＯ．３５４","ﾄｰﾄｲｽ","OEM","1","物流部倉庫","002Z010","13.00","0.00","0.00","13.00","5132.00","66716","自社","2026/09","13.00","0","0","0","0","0","0","0","0","0.00"
"ﾙﾈｯﾀ ﾊﾞﾀﾞF","NO.354","0550","60","ＮＯ．３５４","ﾄｰﾄｲｽ","OEM","1","物流部倉庫","002Z010","1.00","0.00","0.00","1.00","4867.00","4867","自社","2026/09","1.00","0","0","0","0","0","0","0","0","0.00"
"ﾙﾈｯﾀﾊﾞﾀﾞSG","NO.39","0021","0","Ｎｏ．３９","ﾏｯﾄｷﾊｸ･ｼﾙﾊﾞｰ","OEM","1","物流部倉庫","002Z010","4.00","0.00","0.00","4.00","5160.00","20640","自社","2026/09","2.00","0.00","0.00","2.00","0.00","0.00","0.00","0.00","0.00","0.00"
"ﾙﾈｯﾀﾊﾞﾀﾞSG","NO.39","0031","0","Ｎｏ．３９","ﾏｯﾄｸﾘｱ･ｼﾙﾊﾞｰ","OEM","1","物流部倉庫","002Z010","7.00","0.00","0.00","7.00","5160.00","36120","自社","2026/09","7.00","0","0","0","0","0","0","0","0","0.00"
"ﾙﾈｯﾀﾊﾞﾀﾞSG","NO.39","0530","0","Ｎｏ．３９","ｸﾞﾘｰﾝﾃﾞﾐ･ｼﾙﾊﾞｰ","OEM","1","物流部倉庫","002Z010","1.00","0.00","0.00","1.00","5360.00","5360","自社","2026/09","1.00","0","0","0","0","0","0","0","0","0.00"
"ﾙﾈｯﾀﾊﾞﾀﾞSG","NO.555","0060","0","Ｎｏ．５５５","ｸﾘｽﾀﾙｸﾞﾚｰ","OEM","1","物流部倉庫","002Z010","10.00","0.00","0.00","10.00","5100.00","51000","自社","2026/09","10.00","0","0","0","0","0","0","0","0","0.00"
"ﾙﾈｯﾀﾊﾞﾀﾞSG","NO.568","0030","0","Ｎo.５６８","ｸﾘｽﾀﾙ","OEM","1","物流部倉庫","002Z010","4.00","0.00","0.00","4.00","6229.00","24916","自社","2026/09","4.00","0","0","0","0","0","0","0","0","0.00"
"ﾙﾈｯﾀﾊﾞﾀﾞSG","NO.568","0060","0","Ｎo.５６８","ｸﾘｽﾀﾙｸﾞﾚｰ","OEM","1","物流部倉庫","002Z010","2.00","0.00","0.00","2.00","6229.00","12458","自社","2026/09","2.00","0","0","0","0","0","0","0","0","0.00"
"ﾙﾈｯﾀﾊﾞﾀﾞSG","NO.568","0070","0","Ｎo.５６８","ｸﾞﾘｰﾝｸﾞﾚｰ","OEM","1","物流部倉庫","002Z010","1.00","0.00","0.00","1.00","6039.00","6039","自社","2026/09","0.00","0.00","0.00","1.00","0.00","0.00","0.00","0.00","0.00","0.00"
"ﾙﾈｯﾀ ﾊﾞﾀﾞF","NO.568","0070","57","Ｎo.５６８","ｸﾞﾘｰﾝｸﾞﾚｰ","OEM","1","物流部倉庫","002Z010","2.00","0.00","0.00","2.00","5769.00","11538","自社","2026/09","2.00","0","0","0","0","0","0","0","0","0.00"
"ﾙﾈｯﾀﾊﾞﾀﾞSG","NO.568","0540","0","Ｎo.５６８","ﾌﾞﾗｯｸ･ﾌﾞﾗｳﾝﾃﾞﾐ/ﾌﾞﾗｯｸ","OEM","1","物流部倉庫","002Z010","3.00","0.00","0.00","3.00","6039.00","18117","自社","2026/09","3.00","0","0","0","0","0","0","0","0","0.00"
"ﾙﾈｯﾀﾊﾞﾀﾞSG","NO.625","1050","0","Ｎo.６２５","ﾛｰｽﾞｺﾞｰﾙﾄﾞ","OEM","1","物流部倉庫","002Z010","14.00","0.00","0.00","14.00","5906.00","82684","自社","2026/09","13.00","0.00","0.00","1.00","0.00","0.00","0.00","0.00","0.00","0.00"
"ﾙﾈｯﾀ ﾊﾞﾀﾞF","NO.625","1050","52","Ｎo.６２５","ﾛｰｽﾞｺﾞｰﾙﾄﾞ","OEM","1","物流部倉庫","002Z010","2.00","0.00","0.00","2.00","5636.00","11272","自社","2026/09","2.00","0","0","0","0","0","0","0","0","0.00"
"ﾙﾈｯﾀﾊﾞﾀﾞSG","NO.625","1060","0","Ｎo.６２５","ｶﾞﾝﾒﾀﾙ","OEM","1","物流部倉庫","002Z010","28.00","0.00","0.00","28.00","5606.00","156968","自社","2026/09","28.00","0","0","0","0","0","0","0","0","0.00"
"ﾙﾈｯﾀ ﾊﾞﾀﾞF","NO.625","1060","52","Ｎo.６２５","ｶﾞﾝﾒﾀﾙ","OEM","1","物流部倉庫","002Z010","2.00","0.00","0.00","2.00","5336.00","10672","自社","2026/09","2.00","0","0","0","0","0","0","0","0","0.00"
"ﾙﾈｯﾀﾊﾞﾀﾞSG","NO.625","1070","0","Ｎo.６２５","ﾌﾞﾗｯｸ","OEM","1","物流部倉庫","002Z010","19.00","0.00","0.00","19.00","5748.00","109212","自社","2026/09","19.00","0","0","0","0","0","0","0","0","0.00"
"ﾙﾈｯﾀ ﾊﾞﾀﾞF","NO.625","1070","52","Ｎo.６２５","ﾌﾞﾗｯｸ","OEM","1","物流部倉庫","002Z010","4.00","0.00","0.00","4.00","5478.00","21912","自社","2026/09","4.00","0","0","0","0","0","0","0","0","0.00"
"ﾙﾈｯﾀﾊﾞﾀﾞSG","NO.628","1020","0","Ｎo.６２８","ﾎﾜｲﾄｺﾞｰﾙﾄﾞ","OEM","1","物流部倉庫","002Z010","11.00","0.00","0.00","11.00","6140.00","67540","自社","2026/09","11.00","0","0","0","0","0","0","0","0","0.00"
"ﾙﾈｯﾀ ﾊﾞﾀﾞF","NO.628","1020","48","Ｎo.６２８","ﾎﾜｲﾄｺﾞｰﾙﾄﾞ","OEM","1","物流部倉庫","002Z010","9.00","0.00","0.00","9.00","5870.00","52830","自社","2026/09","9.00","0","0","0","0","0","0","0","0","0.00"
"ﾙﾈｯﾀﾊﾞﾀﾞSG","NO.628","1040","0","Ｎo.６２８","ｼﾙﾊﾞｰ","OEM","1","物流部倉庫","002Z010","11.00","0.00","0.00","11.00","6140.00","67540","自社","2026/09","11.00","0","0","0","0","0","0","0","0","0.00"
"ﾙﾈｯﾀ ﾊﾞﾀﾞF","NO.628","1040","48","Ｎo.６２８","ｼﾙﾊﾞｰ","OEM","1","物流部倉庫","002Z010","7.00","0.00","0.00","7.00","5870.00","41090","自社","2026/09","7.00","0","0","0","0","0","0","0","0","0.00"
"ﾙﾈｯﾀﾊﾞﾀﾞSG","NO.628","1050","0","Ｎo.６２８","ﾛｰｽﾞｺﾞｰﾙﾄﾞ","OEM","1","物流部倉庫","002Z010","23.00","0.00","0.00","23.00","6355.00","146165","自社","2026/09","23.00","0","0","0","0","0","0","0","0","0.00"
"ﾙﾈｯﾀ ﾊﾞﾀﾞF","NO.628","1050","48","Ｎo.６２８","ﾛｰｽﾞｺﾞｰﾙﾄﾞ","OEM","1","物流部倉庫","002Z010","9.00","0.00","0.00","9.00","6085.00","54765","自社","2026/09","9.00","0","0","0","0","0","0","0","0","0.00"
"ﾙﾈｯﾀﾊﾞﾀﾞSG","NO.628","1060","0","Ｎo.６２８","ｶﾞﾝﾒﾀﾙ","OEM","1","物流部倉庫","002Z010","29.00","0.00","0.00","29.00","6056.00","175624","自社","2026/09","29.00","0","0","0","0","0","0","0","0","0.00"
"ﾙﾈｯﾀ ﾊﾞﾀﾞF","NO.628","1060","48","Ｎo.６２８","ｶﾞﾝﾒﾀﾙ","OEM","1","物流部倉庫","002Z010","7.00","0.00","0.00","7.00","5786.00","40502","自社","2026/09","7.00","0","0","0","0","0","0","0","0","0.00"
"ﾙﾈｯﾀﾊﾞﾀﾞSG","NO.628","1070","0","Ｎo.６２８","ﾌﾞﾗｯｸ","OEM","1","物流部倉庫","002Z010","10.00","0.00","0.00","10.00","6197.00","61970","自社","2026/09","10.00","0","0","0","0","0","0","0","0","0.00"
"ﾙﾈｯﾀ ﾊﾞﾀﾞF","NO.628","1070","48","Ｎo.６２８","ﾌﾞﾗｯｸ","OEM","1","物流部倉庫","002Z010","8.00","0.00","0.00","8.00","5927.00","47416","自社","2026/09","8.00","0","0","0","0","0","0","0","0","0.00"
"ﾙﾈｯﾀﾊﾞﾀﾞSG","NO.676","0011","0","Ｎｏ．６７６","ﾏｯﾄﾌﾞﾗｯｸ","OEM","1","物流部倉庫","002Z010","11.00","0.00","0.00","11.00","5722.00","62942","自社","2026/09","9.00","0.00","0.00","2.00","0.00","0.00","0.00","0.00","0.00","0.00"
"ﾙﾈｯﾀﾊﾞﾀﾞSG","NO.676","0020","0","Ｎｏ．６７６","ｷﾊｸ","OEM","1","物流部倉庫","002Z010","1.00","0.00","0.00","1.00","5922.00","5922","自社","2026/09","0.00","0.00","0.00","1.00","0.00","0.00","0.00","0.00","0.00","0.00"
"ﾙﾈｯﾀﾊﾞﾀﾞSG","NO.676","0040","0","Ｎｏ．６７６","ｴｽﾌﾟﾚｯｿ","OEM","1","物流部倉庫","002Z010","9.00","0.00","0.00","9.00","5972.00","53748","自社","2026/09","9.00","0","0","0","0","0","0","0","0","0.00"
"ﾙﾈｯﾀﾊﾞﾀﾞSG","NO.676","0050","0","Ｎｏ．６７６","ｶｰｷ","OEM","1","物流部倉庫","002Z010","11.00","0.00","0.00","11.00","5922.00","65142","自社","2026/09","10.00","0.00","0.00","1.00","0.00","0.00","0.00","0.00","0.00","0.00"
"ﾙﾈｯﾀﾊﾞﾀﾞSG","NO.676","0060","0","Ｎｏ．６７６","ｸﾘｱｸﾞﾚｰ","OEM","1","物流部倉庫","002Z010","9.00","0.00","0.00","9.00","5972.00","53748","自社","2026/09","7.00","0.00","0.00","2.00","0.00","0.00","0.00","0.00","0.00","0.00"
"ﾙﾈｯﾀﾊﾞﾀﾞSG","NO.7","0050","0","Ｎo.７","ｶｰｷ","OEM","1","物流部倉庫","002Z010","15.00","0.00","0.00","15.00","5634.00","84510","自社","2026/09","15.00","0","0","0","0","0","0","0","0","0.00"
"ﾙﾈｯﾀﾊﾞﾀﾞSG","NO.7","0060","0","Ｎo.７","ｸﾘｽﾀﾙｸﾞﾚｰ","OEM","1","物流部倉庫","002Z010","18.00","0.00","0.00","18.00","5834.00","105012","自社","2026/09","18.00","0","0","0","0","0","0","0","0","0.00"
"ﾙﾈｯﾀﾊﾞﾀﾞSG","NO.7","0090","0","Ｎo.７","ｽﾓｰｸﾍﾞｰｼﾞｭ","OEM","1","物流部倉庫","002Z010","26.00","0.00","0.00","26.00","5634.00","146484","自社","2026/09","25.00","0.00","0.00","1.00","0.00","0.00","0.00","0.00","0.00","0.00"
"ﾙﾈｯﾀﾊﾞﾀﾞSG","NO.7","0110","0","Ｎo.７","ﾌﾞﾗｯｸ/ﾌﾞﾗｯｸ･ｸﾘｱ","OEM","1","物流部倉庫","002Z010","61.00","0.00","0.00","61.00","5634.00","343674","自社","2026/09","60.00","0.00","0.00","1.00","0.00","0.00","0.00","0.00","0.00","0.00"
"ﾙﾈｯﾀﾊﾞﾀﾞSG","NO.7","0510","0","Ｎo.７","ﾌﾞﾗｳﾝﾃﾞﾐ","OEM","1","物流部倉庫","002Z010","21.00","0.00","0.00","21.00","5634.00","118314","自社","2026/09","21.00","0","0","0","0","0","0","0","0","0.00"
"ﾙﾈｯﾀﾊﾞﾀﾞSG","NO.7","0550","0","Ｎo.７","ﾄｰﾄｲｽ","OEM","1","物流部倉庫","002Z010","8.00","0.00","0.00","8.00","6132.00","49056","自社","2026/09","8.00","0","0","0","0","0","0","0","0","0.00"
"ﾙﾈｯﾀﾊﾞﾀﾞSG","NO.730","1020","0","ＮＯ．７３０","ﾎﾜｲﾄｺﾞｰﾙﾄﾞ","OEM","1","物流部倉庫","002Z010","9.00","0.00","0.00","9.00","7228.00","65052","自社","2026/09","9.00","0","0","0","0","0","0","0","0","0.00"
"ﾙﾈｯﾀ ﾊﾞﾀﾞF","NO.730","1020","50","ＮＯ．７３０","ﾎﾜｲﾄｺﾞｰﾙﾄﾞ","OEM","1","物流部倉庫","002Z010","2.00","0.00","0.00","2.00","6918.00","13836","自社","2026/09","0.00","0.00","0.00","2.00","0.00","0.00","0.00","0.00","0.00","0.00"
"ﾙﾈｯﾀﾊﾞﾀﾞSG","NO.730","1040","0","ＮＯ．７３０","ｼﾙﾊﾞｰ","OEM","1","物流部倉庫","002Z010","3.00","0.00","0.00","3.00","7228.00","21684","自社","2026/09","2.00","0.00","0.00","1.00","0.00","0.00","0.00","0.00","0.00","0.00"
"ﾙﾈｯﾀ ﾊﾞﾀﾞF","NO.730","1040","50","ＮＯ．７３０","ｼﾙﾊﾞｰ","OEM","1","物流部倉庫","002Z010","3.00","0.00","0.00","3.00","6918.00","20754","自社","2026/09","3.00","0","0","0","0","0","0","0","0","0.00"
"ﾙﾈｯﾀﾊﾞﾀﾞSG","NO.730","1050","0","ＮＯ．７３０","ﾛｰｽﾞｺﾞｰﾙﾄﾞ","OEM","1","物流部倉庫","002Z010","7.00","0.00","0.00","7.00","7632.00","53424","自社","2026/09","6.00","0.00","0.00","1.00","0.00","0.00","0.00","0.00","0.00","0.00"
"ﾙﾈｯﾀ ﾊﾞﾀﾞF","NO.730","1050","50","ＮＯ．７３０","ﾛｰｽﾞｺﾞｰﾙﾄﾞ","OEM","1","物流部倉庫","002Z010","5.00","0.00","0.00","5.00","7322.00","36610","自社","2026/09","5.00","0","0","0","0","0","0","0","0","0.00"
"ﾙﾈｯﾀﾊﾞﾀﾞSG","NO.770","0030","0","ＮＯ．７７０","ｸﾘｽﾀﾙ","OEM","1","物流部倉庫","002Z010","5.00","0.00","0.00","5.00","5960.00","29800","自社","2026/09","5.00","0","0","0","0","0","0","0","0","0.00"
"ﾙﾈｯﾀﾊﾞﾀﾞSG","NO.770","0060","0","ＮＯ．７７０","ｸﾘｽﾀﾙｸﾞﾚｰ","OEM","1","物流部倉庫","002Z010","7.00","0.00","0.00","7.00","5960.00","41720","自社","2026/09","7.00","0","0","0","0","0","0","0","0","0.00"
"ﾙﾈｯﾀﾊﾞﾀﾞSG","NO.770","0110","0","ＮＯ．７７０","ﾌﾞﾗｯｸ/ﾌﾞﾗｯｸ･ｸﾘｱ","OEM","1","物流部倉庫","002Z010","31.00","0.00","0.00","31.00","5960.00","184760","自社","2026/09","31.00","0","0","0","0","0","0","0","0","0.00"
"ﾙﾈｯﾀﾊﾞﾀﾞSG","NO.770","0180","0","ＮＯ．７７０","ｲﾝﾃﾞｨｺﾞ","OEM","1","物流部倉庫","002Z010","2.00","0.00","0.00","2.00","5960.00","11920","自社","2026/09","2.00","0","0","0","0","0","0","0","0","0.00"
"ﾙﾈｯﾀﾊﾞﾀﾞSG","NO.7L","0040","0","Ｎｏ．７Ｌ","ｴｽﾌﾟﾚｯｿ","OEM","1","物流部倉庫","002Z010","7.00","0.00","0.00","7.00","5774.00","40418","自社","2026/09","7.00","0","0","0","0","0","0","0","0","0.00"
"ﾙﾈｯﾀ ﾊﾞﾀﾞF","NO.7L","0040","50","Ｎｏ．７Ｌ","ｴｽﾌﾟﾚｯｿ","OEM","1","物流部倉庫","002Z010","2.00","0.00","0.00","2.00","5494.00","10988","自社","2026/09","2.00","0","0","0","0","0","0","0","0","0.00"
"ﾙﾈｯﾀﾊﾞﾀﾞSG","NO.7L","0160","0","Ｎｏ．７Ｌ","ﾗｲﾄｽﾓｰｸﾍﾞｰｼﾞｭ","OEM","1","物流部倉庫","002Z010","3.00","0.00","0.00","3.00","5774.00","17322","自社","2026/09","3.00","0","0","0","0","0","0","0","0","0.00"
"ﾙﾈｯﾀ ﾊﾞﾀﾞF","NO.7L","0160","50","Ｎｏ．７Ｌ","ﾗｲﾄｽﾓｰｸﾍﾞｰｼﾞｭ","OEM","1","物流部倉庫","002Z010","2.00","0.00","0.00","2.00","5494.00","10988","自社","2026/09","2.00","0","0","0","0","0","0","0","0","0.00"
"ﾙﾈｯﾀﾊﾞﾀﾞSG","NO.7L","0170","0","Ｎｏ．７Ｌ","ﾌﾞﾗｯｸ/ｸﾘｱ･ﾌﾞﾗｯｸ","OEM","1","物流部倉庫","002Z010","8.00","0.00","0.00","8.00","5774.00","46192","自社","2026/09","6.00","0.00","0.00","2.00","0.00","0.00","0.00","0.00","0.00","0.00"
"ﾙﾈｯﾀ ﾊﾞﾀﾞF","NO.7L","0170","50","Ｎｏ．７Ｌ","ﾌﾞﾗｯｸ/ｸﾘｱ･ﾌﾞﾗｯｸ","OEM","1","物流部倉庫","002Z010","1.00","0.00","0.00","1.00","5494.00","5494","自社","2026/09","0.00","0.00","0.00","1.00","0.00","0.00","0.00","0.00","0.00","0.00"
"oba OVAL F ｷｸﾁﾒｶﾞﾈ","O7003","2","53","Ｏ－７００３","IPﾌﾞﾗｳﾝ","OEM","1","物流部倉庫","002Z010","1.00","0.00","0.00","1.00","2200.00","2200","自社","2026/09","1.00","0","0","0","0","0","0","0","0","0.00"
"ｵﾌｨｰﾙF ﾒｶﾞﾈｽｰﾊﾟｰ","OF0101","0404","53","ＯＦ０１０１","ｸﾞﾚｰ","OEM","1","物流部倉庫","002Z010","6.00","0.00","0.00","6.00","3966.00","23796","自社","2026/09","6.00","0","0","0","0","0","0","0","0","0.00"
"ｵﾌｨｰﾙF ﾒｶﾞﾈｽｰﾊﾟｰ","OF0102","0909","48","ＯＦ０１０２","ﾏｯﾄﾌﾞﾗｯｸ","OEM","1","物流部倉庫","002Z010","1.00","0.00","0.00","1.00","4437.00","4437","自社","2026/09","1.00","0","0","0","0","0","0","0","0","0.00"
"ﾋﾄﾐｹｱOEM F ","PM05JTM","1","55","ＰＭ０５－ＪＴＭ","ﾈｲﾋﾞｰ","OEM","1","物流部倉庫","002Z010","21.00","0.00","0.00","21.00","1683.00","35343","自社","2026/09","21.00","0","0","0","0","0","0","0","0","0.00"
"ﾋﾄﾐｹｱOEM F ","PM06JTW","1","53","ＰＭ０６－ＪＴＷ","ﾋﾟﾝｸ","OEM","1","物流部倉庫","002Z010","6.00","0.00","0.00","6.00","1683.00","10098","自社","2026/09","6.00","0","0","0","0","0","0","0","0","0.00"
"SHIORI(しおり)老眼","SI03","1","10","ＳＩ－０３","ｼﾙﾊﾞｰ","プロパー","1","物流部倉庫","002Z010","0.00","0.00","8.00","8.00","1042.80","8342","自社","2026/09","13.00","0.00","5.00","0.00","0.00","0.00","0.00","0.00","0.00","0.00"
"SHIORI(しおり)老眼","SI09","1","25","ＳＩ－０９","ｼﾙﾊﾞｰ","プロパー","1","物流部倉庫","002Z010","2.00","0.00","34.00","36.00","858.00","30888","自社","2026/09","39.00","0.00","5.00","2.00","0.00","0.00","0.00","0.00","0.00","0.00"
"SHIORI(しおり)老眼","SI10","2","15","ＳＩ－１０","ﾏﾛﾝﾏｯﾄ","プロパー","1","物流部倉庫","002Z010","0.00","0.00","70.00","70.00","1161.60","81312","自社","2026/09","82.00","0.00","4.00","0.00","8.00","0.00","0.00","0.00","0.00","0.00"
"SHIORI(しおり)老眼","SIF02","2","30","ＳＩＦ－０２","ﾊﾟｰﾌﾟﾙ","プロパー","1","物流部倉庫","002Z010","0.00","0.00","63.00","63.00","2154.00","135702","自社","2026/09","66.00","0.00","0.00","1.00","4.00","0.00","0.00","0.00","0.00","0.00"
"SP EXTREMES F ﾊﾟﾘﾐｷ","SP181","BK/RD","57","ＳＰ　ＥＸＴＲＥＭＥＳ　１８１","ﾌﾞﾗｯｸ/ﾚｯﾄﾞ","OEM","1","物流部倉庫","002Z010","1.00","0.00","0.00","1.00","2320.00","2320","自社","2026/09","1.00","0","0","0","0","0","0","0","0","0.00"
"SP EXTREMES F ﾊﾟﾘﾐｷ","SP181","GR","57","ＳＰ　ＥＸＴＲＥＭＥＳ　１８１","ｸﾞﾚｰ","OEM","1","物流部倉庫","002Z010","1.00","0.00","0.00","1.00","2320.00","2320","自社","2026/09","1.00","0","0","0","0","0","0","0","0","0.00"
"hang out SG ﾒｶﾞﾈの田中","SU2601M","5","49","ＳＵ２６０１Ｍ","ﾎﾜｲﾄｺﾞｰﾙﾄﾞ","OEM","1","物流部倉庫","002Z010","47.00","0.00","0.00","47.00","2533.50","119075","自社","2026/09","50.00","0.00","3.00","0.00","0.00","0.00","0.00","0.00","0.00","0.00"
"hang out SG ﾒｶﾞﾈの田中","SU2602C","1","49","ＳＵ２６０２Ｃ","ﾌﾞﾗｯｸ","OEM","1","物流部倉庫","002Z010","55.00","0.00","0.00","55.00","3160.50","173828","自社","2026/09","57.00","0.00","2.00","0.00","0.00","0.00","0.00","0.00","0.00","0.00"
"hang out SG ﾒｶﾞﾈの田中","SU2602C","3","49","ＳＵ２６０２Ｃ","ｶｰｷ","OEM","1","物流部倉庫","002Z010","88.00","2.00","0.00","90.00","2286.00","205740","自社","2026/09","94.00","0.00","4.00","0.00","0.00","0.00","0.00","0.00","0.00","0.00"
"hang out SG ﾒｶﾞﾈの田中","SU2603C","2","48","ＳＵ２６０３Ｃ","ﾃﾞﾐﾌﾞﾗｳﾝ","OEM","1","物流部倉庫","002Z010","56.00","3.00","0.00","59.00","3111.00","183549","自社","2026/09","64.00","0.00","5.00","0.00","0.00","0.00","0.00","0.00","0.00","0.00"
"hang out SG ﾒｶﾞﾈの田中","SU2603C","3","48","ＳＵ２６０３Ｃ","ﾏｯﾄﾍﾞｰｼﾞｭ","OEM","1","物流部倉庫","002Z010","1.00","1.00","0.00","2.00","3111.00","6222","自社","2026/09","3.00","0.00","1.00","0.00","0.00","0.00","0.00","0.00","0.00","0.00"
"hang out SG ﾒｶﾞﾈの田中","SU2605T","1","50","ＳＵ２６０５Ｔ","ｶｰｷｸﾞﾚｰ","OEM","1","物流部倉庫","002Z010","97.00","3.00","0.00","100.00","2880.00","288000","自社","2026/09","100.00","0","0","0","0","0","0","0","0","0.00"
"hang out SG ﾒｶﾞﾈの田中","SU2605T","2","50","ＳＵ２６０５Ｔ","ｸﾞﾘｰﾝ","OEM","1","物流部倉庫","002Z010","56.00","0.00","0.00","56.00","2880.00","161280","自社","2026/09","58.00","0.00","2.00","0.00","0.00","0.00","0.00","0.00","0.00","0.00"
"hang out SG ﾒｶﾞﾈの田中","SU2605T","3","50","ＳＵ２６０５Ｔ","ﾌﾞﾗｳﾝ","OEM","1","物流部倉庫","002Z010","34.00","0.00","0.00","34.00","2880.00","97920","自社","2026/09","34.00","0","0","0","0","0","0","0","0","0.00"
"hang out SG ﾒｶﾞﾈの田中","SU2606T","1","53","ＳＵ２６０６Ｔ","ﾌﾞﾗｯｸ","OEM","1","物流部倉庫","002Z010","86.00","3.00","0.00","89.00","2880.00","256320","自社","2026/09","90.00","0.00","1.00","0.00","0.00","0.00","0.00","0.00","0.00","0.00"
"hang out SG ﾒｶﾞﾈの田中","SU2606T","2","53","ＳＵ２６０６Ｔ","ｸﾞﾚｰ","OEM","1","物流部倉庫","002Z010","45.00","1.00","0.00","46.00","2880.00","132480","自社","2026/09","50.00","0.00","4.00","0.00","0.00","0.00","0.00","0.00","0.00","0.00"
"hang out SG ﾒｶﾞﾈの田中","SU2606T","3","53","ＳＵ２６０６Ｔ","ｸﾞﾘｰﾝ","OEM","1","物流部倉庫","002Z010","3.00","0.00","0.00","3.00","2880.00","8640","自社","2026/09","4.00","0.00","1.00","0.00","0.00","0.00","0.00","0.00","0.00","0.00"
"hang out SG ﾒｶﾞﾈの田中","SU2607T","1","51","ＳＵ２６０７Ｔ","ｸﾞﾚｰ","OEM","1","物流部倉庫","002Z010","37.00","0.00","0.00","37.00","2880.00","106560","自社","2026/09","40.00","0.00","3.00","0.00","0.00","0.00","0.00","0.00","0.00","0.00"
"hang out SG ﾒｶﾞﾈの田中","SU2607T","2","51","ＳＵ２６０７Ｔ","ｶｰｷｸﾞﾚｰ","OEM","1","物流部倉庫","002Z010","28.00","1.00","0.00","29.00","2880.00","83520","自社","2026/09","32.00","0.00","3.00","0.00","0.00","0.00","0.00","0.00","0.00","0.00"
"hang out SG ﾒｶﾞﾈの田中","SU2607T","3","51","ＳＵ２６０７Ｔ","ﾌﾞﾗｳﾝ","OEM","1","物流部倉庫","002Z010","35.00","1.00","0.00","36.00","2880.00","103680","自社","2026/09","37.00","0.00","1.00","0.00","0.00","0.00","0.00","0.00","0.00","0.00"
"ﾃｯﾄｵﾑF ｷｸﾁﾒｶﾞﾈ","TE117","1","49","ＴＥ－１１７","ｱﾝﾃｨｰｸｼﾙﾊﾞｰ","OEM","1","物流部倉庫","002Z010","2.00","0.00","0.00","2.00","2557.50","5115","自社","2026/09","2.00","0","0","0","0","0","0","0","0","0.00"
"ﾃｯﾄｵﾑF ｷｸﾁﾒｶﾞﾈ","TE117","2","49","ＴＥ－１１７","ｱﾝﾃｨｰｸｺﾞｰﾙﾄﾞ","OEM","1","物流部倉庫","002Z010","2.00","0.00","0.00","2.00","2557.50","5115","自社","2026/09","2.00","0","0","0","0","0","0","0","0","0.00"
"ﾃｯﾄｵﾑF ｷｸﾁﾒｶﾞﾈ","TE117","3","49","ＴＥ－１１７","ｱﾝﾃｨｰｸﾌﾞﾗｳﾝﾏｯﾄ","OEM","1","物流部倉庫","002Z010","2.00","0.00","0.00","2.00","2557.50","5115","自社","2026/09","2.00","0","0","0","0","0","0","0","0","0.00"
"ﾃｯﾄｵﾑF ｷｸﾁﾒｶﾞﾈ","TE117","4","49","ＴＥ－１１７","ﾌﾞﾗｯｸﾏｯﾄ","OEM","1","物流部倉庫","002Z010","2.00","0.00","0.00","2.00","2557.50","5115","自社","2026/09","2.00","0","0","0","0","0","0","0","0","0.00"
"ﾃｯﾄｵﾑF ｷｸﾁﾒｶﾞﾈ","TE126","3","52","ＴＥ－１２６","ｸﾞﾚｰ･ﾌﾞﾙｰｵﾚﾝｼﾞｻｻ","OEM","1","物流部倉庫","002Z010","18.00","0.00","2.00","20.00","2442.00","48840","自社","2026/09","23.00","0.00","3.00","0.00","0.00","0.00","0.00","0.00","0.00","0.00"
"ﾃｯﾄｵﾑF ｷｸﾁﾒｶﾞﾈ","TE126","4","52","ＴＥ－１２６","ｱﾝﾃｨｰｸｺﾞｰﾙﾄﾞ･ﾌﾞﾗｳﾝﾃﾞﾐ","OEM","1","物流部倉庫","002Z010","21.00","0.00","14.00","35.00","2442.00","85470","自社","2026/09","35.00","0","0","0","0","0","0","0","0","0.00"
"ﾃｯﾄｵﾑF ｷｸﾁﾒｶﾞﾈ","TE126","5","52","ＴＥ－１２６","ｱﾝﾃｨｰｸｼﾙﾊﾞｰ･ﾌﾞﾗｯｸ","OEM","1","物流部倉庫","002Z010","19.00","0.00","4.00","23.00","2442.00","56166","自社","2026/09","23.00","0","0","0","0","0","0","0","0","0.00"
"ﾃｯﾄｵﾑF ｷｸﾁﾒｶﾞﾈ","TE127","2","44","ＴＥ－１２７","ｱﾝﾃｨｰｸｼﾙﾊﾞｰ(ﾏｯﾄﾌﾞﾗｯｸ)","OEM","1","物流部倉庫","002Z010","8.00","0.00","3.00","11.00","2640.00","29040","自社","2026/09","12.00","0.00","1.00","0.00","0.00","0.00","0.00","0.00","0.00","0.00"
"ﾃｯﾄｵﾑF ｷｸﾁﾒｶﾞﾈ","TE127","3","44","ＴＥ－１２７","ｱﾝﾃｨｰｸﾌﾞﾗｳﾝﾏｯﾄ(ﾏｯﾄﾀﾞｰｸﾌﾞﾗｳﾝ)","OEM","1","物流部倉庫","002Z010","3.00","0.00","0.00","3.00","2640.00","7920","自社","2026/09","6.00","0.00","3.00","0.00","0.00","0.00","0.00","0.00","0.00","0.00"
"ﾃｯﾄｵﾑF ｷｸﾁﾒｶﾞﾈ","TE127","3","46","ＴＥ－１２７","ｱﾝﾃｨｰｸﾌﾞﾗｳﾝﾏｯﾄ(ﾏｯﾄﾀﾞｰｸﾌﾞﾗｳﾝ)","OEM","1","物流部倉庫","002Z010","2.00","0.00","0.00","2.00","2640.00","5280","自社","2026/09","2.00","0","0","0","0","0","0","0","0","0.00"
"ﾃｯﾄｵﾑF ｷｸﾁﾒｶﾞﾈ","TE128","2","48","ＴＥ－１２８","ﾈｲﾋﾞｰｻｻ/ｶﾞﾝﾒﾀﾙ","OEM","1","物流部倉庫","002Z010","21.00","0.00","22.00","43.00","2475.00","106425","自社","2026/09","43.00","0","0","0","0","0","0","0","0","0.00"
"ﾃｯﾄｵﾑF ｷｸﾁﾒｶﾞﾈ","TE128","4","48","ＴＥ－１２８","ﾌﾞﾗｯｸ/ｱﾝﾃｨｰｸｼﾙﾊﾞｰ","OEM","1","物流部倉庫","002Z010","10.00","0.00","17.00","27.00","2475.00","66825","自社","2026/09","27.00","0","0","0","0","0","0","0","0","0.00"
"U/GO F ﾋﾞｼﾞｮﾝﾒｶﾞﾈ","UG1006","BK","53","ＵＧ－１００６","ﾌﾞﾗｯｸ","OEM","1","物流部倉庫","002Z010","4.00","0.00","0.00","4.00","1980.00","7920","自社","2026/09","24.00","0.00","20.00","0.00","0.00","0.00","0.00","0.00","0.00","0.00"
"U/GO F ﾋﾞｼﾞｮﾝﾒｶﾞﾈ","UG1006","BR","53","ＵＧ－１００６","ﾌﾞﾗｳﾝ","OEM","1","物流部倉庫","002Z010","14.00","0.00","0.00","14.00","1980.00","27720","自社","2026/09","29.00","0.00","15.00","0.00","0.00","0.00","0.00","0.00","0.00","0.00"
"U/GO F ﾋﾞｼﾞｮﾝﾒｶﾞﾈ","UG1006","GR","53","ＵＧ－１００６","ｸﾞﾚｰ","OEM","1","物流部倉庫","002Z010","37.00","0.00","0.00","37.00","1980.00","73260","自社","2026/09","52.00","0.00","15.00","0.00","0.00","0.00","0.00","0.00","0.00","0.00"
"U/GO F ﾋﾞｼﾞｮﾝﾒｶﾞﾈ","UG1007","BKM","51","ＵＧ－１００７","ﾌﾞﾗｯｸﾏｯﾄ","OEM","1","物流部倉庫","002Z010","24.00","0.00","0.00","24.00","2079.00","49896","自社","2026/09","44.00","0.00","20.00","0.00","0.00","0.00","0.00","0.00","0.00","0.00"
"U/GO F ﾋﾞｼﾞｮﾝﾒｶﾞﾈ","UG1007","BLGR","51","ＵＧ－１００７","ﾌﾞﾙｰｸﾞﾚｰ","OEM","1","物流部倉庫","002Z010","14.00","0.00","0.00","14.00","2079.00","29106","自社","2026/09","29.00","0.00","15.00","0.00","0.00","0.00","0.00","0.00","0.00","0.00"
"U/GO F ﾋﾞｼﾞｮﾝﾒｶﾞﾈ","UG1007","GRNDM","51","ＵＧ－１００７","ｸﾞﾘｰﾝﾃﾞﾐ","OEM","1","物流部倉庫","002Z010","17.00","0.00","0.00","17.00","2079.00","35343","自社","2026/09","32.00","0.00","15.00","0.00","0.00","0.00","0.00","0.00","0.00","0.00"
"UNWIND F ﾋﾞｼﾞｮﾝﾒｶﾞﾈ","UW1010","BK","47","ＵＷ１０１０","ﾌﾞﾗｯｸ","OEM","1","物流部倉庫","002Z010","47.00","0.00","0.00","47.00","2145.00","100815","自社","2026/09","52.00","0.00","5.00","0.00","0.00","0.00","0.00","0.00","0.00","0.00"
"UNWIND F ﾋﾞｼﾞｮﾝﾒｶﾞﾈ","UW1010","BR","47","ＵＷ１０１０","ﾌﾞﾗｳﾝ","OEM","1","物流部倉庫","002Z010","103.00","0.00","0.00","103.00","2145.00","220935","自社","2026/09","108.00","0.00","5.00","0.00","0.00","0.00","0.00","0.00","0.00","0.00"
"UNWIND F ﾋﾞｼﾞｮﾝﾒｶﾞﾈ","UW1010","KH","47","ＵＷ１０１０","ｶｰｷ","OEM","1","物流部倉庫","002Z010","77.00","0.00","0.00","77.00","2145.00","165165","自社","2026/09","77.00","0","0","0","0","0","0","0","0","0.00"
"UNWIND F ﾋﾞｼﾞｮﾝﾒｶﾞﾈ","UW1011","BR","48","ＵＷ１０１１","ﾌﾞﾗｳﾝ","OEM","1","物流部倉庫","002Z010","53.00","0.00","0.00","53.00","2392.50","126803","自社","2026/09","58.00","0.00","5.00","0.00","0.00","0.00","0.00","0.00","0.00","0.00"
"UNWIND F ﾋﾞｼﾞｮﾝﾒｶﾞﾈ","UW1011","NV","48","ＵＷ１０１１","ﾈｲﾋﾞｰ","OEM","1","物流部倉庫","002Z010","34.00","0.00","0.00","34.00","2392.50","81345","自社","2026/09","39.00","0.00","5.00","0.00","0.00","0.00","0.00","0.00","0.00","0.00"
"UNWIND F ﾋﾞｼﾞｮﾝﾒｶﾞﾈ","UW1011","PK","48","ＵＷ１０１１","ﾋﾟﾝｸ","OEM","1","物流部倉庫","002Z010","54.00","0.00","0.00","54.00","2392.50","129195","自社","2026/09","59.00","0.00","5.00","0.00","0.00","0.00","0.00","0.00","0.00","0.00"
"UNWIND F ﾋﾞｼﾞｮﾝﾒｶﾞﾈ","UW1012","BR","48","ＵＷ１０１２","ﾌﾞﾗｳﾝ","OEM","1","物流部倉庫","002Z010","99.00","0.00","0.00","99.00","2530.00","250470","自社","2026/09","105.00","0.00","10.00","4.00","0.00","0.00","0.00","0.00","0.00","0.00"
"UNWIND F ﾋﾞｼﾞｮﾝﾒｶﾞﾈ","UW1012","GR","48","ＵＷ１０１２","ｸﾞﾚｰ","OEM","1","物流部倉庫","002Z010","104.00","0.00","0.00","104.00","2530.00","263120","自社","2026/09","108.00","0.00","10.00","6.00","0.00","0.00","0.00","0.00","0.00","0.00"
"UNWIND F ﾋﾞｼﾞｮﾝﾒｶﾞﾈ","UW1012","PK","48","ＵＷ１０１２","ﾋﾟﾝｸ","OEM","1","物流部倉庫","002Z010","111.00","0.00","0.00","111.00","2530.00","280830","自社","2026/09","118.00","0.00","10.00","3.00","0.00","0.00","0.00","0.00","0.00","0.00"
"UNWIND F ﾋﾞｼﾞｮﾝﾒｶﾞﾈ","UW1013","BK","49","ＵＷ１０１３","ﾌﾞﾗｯｸ","OEM","1","物流部倉庫","002Z010","93.00","0.00","0.00","93.00","2277.00","211761","自社","2026/09","103.00","0.00","10.00","0.00","0.00","0.00","0.00","0.00","0.00","0.00"
"UNWIND F ﾋﾞｼﾞｮﾝﾒｶﾞﾈ","UW1013","BR","49","ＵＷ１０１３","ﾌﾞﾗｳﾝ","OEM","1","物流部倉庫","002Z010","99.00","0.00","0.00","99.00","2277.00","225423","自社","2026/09","109.00","0.00","10.00","0.00","0.00","0.00","0.00","0.00","0.00","0.00"
"UNWIND F ﾋﾞｼﾞｮﾝﾒｶﾞﾈ","UW1013","LBR","49","ＵＷ１０１３","ﾗｲﾄﾌﾞﾗｳﾝ","OEM","1","物流部倉庫","002Z010","103.00","0.00","0.00","103.00","2277.00","234531","自社","2026/09","113.00","0.00","10.00","0.00","0.00","0.00","0.00","0.00","0.00","0.00"
"UNWIND F ﾋﾞｼﾞｮﾝﾒｶﾞﾈ","UW1014","PK","48","ＵＷ１０１４","ﾋﾟﾝｸ","OEM","1","物流部倉庫","002Z010","31.00","0.00","0.00","31.00","2906.00","90086","自社","2026/09","30.00","0.00","5.00","6.00","0.00","0.00","0.00","0.00","0.00","0.00"
"UNWIND F ﾋﾞｼﾞｮﾝﾒｶﾞﾈ","UW1014","WG","48","ＵＷ１０１４","ﾎﾜｲﾄｺﾞｰﾙﾄﾞ","OEM","1","物流部倉庫","002Z010","36.00","0.00","0.00","36.00","2906.00","104616","自社","2026/09","22.00","0.00","0.00","14.00","0.00","0.00","0.00","0.00","0.00","0.00"
"UNWIND F ﾋﾞｼﾞｮﾝﾒｶﾞﾈ","UW1014","WG/BR","48","ＵＷ１０１４","ﾎﾜｲﾄｺﾞｰﾙﾄﾞ/ﾌﾞﾗｳﾝ","OEM","1","物流部倉庫","002Z010","35.00","0.00","0.00","35.00","2906.00","101710","自社","2026/09","35.00","0","0","0","0","0","0","0","0","0.00"
"ﾗﾝﾊﾞﾝF ﾃﾞﾘｰｺﾞ","VLC569J","0307","52","ＶＬＣ５６９Ｊ","ﾛｰｽﾞｺﾞｰﾙﾄﾞ","OEM","1","物流部倉庫","002Z010","2.00","0.00","0.00","2.00","3224.37","6449","自社","2026/09","2.00","0","0","0","0","0","0","0","0","0.00"
"ﾗﾝﾊﾞﾝF ﾃﾞﾘｰｺﾞ","VLC569J","0349","52","ＶＬＣ５６９Ｊ","ﾎﾜｲﾄｺﾞｰﾙﾄﾞ","OEM","1","物流部倉庫","002Z010","2.00","0.00","0.00","2.00","3202.52","6405","自社","2026/09","2.00","0","0","0","0","0","0","0","0","0.00"
"ﾗﾝﾊﾞﾝF ﾃﾞﾘｰｺﾞ","VLC569J","0L70","52","ＶＬＣ５６９Ｊ","ﾎﾞﾙﾄﾞｰ","OEM","1","物流部倉庫","002Z010","8.00","0.00","0.00","8.00","3224.37","25795","自社","2026/09","8.00","0","0","0","0","0","0","0","0","0.00"
"VERSAL SG ﾋﾞｼﾞｮﾝﾒｶﾞﾈ","VS1012","GM","59","ＶＳ－１０１２","ｶﾞﾝﾒﾀﾙ","OEM","1","物流部倉庫","002Z010","38.00","0.00","0.00","38.00","889.35","33795","自社","2026/09","38.00","0","0","0","0","0","0","0","0","0.00"
"VERSAL SG ﾋﾞｼﾞｮﾝﾒｶﾞﾈ","VS1012","MBK","59","ＶＳ－１０１２","ﾏｯﾄﾌﾞﾗｯｸ","OEM","1","物流部倉庫","002Z010","45.00","0.00","0.00","45.00","889.35","40021","自社","2026/09","45.00","0","0","0","0","0","0","0","0","0.00"
"VERSAL SG ﾋﾞｼﾞｮﾝﾒｶﾞﾈ","VS1012","MNV","59","ＶＳ－１０１２","ﾏｯﾄﾈｲﾋﾞｰ","OEM","1","物流部倉庫","002Z010","47.00","0.00","0.00","47.00","889.35","41799","自社","2026/09","47.00","0","0","0","0","0","0","0","0","0.00"
"VERSAL SG ﾋﾞｼﾞｮﾝﾒｶﾞﾈ","VS1013","BK","58","ＶＳ－１０１３","ﾌﾞﾗｯｸ","OEM","1","物流部倉庫","002Z010","54.00","0.00","0.00","54.00","968.55","52302","自社","2026/09","54.00","0","0","0","0","0","0","0","0","0.00"
"VERSAL SG ﾋﾞｼﾞｮﾝﾒｶﾞﾈ","VS1013","GM","58","ＶＳ－１０１３","ｶﾞﾝﾒﾀﾙ","OEM","1","物流部倉庫","002Z010","55.00","0.00","0.00","55.00","968.55","53270","自社","2026/09","55.00","0","0","0","0","0","0","0","0","0.00"
"VERSAL SG ﾋﾞｼﾞｮﾝﾒｶﾞﾈ","VS1013","SL","58","ＶＳ－１０１３","ｼﾙﾊﾞｰ","OEM","1","物流部倉庫","002Z010","60.00","0.00","0.00","60.00","968.55","58113","自社","2026/09","60.00","0","0","0","0","0","0","0","0","0.00"
"VERSAL SG ﾋﾞｼﾞｮﾝﾒｶﾞﾈ","VS1014","BK","57","ＶＳ－１０１４","ﾌﾞﾗｯｸ","OEM","1","物流部倉庫","002Z010","65.00","0.00","0.00","65.00","889.35","57808","自社","2026/09","65.00","0","0","0","0","0","0","0","0","0.00"
"VERSAL SG ﾋﾞｼﾞｮﾝﾒｶﾞﾈ","VS1014","GM","57","ＶＳ－１０１４","ｶﾞﾝﾒﾀﾙ","OEM","1","物流部倉庫","002Z010","57.00","0.00","0.00","57.00","889.35","50693","自社","2026/09","57.00","0","0","0","0","0","0","0","0","0.00"
"VERSAL SG ﾋﾞｼﾞｮﾝﾒｶﾞﾈ","VS1014","MGR","57","ＶＳ－１０１４","ﾏｯﾄｸﾞﾚｰ","OEM","1","物流部倉庫","002Z010","60.00","0.00","0.00","60.00","889.35","53361","自社","2026/09","60.00","0","0","0","0","0","0","0","0","0.00"
"VERSAL SG ﾋﾞｼﾞｮﾝﾒｶﾞﾈ","VS2026","BK","52","ＶＳ－２０２６","ﾌﾞﾗｯｸ","プロパー","1","物流部倉庫","002Z010","62.00","0.00","0.00","62.00","768.90","47672","自社","2026/09","70.00","0.00","8.00","0.00","0.00","0.00","0.00","0.00","0.00","0.00"
"VERSAL SG ﾋﾞｼﾞｮﾝﾒｶﾞﾈ","VS2026","BR","52","ＶＳ－２０２６","ﾌﾞﾗｳﾝ","プロパー","1","物流部倉庫","002Z010","73.00","0.00","0.00","73.00","768.90","56130","自社","2026/09","103.00","0.00","30.00","0.00","0.00","0.00","0.00","0.00","0.00","0.00"
"VERSAL SG ﾋﾞｼﾞｮﾝﾒｶﾞﾈ","VS2026","GR","52","ＶＳ－２０２６","ｸﾞﾚｰ","プロパー","1","物流部倉庫","002Z010","54.00","0.00","0.00","54.00","768.90","41521","自社","2026/09","79.00","0.00","25.00","0.00","0.00","0.00","0.00","0.00","0.00","0.00"
"VERSAL SG ﾋﾞｼﾞｮﾝﾒｶﾞﾈ","VS2027","BK","51","ＶＳ－２０２７","ﾌﾞﾗｯｸ","プロパー","1","物流部倉庫","002Z010","35.00","0.00","0.00","35.00","768.90","26912","自社","2026/09","65.00","0.00","30.00","0.00","0.00","0.00","0.00","0.00","0.00","0.00"
"VERSAL SG ﾋﾞｼﾞｮﾝﾒｶﾞﾈ","VS2027","DM","51","ＶＳ－２０２７","ﾃﾞﾐﾌﾞﾗｳﾝ","プロパー","1","物流部倉庫","002Z010","114.00","0.00","0.00","114.00","768.90","87655","自社","2026/09","126.00","0.00","12.00","0.00","0.00","0.00","0.00","0.00","0.00","0.00"
"VERSAL SG ﾋﾞｼﾞｮﾝﾒｶﾞﾈ","VS2027","PKBE","51","ＶＳ－２０２７","ﾋﾟﾝｸﾍﾞｰｼﾞｭ","プロパー","1","物流部倉庫","002Z010","47.00","0.00","0.00","47.00","768.90","36138","自社","2026/09","67.00","0.00","20.00","0.00","0.00","0.00","0.00","0.00","0.00","0.00"
"VERSAL SG ﾋﾞｼﾞｮﾝﾒｶﾞﾈ","VS2028","BR/DM","55","ＶＳ－２０２８","ﾌﾞﾗｳﾝ/ﾃﾞﾐ","プロパー","1","物流部倉庫","002Z010","58.00","0.00","0.00","58.00","768.90","44596","自社","2026/09","78.00","0.00","20.00","0.00","0.00","0.00","0.00","0.00","0.00","0.00"
"VERSAL SG ﾋﾞｼﾞｮﾝﾒｶﾞﾈ","VS2028","SMBR","55","ＶＳ－２０２８","ｽﾓｰｸﾌﾞﾗｳﾝ","プロパー","1","物流部倉庫","002Z010","63.00","0.00","0.00","63.00","768.90","48441","自社","2026/09","68.00","0.00","5.00","0.00","0.00","0.00","0.00","0.00","0.00","0.00"
"VERSAL SG ﾋﾞｼﾞｮﾝﾒｶﾞﾈ","VS2028","WI","55","ＶＳ－２０２８","ﾜｲﾝ","プロパー","1","物流部倉庫","002Z010","22.00","0.00","0.00","22.00","768.90","16916","自社","2026/09","32.00","0.00","10.00","0.00","0.00","0.00","0.00","0.00","0.00","0.00"
"VERSAL SG ﾋﾞｼﾞｮﾝﾒｶﾞﾈ","VS2029","BK","53","ＶＳ－２０２９","ﾌﾞﾗｯｸ","プロパー","1","物流部倉庫","002Z010","60.00","0.00","0.00","60.00","768.90","46134","自社","2026/09","70.00","0.00","10.00","0.00","0.00","0.00","0.00","0.00","0.00","0.00"
"VERSAL SG ﾋﾞｼﾞｮﾝﾒｶﾞﾈ","VS2029","BR","53","ＶＳ－２０２９","ﾌﾞﾗｳﾝ","プロパー","1","物流部倉庫","002Z010","114.00","0.00","0.00","114.00","768.90","87655","自社","2026/09","119.00","0.00","5.00","0.00","0.00","0.00","0.00","0.00","0.00","0.00"
"VERSAL SG ﾋﾞｼﾞｮﾝﾒｶﾞﾈ","VS2029","WI","53","ＶＳ－２０２９","ﾜｲﾝ","プロパー","1","物流部倉庫","002Z010","59.00","0.00","0.00","59.00","768.90","45365","自社","2026/09","69.00","0.00","10.00","0.00","0.00","0.00","0.00","0.00","0.00","0.00"
"WANT F","WA50","2","54","ＷＡ－５０","ｸﾘｱﾌﾞﾙｰｻｻ","OEM","1","物流部倉庫","002Z010","37.00","0.00","0.00","37.00","1980.00","73260","自社","2026/09","37.00","0","0","0","0","0","0","0","0","0.00"
"WANT F","WA50","3","54","ＷＡ－５０","ｸﾘｱﾌﾞﾗｳﾝｻｻ","OEM","1","物流部倉庫","002Z010","11.00","0.00","0.00","11.00","1980.00","21780","自社","2026/09","11.00","0","0","0","0","0","0","0","0","0.00"
"SHIORI(しおり)老眼","SI08","2","25","ＳＩ－０８","ﾃﾞﾐ転写","プロパー","1","物流部倉庫","1","0.00","0.00","18.00","18.00","1102.20","19840","自社","2026/09","23.00","0.00","0.00","0.00","5.00","0.00","0.00","0.00","0.00","0.00"
"SHIORI(しおり)老眼","SI08","3","30","ＳＩ－０８","ﾌﾞﾗｯｸ七宝","プロパー","1","物流部倉庫","1","0.00","0.00","11.00","11.00","1074.15","11816","自社","2026/09","11.00","0","0","0","0","0","0","0","0","0.00"
